index,sample_id,year,video_prefix,prefix_no_subclip,prefix_no_variant,valid_frames,z_max_abs,z_sq_mean,z_human_max_abs,z_human_sq_mean,z_camera_max_abs,z_camera_sq_mean,loss_camera,loss_human,loss_joint,loss_mean_across_tasks
9492,2019_JCT1VtaBpqg_00021_000_a,2019,2019_JCT1VtaBpqg,2019_JCT1VtaBpqg_00021,2019_JCT1VtaBpqg_00021_000,11,599.5,1687.8118896484375,599.5,2363.966552734375,229.125,335.5035095214844,197.02838134765625,1200.29638671875,917.54833984375,771.6243693033854
3786,2015_-UZY16_K3Pw_00013_000_a,2015,2015_-UZY16_K3Pw,2015_-UZY16_K3Pw_00013,2015_-UZY16_K3Pw_00013_000,28,522.5,1871.99072265625,522.5,2644.570556640625,139.375,326.83056640625,297.45916748046875,2160.52880859375,1551.6444091796875,1336.5441284179688
10470,2019_x24Olya2NLk_00001_000_a,2019,2019_x24Olya2NLk,2019_x24Olya2NLk_00001,2019_x24Olya2NLk_00001_000,28,234.25,204.04641723632812,234.25,284.5483703613281,84.75,43.042442321777344,10.551743507385254,23.110742568969727,29.67431640625,21.11226749420166
8773,2018_8wMS2SCtVM4_00016_000_a,2018,2018_8wMS2SCtVM4,2018_8wMS2SCtVM4_00016,2018_8wMS2SCtVM4_00016_000,19,186.75,508.10662841796875,186.75,721.353515625,64.625,81.61280059814453,17.533828735351562,135.13394165039062,75.21089172363281,75.95955403645833
5610,2016_LODjoHqYzyw_00014_000_a,2016,2016_LODjoHqYzyw,2016_LODjoHqYzyw_00014,2016_LODjoHqYzyw_00014_000,26,171.75,75.42997741699219,171.75,106.5815658569336,48.0625,13.126790046691895,12.51242733001709,45.894309997558594,36.36336135864258,31.590032895406086
3787,2015_-UZY16_K3Pw_00013_001_a,2015,2015_-UZY16_K3Pw,2015_-UZY16_K3Pw_00013,2015_-UZY16_K3Pw_00013_001,46,121.4375,164.4564971923828,121.4375,225.63641357421875,38.84375,42.096656799316406,4.796585559844971,7.316240310668945,7.2229108810424805,6.445245583852132
826,2011_UephHvStdWw_00006_000_a,2011,2011_UephHvStdWw,2011_UephHvStdWw_00006,2011_UephHvStdWw_00006_000,10,108.25,36.71548080444336,108.25,52.17449188232422,38.40625,5.797463893890381,0.5548160076141357,0.9748784899711609,0.7386972308158875,0.756130576133728
6197,2016_o2sjOBiBXSc_00025_000_a,2016,2016_o2sjOBiBXSc,2016_o2sjOBiBXSc_00025,2016_o2sjOBiBXSc_00025_000,11,95.8125,51.44636535644531,95.8125,72.27024841308594,35.5,9.79859447479248,0.44806239008903503,1.3348946571350098,1.7913767099380493,1.1914445857206981
827,2011_UephHvStdWw_00006_001_a,2011,2011_UephHvStdWw,2011_UephHvStdWw_00006,2011_UephHvStdWw_00006_001,50,84.5,23.48193359375,84.5,32.90532684326172,26.53125,4.635152339935303,0.3596772849559784,0.26984745264053345,0.4027419984340668,0.34408891201019287
2979,2012_xSTf5WyBUQ0_00021_000_a,2012,2012_xSTf5WyBUQ0,2012_xSTf5WyBUQ0_00021,2012_xSTf5WyBUQ0_00021_000,25,66.875,21.695186614990234,66.875,30.557653427124023,18.84375,3.9702489376068115,0.1106213927268982,0.18088363111019135,1.604104995727539,0.6318700065215429
6023,2016_gFsyI1eps-U_00025_000_a,2016,2016_gFsyI1eps-U,2016_gFsyI1eps-U_00025,2016_gFsyI1eps-U_00025_000,35,57.84375,30.886178970336914,57.84375,43.506141662597656,25.125,5.646249771118164,0.07679250836372375,0.15144886076450348,0.16504257917404175,0.13109464943408966
4456,2015_TQCgzi4j3eM_00001_000_a,2015,2015_TQCgzi4j3eM,2015_TQCgzi4j3eM_00001,2015_TQCgzi4j3eM_00001_000,9,49.21875,6.025875568389893,49.21875,8.64162826538086,15.1015625,0.7943686842918396,0.262786865234375,0.2334204465150833,0.38720983266830444,0.2944723814725876
4958,2015_rZlzxsrv4ow_00023_000_a,2015,2015_rZlzxsrv4ow,2015_rZlzxsrv4ow_00023,2015_rZlzxsrv4ow_00023_000,24,46.15625,9.744637489318848,46.15625,13.669051170349121,21.78125,1.8958101272583008,0.39916881918907166,0.35223913192749023,0.7630350589752197,0.5048143366972605
210,2011_8LM8A67uo_M_00000_000_b,2011,2011_8LM8A67uo_M,2011_8LM8A67uo_M_00000,2011_8LM8A67uo_M_00000_000,46,45.3125,8.194971084594727,45.3125,11.67110824584961,11.546875,1.2426981925964355,0.02653210051357746,0.06558264791965485,0.052328918129205704,0.048147888854146004
6025,2016_gQ2HC6eotDg_00002_000_a,2016,2016_gQ2HC6eotDg,2016_gQ2HC6eotDg_00002,2016_gQ2HC6eotDg_00002_000,27,44.21875,15.62355899810791,44.21875,21.983789443969727,12.7109375,2.9031014442443848,0.33268439769744873,0.3761179745197296,2.2094132900238037,0.9727385540803274
5814,2016_VBYiVoNwzQo_00026_000_a,2016,2016_VBYiVoNwzQo,2016_VBYiVoNwzQo_00026,2016_VBYiVoNwzQo_00026_000,29,38.3125,9.140571594238281,38.3125,12.828792572021484,12.625,1.7641314268112183,0.06169534847140312,0.12381519377231598,0.5844212770462036,0.25664393976330757
3985,2015_9GQZ2hl5oQY_00016_000_a,2015,2015_9GQZ2hl5oQY,2015_9GQZ2hl5oQY_00016,2015_9GQZ2hl5oQY_00016_000,12,35.875,4.411060333251953,35.875,6.292076587677002,9.3125,0.649029552936554,0.06275210529565811,0.0537775456905365,0.2617705166339874,0.126100055873394
3778,2015_-3KCgSpt3hU_00006_000_a,2015,2015_-3KCgSpt3hU,2015_-3KCgSpt3hU_00006,2015_-3KCgSpt3hU_00006_000,47,35.625,4.7917375564575195,35.625,6.452183246612549,18.421875,1.470845103263855,0.06320091336965561,0.09710653126239777,0.08830380439758301,0.08287041634321213
4363,2015_QDdroG4R9hE_00020_000_a,2015,2015_QDdroG4R9hE,2015_QDdroG4R9hE_00020,2015_QDdroG4R9hE_00020_000,30,34.9375,5.500455856323242,34.9375,7.5672736167907715,10.9453125,1.3668174743652344,0.047588251531124115,0.05931263044476509,0.06334216147661209,0.05674768115083376
5474,2016_Ew9wk3EGlJc_00003_000_a,2016,2016_Ew9wk3EGlJc,2016_Ew9wk3EGlJc_00003,2016_Ew9wk3EGlJc_00003_000,9,34.84375,4.625922679901123,34.84375,6.4774980545043945,14.390625,0.9227736592292786,0.07881501317024231,0.13745522499084473,0.11976298689842224,0.11201107501983643
830,2011_UephHvStdWw_00006_004_a,2011,2011_UephHvStdWw,2011_UephHvStdWw_00006,2011_UephHvStdWw_00006_004,53,33.5,12.227038383483887,33.5,16.35395622253418,14.8515625,3.9732048511505127,0.14273039996623993,0.1456364393234253,0.16176694631576538,0.1500445952018102
828,2011_UephHvStdWw_00006_002_a,2011,2011_UephHvStdWw,2011_UephHvStdWw_00006,2011_UephHvStdWw_00006_002,18,31.546875,7.051660537719727,31.546875,9.597676277160645,12.640625,1.9596298933029175,0.38499176502227783,0.218744695186615,1.5321704149246216,0.7119689583778381
9989,2019_cGDwEP-RWHo_00007_002_a,2019,2019_cGDwEP-RWHo,2019_cGDwEP-RWHo_00007,2019_cGDwEP-RWHo_00007_002,45,31.140625,5.949399948120117,31.140625,8.131478309631348,12.421875,1.5852421522140503,0.10062149167060852,0.1089094802737236,0.33934909105300903,0.1829600209991137
7384,2017_Rdl0ApAeczQ_00077_000_a,2017,2017_Rdl0ApAeczQ,2017_Rdl0ApAeczQ_00077,2017_Rdl0ApAeczQ_00077_000,15,30.515625,3.277766227722168,30.515625,4.452448844909668,13.625,0.9284014701843262,0.09288887679576874,0.05378090962767601,0.14814051985740662,0.09827010209361713
1331,2011_mvBtzXZWWG8_00009_001_a,2011,2011_mvBtzXZWWG8,2011_mvBtzXZWWG8_00009,2011_mvBtzXZWWG8_00009_001,11,30.140625,5.544217586517334,30.140625,7.197658061981201,12.0859375,2.2373387813568115,0.5755400061607361,0.49608662724494934,0.6939496397972107,0.5885254244009653
9472,2019_HsMVFxZ43iU_00017_000_a,2019,2019_HsMVFxZ43iU,2019_HsMVFxZ43iU_00017,2019_HsMVFxZ43iU_00017_000,55,29.8125,23.800636291503906,29.8125,32.263973236083984,10.0859375,6.873956680297852,0.12512296438217163,0.11381135135889053,0.09863004088401794,0.11252145220836003
829,2011_UephHvStdWw_00006_003_a,2011,2011_UephHvStdWw,2011_UephHvStdWw_00006,2011_UephHvStdWw_00006_003,22,29.234375,5.072242736816406,29.234375,6.736706733703613,15.9296875,1.7433135509490967,0.1680014580488205,0.13577884435653687,0.19130152463912964,0.16502727568149567
10414,2019_vBAK4o8zHF4_00019_000_a,2019,2019_vBAK4o8zHF4,2019_vBAK4o8zHF4_00019,2019_vBAK4o8zHF4_00019_000,40,28.421875,2.4802229404449463,28.421875,3.3362972736358643,7.67578125,0.7680747509002686,0.005274147726595402,0.009153025224804878,0.04259785637259483,0.01900834310799837
5475,2016_Ew9wk3EGlJc_00003_001_a,2016,2016_Ew9wk3EGlJc,2016_Ew9wk3EGlJc_00003,2016_Ew9wk3EGlJc_00003_001,15,28.03125,3.250455141067505,28.03125,4.4805707931518555,12.890625,0.7902223467826843,0.11014103889465332,0.10783050209283829,0.48479411005973816,0.23425521701574326
3972,2015_90vUFwUp6mw_00017_000_a,2015,2015_90vUFwUp6mw,2015_90vUFwUp6mw_00017,2015_90vUFwUp6mw_00017_000,35,27.296875,5.414786338806152,27.296875,7.41066312789917,10.1640625,1.423032283782959,0.03873518481850624,0.030997194349765778,0.49927061796188354,0.18966766571005186
10318,2019_r3L0e0izKG4_00027_000_a,2019,2019_r3L0e0izKG4,2019_r3L0e0izKG4_00027,2019_r3L0e0izKG4_00027_000,35,26.140625,4.5998053550720215,26.140625,6.495318412780762,10.8046875,0.8087787628173828,0.05289449170231819,0.031055068597197533,0.027300851419568062,0.03708347057302793
2298,2012_X3aJZU6rInc_00013_000_a,2012,2012_X3aJZU6rInc,2012_X3aJZU6rInc_00013,2012_X3aJZU6rInc_00013_000,14,26.0,2.0518438816070557,26.0,2.885735034942627,8.9453125,0.38406097888946533,0.025492245331406593,0.023605655878782272,0.043847303837537766,0.030981735015908878
6132,2016_l0RkrxY9mH8_00002_000_a,2016,2016_l0RkrxY9mH8,2016_l0RkrxY9mH8_00002,2016_l0RkrxY9mH8_00002_000,43,25.171875,5.9209113121032715,25.171875,7.790919780731201,8.375,2.1808955669403076,0.11169202625751495,0.10287036746740341,0.0964595153927803,0.10367396970589955
9987,2019_cGDwEP-RWHo_00007_000_a,2019,2019_cGDwEP-RWHo,2019_cGDwEP-RWHo_00007,2019_cGDwEP-RWHo_00007_000,12,25.078125,5.279952049255371,25.078125,7.215154647827148,10.7421875,1.4095479249954224,0.36062929034233093,0.45181313157081604,0.44913801550865173,0.4205268124739329
6026,2016_gQ2HC6eotDg_00002_001_a,2016,2016_gQ2HC6eotDg,2016_gQ2HC6eotDg_00002,2016_gQ2HC6eotDg_00002_001,9,24.890625,2.109179735183716,24.890625,2.850360870361328,9.1640625,0.626816987991333,0.35902315378189087,0.17794974148273468,0.3516427278518677,0.29620520770549774
6027,2016_gQ2HC6eotDg_00002_002_a,2016,2016_gQ2HC6eotDg,2016_gQ2HC6eotDg_00002,2016_gQ2HC6eotDg_00002_002,10,24.625,1.9328408241271973,24.625,2.626460075378418,10.0625,0.5456031560897827,0.1280808448791504,0.09623125940561295,0.08235719799995422,0.10222310076157252
9988,2019_cGDwEP-RWHo_00007_001_a,2019,2019_cGDwEP-RWHo,2019_cGDwEP-RWHo_00007,2019_cGDwEP-RWHo_00007_001,9,24.234375,3.3130033016204834,24.234375,4.647371292114258,8.3046875,0.6442664861679077,0.31580764055252075,0.26078927516937256,1.150179386138916,0.5755921006202698
5208,2016_1l1qpOrjsi4_00013_000_a,2016,2016_1l1qpOrjsi4,2016_1l1qpOrjsi4_00013,2016_1l1qpOrjsi4_00013_000,22,24.09375,10.051644325256348,24.09375,14.140276908874512,9.0625,1.8743772506713867,0.02836991660296917,0.04430713504552841,0.21207642555236816,0.09491782573362191
1461,2011_t4k-USM30aU_00026_001_a,2011,2011_t4k-USM30aU,2011_t4k-USM30aU_00026,2011_t4k-USM30aU_00026_001,21,23.34375,2.157634735107422,23.34375,2.9562771320343018,9.9609375,0.5603495240211487,0.011335751973092556,0.036068808287382126,0.0758834257721901,0.04109599534422159
8267,2017_oWSIUe5wYvc_00002_001_a,2017,2017_oWSIUe5wYvc,2017_oWSIUe5wYvc_00002,2017_oWSIUe5wYvc_00002_001,17,23.234375,3.2826013565063477,23.234375,4.605245113372803,8.796875,0.6373143196105957,0.06661349534988403,0.09288543462753296,0.19829170405864716,0.11926354467868805
3028,2012_zmxWCJ8iM_8_00003_000_a,2012,2012_zmxWCJ8iM_8,2012_zmxWCJ8iM_8_00003,2012_zmxWCJ8iM_8_00003_000,26,21.53125,2.5008394718170166,21.53125,3.441192626953125,7.7265625,0.6201341152191162,0.06497568637132645,0.08247439563274384,0.11629405617713928,0.08791471272706985
2348,2012_ZI63g64kDgY_00060_000_a,2012,2012_ZI63g64kDgY,2012_ZI63g64kDgY_00060,2012_ZI63g64kDgY_00060_000,43,20.859375,3.055729866027832,20.859375,4.150552749633789,7.89453125,0.866085410118103,0.02257523685693741,0.037530265748500824,0.29490503668785095,0.11833684643109639
7132,2017_JbuGOroCWaI_00029_000_a,2017,2017_JbuGOroCWaI,2017_JbuGOroCWaI_00029,2017_JbuGOroCWaI_00029_000,55,20.828125,3.284438371658325,20.828125,4.587982177734375,7.22265625,0.6773527264595032,0.008801386691629887,0.020261520519852638,0.022563399747014046,0.017208768986165524
4231,2015_KGoS1jrmgHg_00005_000_a,2015,2015_KGoS1jrmgHg,2015_KGoS1jrmgHg_00005,2015_KGoS1jrmgHg_00005_000,19,20.828125,1.8652828931808472,20.828125,2.4154841899871826,8.7421875,0.7648804783821106,0.01364582497626543,0.026094412431120872,0.03575948253273964,0.025166573313375313
5342,2016_727NnSLXsxc_00012_001_a,2016,2016_727NnSLXsxc,2016_727NnSLXsxc_00012,2016_727NnSLXsxc_00012_001,16,20.640625,2.0331974029541016,20.640625,2.8121306896209717,7.20703125,0.4753307104110718,0.046515777707099915,0.0588286817073822,0.1522577553987503,0.08586740493774414
2299,2012_X3aJZU6rInc_00013_001_a,2012,2012_X3aJZU6rInc,2012_X3aJZU6rInc_00013,2012_X3aJZU6rInc_00013_001,16,19.59375,2.5417909622192383,19.59375,3.565274238586426,5.1640625,0.49482461810112,0.017200199887156487,0.025026798248291016,0.4085146486759186,0.1502472156037887
7087,2017_Htp6crkePuw_00043_000_a,2017,2017_Htp6crkePuw,2017_Htp6crkePuw_00043,2017_Htp6crkePuw_00043_000,10,19.5625,1.0707576274871826,19.5625,1.469044804573059,5.3984375,0.27418315410614014,0.07657306641340256,0.05027652531862259,7.114329814910889,2.4137264688809714
693,2011_OqCTq3EeDcY_00016_000_a,2011,2011_OqCTq3EeDcY,2011_OqCTq3EeDcY_00016,2011_OqCTq3EeDcY_00016_000,19,18.546875,2.3208439350128174,18.546875,1.7414095401763916,11.203125,3.4797139167785645,0.009281647391617298,0.020967261865735054,0.029471028596162796,0.019906645951171715
2500,2012_ejJIihkZTGU_00027_000_a,2012,2012_ejJIihkZTGU,2012_ejJIihkZTGU_00027,2012_ejJIihkZTGU_00027_000,19,18.1875,1.4309927225112915,18.1875,1.9544895887374878,6.76953125,0.3839989900588989,0.026452261954545975,0.04734143614768982,0.04613488167524338,0.03997619325915972
6902,2017_C2JaJ_FLYiM_00000_000_a,2017,2017_C2JaJ_FLYiM,2017_C2JaJ_FLYiM_00000,2017_C2JaJ_FLYiM_00000_000,56,17.921875,5.909245014190674,6.640625,1.161440372467041,17.921875,15.404853820800781,0.013296494260430336,0.01690828427672386,0.033031877130270004,0.021078885222474735
9520,2019_KOuClUYl0_U_00022_000_a,2019,2019_KOuClUYl0_U,2019_KOuClUYl0_U_00022,2019_KOuClUYl0_U_00022_000,14,17.890625,1.2788251638412476,17.890625,1.7773691415786743,3.98046875,0.2817375659942627,0.02785736322402954,0.035443879663944244,0.026048703119158745,0.029783315335710842
8037,2017_iv8bdd2-Y0w_00002_000_a,2017,2017_iv8bdd2-Y0w,2017_iv8bdd2-Y0w_00002,2017_iv8bdd2-Y0w_00002_000,28,17.578125,3.584385633468628,17.578125,5.0453033447265625,6.3125,0.6625489592552185,0.013106497004628181,0.04400430992245674,0.045987531542778015,0.034366112823287644
8008,2017_iMaL4la2Q78_00016_000_a,2017,2017_iMaL4la2Q78,2017_iMaL4la2Q78_00016,2017_iMaL4la2Q78_00016_000,12,17.5,1.0186406373977661,17.5,1.3096171617507935,6.28515625,0.43668803572654724,0.012017960660159588,0.04585329815745354,0.027405181899666786,0.028425480239093304
9182,2019_3dJLDhRGBpE_00068_001_a,2019,2019_3dJLDhRGBpE,2019_3dJLDhRGBpE_00068,2019_3dJLDhRGBpE_00068_001,19,17.4375,1.1106293201446533,17.4375,1.4856945276260376,6.484375,0.3604988753795624,0.030211348086595535,0.025783086195588112,0.4829041361808777,0.17963285682102045
5899,2016__RD0zpFbSmY_00018_001_a,2016,2016__RD0zpFbSmY,2016__RD0zpFbSmY_00018,2016__RD0zpFbSmY_00018_001,20,17.4375,0.8549081683158875,17.4375,1.1355913877487183,3.9453125,0.2935418486595154,0.008676668629050255,0.016000956296920776,0.045754991471767426,0.02347753879924615
3952,2015_87MO-gtYFT8_00039_000_a,2015,2015_87MO-gtYFT8,2015_87MO-gtYFT8_00039,2015_87MO-gtYFT8_00039_000,23,16.75,3.3080451488494873,13.3984375,1.5582329034805298,16.75,6.807669639587402,0.04241006821393967,0.015345209278166294,0.042054954916238785,0.033270077469448246
8733,2018_69v1tcsG6nc_00004_000_a,2018,2018_69v1tcsG6nc,2018_69v1tcsG6nc_00004,2018_69v1tcsG6nc_00004_000,58,16.734375,3.696082353591919,16.734375,4.942802906036377,7.109375,1.2026411294937134,0.024548066779971123,0.018205584958195686,0.05963148921728134,0.03412838031848272
358,2011_CtIhkGu6ahY_00032_000_a,2011,2011_CtIhkGu6ahY,2011_CtIhkGu6ahY_00032,2011_CtIhkGu6ahY_00032_000,25,16.671875,0.8540816307067871,16.671875,1.1370962858200073,6.32421875,0.2880522906780243,0.0046356068924069405,0.01284901611506939,0.013312427327036858,0.010265683444837729
2680,2012_ljdH53Ro0xQ_00000_000_b,2012,2012_ljdH53Ro0xQ,2012_ljdH53Ro0xQ_00000,2012_ljdH53Ro0xQ_00000_000,63,16.28125,3.242413282394409,16.28125,4.337277889251709,7.00390625,1.0526846647262573,0.027874264866113663,0.03293329104781151,0.03607681393623352,0.032294789950052895
7680,2017_ZQ0JJpvMq-g_00000_001_a,2017,2017_ZQ0JJpvMq-g,2017_ZQ0JJpvMq-g_00000,2017_ZQ0JJpvMq-g_00000_001,26,16.28125,2.9042563438415527,10.9140625,1.6018092632293701,16.28125,5.509151935577393,0.0046849241480231285,0.01032660249620676,0.07641906291246414,0.030476863185564678
6267,2016_s8BQXJxRw10_00017_000_a,2016,2016_s8BQXJxRw10,2016_s8BQXJxRw10_00017,2016_s8BQXJxRw10_00017_000,23,16.015625,2.349182367324829,11.421875,1.7677264213562012,16.015625,3.512094736099243,0.0034152592997998,0.008421003818511963,0.08555477857589722,0.03246368056473633
3072,2014_0UrClwjpNA8_00003_000_b,2014,2014_0UrClwjpNA8,2014_0UrClwjpNA8_00003,2014_0UrClwjpNA8_00003_000,19,15.9765625,1.8103581666946411,15.9765625,2.4802725315093994,5.0859375,0.4705294668674469,0.01091050449758768,0.04784660413861275,0.017417799681425095,0.025391636105875175
2728,2012_nRTjNEP6v2U_00004_001_a,2012,2012_nRTjNEP6v2U,2012_nRTjNEP6v2U_00004,2012_nRTjNEP6v2U_00004_001,30,15.9140625,1.9379856586456299,15.9140625,2.4604110717773438,6.1328125,0.893134355545044,0.06322776526212692,0.046332065016031265,0.1465277522802353,0.08536252751946449
9200,2019_4RBnTZELQX8_00006_000_a,2019,2019_4RBnTZELQX8,2019_4RBnTZELQX8_00006,2019_4RBnTZELQX8_00006_000,56,15.3671875,1.9006305932998657,15.3671875,2.4771904945373535,5.1953125,0.7475103735923767,0.020343923941254616,0.019289463758468628,0.08848641067743301,0.042706599459052086
7045,2017_GGVL7N6Wz8I_00011_000_a,2017,2017_GGVL7N6Wz8I,2017_GGVL7N6Wz8I_00011,2017_GGVL7N6Wz8I_00011_000,13,14.9765625,0.8456673622131348,14.9765625,1.1751444339752197,6.55859375,0.18671360611915588,0.00822921097278595,0.017564136534929276,0.06502918154001236,0.030274176349242527
6148,2016_lRAsSTNZD8g_00033_000_a,2016,2016_lRAsSTNZD8g,2016_lRAsSTNZD8g_00033,2016_lRAsSTNZD8g_00033_000,36,14.703125,2.775101661682129,14.703125,2.952540159225464,10.0703125,2.420224905014038,0.0192558616399765,0.03354280814528465,1.7076550722122192,0.5868179139991602
230,2011_9FLLYpUnuwQ_00024_000_a,2011,2011_9FLLYpUnuwQ,2011_9FLLYpUnuwQ_00024,2011_9FLLYpUnuwQ_00024_000,18,14.640625,0.7704771757125854,14.640625,1.0530753135681152,3.43359375,0.20528090000152588,0.008578270673751831,0.008292492479085922,0.03879041597247124,0.018553726375102997
4940,2015_qs0Fyp2bqsA_00007_000_a,2015,2015_qs0Fyp2bqsA,2015_qs0Fyp2bqsA_00007,2015_qs0Fyp2bqsA_00007_000,31,14.6171875,0.8768182992935181,14.6171875,1.167741298675537,3.6796875,0.29497238993644714,0.006626849994063377,0.0160717461258173,0.03495310992002487,0.01921723534663518
5676,2016_O2RUT5J7T4E_00012_000_a,2016,2016_O2RUT5J7T4E,2016_O2RUT5J7T4E_00012,2016_O2RUT5J7T4E_00012_000,32,14.5625,1.1966995000839233,14.5625,1.4478156566619873,6.29296875,0.694466769695282,0.026661505922675133,0.025278545916080475,0.02119850553572178,0.024379519124825794
5341,2016_727NnSLXsxc_00012_000_a,2016,2016_727NnSLXsxc,2016_727NnSLXsxc_00012,2016_727NnSLXsxc_00012_000,15,14.4453125,0.804877519607544,14.4453125,1.0664693117141724,5.0234375,0.281693696975708,0.019937431439757347,0.02984621189534664,0.1682012975215912,0.07266164695223172
7373,2017_RDBywHkU6Wg_00052_001_a,2017,2017_RDBywHkU6Wg,2017_RDBywHkU6Wg_00052,2017_RDBywHkU6Wg_00052_001,44,14.1953125,1.2920465469360352,14.1953125,1.6912810802459717,6.109375,0.4935770630836487,0.008202777244150639,0.008620859123766422,0.1456722915172577,0.05416530929505825
3167,2014_ACdEiMqOVvs_00035_000_a,2014,2014_ACdEiMqOVvs,2014_ACdEiMqOVvs_00035,2014_ACdEiMqOVvs_00035_000,11,13.9609375,0.7482579350471497,13.9609375,1.0414683818817139,3.76953125,0.1618371158838272,0.010937714949250221,0.029559487476944923,0.12587645649909973,0.055457886308431625
6414,2016_yYhuz0q21_4_00013_000_a,2016,2016_yYhuz0q21_4,2016_yYhuz0q21_4_00013,2016_yYhuz0q21_4_00013_000,23,13.859375,0.7998973727226257,13.859375,0.9495753049850464,7.5078125,0.5005417466163635,0.0069748954847455025,0.01385880820453167,0.0862031802535057,0.03567896131426096
5182,2016_0SDvqDdbhSc_00010_001_a,2016,2016_0SDvqDdbhSc,2016_0SDvqDdbhSc_00010,2016_0SDvqDdbhSc_00010_001,22,13.6796875,0.5830657482147217,13.6796875,0.7439016699790955,3.2109375,0.26139378547668457,0.0037683977279812098,0.00765162892639637,0.011823832057416439,0.007747952903931339
8860,2018_M1dWcUcCAgk_00008_000_a,2018,2018_M1dWcUcCAgk,2018_M1dWcUcCAgk_00008,2018_M1dWcUcCAgk_00008_000,15,13.6328125,1.314118504524231,13.6328125,1.151589035987854,8.3828125,1.6391773223876953,0.005965152755379677,0.014064723625779152,0.11175361275672913,0.04392782971262932
6321,2016_u0aPph3nUwQ_00000_000_b,2016,2016_u0aPph3nUwQ,2016_u0aPph3nUwQ_00000,2016_u0aPph3nUwQ_00000_000,55,13.53125,4.750090599060059,13.53125,5.786794185638428,6.22265625,2.676682472229004,0.010333260521292686,0.016846686601638794,0.05506886541843414,0.027416270847121876
10537,2019_zpvTZ0G0UiM_00033_000_a,2019,2019_zpvTZ0G0UiM,2019_zpvTZ0G0UiM_00033,2019_zpvTZ0G0UiM_00033_000,33,13.5234375,1.825002670288086,3.916015625,0.4789178967475891,13.5234375,4.517171859741211,0.0055326311849057674,0.035343561321496964,0.3745633065700531,0.13847983302548528
3302,2014_LVYMePfXin8_00011_000_a,2014,2014_LVYMePfXin8,2014_LVYMePfXin8_00011,2014_LVYMePfXin8_00011_000,27,13.4375,2.183173179626465,8.59375,0.7407004237174988,13.4375,5.068118572235107,0.0022930155973881483,0.007080758456140757,0.009914501570165157,0.006429425207898021
4979,2015_sYVz2G-r01U_00002_000_a,2015,2015_sYVz2G-r01U,2015_sYVz2G-r01U_00002,2015_sYVz2G-r01U_00002_000,35,13.4140625,2.400235652923584,5.9296875,0.9096258282661438,13.4140625,5.381455421447754,0.0022489232942461967,0.006026524119079113,0.024895599111914635,0.011057015508413315
9877,2019_Xvyf7ml1ndo_00016_000_a,2019,2019_Xvyf7ml1ndo,2019_Xvyf7ml1ndo_00016,2019_Xvyf7ml1ndo_00016_000,39,13.2890625,1.9342612028121948,13.2890625,2.6596057415008545,5.08984375,0.4835718274116516,0.015413030982017517,0.015643492341041565,0.35099002718925476,0.12734885017077127
4889,2015_o2J59hT1Vto_00005_001_a,2015,2015_o2J59hT1Vto,2015_o2J59hT1Vto_00005,2015_o2J59hT1Vto_00005_001,42,13.0625,1.5280015468597412,5.19140625,0.534087598323822,13.0625,3.515829563140869,0.006111932452768087,0.030095037072896957,0.030936000868678093,0.022380990131447714
2727,2012_nRTjNEP6v2U_00004_000_b,2012,2012_nRTjNEP6v2U,2012_nRTjNEP6v2U_00004,2012_nRTjNEP6v2U_00004_000,16,13.0390625,1.0172086954116821,13.0390625,1.397464632987976,5.5703125,0.2566971480846405,0.008547976613044739,0.01571405492722988,0.04171667620539665,0.021992902581890423
2615,2012_izxDdUcC3Ag_00058_000_a,2012,2012_izxDdUcC3Ag,2012_izxDdUcC3Ag_00058,2012_izxDdUcC3Ag_00058_000,12,12.9921875,0.43875205516815186,12.9921875,0.5809831023216248,3.720703125,0.15428997576236725,0.010534235276281834,0.018447866663336754,0.2736843526363373,0.1008888181919853
9277,2019_7d4Sd1W25xs_00005_000_a,2019,2019_7d4Sd1W25xs,2019_7d4Sd1W25xs_00005,2019_7d4Sd1W25xs_00005_000,32,12.828125,0.5535123944282532,12.828125,0.6707971096038818,5.421875,0.31894296407699585,0.0018710176227614284,0.004476609639823437,0.003800318343564868,0.0033826485353832445
1892,2012_DHDOgbfwSlY_00001_000_a,2012,2012_DHDOgbfwSlY,2012_DHDOgbfwSlY_00001,2012_DHDOgbfwSlY_00001_000,18,12.6328125,0.9725852608680725,12.6328125,1.2555427551269531,5.41015625,0.40667057037353516,0.009026777930557728,0.032953664660453796,0.3716781735420227,0.13788620537767807
9721,2019_QteR6PIwTNk_00003_001_a,2019,2019_QteR6PIwTNk,2019_QteR6PIwTNk_00003,2019_QteR6PIwTNk_00003_001,21,12.59375,0.45633628964424133,12.59375,0.5911965370178223,3.689453125,0.18661582469940186,0.020644422620534897,0.019911905750632286,0.020374976098537445,0.020310434823234875
2519,2012_fTEPaF5TjWU_00011_000_a,2012,2012_fTEPaF5TjWU,2012_fTEPaF5TjWU_00011,2012_fTEPaF5TjWU_00011_000,46,12.5078125,0.9502498507499695,12.5078125,1.2078937292099,6.43359375,0.43496227264404297,0.009363578632473946,0.011426557786762714,0.14755529165267944,0.0561151426906387
5116,2015_y9d6Tblt1kE_00007_000_a,2015,2015_y9d6Tblt1kE,2015_y9d6Tblt1kE_00007,2015_y9d6Tblt1kE_00007_000,31,12.4921875,0.6804746985435486,12.4921875,0.8547734618186951,5.4765625,0.3318772614002228,0.004160710144788027,0.013718881644308567,0.031913623213768005,0.0165977383342882
5070,2015_w3sv1-F1JeI_00038_000_a,2015,2015_w3sv1-F1JeI,2015_w3sv1-F1JeI_00038,2015_w3sv1-F1JeI_00038_000,32,12.484375,4.0528883934021,10.296875,1.2078461647033691,12.484375,9.742971420288086,0.006000053137540817,0.015954241156578064,0.018089912831783295,0.013348069041967392
8734,2018_69v1tcsG6nc_00004_000_b,2018,2018_69v1tcsG6nc,2018_69v1tcsG6nc_00004,2018_69v1tcsG6nc_00004_000,32,12.453125,1.072393774986267,12.453125,1.4042302370071411,5.21875,0.40872055292129517,0.013119688257575035,0.01287291944026947,0.10931471735239029,0.0451024416834116
9709,2019_QMBLWE0pu8U_00000_000_a,2019,2019_QMBLWE0pu8U,2019_QMBLWE0pu8U_00000,2019_QMBLWE0pu8U_00000_000,12,12.4453125,1.6287015676498413,8.875,1.121154546737671,12.4453125,2.6437952518463135,0.02182399481534958,0.029552066698670387,0.05314871296286583,0.034841591492295265
5210,2016_1u7U16N_yJg_00048_000_a,2016,2016_1u7U16N_yJg,2016_1u7U16N_yJg_00048,2016_1u7U16N_yJg_00048_000,21,12.234375,0.9796697497367859,12.234375,1.3129276037216187,5.76171875,0.31315377354621887,0.01104675605893135,0.030035696923732758,0.020529886707663536,0.020537446563442547
1153,2011_ftmRf0AY8Co_00006_000_a,2011,2011_ftmRf0AY8Co,2011_ftmRf0AY8Co_00006,2011_ftmRf0AY8Co_00006_000,25,12.1640625,0.5141214728355408,12.1640625,0.6699820160865784,3.498046875,0.20240050554275513,0.0026125197764486074,0.008860182017087936,0.007909988053143024,0.006460896615559856
9477,2019_INGcULi_c2U_00007_000_a,2019,2019_INGcULi_c2U,2019_INGcULi_c2U_00007,2019_INGcULi_c2U_00007_000,27,12.0078125,1.9955002069473267,7.37890625,0.624253511428833,12.0078125,4.737994194030762,0.003248718101531267,0.007977677509188652,0.05247422680258751,0.02123354080443581
7931,2017_fwkB6wAxNVM_00004_000_a,2017,2017_fwkB6wAxNVM,2017_fwkB6wAxNVM_00004,2017_fwkB6wAxNVM_00004_000,20,11.9296875,0.7366986870765686,11.9296875,0.9592898488044739,4.03515625,0.2915162742137909,0.012662375345826149,0.01932469569146633,0.19875217974185944,0.07691308359305064
2716,2012_n3_noySdJVs_00003_000_a,2012,2012_n3_noySdJVs,2012_n3_noySdJVs_00003,2012_n3_noySdJVs_00003_000,48,11.90625,1.77565336227417,4.7734375,0.6542527675628662,11.90625,4.018454551696777,0.004560014232993126,0.0072329286485910416,0.02192724123597145,0.01124006137251854
4670,2015_cH_nhvO8stg_00009_000_a,2015,2015_cH_nhvO8stg,2015_cH_nhvO8stg_00009,2015_cH_nhvO8stg_00009_000,12,11.8671875,0.9764048457145691,11.8671875,1.083134412765503,6.80859375,0.7629458904266357,0.023071324452757835,0.034418851137161255,0.023793475702404976,0.02709455043077469
9892,2019_YzIWoPLLktE_00004_000_a,2019,2019_YzIWoPLLktE,2019_YzIWoPLLktE_00004,2019_YzIWoPLLktE_00004_000,22,11.8671875,0.47484081983566284,11.8671875,0.6301140785217285,2.880859375,0.16429415345191956,0.002041105180978775,0.0070596919395029545,0.24446077644824982,0.08452052452291052
7777,2017_b2hhdMiOTOE_00069_000_b,2017,2017_b2hhdMiOTOE,2017_b2hhdMiOTOE_00069,2017_b2hhdMiOTOE_00069_000,63,11.859375,5.27500581741333,8.125,1.1227424144744873,11.859375,13.579532623291016,0.008976501412689686,0.007926017977297306,0.029360584914684296,0.015421034768223763
2172,2012_RC5ZiK6o7uQ_00031_000_a,2012,2012_RC5ZiK6o7uQ,2012_RC5ZiK6o7uQ_00031,2012_RC5ZiK6o7uQ_00031_000,28,11.796875,3.118175983428955,7.8515625,1.0453591346740723,11.796875,7.263810157775879,0.0031429084483534098,0.011332297697663307,0.02862759679555893,0.014367600980525216
8961,2018_ddGbf6I8UH4_00011_000_a,2018,2018_ddGbf6I8UH4,2018_ddGbf6I8UH4_00011,2018_ddGbf6I8UH4_00011_000,9,11.703125,0.9671079516410828,9.40625,0.7671520113945007,11.703125,1.3670198917388916,0.005132171791046858,0.011048424988985062,0.06387855112552643,0.026686382635186117
6323,2016_uBAd6Nfv3uE_00003_000_a,2016,2016_uBAd6Nfv3uE,2016_uBAd6Nfv3uE_00003,2016_uBAd6Nfv3uE_00003_000,33,11.6640625,1.1550941467285156,6.5546875,0.8810037970542908,11.6640625,1.7032749652862549,0.00312781915999949,0.011078576557338238,0.16361382603645325,0.059273407251263656
8824,2018_FAmaskY8eXE_00002_006_c,2018,2018_FAmaskY8eXE,2018_FAmaskY8eXE_00002,2018_FAmaskY8eXE_00002_006,61,11.5625,3.082061290740967,2.529296875,0.4488525390625,11.5625,8.348479270935059,0.007003685459494591,0.01057969219982624,0.024701321497559547,0.014094899718960127
1179,2011_hE3jShGPscQ_00004_000_a,2011,2011_hE3jShGPscQ,2011_hE3jShGPscQ_00004,2011_hE3jShGPscQ_00004_000,23,11.5625,2.6458842754364014,10.8984375,1.731353998184204,11.5625,4.474945068359375,0.03212597221136093,0.029727209359407425,0.07459449768066406,0.04548255975047747
4935,2015_qeytg9JLx-o_00016_001_a,2015,2015_qeytg9JLx-o,2015_qeytg9JLx-o_00016,2015_qeytg9JLx-o_00016_001,42,11.5546875,1.030993103981018,11.5546875,1.0523377656936646,8.5,0.9883038401603699,0.0022195149213075638,0.014402511529624462,0.023173581808805466,0.01326520275324583
1173,2011_gcu30p7VEKI_00000_000_a,2011,2011_gcu30p7VEKI,2011_gcu30p7VEKI_00000,2011_gcu30p7VEKI_00000_000,46,11.5390625,1.695596694946289,5.734375,0.7712922096252441,11.5390625,3.544205665588379,0.0014483274426311255,0.003697373904287815,0.06832733750343323,0.02449101295011739
685,2011_OP4zJ101EPY_00051_000_a,2011,2011_OP4zJ101EPY,2011_OP4zJ101EPY_00051,2011_OP4zJ101EPY_00051_000,41,11.53125,1.2722302675247192,6.1328125,0.7631050944328308,11.53125,2.290480613708496,0.0011605926556512713,0.004283607937395573,0.01055341586470604,0.005332538819250961
206,2011_8DlxO2frMPE_00000_001_a,2011,2011_8DlxO2frMPE,2011_8DlxO2frMPE_00000,2011_8DlxO2frMPE_00000_001,40,11.5,1.2030391693115234,6.0703125,0.4936663806438446,11.5,2.6217851638793945,0.0022018025629222393,0.007798686623573303,0.011831204406917095,0.007277231197804213
4083,2015_EJ5ywAAmiU4_00054_000_a,2015,2015_EJ5ywAAmiU4,2015_EJ5ywAAmiU4_00054,2015_EJ5ywAAmiU4_00054_000,40,11.484375,2.308889865875244,6.640625,0.8305158615112305,11.484375,5.2656378746032715,0.00558209465816617,0.00856911949813366,0.21083253622055054,0.07499458345895012
2444,2012_cCNhONF1lHI_00021_000_a,2012,2012_cCNhONF1lHI,2012_cCNhONF1lHI_00021,2012_cCNhONF1lHI_00021_000,26,11.4296875,1.1638303995132446,11.4296875,1.1535634994506836,6.48046875,1.1843639612197876,0.004428463988006115,0.02046293020248413,0.05977822467684746,0.028223206289112568
5316,2016_5Q8BbiDiI5c_00003_001_a,2016,2016_5Q8BbiDiI5c,2016_5Q8BbiDiI5c_00003,2016_5Q8BbiDiI5c_00003_001,19,11.40625,1.1249927282333374,6.28125,0.6612001061439514,11.40625,2.0525782108306885,0.005008139181882143,0.024982476606965065,0.8825439810752869,0.3041781989547114
1183,2011_hHVZ_viVD9E_00032_000_a,2011,2011_hHVZ_viVD9E,2011_hHVZ_viVD9E_00032,2011_hHVZ_viVD9E_00032_000,17,11.3984375,1.4643768072128296,11.3984375,0.9062510132789612,10.390625,2.5806283950805664,0.003073630854487419,0.010205821134150028,0.0281691737473011,0.013816208578646183
9891,2019_Yvoy77W0Ofg_00003_000_a,2019,2019_Yvoy77W0Ofg,2019_Yvoy77W0Ofg_00003,2019_Yvoy77W0Ofg_00003_000,46,11.375,0.7341780662536621,11.375,0.939414381980896,3.017578125,0.3237053453922272,0.0022455593571066856,0.005920312833040953,0.04768652468919754,0.018617465626448393
4974,2015_sEycv_wZaIA_00020_000_a,2015,2015_sEycv_wZaIA,2015_sEycv_wZaIA_00020,2015_sEycv_wZaIA_00020_000,51,11.359375,3.482339382171631,6.359375,1.22209894657135,11.359375,8.002820014953613,0.004503481090068817,0.014738869853317738,0.013157691806554794,0.01080001424998045
7538,2017_VkldXV8Pgi8_00005_001_a,2017,2017_VkldXV8Pgi8,2017_VkldXV8Pgi8_00005,2017_VkldXV8Pgi8_00005_001,12,11.3515625,1.732869029045105,9.9375,1.1679829359054565,11.3515625,2.8626410961151123,0.010775436647236347,0.021016137674450874,0.056018486618995667,0.029270020313560963
8503,2017_uEMTQYe1ro0_00065_000_a,2017,2017_uEMTQYe1ro0,2017_uEMTQYe1ro0_00065,2017_uEMTQYe1ro0_00065_000,17,11.34375,1.4692021608352661,11.34375,2.05661940574646,4.33984375,0.29436802864074707,0.01129866298288107,0.019195588305592537,0.04160108417272568,0.02403177848706643
2819,2012_qjbkmhtAsJo_00024_000_a,2012,2012_qjbkmhtAsJo,2012_qjbkmhtAsJo_00024,2012_qjbkmhtAsJo_00024_000,14,11.34375,1.2282174825668335,9.1875,0.7686623334884644,11.34375,2.1473281383514404,0.003003880847245455,0.01653430610895157,0.0160660482943058,0.011868078416834274
6726,2017_7ZUVMim8ebM_00044_000_a,2017,2017_7ZUVMim8ebM,2017_7ZUVMim8ebM_00044,2017_7ZUVMim8ebM_00044_000,54,11.3046875,0.9172138571739197,11.3046875,1.1815764904022217,3.830078125,0.38848885893821716,0.0025149043649435043,0.006379274185746908,0.007457070052623749,0.00545041620110472
4364,2015_QDdroG4R9hE_00020_001_a,2015,2015_QDdroG4R9hE,2015_QDdroG4R9hE_00020,2015_QDdroG4R9hE_00020_001,37,11.2890625,1.6191022396087646,11.2890625,1.9873170852661133,5.50390625,0.882672131061554,0.029115406796336174,0.05266529321670532,0.037759389728307724,0.03984669658044974
4586,2015_ZhBCiQ49Iz8_00005_000_a,2015,2015_ZhBCiQ49Iz8,2015_ZhBCiQ49Iz8_00005,2015_ZhBCiQ49Iz8_00005_000,33,11.1953125,1.3442760705947876,4.73828125,0.4948989450931549,11.1953125,3.0430305004119873,0.0031603695824742317,0.0022603620309382677,0.02287408523261547,0.009431605615342656
10102,2019_hOH-oOCfsX4_00011_000_a,2019,2019_hOH-oOCfsX4,2019_hOH-oOCfsX4_00011,2019_hOH-oOCfsX4_00011_000,27,11.1328125,1.832443356513977,6.8125,0.7973983883857727,11.1328125,3.9025330543518066,0.0023895816411823034,0.012147206813097,0.1367112547159195,0.050416014390066266
9131,2019_1wWk7qN62dI_00005_001_a,2019,2019_1wWk7qN62dI,2019_1wWk7qN62dI_00005,2019_1wWk7qN62dI_00005_001,24,11.0859375,0.9563935399055481,7.7421875,0.7237123847007751,11.0859375,1.4217560291290283,0.001877178088761866,0.00833179336041212,0.023728767409920692,0.011312579619698226
5100,2015_xGugDtX55CQ_00026_000_a,2015,2015_xGugDtX55CQ,2015_xGugDtX55CQ_00026,2015_xGugDtX55CQ_00026_000,42,11.078125,1.5303130149841309,11.078125,1.06365966796875,10.7421875,2.4636194705963135,0.00630360608920455,0.008809988386929035,0.1177574023604393,0.044290332278857626
8557,2017_vfc3TGvcjEY_00079_001_a,2017,2017_vfc3TGvcjEY,2017_vfc3TGvcjEY_00079,2017_vfc3TGvcjEY_00079_001,21,11.0,0.9879701733589172,11.0,1.1487795114517212,5.4140625,0.6663513779640198,0.010248045437037945,0.03473667427897453,1.357183575630188,0.4673894317820668
3099,2014_2H7XknY3PMA_00004_000_a,2014,2014_2H7XknY3PMA,2014_2H7XknY3PMA_00004,2014_2H7XknY3PMA_00004_000,25,10.9765625,1.3404242992401123,6.53125,0.6529571413993835,10.9765625,2.7153584957122803,0.001563497819006443,0.005201315972954035,0.003283613594248891,0.003349475795403123
6748,2017_8M1kdeDluRE_00000_000_a,2017,2017_8M1kdeDluRE,2017_8M1kdeDluRE_00000,2017_8M1kdeDluRE_00000_000,11,10.921875,1.4676225185394287,9.3359375,0.9852584004402161,10.921875,2.4323508739471436,0.006775409448891878,0.013733413070440292,0.011699138209223747,0.010735986909518639
4356,2015_PrzgybNYBs8_00091_000_a,2015,2015_PrzgybNYBs8,2015_PrzgybNYBs8_00091,2015_PrzgybNYBs8_00091_000,34,10.90625,2.024324417114258,9.0,1.5292118787765503,10.90625,3.0145492553710938,0.005401190370321274,0.011667427606880665,0.019163941964507103,0.012077519980569681
4354,2015_PnffktauNZw_00003_000_a,2015,2015_PnffktauNZw,2015_PnffktauNZw_00003,2015_PnffktauNZw_00003_000,24,10.8828125,2.201899528503418,9.5078125,1.106118083000183,10.8828125,4.393462657928467,0.013913861475884914,0.006859160959720612,0.014540337957441807,0.011771120131015778
6051,2016_hggAh6GibqQ_00011_000_a,2016,2016_hggAh6GibqQ,2016_hggAh6GibqQ_00011,2016_hggAh6GibqQ_00011_000,25,10.8828125,1.5838934183120728,8.203125,0.9070994257926941,10.8828125,2.937480926513672,0.0034246728755533695,0.013898131437599659,0.045109063386917114,0.020810622566690046
8114,2017_khK3EggW2DY_00038_000_a,2017,2017_khK3EggW2DY,2017_khK3EggW2DY_00038,2017_khK3EggW2DY_00038_000,13,10.7734375,0.7608767747879028,10.7734375,0.7090992331504822,7.12109375,0.8644318580627441,0.0066742380149662495,0.023682020604610443,0.07296726107597351,0.034441173231850065
2846,2012_rTCi5UsRudE_00031_000_a,2012,2012_rTCi5UsRudE,2012_rTCi5UsRudE_00031,2012_rTCi5UsRudE_00031_000,28,10.6015625,1.2537904977798462,5.9921875,0.5024415254592896,10.6015625,2.756488800048828,0.0012616297462955117,0.005193556193262339,0.003329919185489416,0.0032617017083490887
2258,2012_VgKqo3TvZoI_00003_001_a,2012,2012_VgKqo3TvZoI,2012_VgKqo3TvZoI_00003,2012_VgKqo3TvZoI_00003_001,26,10.59375,0.9939810633659363,4.48828125,0.36854803562164307,10.59375,2.244847059249878,0.001446371665224433,0.0046192253939807415,0.09582511335611343,0.033963570138439536
9871,2019_XPsddyf2EcY_00032_000_a,2019,2019_XPsddyf2EcY,2019_XPsddyf2EcY_00032,2019_XPsddyf2EcY_00032_000,14,10.59375,0.6101439595222473,10.59375,0.8238704204559326,5.30859375,0.18269114196300507,0.014117219485342503,0.026002982631325722,0.024508649483323097,0.02154295053333044
2063,2012_MiyfHiRy_tI_00010_000_a,2012,2012_MiyfHiRy_tI,2012_MiyfHiRy_tI_00010,2012_MiyfHiRy_tI_00010_000,51,10.578125,1.230484127998352,10.578125,1.6550408601760864,3.802734375,0.381370484828949,0.0032348257955163717,0.008859869092702866,0.4080321490764618,0.14004228132156035
9328,2019_A_HjMIjzyMU_00071_000_a,2019,2019_A_HjMIjzyMU,2019_A_HjMIjzyMU_00071,2019_A_HjMIjzyMU_00071_000,29,10.5546875,1.4268769025802612,9.4921875,1.126771092414856,10.5546875,2.027088165283203,0.0032629298511892557,0.026744036003947258,0.10363195091485977,0.04454630558999876
4758,2015_gAmo3FcaovM_00012_000_a,2015,2015_gAmo3FcaovM,2015_gAmo3FcaovM_00012,2015_gAmo3FcaovM_00012_000,17,10.484375,1.4630553722381592,5.8046875,0.57388836145401,10.484375,3.2413899898529053,0.03212561458349228,0.021472815424203873,5.675929546356201,1.9098426587879658
570,2011_KYa1IsxGVuc_00009_000_a,2011,2011_KYa1IsxGVuc,2011_KYa1IsxGVuc_00009,2011_KYa1IsxGVuc_00009_000,51,10.4765625,2.0091826915740967,4.359375,0.5115477442741394,10.4765625,5.004453182220459,0.0019584791734814644,0.007764546200633049,0.10739906132221222,0.03904069556544224
8009,2017_iMaL4la2Q78_00016_001_a,2017,2017_iMaL4la2Q78,2017_iMaL4la2Q78_00016,2017_iMaL4la2Q78_00016_001,11,10.453125,0.9892103672027588,10.453125,1.2631169557571411,5.53125,0.4413973093032837,0.02860051393508911,0.05295233428478241,0.20385167002677917,0.09513483941555023
6246,2016_qB26s5dx_sQ_00049_000_a,2016,2016_qB26s5dx_sQ,2016_qB26s5dx_sQ_00049,2016_qB26s5dx_sQ_00049_000,33,10.4140625,0.7480049729347229,10.4140625,0.9363711476325989,3.63671875,0.3712726831436157,0.004936835262924433,0.025799497961997986,0.06703199446201324,0.03258944256231189
5412,2016_AjXsoJGi1fo_00008_000_a,2016,2016_AjXsoJGi1fo,2016_AjXsoJGi1fo_00008,2016_AjXsoJGi1fo_00008_000,16,10.40625,0.8721451759338379,7.48828125,0.7552374601364136,10.40625,1.105960488319397,0.0014436414930969477,0.011107798665761948,0.12509547173976898,0.04588230396620929
3206,2014_DX8o_ql6f-E_00004_000_a,2014,2014_DX8o_ql6f-E,2014_DX8o_ql6f-E_00004,2014_DX8o_ql6f-E_00004_000,34,10.3984375,0.811958372592926,10.3984375,0.800277590751648,6.05078125,0.8353195190429688,0.005882847588509321,0.01359621062874794,0.009787906892597675,0.009755655036618313
9181,2019_3dJLDhRGBpE_00068_000_a,2019,2019_3dJLDhRGBpE,2019_3dJLDhRGBpE_00068,2019_3dJLDhRGBpE_00068_000,9,10.390625,0.44728758931159973,10.390625,0.5532954335212708,3.900390625,0.23527181148529053,0.0192007627338171,0.06962133944034576,0.05289298668503761,0.047238362953066826
6115,2016_k1MdKI8kiXU_00012_000_a,2016,2016_k1MdKI8kiXU,2016_k1MdKI8kiXU_00012,2016_k1MdKI8kiXU_00012_000,24,10.3515625,0.5002101063728333,10.3515625,0.6559138894081116,3.12109375,0.1888025403022766,0.004439815878868103,0.004231890197843313,0.05801244452595711,0.02222805020088951
5898,2016__RD0zpFbSmY_00018_000_a,2016,2016__RD0zpFbSmY,2016__RD0zpFbSmY_00018,2016__RD0zpFbSmY_00018_000,42,10.3515625,0.44623473286628723,10.3515625,0.5356223583221436,2.357421875,0.2674594819545746,0.0025004928465932608,0.021141503006219864,0.05569363757967949,0.026445211144164205
5756,2016_S9ryLG-cAHo_00000_000_a,2016,2016_S9ryLG-cAHo,2016_S9ryLG-cAHo_00000,2016_S9ryLG-cAHo_00000_000,30,10.3125,1.3248710632324219,6.40234375,0.5982728004455566,10.3125,2.7780673503875732,0.003007815685123205,0.009812996722757816,0.04255091771483421,0.018457243374238413
9136,2019_2-L4tBlUJos_00000_000_a,2019,2019_2-L4tBlUJos,2019_2-L4tBlUJos_00000,2019_2-L4tBlUJos_00000_000,43,10.28125,2.315981388092041,8.265625,0.7845792174339294,10.28125,5.378786087036133,0.0046504889614880085,0.00452516321092844,0.01335794385522604,0.00751119867588083
2792,2012_q3OTEdZkBaQ_00000_000_a,2012,2012_q3OTEdZkBaQ,2012_q3OTEdZkBaQ_00000,2012_q3OTEdZkBaQ_00000_000,17,10.265625,1.0902498960494995,7.7421875,0.8470978736877441,10.265625,1.5765535831451416,0.003267022082582116,0.00835707038640976,0.009998278692364693,0.0072074570537855225
9095,2019_00QMS3Ldb20_00044_000_a,2019,2019_00QMS3Ldb20,2019_00QMS3Ldb20_00044,2019_00QMS3Ldb20_00044_000,28,10.2578125,1.7043789625167847,5.546875,0.7596662640571594,10.2578125,3.593804121017456,0.0029170489870011806,0.013143869116902351,0.029845980927348137,0.015302299677083889
1905,2012_EETi6NJFRjA_00000_000_a,2012,2012_EETi6NJFRjA,2012_EETi6NJFRjA_00000,2012_EETi6NJFRjA_00000_000,40,10.25,0.7907581925392151,10.25,1.046934723854065,3.830078125,0.27840518951416016,0.0037163221277296543,0.020487939938902855,0.0390726737678051,0.021092311944812536
3769,2014_zTV295EGtOk_00005_000_a,2014,2014_zTV295EGtOk,2014_zTV295EGtOk_00005,2014_zTV295EGtOk_00005_000,45,10.2421875,2.9875783920288086,6.1484375,0.9694885015487671,10.2421875,7.0237579345703125,0.00214203423820436,0.005180757492780685,0.004800188355147839,0.004040993362044294
9075,2018_z4216EVIfdE_00022_000_a,2018,2018_z4216EVIfdE,2018_z4216EVIfdE_00022,2018_z4216EVIfdE_00022_000,35,10.234375,1.925100326538086,7.6015625,0.73524409532547,10.234375,4.304812908172607,0.001979805761948228,0.014743161387741566,0.008724134415388107,0.0084823671883593
2322,2012_Y3WWNavHXSA_00012_000_a,2012,2012_Y3WWNavHXSA,2012_Y3WWNavHXSA_00012,2012_Y3WWNavHXSA_00012_000,33,10.1875,1.8481829166412354,5.53515625,0.6684855222702026,10.1875,4.207577228546143,0.0070609841495752335,0.011076102033257484,0.015654973685741425,0.011264019956191381
8991,2018_iaCvBhskyk0_00020_000_b,2018,2018_iaCvBhskyk0,2018_iaCvBhskyk0_00020,2018_iaCvBhskyk0_00020_000,52,10.1796875,2.296555519104004,5.16796875,0.7162688970565796,10.1796875,5.457127571105957,0.001559246564283967,0.005858687683939934,0.01914188079535961,0.008853271681194505
2338,2012_Yg95nS9poCw_00015_000_a,2012,2012_Yg95nS9poCw,2012_Yg95nS9poCw_00015,2012_Yg95nS9poCw_00015_000,20,10.140625,0.37293925881385803,10.140625,0.4690106213092804,3.04296875,0.18079662322998047,0.00763122970238328,0.007806643843650818,0.07431643456220627,0.02991810270274679
9971,2019_bMblXxTNWQg_00001_000_a,2019,2019_bMblXxTNWQg,2019_bMblXxTNWQg_00001,2019_bMblXxTNWQg_00001_000,35,10.109375,1.1144540309906006,10.109375,1.1120858192443848,8.3203125,1.1191903352737427,0.002109604189172387,0.00937300082296133,0.04070667177438736,0.017396425595507026
9725,2019_Qwx9wZgxUoQ_00000_000_a,2019,2019_Qwx9wZgxUoQ,2019_Qwx9wZgxUoQ_00000,2019_Qwx9wZgxUoQ_00000_000,14,10.0078125,1.4466522932052612,9.546875,1.1052130460739136,10.0078125,2.129530906677246,0.00420716917142272,0.008546518161892891,0.008702690713107586,0.007152126015474399
6362,2016_vT4HrbzMVgI_00019_000_a,2016,2016_vT4HrbzMVgI,2016_vT4HrbzMVgI_00019,2016_vT4HrbzMVgI_00019_000,11,9.9609375,0.7020937204360962,9.9609375,0.760228157043457,6.7421875,0.5858247876167297,0.004148049280047417,0.007929502055048943,0.19599243998527527,0.06935666377345721
2229,2012_UONfi1pwQzI_00016_001_a,2012,2012_UONfi1pwQzI,2012_UONfi1pwQzI_00016,2012_UONfi1pwQzI_00016_001,21,9.9296875,1.5443220138549805,3.78125,0.34238874912261963,9.9296875,3.9481887817382812,0.0066536106169223785,0.022426582872867584,0.040805280208587646,0.023295157899459202
4206,2015_J7zl9A6-xHY_00010_000_a,2015,2015_J7zl9A6-xHY,2015_J7zl9A6-xHY_00010,2015_J7zl9A6-xHY_00010_000,35,9.890625,2.0681233406066895,7.58984375,0.6156423687934875,9.890625,4.973084926605225,0.0025313240475952625,0.0057234191335737705,0.05170241743326187,0.019985720204810303
7310,2017_PB-KpT4zhWo_00015_000_a,2017,2017_PB-KpT4zhWo,2017_PB-KpT4zhWo_00015,2017_PB-KpT4zhWo_00015_000,15,9.875,0.42857956886291504,9.875,0.5645174980163574,3.625,0.15670382976531982,0.006066236179322004,0.01733136735856533,0.009169261902570724,0.01085562181348602
6157,2016_m49ub45c8AI_00007_000_a,2016,2016_m49ub45c8AI,2016_m49ub45c8AI_00007,2016_m49ub45c8AI_00007_000,32,9.828125,1.397778034210205,5.3984375,0.48231059312820435,9.828125,3.228713274002075,0.0028244522400200367,0.0067290798760950565,0.09350196272134781,0.034351831612487636
6545,2017_29D9SkdtVBU_00022_000_a,2017,2017_29D9SkdtVBU,2017_29D9SkdtVBU_00022,2017_29D9SkdtVBU_00022_000,39,9.8203125,1.3111857175827026,6.8359375,0.7503587007522583,9.8203125,2.432839870452881,0.003638205584138632,0.018527377396821976,0.21954162418842316,0.08056906905646126
3396,2014_Tc7H9s4PdSI_00020_000_a,2014,2014_Tc7H9s4PdSI,2014_Tc7H9s4PdSI_00020,2014_Tc7H9s4PdSI_00020_000,16,9.8046875,0.6938856244087219,9.8046875,0.9278319478034973,3.689453125,0.22599317133426666,0.008893410675227642,0.02143731154501438,0.047512125223875046,0.02594761581470569
8642,2017_xkjfSZtHBXc_00017_000_a,2017,2017_xkjfSZtHBXc,2017_xkjfSZtHBXc_00017,2017_xkjfSZtHBXc_00017_000,9,9.7890625,0.35883814096450806,9.7890625,0.4804061949253082,3.8515625,0.11570201814174652,0.0043844073079526424,0.019278503954410553,0.10367090255022049,0.04244460460419456
6108,2016_jv6-p4kphmc_00002_000_a,2016,2016_jv6-p4kphmc,2016_jv6-p4kphmc_00002,2016_jv6-p4kphmc_00002_000,17,9.765625,1.6039619445800781,8.3359375,0.8531481623649597,9.765625,3.1055901050567627,0.0019852144178003073,0.006035153288394213,0.06542724370956421,0.024482537138586242
3045,2013_f1Nh9DlkZ1w_00000_002_a,2013,2013_f1Nh9DlkZ1w,2013_f1Nh9DlkZ1w_00000,2013_f1Nh9DlkZ1w_00000_002,59,9.7578125,1.6119061708450317,9.7578125,1.6432867050170898,5.65234375,1.549146056175232,0.0074073984287679195,0.009787892922759056,0.04586924985051155,0.021021513734012842
5155,2015_zh4yF8r5uJI_00018_001_a,2015,2015_zh4yF8r5uJI,2015_zh4yF8r5uJI_00018,2015_zh4yF8r5uJI_00018_001,14,9.7109375,0.3398336172103882,9.7109375,0.44389912486076355,3.30078125,0.1317024976015091,0.011708756908774376,0.025477631017565727,0.35862281918525696,0.13193640237053236
9923,2019__0FLP8sxv2E_00006_001_a,2019,2019__0FLP8sxv2E,2019__0FLP8sxv2E_00006,2019__0FLP8sxv2E_00006_001,13,9.671875,0.5440746545791626,9.671875,0.6507118940353394,4.5390625,0.33080047369003296,0.004959417041391134,0.03766843304038048,0.04056860879063606,0.027732152957469225
10126,2019_iVXVD0KxSug_00043_000_a,2019,2019_iVXVD0KxSug,2019_iVXVD0KxSug_00043,2019_iVXVD0KxSug_00043_000,48,9.6328125,1.262937068939209,5.046875,0.7571730017662048,9.6328125,2.274465322494507,0.0016733789816498756,0.01493129413574934,0.10491030663251877,0.040504993249972664
6949,2017_DvMB2pgYRMM_00046_000_a,2017,2017_DvMB2pgYRMM,2017_DvMB2pgYRMM_00046,2017_DvMB2pgYRMM_00046_000,15,9.6015625,0.9229863286018372,6.96484375,0.5881936550140381,9.6015625,1.5925716161727905,0.003706354880705476,0.013151023536920547,0.4992706775665283,0.17204268532805145
7337,2017_Q2P2WsgH6mQ_00000_000_a,2017,2017_Q2P2WsgH6mQ,2017_Q2P2WsgH6mQ_00000,2017_Q2P2WsgH6mQ_00000_000,9,9.6015625,0.5885266661643982,9.6015625,0.7463771104812622,4.78515625,0.27282586693763733,0.0119401253759861,0.012020221911370754,0.03568623587489128,0.019882194387416046
6332,2016_ueNjp9QfQFM_00001_001_a,2016,2016_ueNjp9QfQFM,2016_ueNjp9QfQFM_00001,2016_ueNjp9QfQFM_00001_001,34,9.5625,0.7467011213302612,4.2421875,0.4100768268108368,9.5625,1.4199497699737549,0.001472932635806501,0.0038581639528274536,0.015855658799409866,0.007062251796014607
8825,2018_FAmaskY8eXE_00002_007_a,2018,2018_FAmaskY8eXE,2018_FAmaskY8eXE_00002,2018_FAmaskY8eXE_00002_007,18,9.5390625,0.8341249823570251,2.4296875,0.11981730163097382,9.5390625,2.26274037361145,0.005514083430171013,0.005328617058694363,0.00471041863784194,0.005184373042235772
2429,2012_bdm9LVNbuNg_00044_001_a,2012,2012_bdm9LVNbuNg,2012_bdm9LVNbuNg_00044,2012_bdm9LVNbuNg_00044_001,28,9.53125,1.8357603549957275,8.796875,1.0065035820007324,9.53125,3.4942736625671387,0.004190291278064251,0.008330834098160267,0.06992382556200027,0.027481650312741596
6619,2017_5-2eKvFCqw8_00010_001_a,2017,2017_5-2eKvFCqw8,2017_5-2eKvFCqw8_00010,2017_5-2eKvFCqw8_00010_001,29,9.5,1.146289348602295,9.5,1.547403335571289,3.326171875,0.34406134486198425,0.0021967533975839615,0.02681749314069748,0.012074606493115425,0.013696284343798956
4190,2015_IRZrsNC5jpg_00000_000_a,2015,2015_IRZrsNC5jpg,2015_IRZrsNC5jpg_00000,2015_IRZrsNC5jpg_00000_000,51,9.5,0.7013821601867676,9.5,0.8126181960105896,5.59765625,0.47890999913215637,0.0029832147993147373,0.01989849843084812,0.08574707806110382,0.036209597097088896
5569,2016_K1R4hHq8yr4_00005_000_a,2016,2016_K1R4hHq8yr4,2016_K1R4hHq8yr4_00005,2016_K1R4hHq8yr4_00005_000,20,9.4921875,1.00266695022583,9.4921875,0.7874636650085449,9.0859375,1.4330734014511108,0.005350152961909771,0.02099713683128357,0.12171700596809387,0.0493547652537624
7527,2017_VSdIYNSkQL8_00014_001_a,2017,2017_VSdIYNSkQL8,2017_VSdIYNSkQL8_00014,2017_VSdIYNSkQL8_00014_001,52,9.484375,1.8259793519973755,9.484375,2.4407947063446045,3.298828125,0.5963490605354309,0.00498255155980587,0.012041809037327766,0.08846447616815567,0.03516294558842977
2788,2012_ptgpK6nH-5g_00039_000_a,2012,2012_ptgpK6nH-5g,2012_ptgpK6nH-5g_00039,2012_ptgpK6nH-5g_00039_000,13,9.484375,0.865286648273468,6.328125,0.4675557017326355,9.484375,1.6607487201690674,0.00549690518528223,0.014577592723071575,0.014949851669371128,0.011674783192574978
2501,2012_ejJIihkZTGU_00027_001_a,2012,2012_ejJIihkZTGU,2012_ejJIihkZTGU_00027,2012_ejJIihkZTGU_00027_001,10,9.484375,0.6390222907066345,9.484375,0.876828134059906,3.37109375,0.16341057419776917,0.01567867025732994,0.022229468449950218,0.09824412316083908,0.04538408728937308
3982,2015_9F_FhwkKdSw_00019_000_a,2015,2015_9F_FhwkKdSw,2015_9F_FhwkKdSw_00019,2015_9F_FhwkKdSw_00019_000,18,9.46875,0.937836229801178,6.50390625,0.49666300415992737,9.46875,1.8201824426651,0.0028200799133628607,0.00339932250790298,0.09066131711006165,0.03229357317710916
7305,2017_P1bTMEsYPug_00009_000_a,2017,2017_P1bTMEsYPug,2017_P1bTMEsYPug_00009,2017_P1bTMEsYPug_00009_000,33,9.453125,1.2745954990386963,6.30859375,0.49654170870780945,9.453125,2.8307037353515625,0.0008750610868446529,0.008362660184502602,0.014709103852510452,0.007982275041285902
6021,2016_gEC1WbYzZYk_00045_000_a,2016,2016_gEC1WbYzZYk,2016_gEC1WbYzZYk_00045,2016_gEC1WbYzZYk_00045_000,22,9.40625,0.9188020825386047,5.7421875,0.39702820777893066,9.40625,1.9623494148254395,0.0019958571065217257,0.0076605635695159435,0.03278016671538353,0.014145529130473733
9052,2018_vM7QMLTm1so_00037_000_a,2018,2018_vM7QMLTm1so,2018_vM7QMLTm1so_00037,2018_vM7QMLTm1so_00037_000,25,9.375,0.6317941546440125,9.375,0.7264184355735779,5.046875,0.442545622587204,0.00505012646317482,0.022302893921732903,0.03943967446684837,0.022264231617252033
3294,2014_KvVR17L6j0E_00000_000_a,2014,2014_KvVR17L6j0E,2014_KvVR17L6j0E_00000,2014_KvVR17L6j0E_00000_000,63,9.34375,1.6875109672546387,3.447265625,0.5546835064888,9.34375,3.9531657695770264,0.002091448986902833,0.005536544136703014,0.05243442580103874,0.020020806308214862
4698,2015_dw9seHSkfw8_00010_000_a,2015,2015_dw9seHSkfw8,2015_dw9seHSkfw8_00010,2015_dw9seHSkfw8_00010_000,18,9.28125,0.40243926644325256,9.28125,0.5120047926902771,4.1015625,0.18330824375152588,0.004478026647120714,0.012496600858867168,0.053866323083639145,0.02361365019654234
1130,2011_fBtPMUJJEg8_00002_001_a,2011,2011_fBtPMUJJEg8,2011_fBtPMUJJEg8_00002,2011_fBtPMUJJEg8_00002_001,11,9.2734375,0.34901338815689087,9.2734375,0.39985591173171997,3.58984375,0.2473282814025879,0.010591440834105015,0.02946045808494091,0.018852829933166504,0.019634909617404144
9164,2019_2qyJ5r7Wink_00004_000_a,2019,2019_2qyJ5r7Wink,2019_2qyJ5r7Wink_00004,2019_2qyJ5r7Wink_00004_000,28,9.25,0.9110049605369568,6.3203125,0.6077990531921387,9.25,1.5174165964126587,0.0018112406833097339,0.013675840571522713,0.04567994922399521,0.020389010159609217
9395,2019_EIHtZl__2tw_00019_000_a,2019,2019_EIHtZl__2tw,2019_EIHtZl__2tw_00019,2019_EIHtZl__2tw_00019_000,13,9.2421875,1.030114769935608,8.6484375,0.7919198274612427,9.2421875,1.5065046548843384,0.007662232033908367,0.0187982227653265,0.04718368500471115,0.024548046601315338
6749,2017_8M1kdeDluRE_00000_001_a,2017,2017_8M1kdeDluRE,2017_8M1kdeDluRE_00000,2017_8M1kdeDluRE_00000_001,18,9.2109375,1.4974217414855957,6.90234375,0.7935971021652222,9.2109375,2.905071258544922,0.0027645821683108807,0.014388925395905972,0.01872418075799942,0.011959229440738758
4208,2015_JBNOsPP2yhw_00019_000_a,2015,2015_JBNOsPP2yhw,2015_JBNOsPP2yhw_00019,2015_JBNOsPP2yhw_00019_000,28,9.125,1.0783100128173828,4.73046875,0.646307647228241,9.125,1.9423145055770874,0.00178027234505862,0.017726855352520943,0.02494918182492256,0.014818769840834042
1675,2012_1OcqJdBrRpw_00006_001_a,2012,2012_1OcqJdBrRpw,2012_1OcqJdBrRpw_00006,2012_1OcqJdBrRpw_00006_001,10,9.125,0.7642670273780823,7.8671875,0.477029412984848,9.125,1.3387422561645508,0.0025819968432188034,0.0043376125395298,0.04025198146700859,0.01572386361658573
172,2011_6XyUIXqIoAM_00000_000_a,2011,2011_6XyUIXqIoAM,2011_6XyUIXqIoAM_00000,2011_6XyUIXqIoAM_00000_000,26,9.1171875,1.0499041080474854,9.1171875,0.9397961497306824,6.65625,1.2701202630996704,0.002054475015029311,0.004953236319124699,0.03013509139418602,0.01238093424278001
7776,2017_b2hhdMiOTOE_00069_000_a,2017,2017_b2hhdMiOTOE,2017_b2hhdMiOTOE_00069,2017_b2hhdMiOTOE_00069_000,48,9.1015625,3.091674327850342,7.703125,0.9025009274482727,9.1015625,7.4700212478637695,0.0022349802311509848,0.006898641586303711,0.004248128738254309,0.004460583518569668
5143,2015_zLKCXUGISSQ_00010_000_a,2015,2015_zLKCXUGISSQ,2015_zLKCXUGISSQ_00010,2015_zLKCXUGISSQ_00010_000,32,9.1015625,1.522839903831482,9.1015625,1.3447558879852295,8.8203125,1.8790075778961182,0.003458042861893773,0.011657526716589928,0.02448219619691372,0.013199255258465806
8861,2018_MLCZ_B7FKc8_00012_000_a,2018,2018_MLCZ_B7FKc8,2018_MLCZ_B7FKc8_00012,2018_MLCZ_B7FKc8_00012_000,31,9.09375,0.7900336980819702,9.09375,0.6013271808624268,5.19140625,1.1674467325210571,0.0027584608178585768,0.005184731911867857,0.024034984409809113,0.010659392379845182
3377,2014_SG7voVeJRC0_00005_000_a,2014,2014_SG7voVeJRC0,2014_SG7voVeJRC0_00005,2014_SG7voVeJRC0_00005_000,27,9.078125,1.5228784084320068,7.4921875,1.1834388971328735,9.078125,2.2017574310302734,0.0040055508725345135,0.012985765933990479,0.03097308799624443,0.015988134934256475
191,2011_7MQUQQkzNSU_00017_000_a,2011,2011_7MQUQQkzNSU,2011_7MQUQQkzNSU_00017,2011_7MQUQQkzNSU_00017_000,34,9.0546875,1.2169846296310425,9.0546875,0.8515952229499817,8.4296875,1.9477633237838745,0.007532044313848019,0.014114574529230595,0.05716335028409958,0.0262699897090594
8632,2017_xTKfpU41hbY_00009_000_a,2017,2017_xTKfpU41hbY,2017_xTKfpU41hbY_00009,2017_xTKfpU41hbY_00009_000,23,9.046875,0.8181619048118591,9.046875,0.790975034236908,7.6015625,0.8725358843803406,0.005250683519989252,0.01740712672472,0.014263244345784187,0.012307018196831146
2064,2012_MlRFw1CvPd4_00015_000_a,2012,2012_MlRFw1CvPd4,2012_MlRFw1CvPd4_00015,2012_MlRFw1CvPd4_00015_000,9,9.046875,0.805768609046936,9.046875,0.9627524614334106,6.28125,0.4918009340763092,0.007511638104915619,0.04329962283372879,0.0399700403213501,0.0302604337533315
3879,2015_4qLgo75Lfhc_00001_000_a,2015,2015_4qLgo75Lfhc,2015_4qLgo75Lfhc_00001,2015_4qLgo75Lfhc_00001_000,55,9.0078125,0.9917741417884827,4.95703125,0.4830995798110962,9.0078125,2.0091233253479004,0.0029164981096982956,0.006397776771336794,0.05173525959253311,0.020349844824522734
9216,2019_4kaYp9uUNgw_00013_000_a,2019,2019_4kaYp9uUNgw,2019_4kaYp9uUNgw_00013,2019_4kaYp9uUNgw_00013_000,23,9.0078125,0.8847610354423523,9.0078125,0.8539835810661316,6.48046875,0.9463160037994385,0.0028004080522805452,0.018952539190649986,0.03806436061859131,0.01993910262050728
8079,2017_jsyzJJFZzsg_00009_000_a,2017,2017_jsyzJJFZzsg,2017_jsyzJJFZzsg_00009,2017_jsyzJJFZzsg_00009_000,57,9.0,1.3357821702957153,5.80859375,0.5078438520431519,9.0,2.991658926010132,0.0008776462636888027,0.006364460568875074,0.13183803856372833,0.04636004846543074
8080,2017_jsyzJJFZzsg_00024_000_a,2017,2017_jsyzJJFZzsg,2017_jsyzJJFZzsg_00024,2017_jsyzJJFZzsg_00024_000,17,9.0,1.082942247390747,5.96875,0.5796815156936646,9.0,2.089463472366333,0.0017205732874572277,0.0064357370138168335,0.040438249707221985,0.016198186669498682
6322,2016_u0c_2Mk4rJA_00005_000_a,2016,2016_u0c_2Mk4rJA,2016_u0c_2Mk4rJA_00005,2016_u0c_2Mk4rJA_00005_000,40,9.0,1.0356181859970093,9.0,1.1265733242034912,5.8359375,0.8537076711654663,0.004219379276037216,0.01669774390757084,0.02147102728486061,0.014129383489489555
9348,2019_C1MsPeGKyMs_00009_000_a,2019,2019_C1MsPeGKyMs,2019_C1MsPeGKyMs_00009,2019_C1MsPeGKyMs_00009_000,54,8.984375,0.6669209599494934,8.984375,0.8437217473983765,2.869140625,0.3133194148540497,0.006434173323214054,0.009191715158522129,0.07801637053489685,0.031214086338877678
8774,2018_92lO2Bum7v4_00002_000_a,2018,2018_92lO2Bum7v4,2018_92lO2Bum7v4_00002,2018_92lO2Bum7v4_00002_000,23,8.984375,0.6649379730224609,8.984375,0.6549319624900818,5.98828125,0.6849501132965088,0.005264151841402054,0.014625078067183495,0.07134295254945755,0.030410727486014366
2406,2012_abhF5CFFW4s_00010_000_a,2012,2012_abhF5CFFW4s,2012_abhF5CFFW4s_00010,2012_abhF5CFFW4s_00010_000,51,8.984375,0.6311987042427063,8.984375,0.7048249244689941,4.52734375,0.48394638299942017,0.0018027328187599778,0.013416809029877186,0.8424005508422852,0.28587336423030746
8905,2018_UTGEXJSxPvY_00032_000_a,2018,2018_UTGEXJSxPvY,2018_UTGEXJSxPvY_00032,2018_UTGEXJSxPvY_00032_000,43,8.953125,0.7323833703994751,8.953125,0.807732880115509,5.28515625,0.5816841721534729,0.0017241880996152759,0.010823642835021019,0.02651921659708023,0.013022349177238842
8776,2018_99wezqewopU_00014_000_a,2018,2018_99wezqewopU,2018_99wezqewopU_00014,2018_99wezqewopU_00014_000,38,8.921875,1.3748195171356201,6.78515625,1.0874983072280884,8.921875,1.9494614601135254,0.003378720721229911,0.011133924126625061,0.03738511726260185,0.01729925403681894
1268,2011_kntQNeSge5s_00008_000_a,2011,2011_kntQNeSge5s,2011_kntQNeSge5s_00008,2011_kntQNeSge5s_00008_000,44,8.8984375,1.8049479722976685,6.79296875,0.551342248916626,8.8984375,4.312159538269043,0.0019148715073242784,0.002736118156462908,0.09074269235134125,0.031797894005042814
3043,2013_f1Nh9DlkZ1w_00000_000_a,2013,2013_f1Nh9DlkZ1w,2013_f1Nh9DlkZ1w_00000,2013_f1Nh9DlkZ1w_00000_000,10,8.8984375,0.6675935387611389,7.41796875,0.48935434222221375,8.8984375,1.0240719318389893,0.004906957037746906,0.025850865989923477,0.13594049215316772,0.05556610506027937
2018,2012_Kf5iT31fZN8_00036_001_a,2012,2012_Kf5iT31fZN8,2012_Kf5iT31fZN8_00036,2012_Kf5iT31fZN8_00036_001,17,8.8828125,0.7645967602729797,4.4765625,0.3075729310512543,8.8828125,1.6786444187164307,0.004827761556953192,0.01106106024235487,0.011226942762732506,0.009038588187346855
10452,2019_wJROB9vIUFk_00022_000_a,2019,2019_wJROB9vIUFk,2019_wJROB9vIUFk_00022,2019_wJROB9vIUFk_00022_000,20,8.8828125,0.7016191482543945,8.8828125,0.9345892071723938,3.619140625,0.23567868769168854,0.011017744429409504,0.018593575805425644,0.029842086136341095,0.019817802123725414
6723,2017_7WkMxJKKITM_00033_000_a,2017,2017_7WkMxJKKITM,2017_7WkMxJKKITM_00033,2017_7WkMxJKKITM_00033_000,11,8.8828125,0.39237263798713684,8.8828125,0.542448103427887,2.419921875,0.09222166985273361,0.009174630977213383,0.00791867170482874,0.39647766947746277,0.13785699071983495
3213,2014_DsGsRazwHNc_00000_000_a,2014,2014_DsGsRazwHNc,2014_DsGsRazwHNc_00000,2014_DsGsRazwHNc_00000_000,28,8.8125,0.7020823955535889,4.79296875,0.4225670397281647,8.8125,1.261112928390503,0.001438357518054545,0.008043584413826466,1.6113545894622803,0.5402788437980538
6557,2017_2anI_i9YYf4_00007_001_a,2017,2017_2anI_i9YYf4,2017_2anI_i9YYf4_00007,2017_2anI_i9YYf4_00007_001,14,8.796875,0.7582260370254517,8.796875,0.7765740752220154,6.296875,0.7215300798416138,0.005955066531896591,0.02141759917140007,0.22456923127174377,0.08398063232501347
4393,2015_Rd87CKvUHjU_00000_001_a,2015,2015_Rd87CKvUHjU,2015_Rd87CKvUHjU_00000,2015_Rd87CKvUHjU_00000_001,36,8.7890625,1.2158193588256836,4.83203125,0.4039987325668335,8.7890625,2.839460611343384,0.0008736150339245796,0.005833068862557411,0.09743699431419373,0.034714559403558574
4830,2015_jzzrFFivBKk_00001_000_a,2015,2015_jzzrFFivBKk,2015_jzzrFFivBKk_00001,2015_jzzrFFivBKk_00001_000,19,8.7734375,1.2313728332519531,8.7734375,1.2606697082519531,7.50390625,1.1727789640426636,0.006582497153431177,0.013754618354141712,0.03157959133386612,0.017305568947146337
4630,2015_aofM4j2teCw_00009_000_a,2015,2015_aofM4j2teCw,2015_aofM4j2teCw_00009,2015_aofM4j2teCw_00009_000,48,8.7734375,1.1439614295959473,8.7734375,1.0660394430160522,6.1953125,1.2998055219650269,0.002240372123196721,0.006135998759418726,0.013571377843618393,0.007315916242077947
1222,2011_in-1BIg_Mec_00058_000_a,2011,2011_in-1BIg_Mec,2011_in-1BIg_Mec_00058,2011_in-1BIg_Mec_00058_000,28,8.734375,1.2065682411193848,6.8828125,1.0926437377929688,8.734375,1.4344173669815063,0.0024955954868346453,0.011495666578412056,1.8319120407104492,0.6153011009252319
5376,2016_8s4TDbX1B_s_00012_000_a,2016,2016_8s4TDbX1B_s,2016_8s4TDbX1B_s_00012,2016_8s4TDbX1B_s_00012_000,16,8.7109375,0.8330570459365845,8.7109375,0.8676704168319702,7.109375,0.7638305425643921,0.009244888089597225,0.04536673054099083,0.4380721151828766,0.16422791127115488
1407,2011_qo0uCiDpp0k_00000_000_a,2011,2011_qo0uCiDpp0k,2011_qo0uCiDpp0k_00000,2011_qo0uCiDpp0k_00000_000,47,8.6796875,1.951919436454773,4.515625,0.45497339963912964,8.6796875,4.945810794830322,0.002036461839452386,0.0028857989236712456,0.01566263660788536,0.006861632457002997
5888,2016_ZSrz2g2kmb4_00022_000_a,2016,2016_ZSrz2g2kmb4,2016_ZSrz2g2kmb4_00022,2016_ZSrz2g2kmb4_00022_000,59,8.6484375,1.198819875717163,3.658203125,0.3858768939971924,8.6484375,2.8247060775756836,0.000662074307911098,0.0048538316041231155,0.04472697153687477,0.016747625816302996
5280,2016_4nSA_B8pC_s_00021_000_a,2016,2016_4nSA_B8pC_s,2016_4nSA_B8pC_s_00021,2016_4nSA_B8pC_s_00021_000,18,8.6484375,0.6174827814102173,4.79296875,0.4095690846443176,8.6484375,1.0333101749420166,0.0029265424236655235,0.004529501311480999,0.04601976275444031,0.017825268829862278
6109,2016_jv6-p4kphmc_00002_001_a,2016,2016_jv6-p4kphmc,2016_jv6-p4kphmc_00002,2016_jv6-p4kphmc_00002_001,63,8.625,2.5247318744659424,4.69921875,0.6323639154434204,8.625,6.3094682693481445,0.0015999681781977415,0.004916023928672075,0.15285108983516693,0.05312236064734558
10124,2019_iNiZJmh1ALI_00016_000_a,2019,2019_iNiZJmh1ALI,2019_iNiZJmh1ALI_00016,2019_iNiZJmh1ALI_00016_000,27,8.6171875,1.2802162170410156,8.6171875,0.7169830203056335,8.2265625,2.406682014465332,0.0015377686358988285,0.007157915271818638,0.20743560791015625,0.07204376393929124
95,2011_2Ee6xrIGhcY_00037_000_a,2011,2011_2Ee6xrIGhcY,2011_2Ee6xrIGhcY_00037,2011_2Ee6xrIGhcY_00037_000,14,8.6015625,0.28415507078170776,8.6015625,0.33385059237480164,3.40625,0.18476402759552002,0.0015184462536126375,0.005086265038698912,0.0038163086865097284,0.0034736733262737594
6839,2017_AUPdPriOg6I_00001_000_a,2017,2017_AUPdPriOg6I,2017_AUPdPriOg6I_00001,2017_AUPdPriOg6I_00001_000,27,8.5625,1.3438423871994019,7.1484375,0.7841960191726685,8.5625,2.463134765625,0.0020720609463751316,0.005400793626904488,0.008861186914145947,0.005444680495808522
6303,2016_tYs7uguB_JQ_00023_000_a,2016,2016_tYs7uguB_JQ,2016_tYs7uguB_JQ_00023,2016_tYs7uguB_JQ_00023_000,19,8.5546875,0.6364707946777344,8.5546875,0.7955074310302734,4.2578125,0.3183974623680115,0.008865517564117908,0.023828590288758278,0.012764311395585537,0.015152806416153908
6284,2016_sWd44kgjkeE_00094_000_a,2016,2016_sWd44kgjkeE,2016_sWd44kgjkeE_00094,2016_sWd44kgjkeE_00094_000,18,8.5390625,0.7633097171783447,8.5390625,0.7214952707290649,7.265625,0.8469386696815491,0.006241131573915482,0.022927334532141685,0.039591412991285324,0.022919959699114163
2751,2012_oLIwz9gn00g_00012_000_a,2012,2012_oLIwz9gn00g,2012_oLIwz9gn00g_00012,2012_oLIwz9gn00g_00012_000,23,8.53125,0.6517535448074341,8.53125,0.5989696979522705,5.75,0.7573208808898926,0.0036670302506536245,0.00847100280225277,0.02289997600018978,0.011679336351032058
4954,2015_rZRX4JMxQMs_00005_000_a,2015,2015_rZRX4JMxQMs,2015_rZRX4JMxQMs_00005,2015_rZRX4JMxQMs_00005_000,25,8.53125,0.34716594219207764,8.53125,0.4257395267486572,3.6328125,0.19001877307891846,0.0031993514858186245,0.013577921316027641,0.38009271025657654,0.1322899943528076
10076,2019_g1r-B5ZGZWY_00019_000_a,2019,2019_g1r-B5ZGZWY,2019_g1r-B5ZGZWY_00019,2019_g1r-B5ZGZWY_00019_000,12,8.4921875,0.521052360534668,8.4921875,0.503186821937561,4.87890625,0.5567836761474609,0.0052125765942037106,0.019104301929473877,0.009478333406150341,0.011265070643275976
2682,2012_ljdH53Ro0xQ_00000_000_d,2012,2012_ljdH53Ro0xQ,2012_ljdH53Ro0xQ_00000,2012_ljdH53Ro0xQ_00000_000,15,8.484375,0.6150988936424255,8.484375,0.8221073150634766,3.26171875,0.2010820358991623,0.01039382629096508,0.028644319623708725,0.3033324182033539,0.1141235213726759
3788,2015_-dUYR2apxdA_00021_000_a,2015,2015_-dUYR2apxdA,2015_-dUYR2apxdA_00021,2015_-dUYR2apxdA_00021_000,24,8.46875,1.1237666606903076,7.59375,0.4571869969367981,8.46875,2.4569265842437744,0.0030332719907164574,0.006226675119251013,0.00620659627020359,0.00515551446005702
10276,2019_puyN3edOOUY_00006_000_a,2019,2019_puyN3edOOUY,2019_puyN3edOOUY_00006,2019_puyN3edOOUY_00006_000,35,8.4453125,1.0138248205184937,5.6796875,0.6772039532661438,8.4453125,1.687066912651062,0.0029442361555993557,0.02467140182852745,0.13264280557632446,0.05341948118681709
5099,2015_x7RM1MOhSic_00005_001_a,2015,2015_x7RM1MOhSic,2015_x7RM1MOhSic_00005,2015_x7RM1MOhSic_00005_001,27,8.4453125,0.8957957625389099,7.6171875,0.5590259432792664,8.4453125,1.5693354606628418,0.0009420325513929129,0.007954992353916168,0.010868526995182037,0.006588517300163706
4059,2015_DTMVpuLIp18_00007_000_a,2015,2015_DTMVpuLIp18,2015_DTMVpuLIp18_00007,2015_DTMVpuLIp18_00007_000,13,8.4453125,0.6524387001991272,8.4453125,0.5629456639289856,6.53515625,0.8314248323440552,0.0022994810715317726,0.01167544536292553,0.7882545590400696,0.26740982849150896
8027,2017_ijaNlufpcMs_00005_000_a,2017,2017_ijaNlufpcMs,2017_ijaNlufpcMs_00005,2017_ijaNlufpcMs_00005_000,28,8.4375,0.946812093257904,5.07421875,0.3740478754043579,8.4375,2.0923404693603516,0.0011123840231448412,0.004912839271128178,0.07080639898777008,0.025610540760681033
6733,2017_7oOKwZlj4VE_00005_000_a,2017,2017_7oOKwZlj4VE,2017_7oOKwZlj4VE_00005,2017_7oOKwZlj4VE_00005_000,26,8.4375,0.7374594211578369,8.4375,0.8104354739189148,6.15625,0.5915074944496155,0.0051054335199296474,0.024174319580197334,0.5072854161262512,0.17885505640879273
2828,2012_qu1F98-YEz4_00083_000_a,2012,2012_qu1F98-YEz4,2012_qu1F98-YEz4_00083,2012_qu1F98-YEz4_00083_000,31,8.4375,0.6792415976524353,8.4375,0.6509243845939636,5.2890625,0.7358761429786682,0.003933463245630264,0.01701962947845459,0.16441164910793304,0.0617882472773393
2707,2012_mmuJb30cigQ_00013_002_a,2012,2012_mmuJb30cigQ,2012_mmuJb30cigQ_00013,2012_mmuJb30cigQ_00013_002,12,8.4375,0.6484026312828064,6.65625,0.4233051836490631,8.4375,1.098597526550293,0.002682354999706149,0.00926883239299059,0.29819557070732117,0.10338225270000596
3802,2015_-x8fqJDLsu8_00023_001_a,2015,2015_-x8fqJDLsu8,2015_-x8fqJDLsu8_00023,2015_-x8fqJDLsu8_00023_001,30,8.3984375,1.2372702360153198,8.3984375,0.8660979270935059,6.11328125,1.9796146154403687,0.005024633836001158,0.014623886905610561,0.048483721911907196,0.02271074755117297
2898,2012_trLRP0-zvtU_00004_000_a,2012,2012_trLRP0-zvtU,2012_trLRP0-zvtU_00004,2012_trLRP0-zvtU_00004_000,31,8.3828125,0.6781026124954224,3.169921875,0.2968348264694214,8.3828125,1.4406381845474243,0.0006128512322902679,0.003980585839599371,0.019589709118008614,0.008061048729966084
7203,2017_Ltjiyd-THC0_00015_000_a,2017,2017_Ltjiyd-THC0,2017_Ltjiyd-THC0_00015,2017_Ltjiyd-THC0_00015_000,30,8.328125,0.8360968828201294,8.328125,0.7944523096084595,5.16796875,0.9193857908248901,0.012703764252364635,0.03191744536161423,0.4792705178260803,0.17463057581335306
4697,2015_dqG51nM9k9g_00037_000_a,2015,2015_dqG51nM9k9g,2015_dqG51nM9k9g_00037,2015_dqG51nM9k9g_00037_000,25,8.3203125,0.99635910987854,8.03125,0.7066564559936523,8.3203125,1.575764536857605,0.007103633135557175,0.006158101372420788,0.06441542506217957,0.02589238652338584
9872,2019_XPsddyf2EcY_00032_001_a,2019,2019_XPsddyf2EcY,2019_XPsddyf2EcY_00032,2019_XPsddyf2EcY_00032_001,34,8.3125,0.4506502151489258,8.3125,0.524997353553772,3.203125,0.30195608735084534,0.0027022098656743765,0.0048440443351864815,0.0220731683075428,0.009873140836134553
3801,2015_-x8fqJDLsu8_00023_000_a,2015,2015_-x8fqJDLsu8,2015_-x8fqJDLsu8_00023,2015_-x8fqJDLsu8_00023_000,15,8.3046875,0.3950884938240051,8.3046875,0.42611634731292725,5.46484375,0.33303287625312805,0.002902199514210224,0.015537760220468044,0.024807214736938477,0.014415724823872248
6795,2017_9O-NfAWrkDM_00038_000_a,2017,2017_9O-NfAWrkDM,2017_9O-NfAWrkDM_00038,2017_9O-NfAWrkDM_00038_000,54,8.296875,0.6179418563842773,8.296875,0.7366148233413696,2.9921875,0.38059598207473755,0.001564915757626295,0.008017359301447868,0.0377446711063385,0.01577564872180422
5999,2016_e9cysHm38Kg_00016_000_a,2016,2016_e9cysHm38Kg,2016_e9cysHm38Kg_00016,2016_e9cysHm38Kg_00016_000,11,8.2890625,0.6683494448661804,8.2890625,0.45014500617980957,7.65234375,1.1047585010528564,0.002463746117427945,0.008628541603684425,0.030298925936222076,0.013797071219111482
3479,2014_ajj5MxJEJ1Q_00000_000_a,2014,2014_ajj5MxJEJ1Q,2014_ajj5MxJEJ1Q_00000,2014_ajj5MxJEJ1Q_00000_000,57,8.2734375,1.1475489139556885,3.875,0.6203944683074951,8.2734375,2.201857805252075,0.002028871327638626,0.012817740440368652,0.03412528708577156,0.016323966284592945
2724,2012_nLcCOlgev3k_00007_000_a,2012,2012_nLcCOlgev3k,2012_nLcCOlgev3k_00007,2012_nLcCOlgev3k_00007_000,23,8.2421875,1.3654361963272095,6.734375,0.6854275465011597,8.2421875,2.7254533767700195,0.0026450741570442915,0.008936903439462185,0.01509371679276228,0.008891898129756251
6220,2016_ovD51p3YDFk_00003_000_a,2016,2016_ovD51p3YDFk,2016_ovD51p3YDFk_00003,2016_ovD51p3YDFk_00003_000,30,8.2421875,0.2847455143928528,8.2421875,0.3560832142829895,2.341796875,0.14207011461257935,0.0038159601390361786,0.0036628087982535362,0.029591655358672142,0.012356808098653952
4279,2015_MH6W76ILmEQ_00014_000_a,2015,2015_MH6W76ILmEQ,2015_MH6W76ILmEQ_00014,2015_MH6W76ILmEQ_00014_000,18,8.203125,0.5298191905021667,4.44140625,0.22360002994537354,8.203125,1.142257571220398,0.0010966956615447998,0.005251936614513397,0.021963467821478844,0.009437366699179014
2257,2012_VgKqo3TvZoI_00003_000_a,2012,2012_VgKqo3TvZoI,2012_VgKqo3TvZoI_00003,2012_VgKqo3TvZoI_00003_000,52,8.1640625,1.7302722930908203,7.421875,0.9339524507522583,8.1640625,3.3229122161865234,0.0012682327069342136,0.009450225159525871,0.07232584804296494,0.027681435303141672
2435,2012_c1nmARXTuvE_00009_002_a,2012,2012_c1nmARXTuvE,2012_c1nmARXTuvE_00009,2012_c1nmARXTuvE_00009_002,12,8.1484375,0.48152440786361694,5.875,0.31195512413978577,8.1484375,0.8206630945205688,0.0012143488274887204,0.006138131022453308,0.011802516877651215,0.006384998909197748
1674,2012_1OcqJdBrRpw_00006_000_a,2012,2012_1OcqJdBrRpw,2012_1OcqJdBrRpw_00006,2012_1OcqJdBrRpw_00006_000,27,8.1328125,0.8987928032875061,5.62890625,0.37531861662864685,8.1328125,1.9457411766052246,0.0018656494794413447,0.003588862484320998,0.06322038918733597,0.02289163371703277
1622,2011_zy8dUJEOqos_00012_000_a,2011,2011_zy8dUJEOqos,2011_zy8dUJEOqos_00012,2011_zy8dUJEOqos_00012_000,35,8.1171875,1.1063728332519531,8.1171875,0.7108786702156067,5.40234375,1.8973612785339355,0.007328681647777557,0.01676478236913681,0.008320123888552189,0.010804529301822186
6143,2016_lH7EYLWHT4Q_00021_000_a,2016,2016_lH7EYLWHT4Q,2016_lH7EYLWHT4Q_00021,2016_lH7EYLWHT4Q_00021_000,21,8.09375,0.4357626736164093,8.09375,0.49769601225852966,5.0,0.3118959963321686,0.0020710499957203865,0.01789606362581253,0.07074181735515594,0.030236310325562954
2725,2012_nLcCOlgev3k_00007_001_a,2012,2012_nLcCOlgev3k,2012_nLcCOlgev3k_00007,2012_nLcCOlgev3k_00007_001,47,8.0703125,1.0633236169815063,5.359375,0.627780020236969,8.0703125,1.934410810470581,0.00195920467376709,0.02249734476208687,0.012203743681311607,0.012220097705721855
5428,2016_C4UKfmu_m8I_00033_000_a,2016,2016_C4UKfmu_m8I,2016_C4UKfmu_m8I_00033,2016_C4UKfmu_m8I_00033_000,30,8.0625,1.0533515214920044,7.6484375,0.47732076048851013,8.0625,2.2054131031036377,0.0018069378565996885,0.00747655937448144,0.43087729811668396,0.1467202651159217
6699,2017_6wXeUrZ6p5E_00000_000_a,2017,2017_6wXeUrZ6p5E,2017_6wXeUrZ6p5E_00000,2017_6wXeUrZ6p5E_00000_000,10,8.0625,0.42513081431388855,8.0625,0.5192292332649231,3.869140625,0.23693393170833588,0.019859975203871727,0.018830589950084686,0.05379988253116608,0.030830149228374164
3616,2014_lJuxU-aVeT4_00001_000_a,2014,2014_lJuxU-aVeT4,2014_lJuxU-aVeT4_00001,2014_lJuxU-aVeT4_00001_000,13,8.0546875,0.8070507645606995,8.0546875,0.5820336937904358,7.26953125,1.2570850849151611,0.004343613516539335,0.009026968851685524,0.013896483927965164,0.009089022098730007
1846,2012_B1WG5mK06fA_00000_000_a,2012,2012_B1WG5mK06fA,2012_B1WG5mK06fA_00000,2012_B1WG5mK06fA_00000_000,58,8.0390625,0.8279205560684204,3.83984375,0.46684932708740234,8.0390625,1.5500630140304565,0.0009435756364837289,0.010442986153066158,0.002808521268889308,0.004731694352813065
10449,2019_wBq7RLGDqKE_00005_000_a,2019,2019_wBq7RLGDqKE,2019_wBq7RLGDqKE_00005,2019_wBq7RLGDqKE_00005_000,11,8.03125,0.525544285774231,3.9609375,0.2917104661464691,8.03125,0.993212103843689,0.003319678595289588,0.02460882067680359,0.0123907420784235,0.013439747116838893
702,2011_PJlmYh27MHg_00006_000_a,2011,2011_PJlmYh27MHg,2011_PJlmYh27MHg_00006,2011_PJlmYh27MHg_00006_000,18,8.0234375,1.1143826246261597,5.9375,0.5271056294441223,8.0234375,2.2889368534088135,0.0017145659076049924,0.00953863374888897,0.06678683310747147,0.02601334425465514
1560,2011_xl_aSDYuXhM_00014_000_a,2011,2011_xl_aSDYuXhM,2011_xl_aSDYuXhM_00014,2011_xl_aSDYuXhM_00014_000,9,8.0234375,0.5707666277885437,8.0234375,0.5708498954772949,7.50390625,0.5705999135971069,0.0044580791145563126,0.015330076217651367,0.007239615079015493,0.009009256803741058
4328,2015_NrLSAjP5Ibw_00007_000_a,2015,2015_NrLSAjP5Ibw,2015_NrLSAjP5Ibw_00007,2015_NrLSAjP5Ibw_00007_000,54,8.015625,1.424323558807373,5.02734375,0.6947457790374756,8.015625,2.883479356765747,0.0014630390796810389,0.008327091112732887,0.00498979864642024,0.004926642946278055
4972,2015_sE0hL32wswo_00032_000_a,2015,2015_sE0hL32wswo,2015_sE0hL32wswo_00032,2015_sE0hL32wswo_00032_000,24,8.0078125,0.5999271869659424,8.0078125,0.7102746367454529,5.3828125,0.3792320489883423,0.0023794665466994047,0.011417278088629246,0.022105401381850243,0.011967382005726298
3617,2014_lJuxU-aVeT4_00001_001_a,2014,2014_lJuxU-aVeT4,2014_lJuxU-aVeT4_00001,2014_lJuxU-aVeT4_00001_001,40,7.984375,1.2385785579681396,4.06640625,0.507804274559021,7.984375,2.700127363204956,0.0010008992394432425,0.005113685503602028,0.050326868891716,0.018813817878253758
9669,2019_PIHPbvviS2w_00035_000_a,2019,2019_PIHPbvviS2w,2019_PIHPbvviS2w_00035,2019_PIHPbvviS2w_00035_000,9,7.9765625,0.26843759417533875,7.9765625,0.34787124395370483,4.2109375,0.10957019776105881,0.003998865373432636,0.02490749955177307,0.01968074031174183,0.016195701745649178
4101,2015_F37WD6OCu7s_00031_000_a,2015,2015_F37WD6OCu7s,2015_F37WD6OCu7s_00031,2015_F37WD6OCu7s_00031_000,56,7.953125,0.707130491733551,7.953125,0.9147505760192871,3.43359375,0.2918902337551117,0.0038553376216441393,0.007771995384246111,0.3009244501590729,0.10418392772165437
6511,2017_0y-Y83y4kKo_00000_004_a,2017,2017_0y-Y83y4kKo,2017_0y-Y83y4kKo_00000,2017_0y-Y83y4kKo_00000_004,13,7.9453125,0.3882351815700531,7.9453125,0.41880545020103455,4.25390625,0.3270946741104126,0.003279794007539749,0.014716926962137222,0.00890128593891859,0.008966002302865187
4028,2015_BSRrzrQtmto_00002_000_a,2015,2015_BSRrzrQtmto,2015_BSRrzrQtmto_00002,2015_BSRrzrQtmto_00002_000,40,7.9296875,0.6843001842498779,3.94140625,0.47597482800483704,7.9296875,1.1009507179260254,0.0007769007934257388,0.006950777024030685,0.04752713069319725,0.018418269503551226
4685,2015_cnQEo4bazIo_00001_000_a,2015,2015_cnQEo4bazIo,2015_cnQEo4bazIo_00001,2015_cnQEo4bazIo_00001_000,18,7.9296875,0.385871946811676,7.9296875,0.49081945419311523,2.921875,0.1759769171476364,0.008509311825037003,0.008984563872218132,0.02150113508105278,0.012998336926102638
5154,2015_zh4yF8r5uJI_00018_000_a,2015,2015_zh4yF8r5uJI,2015_zh4yF8r5uJI_00018,2015_zh4yF8r5uJI_00018_000,15,7.91015625,0.28580471873283386,7.91015625,0.34812691807746887,4.0546875,0.16116024553775787,0.004367460962384939,0.016955291852355003,0.017301496118307114,0.012874749644349018
5300,2016_52QPxxtu1-s_00030_000_a,2016,2016_52QPxxtu1-s,2016_52QPxxtu1-s_00030,2016_52QPxxtu1-s_00030_000,24,7.89453125,0.5699378848075867,7.89453125,0.34980279207229614,5.98828125,1.0102081298828125,0.0015227679396048188,0.0045684147626161575,0.056708116084337234,0.020933099595519405
929,2011_ZJOTrLdxCPE_00015_001_a,2011,2011_ZJOTrLdxCPE,2011_ZJOTrLdxCPE_00015,2011_ZJOTrLdxCPE_00015_001,25,7.890625,0.8498150706291199,6.27734375,0.5332038402557373,7.890625,1.4830374717712402,0.00330477231182158,0.008096789941191673,0.1120939627289772,0.04116517499399682
9870,2019_XP2jPEAalOw_00000_000_a,2019,2019_XP2jPEAalOw,2019_XP2jPEAalOw_00000,2019_XP2jPEAalOw_00000_000,51,7.875,1.24505615234375,5.8125,0.478097528219223,7.875,2.7789735794067383,0.0011784066446125507,0.0025601789820939302,0.10831616073846817,0.03735158212172488
680,2011_OIBtFHZy0xk_00002_000_a,2011,2011_OIBtFHZy0xk,2011_OIBtFHZy0xk_00002,2011_OIBtFHZy0xk_00002_000,33,7.85546875,1.545153021812439,6.234375,0.5618997812271118,7.85546875,3.5116593837738037,0.0035424698144197464,0.010129526257514954,0.0033528106287121773,0.005674935566882293
5607,2016_L5SM0HY5-vw_00012_000_a,2016,2016_L5SM0HY5-vw,2016_L5SM0HY5-vw_00012,2016_L5SM0HY5-vw_00012_000,30,7.8515625,0.8641325831413269,7.8515625,1.0407793521881104,5.20703125,0.5108391046524048,0.0072456165216863155,0.012967346236109734,0.05111353099346161,0.023775497917085886
194,2011_7VV6BZWittk_00046_000_a,2011,2011_7VV6BZWittk,2011_7VV6BZWittk_00046,2011_7VV6BZWittk_00046_000,62,7.8359375,1.420357584953308,6.8515625,0.7902498841285706,7.8359375,2.6805732250213623,0.001959580462425947,0.011102190241217613,0.04716973751783371,0.02007716940715909
7359,2017_Qrl_BpahMRs_00006_000_a,2017,2017_Qrl_BpahMRs,2017_Qrl_BpahMRs_00006,2017_Qrl_BpahMRs_00006_000,11,7.8359375,0.5621206164360046,5.39453125,0.36729392409324646,7.8359375,0.951774001121521,0.002426072722300887,0.009335086680948734,0.017700038850307465,0.009820399417852363
792,2011_T4l9RZRce58_00011_000_a,2011,2011_T4l9RZRce58,2011_T4l9RZRce58_00011,2011_T4l9RZRce58_00011_000,37,7.83203125,0.47087687253952026,7.83203125,0.49265605211257935,3.2890625,0.4273185729980469,0.0030999763403087854,0.0250079445540905,0.20675569772720337,0.07828787287386756
10409,2019_v5YaaXLJw2A_00000_000_a,2019,2019_v5YaaXLJw2A,2019_v5YaaXLJw2A_00000,2019_v5YaaXLJw2A_00000_000,23,7.828125,0.8558934330940247,6.6328125,0.42477282881736755,7.828125,1.7181344032287598,0.0012686100089922547,0.0030979986768215895,0.0027552498504519463,0.0023739528454219303
7457,2017_Tiz3eN3KJRQ_00023_000_a,2017,2017_Tiz3eN3KJRQ,2017_Tiz3eN3KJRQ_00023,2017_Tiz3eN3KJRQ_00023_000,52,7.8203125,1.4215503931045532,6.75,0.6284118890762329,7.8203125,3.0078277587890625,0.0013111184816807508,0.0032473148312419653,1.0061780214309692,0.33691215158129734
9579,2019_MDG6JsXqaRA_00028_000_a,2019,2019_MDG6JsXqaRA,2019_MDG6JsXqaRA_00028,2019_MDG6JsXqaRA_00028_000,10,7.81640625,0.5268760919570923,7.6640625,0.5849025249481201,7.81640625,0.410823255777359,0.002728719264268875,0.009312082082033157,0.005109400022774935,0.005716733789692323
6133,2016_l0RkrxY9mH8_00002_001_a,2016,2016_l0RkrxY9mH8,2016_l0RkrxY9mH8_00002,2016_l0RkrxY9mH8_00002_001,14,7.8125,0.5372374653816223,7.8125,0.6139885187149048,4.5078125,0.3837354779243469,0.14643384516239166,0.04953878000378609,0.07852086424827576,0.09149782980481784
6757,2017_8cGUULb2K-0_00000_000_a,2017,2017_8cGUULb2K-0,2017_8cGUULb2K-0_00000,2017_8cGUULb2K-0_00000_000,20,7.80859375,0.4116341471672058,7.80859375,0.5117272138595581,4.2265625,0.211448073387146,0.0034304175060242414,0.015651464462280273,0.08879589289426804,0.035959258287524186
8066,2017_jVH_NN7phnA_00012_000_b,2017,2017_jVH_NN7phnA,2017_jVH_NN7phnA_00012,2017_jVH_NN7phnA_00012_000,22,7.8046875,0.721186101436615,4.7734375,0.24610646069049835,7.8046875,1.6713454723358154,0.0008534308290109038,0.0025775362737476826,0.002865083981305361,0.0020986836946879825
2835,2012_rC6WAAlNHt4_00021_000_a,2012,2012_rC6WAAlNHt4,2012_rC6WAAlNHt4_00021,2012_rC6WAAlNHt4_00021_000,36,7.796875,0.5146405696868896,6.234375,0.5017585158348083,7.796875,0.5404046177864075,0.0010300730355083942,0.01024039275944233,0.014694718644022942,0.008655061479657888
802,2011_TklrBmHo7Do_00003_000_a,2011,2011_TklrBmHo7Do,2011_TklrBmHo7Do_00003,2011_TklrBmHo7Do_00003_000,34,7.79296875,0.8591715097427368,6.2265625,0.61769038438797,7.79296875,1.342133641242981,0.00295774033293128,0.013319677673280239,0.4173519015312195,0.144543106512477
10182,2019_lYu_8OE3sCE_00001_000_a,2019,2019_lYu_8OE3sCE,2019_lYu_8OE3sCE_00001,2019_lYu_8OE3sCE_00001_000,23,7.77734375,0.7593737244606018,7.77734375,0.8266873955726624,5.72265625,0.6247462630271912,0.0025038940366357565,0.007800457067787647,0.035582106560468674,0.015295485888297359
1128,2011_f58Ba78abHg_00000_000_a,2011,2011_f58Ba78abHg,2011_f58Ba78abHg_00000,2011_f58Ba78abHg_00000_000,15,7.7734375,0.7767517566680908,6.49609375,0.4891197085380554,7.7734375,1.3520160913467407,0.0025161670055240393,0.006345757748931646,0.10378513485193253,0.03754901986879607
3023,2012_zcZJF81jt4w_00000_000_a,2012,2012_zcZJF81jt4w,2012_zcZJF81jt4w_00000,2012_zcZJF81jt4w_00000_000,10,7.76953125,0.3132014870643616,7.76953125,0.3698309659957886,3.876953125,0.1999426782131195,0.007082730531692505,0.01671958900988102,0.2227928787469864,0.08219839942951997
4217,2015_JRloSmzWBOg_00030_000_a,2015,2015_JRloSmzWBOg,2015_JRloSmzWBOg_00030,2015_JRloSmzWBOg_00030_000,46,7.765625,1.819758653640747,3.970703125,0.34873083233833313,7.765625,4.761813640594482,0.0016834639245644212,0.003754591103643179,0.02744797244668007,0.01096200915829589
2660,2012_lClRzGmpFrs_00000_001_a,2012,2012_lClRzGmpFrs,2012_lClRzGmpFrs_00000,2012_lClRzGmpFrs_00000_001,36,7.765625,0.9514669179916382,4.20703125,0.48741912841796875,7.765625,1.8795623779296875,0.0024305458646267653,0.013516285456717014,0.10480642318725586,0.04025108483619988
3189,2014_C8l7cD_YI4Y_00002_000_a,2014,2014_C8l7cD_YI4Y,2014_C8l7cD_YI4Y_00002,2014_C8l7cD_YI4Y_00002_000,16,7.7578125,0.6766906976699829,5.83203125,0.5682652592658997,7.7578125,0.8935414552688599,0.001644674688577652,0.006990506313741207,0.04718579724431038,0.01860699274887641
9670,2019_PKKSqcq9iGU_00041_000_a,2019,2019_PKKSqcq9iGU,2019_PKKSqcq9iGU_00041,2019_PKKSqcq9iGU_00041_000,27,7.75,0.4209916889667511,7.75,0.49114909768104553,3.00390625,0.28067702054977417,0.0024038213305175304,0.016714928671717644,0.017482563853263855,0.01220043795183301
8065,2017_jVH_NN7phnA_00012_000_a,2017,2017_jVH_NN7phnA,2017_jVH_NN7phnA_00012,2017_jVH_NN7phnA_00012_000,61,7.73828125,1.1726596355438232,5.375,0.43349161744117737,7.73828125,2.6509957313537598,0.0007250852067954838,0.002983708865940571,0.0019621532410383224,0.0018903157712581258
10075,2019_g1r-B5ZGZWY_00000_000_a,2019,2019_g1r-B5ZGZWY,2019_g1r-B5ZGZWY_00000,2019_g1r-B5ZGZWY_00000_000,23,7.734375,0.7405747771263123,7.1796875,0.5082459449768066,7.734375,1.2052323818206787,0.0012646591058000922,0.0025494948495179415,0.22363169491291046,0.07581528295607616
6763,2017_8oZJuop-N_g_00015_000_a,2017,2017_8oZJuop-N_g,2017_8oZJuop-N_g_00015,2017_8oZJuop-N_g_00015_000,46,7.73046875,0.9254472255706787,4.55078125,0.36700814962387085,7.73046875,2.042325496673584,0.0006011882214806974,0.0039808424189686775,0.10197395831346512,0.03551866298463816
2006,2012_JqoH6dDyZmk_00048_001_a,2012,2012_JqoH6dDyZmk,2012_JqoH6dDyZmk_00048,2012_JqoH6dDyZmk_00048_001,9,7.73046875,0.2529340982437134,7.73046875,0.3425012528896332,2.578125,0.07379981875419617,0.004000047221779823,0.010279794223606586,0.008152179419994354,0.007477340288460255
4392,2015_Rd87CKvUHjU_00000_000_a,2015,2015_Rd87CKvUHjU,2015_Rd87CKvUHjU_00000,2015_Rd87CKvUHjU_00000_000,9,7.72265625,0.48265427350997925,6.24609375,0.3356497883796692,7.72265625,0.7766631841659546,0.00116202502977103,0.0036862334236502647,0.03764602169394493,0.014164760049122075
5222,2016_2N4Tq6Zpx3g_00000_000_a,2016,2016_2N4Tq6Zpx3g,2016_2N4Tq6Zpx3g_00000,2016_2N4Tq6Zpx3g_00000_000,40,7.71484375,0.8473578691482544,4.34375,0.4238143861293793,7.71484375,1.6944447755813599,0.0007828898960724473,0.006623512599617243,0.046218808740377426,0.01787507041202237
2427,2012_b_jYYdrSYBg_00003_000_a,2012,2012_b_jYYdrSYBg,2012_b_jYYdrSYBg_00003,2012_b_jYYdrSYBg_00003_000,48,7.703125,1.69247305393219,4.7265625,0.5070315599441528,7.703125,4.063355922698975,0.0016233110800385475,0.005386620759963989,0.09229505807161331,0.03310166330387195
9758,2019_S4WqfcnVT2g_00023_000_a,2019,2019_S4WqfcnVT2g,2019_S4WqfcnVT2g_00023,2019_S4WqfcnVT2g_00023_000,44,7.69921875,1.6936546564102173,7.37890625,1.3382405042648315,7.69921875,2.4044830799102783,0.003098088316619396,0.012799314223229885,0.26658108830451965,0.09415949694812298
9640,2019_O7s-DtIX_8g_00032_000_a,2019,2019_O7s-DtIX_8g,2019_O7s-DtIX_8g_00032,2019_O7s-DtIX_8g_00032_000,39,7.6875,1.0023387670516968,7.6875,0.7571524381637573,6.2421875,1.492711067199707,0.00261736405082047,0.015968259423971176,0.009569322690367699,0.009384982055053115
3103,2014_38mE6ba3qj8_00022_000_a,2014,2014_38mE6ba3qj8,2014_38mE6ba3qj8_00022,2014_38mE6ba3qj8_00022_000,31,7.6875,0.8335232138633728,3.8828125,0.3255804479122162,7.6875,1.849408745765686,0.0006166542880237103,0.0052622477523982525,0.0587458573281765,0.021541586456199486
9208,2019_4YPxIpLpLRM_00010_003_a,2019,2019_4YPxIpLpLRM,2019_4YPxIpLpLRM_00010,2019_4YPxIpLpLRM_00010_003,51,7.68359375,1.3099480867385864,7.68359375,0.8958810567855835,7.48046875,2.1380815505981445,0.0018067318014800549,0.016383593901991844,0.019092535600066185,0.012427620434512695
5447,2016_DOrvXyOMjhQ_00003_000_a,2016,2016_DOrvXyOMjhQ,2016_DOrvXyOMjhQ_00003,2016_DOrvXyOMjhQ_00003_000,17,7.67578125,0.7714048027992249,5.20703125,0.39519524574279785,7.67578125,1.5238240957260132,0.0012969954404979944,0.008229266852140427,0.05519519001245499,0.021573817435031135
7210,2017_MBNiDwytFow_00005_000_a,2017,2017_MBNiDwytFow,2017_MBNiDwytFow_00005,2017_MBNiDwytFow_00005_000,24,7.66015625,0.463319331407547,7.66015625,0.6120879054069519,3.197265625,0.16578218340873718,0.002234577899798751,0.004567248281091452,0.3236252963542938,0.11014237417839468
825,2011_UdZuHyttXbw_00022_000_a,2011,2011_UdZuHyttXbw,2011_UdZuHyttXbw_00022,2011_UdZuHyttXbw_00022_000,25,7.65625,1.0972473621368408,7.59765625,0.6075066924095154,7.65625,2.0767288208007812,0.0017642544116824865,0.008022690191864967,0.00540143670514226,0.005062793769563238
3983,2015_9F_FhwkKdSw_00019_001_a,2015,2015_9F_FhwkKdSw,2015_9F_FhwkKdSw_00019,2015_9F_FhwkKdSw_00019_001,13,7.63671875,0.5306183695793152,4.5234375,0.2937869131565094,7.63671875,1.0042812824249268,0.0018569526728242636,0.010078201070427895,0.009398733265697956,0.007111295669650038
1026,2011_bqPbkGVa_wc_00011_000_a,2011,2011_bqPbkGVa_wc,2011_bqPbkGVa_wc_00011,2011_bqPbkGVa_wc_00011_000,10,7.63671875,0.37021398544311523,7.63671875,0.42708683013916016,4.15234375,0.25646835565567017,0.004895937629044056,0.022641876712441444,0.059812769293785095,0.029116861211756866
3141,2014_7iWEk7k_kio_00004_000_a,2014,2014_7iWEk7k_kio,2014_7iWEk7k_kio_00004,2014_7iWEk7k_kio_00004_000,46,7.62890625,0.7094942927360535,7.62890625,0.906044602394104,3.34765625,0.31639364361763,0.0040178317576646805,0.008086970075964928,0.3444128632545471,0.11883922169605891
10410,2019_v5YaaXLJw2A_00000_001_a,2019,2019_v5YaaXLJw2A,2019_v5YaaXLJw2A_00000,2019_v5YaaXLJw2A_00000_001,39,7.6171875,1.2081477642059326,5.19921875,0.5414023995399475,7.6171875,2.5416383743286133,0.0021700174547731876,0.024612411856651306,0.9048522710800171,0.31054490013048053
573,2011_KaUEDYWofJQ_00029_001_a,2011,2011_KaUEDYWofJQ,2011_KaUEDYWofJQ_00029,2011_KaUEDYWofJQ_00029_001,15,7.61328125,0.8503458499908447,5.7734375,0.441060334444046,7.61328125,1.6689168214797974,0.001558408373966813,0.005290944594889879,0.04380006343126297,0.016883138800039887
3507,2014_dAxijzivjlc_00055_000_a,2014,2014_dAxijzivjlc,2014_dAxijzivjlc_00055,2014_dAxijzivjlc_00055_000,28,7.60546875,1.1227864027023315,7.60546875,1.0871750116348267,6.7421875,1.1940091848373413,0.007793869357556105,0.009167821146547794,0.011079447343945503,0.0093470459493498
2606,2012_i_Y5UB3xxW8_00005_001_a,2012,2012_i_Y5UB3xxW8,2012_i_Y5UB3xxW8_00005,2012_i_Y5UB3xxW8_00005_001,15,7.58984375,0.6196017861366272,6.5078125,0.33903631567955017,7.58984375,1.1807327270507812,0.0013300408609211445,0.004114923998713493,0.02772379480302334,0.011056253220885992
572,2011_KaUEDYWofJQ_00029_000_a,2011,2011_KaUEDYWofJQ,2011_KaUEDYWofJQ_00029,2011_KaUEDYWofJQ_00029_000,19,7.58203125,0.9410676956176758,6.09375,0.6765966415405273,7.58203125,1.4700098037719727,0.002238855930045247,0.01024622656404972,0.018838509917259216,0.010441197470451394
8726,2018_4sNyWmYN-rM_00022_000_a,2018,2018_4sNyWmYN-rM,2018_4sNyWmYN-rM_00022,2018_4sNyWmYN-rM_00022_000,29,7.578125,0.7446560859680176,4.14453125,0.39049676060676575,7.578125,1.452974796295166,0.0015000065322965384,0.005124509800225496,0.07048273086547852,0.02570241573266685
6204,2016_o94LScznlmY_00009_000_a,2016,2016_o94LScznlmY,2016_o94LScznlmY_00009,2016_o94LScznlmY_00009_000,48,7.5625,0.7477182149887085,3.455078125,0.2618650496006012,7.5625,1.7194242477416992,0.0004167333245277405,0.001302624004893005,0.025992628186941147,0.009237328505453965
8972,2018_ftDkeswkEYU_00014_000_a,2018,2018_ftDkeswkEYU,2018_ftDkeswkEYU_00014,2018_ftDkeswkEYU_00014_000,10,7.55078125,0.5043030977249146,7.55078125,0.41847121715545654,6.1953125,0.6759669184684753,0.00187715666834265,0.0044038742780685425,0.010626154020428658,0.00563572832227995
2216,2012_U3lA1kS-XKA_00000_000_a,2012,2012_U3lA1kS-XKA,2012_U3lA1kS-XKA_00000,2012_U3lA1kS-XKA_00000_000,54,7.53515625,1.503404140472412,5.48828125,0.6080788373947144,7.53515625,3.2940549850463867,0.0031424728222191334,0.01369704119861126,0.030843717977404594,0.01589441066607833
4016,2015_AqNEZ_QgvI4_00002_000_a,2015,2015_AqNEZ_QgvI4,2015_AqNEZ_QgvI4_00002,2015_AqNEZ_QgvI4_00002_000,19,7.51953125,0.6138904690742493,4.5703125,0.3717680275440216,7.51953125,1.0981353521347046,0.0007799657178111374,0.008305497467517853,0.04828011244535446,0.01912185854356115
8913,2018_VjRhsK7p8gY_00003_000_a,2018,2018_VjRhsK7p8gY,2018_VjRhsK7p8gY_00003,2018_VjRhsK7p8gY_00003_000,31,7.51171875,0.39009448885917664,7.51171875,0.48423537611961365,3.1796875,0.20181263983249664,0.002242738613858819,0.004881241358816624,0.8400537371635437,0.2823925723787397
554,2011_KA-LkJdOzHo_00014_002_a,2011,2011_KA-LkJdOzHo,2011_KA-LkJdOzHo_00014,2011_KA-LkJdOzHo_00014_002,24,7.5,0.32894378900527954,7.5,0.40256473422050476,2.267578125,0.18170185387134552,0.0028845772612839937,0.008675883524119854,0.003848971566185355,0.005136477450529735
9386,2019_Du5YK5FnyF4_00000_000_a,2019,2019_Du5YK5FnyF4,2019_Du5YK5FnyF4_00000,2019_Du5YK5FnyF4_00000_000,57,7.49609375,0.9087389707565308,3.759765625,0.46321946382522583,7.49609375,1.799777865409851,0.0008541557472199202,0.0070146797224879265,0.04939786344766617,0.019088899639124673
3369,2014_RZ9Od4LBqDg_00025_000_a,2014,2014_RZ9Od4LBqDg,2014_RZ9Od4LBqDg_00025,2014_RZ9Od4LBqDg_00025_000,11,7.4609375,0.7529709339141846,7.34375,0.5816394686698914,7.4609375,1.09563410282135,0.0030991320963948965,0.016345061361789703,0.028380367904901505,0.015941520454362035
380,2011_DfcpuhTr8R0_00004_000_a,2011,2011_DfcpuhTr8R0,2011_DfcpuhTr8R0_00004,2011_DfcpuhTr8R0_00004_000,9,7.45703125,0.24538490176200867,7.45703125,0.3289436995983124,2.0625,0.07826732844114304,0.005744711961597204,0.004438629373908043,0.03014953061938286,0.013444290651629368
5360,2016_7tUYeqOLuYU_00003_000_a,2016,2016_7tUYeqOLuYU,2016_7tUYeqOLuYU_00003,2016_7tUYeqOLuYU_00003_000,27,7.453125,0.6284623146057129,4.0703125,0.28289949893951416,7.453125,1.3195880651474,0.0014577606925740838,0.010986686684191227,0.017627235502004623,0.01002389429292331
1585,2011_ycpEjbV4KRM_00000_000_a,2011,2011_ycpEjbV4KRM,2011_ycpEjbV4KRM_00000,2011_ycpEjbV4KRM_00000_000,29,7.453125,0.49780428409576416,3.75390625,0.3458004593849182,7.453125,0.8018119931221008,0.0010974406031891704,0.012340941466391087,0.011657269671559334,0.00836521724704653
6324,2016_uBAd6Nfv3uE_00003_001_a,2016,2016_uBAd6Nfv3uE,2016_uBAd6Nfv3uE_00003,2016_uBAd6Nfv3uE_00003_001,27,7.43359375,0.7554157972335815,5.30859375,0.5763127207756042,7.43359375,1.1136219501495361,0.003857128554955125,0.004132966510951519,0.006446619052439928,0.004812238039448857
9873,2019_XRtuUFYTctA_00001_000_a,2019,2019_XRtuUFYTctA,2019_XRtuUFYTctA_00001,2019_XRtuUFYTctA_00001_000,21,7.4296875,0.610781729221344,6.3828125,0.6180027723312378,7.4296875,0.5963396430015564,0.0025677282828837633,0.00768903037533164,0.007864966988563538,0.00604057521559298
5688,2016_Or3JIDwWgH4_00108_000_a,2016,2016_Or3JIDwWgH4,2016_Or3JIDwWgH4_00108,2016_Or3JIDwWgH4_00108_000,23,7.4140625,0.49965700507164,7.4140625,0.5037540197372437,4.18359375,0.4914631247520447,0.002974003553390503,0.008581673726439476,0.0469139963388443,0.019489891206224758
3074,2014_0uYmyOuu5xs_00000_000_a,2014,2014_0uYmyOuu5xs,2014_0uYmyOuu5xs_00000,2014_0uYmyOuu5xs_00000_000,59,7.41015625,1.429973840713501,4.91015625,1.0910955667495728,7.41015625,2.1077303886413574,0.0017645367188379169,0.006424797233194113,0.0050006951205432415,0.004396676357525091
8728,2018_51IaQuowCcA_00061_000_a,2018,2018_51IaQuowCcA,2018_51IaQuowCcA_00061,2018_51IaQuowCcA_00061_000,54,7.39453125,1.4387731552124023,4.7578125,0.5609526634216309,7.39453125,3.1944143772125244,0.002273894613608718,0.019952354952692986,0.027062054723501205,0.016429434763267636
8858,2018_Lgpg6frCrvw_00094_000_a,2018,2018_Lgpg6frCrvw,2018_Lgpg6frCrvw_00094,2018_Lgpg6frCrvw_00094_000,32,7.390625,0.3147163689136505,7.390625,0.3637787103652954,2.8984375,0.21659161150455475,0.001538449665531516,0.005007961764931679,0.11604491621255875,0.040863775881007314
2474,2012_cuK7JbG06ho_00001_001_a,2012,2012_cuK7JbG06ho,2012_cuK7JbG06ho_00001,2012_cuK7JbG06ho_00001_001,50,7.375,0.7066931128501892,7.375,0.4609836935997009,3.67578125,1.198111891746521,0.0007366639329120517,0.004649152979254723,0.002885741414502263,0.002757186108889679
3803,2015_-x8fqJDLsu8_00023_002_a,2015,2015_-x8fqJDLsu8,2015_-x8fqJDLsu8_00023,2015_-x8fqJDLsu8_00023_002,20,7.37109375,0.9999714493751526,7.37109375,0.7070671319961548,6.39453125,1.5857799053192139,0.005901706404983997,0.01167176105082035,0.06655654311180115,0.0280433368558685
2532,2012_g7QBS0O7gT0_00006_000_a,2012,2012_g7QBS0O7gT0,2012_g7QBS0O7gT0_00006,2012_g7QBS0O7gT0_00006_000,38,7.37109375,0.6221656799316406,7.37109375,0.495482474565506,4.32421875,0.8755320310592651,0.0023007600102573633,0.0050864024087786674,0.009477920830249786,0.005621694416428606
3027,2012_zhH9GJ7lpGs_00013_000_a,2012,2012_zhH9GJ7lpGs,2012_zhH9GJ7lpGs_00013,2012_zhH9GJ7lpGs_00013_000,45,7.34765625,0.6674892902374268,7.34765625,0.5971775650978088,4.859375,0.808112621307373,0.0019516678294166923,0.010923938825726509,0.023953141644597054,0.012276249433246752
2992,2012_xfxhI_l9UYQ_00010_000_a,2012,2012_xfxhI_l9UYQ,2012_xfxhI_l9UYQ_00010,2012_xfxhI_l9UYQ_00010_000,26,7.34375,0.5327296853065491,3.48046875,0.31522417068481445,7.34375,0.9677404761314392,0.00193147046957165,0.007128635887056589,0.3619183897972107,0.1236594987179463
3495,2014_c3zRfKmcqv8_00008_001_a,2014,2014_c3zRfKmcqv8,2014_c3zRfKmcqv8_00008,2014_c3zRfKmcqv8_00008_001,13,7.34375,0.5068139433860779,5.1875,0.2760560214519501,7.34375,0.9683297872543335,0.0010257449466735125,0.004679358098655939,0.019400840625166893,0.008368647890165448
3012,2012_ye-S7zxbv9o_00013_000_a,2012,2012_ye-S7zxbv9o,2012_ye-S7zxbv9o_00013,2012_ye-S7zxbv9o_00013_000,23,7.33984375,0.8839725852012634,6.86328125,0.43622905015945435,7.33984375,1.7794594764709473,0.0021146321669220924,0.006714730057865381,0.005497288890182972,0.0047755503716568155
997,2011_aopdD9Cu-So_00015_000_a,2011,2011_aopdD9Cu-So,2011_aopdD9Cu-So_00015,2011_aopdD9Cu-So_00015_000,25,7.3359375,0.6947951912879944,7.3359375,0.39933493733406067,5.4296875,1.2857156991958618,0.00309761636890471,0.005946992430835962,0.022559722885489464,0.010534777228410045
9089,2019_-ecKc5pOEWk_00029_000_a,2019,2019_-ecKc5pOEWk,2019_-ecKc5pOEWk_00029,2019_-ecKc5pOEWk_00029_000,17,7.328125,0.7091455459594727,7.328125,0.8361045122146606,4.01171875,0.45522740483283997,0.012680444866418839,0.028190776705741882,0.07224313914775848,0.03770478690663973
8927,2018_Yh03Vnp8pCk_00004_001_a,2018,2018_Yh03Vnp8pCk,2018_Yh03Vnp8pCk_00004,2018_Yh03Vnp8pCk_00004_001,20,7.328125,0.26600995659828186,7.328125,0.2874671220779419,2.611328125,0.2230956256389618,0.0017133697401732206,0.006806132383644581,0.016560079529881477,0.008359860551233092
2099,2012_O1-lkTgl-ws_00022_000_a,2012,2012_O1-lkTgl-ws,2012_O1-lkTgl-ws_00022,2012_O1-lkTgl-ws_00022_000,57,7.32421875,1.5387269258499146,2.875,0.4427497386932373,7.32421875,3.7306811809539795,0.0027940296567976475,0.00855545699596405,0.005454428493976593,0.005601305048912764
2516,2012_f8znwPYsuFE_00010_000_a,2012,2012_f8znwPYsuFE,2012_f8znwPYsuFE_00010,2012_f8znwPYsuFE_00010_000,58,7.32421875,0.74241042137146,7.32421875,0.7765951156616211,4.2421875,0.6740409135818481,0.002627035602927208,0.012247712351381779,0.21604187786579132,0.07697220860670011
1370,2011_pCHHv7ojfiw_00031_000_a,2011,2011_pCHHv7ojfiw,2011_pCHHv7ojfiw_00031,2011_pCHHv7ojfiw_00031_000,10,7.32421875,0.4495234489440918,6.34375,0.4586440920829773,7.32421875,0.431282103061676,0.003029038431122899,0.016861047595739365,0.05227435380220413,0.024054813276355464
6339,2016_uzIEsj6Me9g_00000_000_a,2016,2016_uzIEsj6Me9g,2016_uzIEsj6Me9g_00000,2016_uzIEsj6Me9g_00000_000,63,7.31640625,1.764805793762207,3.65625,0.499662846326828,7.31640625,4.2950921058654785,0.0014201325830072165,0.003595953341573477,0.01071939431130886,0.005245160078629851
7225,2017_MMxE41xM9ic_00004_000_a,2017,2017_MMxE41xM9ic,2017_MMxE41xM9ic_00004,2017_MMxE41xM9ic_00004_000,44,7.30078125,0.6101711988449097,7.30078125,0.5700061321258545,6.01953125,0.6905012726783752,0.0010704374872148037,0.0039705573581159115,0.011510753072798252,0.005517249306042989
501,2011_IB2eLqqkLaI_00000_000_a,2011,2011_IB2eLqqkLaI,2011_IB2eLqqkLaI_00000,2011_IB2eLqqkLaI_00000_000,26,7.2890625,0.4901590049266815,6.1015625,0.4327334463596344,7.2890625,0.6050103306770325,0.001117160776630044,0.0071797799319028854,0.0037823922466486692,0.0040264443183938665
6556,2017_2anI_i9YYf4_00007_000_a,2017,2017_2anI_i9YYf4,2017_2anI_i9YYf4_00007,2017_2anI_i9YYf4_00007_000,10,7.27734375,0.3622737526893616,7.27734375,0.4398823082447052,4.43359375,0.20705659687519073,0.005115616135299206,0.019005704671144485,0.1428198516368866,0.055647057481110096
8161,2017_lfObLA5H4Rg_00037_000_a,2017,2017_lfObLA5H4Rg,2017_lfObLA5H4Rg_00037,2017_lfObLA5H4Rg_00037_000,22,7.2734375,0.4639488160610199,7.2734375,0.3901157081127167,5.30859375,0.6116151213645935,0.0010050962446257472,0.0036762082017958164,0.01676209829747677,0.007147800914632778
4961,2015_reKMIuxFqzY_00000_001_a,2015,2015_reKMIuxFqzY,2015_reKMIuxFqzY_00000,2015_reKMIuxFqzY_00000_001,43,7.265625,0.9873620867729187,3.083984375,0.37826764583587646,7.265625,2.2055509090423584,0.0017161063151434064,0.013219600543379784,0.003344921860843897,0.006093542906455696
315,2011_AzGePmv0GD8_00013_000_a,2011,2011_AzGePmv0GD8,2011_AzGePmv0GD8_00013,2011_AzGePmv0GD8_00013_000,40,7.26171875,0.5125805139541626,2.8359375,0.25083455443382263,7.26171875,1.0360724925994873,0.0004187704180367291,0.006384526379406452,0.035988274961709976,0.014263857253051052
2323,2012_Y3WWNavHXSA_00017_000_a,2012,2012_Y3WWNavHXSA,2012_Y3WWNavHXSA_00017,2012_Y3WWNavHXSA_00017_000,19,7.2578125,0.9697885513305664,4.39453125,0.5989285111427307,7.2578125,1.7115083932876587,0.006241263821721077,0.015749620273709297,0.007746728137135506,0.009912537410855293
7379,2017_RU2IP_oUqyc_00025_000_a,2017,2017_RU2IP_oUqyc,2017_RU2IP_oUqyc_00025,2017_RU2IP_oUqyc_00025_000,15,7.24609375,0.7405171990394592,6.359375,0.5041363835334778,7.24609375,1.2132786512374878,0.002522780792787671,0.02092045359313488,0.006890514865517616,0.010111249750480056
1420,2011_rGw2mX72ytQ_00012_000_a,2011,2011_rGw2mX72ytQ,2011_rGw2mX72ytQ_00012,2011_rGw2mX72ytQ_00012_000,20,7.24609375,0.5311437845230103,4.94140625,0.25304943323135376,7.24609375,1.0873323678970337,0.0007310039945878088,0.004775537643581629,0.02137118950486183,0.008959243714343756
8556,2017_vfc3TGvcjEY_00079_000_a,2017,2017_vfc3TGvcjEY,2017_vfc3TGvcjEY_00079,2017_vfc3TGvcjEY_00079_000,15,7.23046875,0.39958709478378296,7.23046875,0.5304721593856812,2.41015625,0.137816920876503,0.0033101560547947884,0.018715040758252144,0.052812378853559494,0.024945858555535477
731,2011_QGNfrNJZin4_00034_000_a,2011,2011_QGNfrNJZin4,2011_QGNfrNJZin4_00034,2011_QGNfrNJZin4_00034_000,12,7.22265625,0.4662679135799408,7.22265625,0.5882785320281982,5.2421875,0.22224673628807068,0.0033688826952129602,0.0193276796489954,0.031761523336172104,0.018152695226793487
4093,2015_Egb6g_c7Nek_00049_000_a,2015,2015_Egb6g_c7Nek,2015_Egb6g_c7Nek_00049,2015_Egb6g_c7Nek_00049_000,43,7.203125,0.8503416776657104,7.203125,0.9855200052261353,4.08203125,0.5799846649169922,0.005885740276426077,0.009589659981429577,0.011278989724814892,0.008918129994223515
9759,2019_SDIk9DOro4A_00000_000_a,2019,2019_SDIk9DOro4A,2019_SDIk9DOro4A_00000,2019_SDIk9DOro4A_00000_000,63,7.18359375,1.2386868000030518,3.732421875,0.3336731493473053,7.18359375,3.0487143993377686,0.0009011900401674211,0.003614058718085289,0.040078360587358475,0.014864536448537061
2237,2012_UtRR6sLexR8_00019_000_a,2012,2012_UtRR6sLexR8,2012_UtRR6sLexR8_00019,2012_UtRR6sLexR8_00019_000,27,7.16796875,0.5773645043373108,5.68359375,0.39303430914878845,7.16796875,0.9460248947143555,0.002921812469139695,0.015227878466248512,0.1789560168981552,0.06570190261118114
649,2011_NCCUGkrIfkQ_00021_000_a,2011,2011_NCCUGkrIfkQ,2011_NCCUGkrIfkQ_00021,2011_NCCUGkrIfkQ_00021_000,25,7.16015625,0.5726432800292969,7.16015625,0.5575657486915588,5.796875,0.6027982831001282,0.0012683600652962923,0.009663554839789867,0.16523200273513794,0.0587213058800747
4997,2015_tab4Nxd8GlY_00006_000_a,2015,2015_tab4Nxd8GlY,2015_tab4Nxd8GlY_00006,2015_tab4Nxd8GlY_00006_000,13,7.15625,0.49116742610931396,5.046875,0.3294759690761566,7.15625,0.8145503997802734,0.0007090997532941401,0.0059868693351745605,0.01021153200417757,0.005635833697548757
546,2011_K5IU4bPS_S8_00002_000_a,2011,2011_K5IU4bPS_S8,2011_K5IU4bPS_S8_00002,2011_K5IU4bPS_S8_00002_000,41,7.14453125,0.8270736336708069,2.9140625,0.3325108587741852,7.14453125,1.816199541091919,0.0006852527731098235,0.004427043255418539,0.02584294229745865,0.010318412775329003
869,2011_Wa6au8A-3Zg_00008_001_a,2011,2011_Wa6au8A-3Zg,2011_Wa6au8A-3Zg_00008,2011_Wa6au8A-3Zg_00008_001,10,7.14453125,0.273743212223053,7.14453125,0.27439799904823303,4.46484375,0.27243363857269287,0.0026336521841585636,0.007044424302875996,0.010108886286616325,0.006595654257883628
2464,2012_cUknJlnzdLo_00014_000_a,2012,2012_cUknJlnzdLo,2012_cUknJlnzdLo_00014,2012_cUknJlnzdLo_00014_000,22,7.140625,0.9353931546211243,5.875,0.608718991279602,7.140625,1.5887415409088135,0.0012183747021481395,0.01701747626066208,0.09481869637966156,0.03768484911415726
915,2011_YfJc2bORFHs_00005_000_a,2011,2011_YfJc2bORFHs,2011_YfJc2bORFHs_00005,2011_YfJc2bORFHs_00005_000,33,7.13671875,0.7398180961608887,5.3671875,0.292793869972229,7.13671875,1.633866548538208,0.0015431169886142015,0.009030009619891644,0.004339444451034069,0.004970857019846638
2242,2012_V3s3OXOzoH4_00007_000_a,2012,2012_V3s3OXOzoH4,2012_V3s3OXOzoH4_00007,2012_V3s3OXOzoH4_00007_000,34,7.1171875,0.48309049010276794,6.31640625,0.440865695476532,7.1171875,0.5675401091575623,0.0009404831798747182,0.004398172255605459,0.0027945691253989935,0.0027110748536263904
4962,2015_reKMIuxFqzY_00000_002_a,2015,2015_reKMIuxFqzY,2015_reKMIuxFqzY_00000,2015_reKMIuxFqzY_00000_002,37,7.09765625,1.0310152769088745,2.796875,0.40804311633110046,7.09765625,2.2769594192504883,0.0025755278766155243,0.041863616555929184,0.1354674994945526,0.05996888130903244
3598,2014_jWt7wiLImmU_00000_013_a,2014,2014_jWt7wiLImmU,2014_jWt7wiLImmU_00000,2014_jWt7wiLImmU_00000_013,35,7.09765625,0.500646710395813,7.09765625,0.47189590334892273,4.84765625,0.5581483840942383,0.0013949802378192544,0.007876098155975342,0.5068475008010864,0.17203952639829367
5597,2016_KtZQO636AQw_00001_000_a,2016,2016_KtZQO636AQw,2016_KtZQO636AQw_00001,2016_KtZQO636AQw_00001_000,55,7.09375,0.9960835576057434,2.57421875,0.35946884751319885,7.09375,2.269312858581543,0.0014252614928409457,0.007648400962352753,1.316942572593689,0.44200541168296087
9910,2019_Zo0d4xk3BXw_00027_000_a,2019,2019_Zo0d4xk3BXw,2019_Zo0d4xk3BXw_00027,2019_Zo0d4xk3BXw_00027_000,21,7.09375,0.9524705410003662,5.8671875,0.5211535692214966,7.09375,1.815104365348816,0.004062077961862087,0.0077860127203166485,0.03708437457680702,0.016310821752995253
5098,2015_x7RM1MOhSic_00005_000_a,2015,2015_x7RM1MOhSic,2015_x7RM1MOhSic_00005,2015_x7RM1MOhSic_00005_000,19,7.08203125,0.6021496653556824,4.5234375,0.2808004915714264,7.08203125,1.2448480129241943,0.002450000960379839,0.004536237567663193,0.005916367284953594,0.004300868604332209
5699,2016_PEOiWoM2q6Y_00073_000_a,2016,2016_PEOiWoM2q6Y,2016_PEOiWoM2q6Y_00073,2016_PEOiWoM2q6Y_00073_000,14,7.078125,0.2962270677089691,7.078125,0.29010075330734253,3.49609375,0.30847975611686707,0.0030359786469489336,0.017032790929079056,0.01832357421517372,0.01279744793040057
9437,2019_GJleW4TCQM0_00019_000_a,2019,2019_GJleW4TCQM0,2019_GJleW4TCQM0_00019,2019_GJleW4TCQM0_00019_000,24,7.05859375,0.812012791633606,4.875,0.3265537619590759,7.05859375,1.7829310894012451,0.0030909532215446234,0.0027565183117985725,0.018398158252239227,0.00808187659519414
9255,2019_6fs-P3Vq9BI_00000_000_a,2019,2019_6fs-P3Vq9BI,2019_6fs-P3Vq9BI_00000,2019_6fs-P3Vq9BI_00000_000,29,7.0546875,0.3994308114051819,7.0546875,0.4024771749973297,3.693359375,0.3933381140232086,0.0014358072075992823,0.0033357071224600077,0.0037775386590510607,0.00284968432970345
8683,2017_zNMpSVorNr0_00027_000_a,2017,2017_zNMpSVorNr0,2017_zNMpSVorNr0_00027,2017_zNMpSVorNr0_00027_000,40,7.05078125,0.6958441734313965,3.75,0.29337286949157715,7.05078125,1.5007869005203247,0.0013929358683526516,0.0047872839495539665,0.01087462343275547,0.005684947750220696
9170,2019_3Avu3KdHGdo_00002_000_a,2019,2019_3Avu3KdHGdo,2019_3Avu3KdHGdo_00002,2019_3Avu3KdHGdo_00002_000,54,7.046875,0.42103469371795654,7.046875,0.47287195920944214,3.67578125,0.3173602223396301,0.002117972820997238,0.011124730110168457,0.004340506158769131,0.005861069696644942
6250,2016_qhgkpZecrTY_00005_000_a,2016,2016_qhgkpZecrTY,2016_qhgkpZecrTY_00005,2016_qhgkpZecrTY_00005_000,18,7.0,0.3487670421600342,7.0,0.46580633521080017,2.685546875,0.1146884635090828,0.004232314880937338,0.013981040567159653,0.02529931254684925,0.01450422266498208
9007,2018_lK8cWFLr5qE_00011_000_a,2018,2018_lK8cWFLr5qE,2018_lK8cWFLr5qE_00011,2018_lK8cWFLr5qE_00011_000,18,6.9921875,0.5492671728134155,4.73046875,0.37010136246681213,6.9921875,0.9075989723205566,0.0034280759282410145,0.007861435413360596,0.10762333124876022,0.039637614196787276
9379,2019_DdpMl3_vPmQ_00012_001_a,2019,2019_DdpMl3_vPmQ,2019_DdpMl3_vPmQ_00012,2019_DdpMl3_vPmQ_00012_001,51,6.98046875,1.376828670501709,5.83203125,0.5778467059135437,6.98046875,2.974792718887329,0.00076809071470052,0.0034500283654779196,0.012628910131752491,0.005615676403976977
454,2011_GSprkzio_pE_00008_000_a,2011,2011_GSprkzio_pE,2011_GSprkzio_pE_00008,2011_GSprkzio_pE_00008_000,16,6.97265625,0.6855811476707458,4.88671875,0.4364999830722809,6.97265625,1.1837433576583862,0.01573077403008938,0.032326143234968185,0.0258620772510767,0.024639664838711422
7963,2017_gtmmKXgSUwo_00020_000_a,2017,2017_gtmmKXgSUwo,2017_gtmmKXgSUwo_00020,2017_gtmmKXgSUwo_00020_000,39,6.94140625,1.1992696523666382,6.0703125,0.579279899597168,6.94140625,2.4392495155334473,0.001672985265031457,0.007330324500799179,0.03342525288462639,0.014142854216819009
776,2011_SR5BfQ4rEqQ_00018_000_a,2011,2011_SR5BfQ4rEqQ,2011_SR5BfQ4rEqQ_00018,2011_SR5BfQ4rEqQ_00018_000,18,6.94140625,0.5716754794120789,4.70703125,0.3974454998970032,6.94140625,0.9201353788375854,0.002088716486468911,0.00623345049098134,0.023099370300769806,0.010473845759406686
9076,2018_z4216EVIfdE_00022_000_b,2018,2018_z4216EVIfdE,2018_z4216EVIfdE_00022,2018_z4216EVIfdE_00022_000,30,6.9375,0.886633574962616,5.33984375,0.42525631189346313,6.9375,1.809388279914856,0.0009055350092239678,0.00426440080627799,0.01750662550330162,0.007558853772934526
3075,2014_0uYmyOuu5xs_00000_000_b,2014,2014_0uYmyOuu5xs,2014_0uYmyOuu5xs_00000,2014_0uYmyOuu5xs_00000_000,19,6.93359375,0.5514714121818542,4.66796875,0.3404058814048767,6.93359375,0.9736024737358093,0.0030265229288488626,0.005265347193926573,0.0464622862637043,0.018251385462159913
3472,2014_aAg3LPuwfJM_00000_000_a,2014,2014_aAg3LPuwfJM,2014_aAg3LPuwfJM_00000,2014_aAg3LPuwfJM_00000_000,9,6.92578125,0.1297806352376938,6.92578125,0.1669977456331253,1.5283203125,0.05534641817212105,0.0014148439513519406,0.004376055672764778,0.07259564846754074,0.02612884936388582
7292,2017_OliOEVSIsmY_00000_000_a,2017,2017_OliOEVSIsmY,2017_OliOEVSIsmY_00000,2017_OliOEVSIsmY_00000_000,12,6.9140625,0.4425225853919983,5.61328125,0.41061457991600037,6.9140625,0.5063386559486389,0.002744210883975029,0.013582457788288593,0.015447642654180527,0.010591437108814716
1810,2012_9LvdctnZeWE_00000_000_a,2012,2012_9LvdctnZeWE,2012_9LvdctnZeWE_00000,2012_9LvdctnZeWE_00000_000,13,6.8984375,0.5209449529647827,5.91796875,0.5013059973716736,6.8984375,0.5602226853370667,0.0018124253256246448,0.011213338933885098,0.03712794557213783,0.016717903277215857
2036,2012_Lg69Gwv4tOM_00005_000_a,2012,2012_Lg69Gwv4tOM,2012_Lg69Gwv4tOM_00005,2012_Lg69Gwv4tOM_00005_000,37,6.8984375,0.4006337821483612,6.8984375,0.49415984749794006,2.537109375,0.21358172595500946,0.0010465946979820728,0.004996589384973049,0.0019864982459694147,0.002676560776308179
9519,2019_KMkdp0Uy8t0_00081_000_a,2019,2019_KMkdp0Uy8t0,2019_KMkdp0Uy8t0_00081,2019_KMkdp0Uy8t0_00081_000,11,6.890625,0.561752438545227,6.890625,0.3646644055843353,6.515625,0.9559283256530762,0.004812479484826326,0.01836472749710083,0.18306437134742737,0.06874719277645151
7385,2017_Rdl0ApAeczQ_00077_001_a,2017,2017_Rdl0ApAeczQ,2017_Rdl0ApAeczQ_00077,2017_Rdl0ApAeczQ_00077_001,12,6.88671875,0.4548709988594055,6.88671875,0.440207839012146,6.2265625,0.4841974973678589,0.03319413959980011,0.04372699186205864,0.29618752002716064,0.1243695504963398
893,2011_XjC8-nEGnrE_00014_000_a,2011,2011_XjC8-nEGnrE,2011_XjC8-nEGnrE_00014,2011_XjC8-nEGnrE_00014_000,18,6.8828125,0.16473384201526642,6.8828125,0.1995897889137268,2.21484375,0.09502194821834564,0.002782559720799327,0.0024034364614635706,0.03304207697510719,0.012742691052456697
8823,2018_FAmaskY8eXE_00002_006_b,2018,2018_FAmaskY8eXE,2018_FAmaskY8eXE_00002,2018_FAmaskY8eXE_00002_006,45,6.875,0.7492123246192932,2.267578125,0.22561675310134888,6.875,1.796403408050537,0.0024718008935451508,0.004685916006565094,0.12457931041717529,0.04391234243909518
9990,2019_cLomnZIvoFs_00054_000_a,2019,2019_cLomnZIvoFs,2019_cLomnZIvoFs_00054,2019_cLomnZIvoFs_00054_000,31,6.875,0.3634170889854431,6.875,0.38286158442497253,4.16015625,0.32452818751335144,0.0010340285953134298,0.00320060970261693,0.039031028747558594,0.014421889015162984
5434,2016_CyXxBjk4UaQ_00012_000_a,2016,2016_CyXxBjk4UaQ,2016_CyXxBjk4UaQ_00012,2016_CyXxBjk4UaQ_00012_000,52,6.859375,0.8563085198402405,5.91015625,0.670367956161499,6.859375,1.2281895875930786,0.0016959706554189324,0.01120501197874546,0.00948130153119564,0.007460761388453345
486,2011_HYOjY7JJDBI_00012_000_a,2011,2011_HYOjY7JJDBI,2011_HYOjY7JJDBI_00012,2011_HYOjY7JJDBI_00012_000,46,6.8515625,0.8418722748756409,3.564453125,0.34691086411476135,6.8515625,1.8317954540252686,0.000714644615072757,0.0017599667189642787,0.042322658002376556,0.014932423112137863
8165,2017_lkT9aqC6Tqw_00000_000_a,2017,2017_lkT9aqC6Tqw,2017_lkT9aqC6Tqw_00000,2017_lkT9aqC6Tqw_00000_000,32,6.8359375,1.074560523033142,4.7421875,0.5845069885253906,6.8359375,2.0546672344207764,0.001057576620951295,0.011280616745352745,0.11034238338470459,0.04089352558366954
8341,2017_pwuNGRVWB9w_00009_000_a,2017,2017_pwuNGRVWB9w,2017_pwuNGRVWB9w_00009,2017_pwuNGRVWB9w_00009_000,13,6.8359375,0.572269856929779,6.39453125,0.5320751667022705,6.8359375,0.6526591777801514,0.003403829177841544,0.013113115914165974,0.006758296396583319,0.007758413829530279
5750,2016_RwuhnfKnTYY_00001_001_a,2016,2016_RwuhnfKnTYY,2016_RwuhnfKnTYY_00001,2016_RwuhnfKnTYY_00001_001,18,6.83203125,0.408597856760025,6.83203125,0.406392365694046,4.78125,0.41300880908966064,0.0022943841759115458,0.006589872296899557,0.052896689623594284,0.020593648698801797
9826,2019_V-uaIme1eqw_00013_000_a,2019,2019_V-uaIme1eqw,2019_V-uaIme1eqw_00013,2019_V-uaIme1eqw_00013_000,20,6.828125,0.6899276971817017,4.453125,0.3285774886608124,6.828125,1.4126280546188354,0.0018690142314881086,0.00808371789753437,0.07789876312017441,0.029283831749732297
9825,2019_UwN27CAbgFQ_00006_002_a,2019,2019_UwN27CAbgFQ,2019_UwN27CAbgFQ_00006,2019_UwN27CAbgFQ_00006_002,14,6.8203125,0.5332103371620178,4.64453125,0.27936041355133057,6.8203125,1.040910243988037,0.0019508462864905596,0.005367063917219639,1.3078514337539673,0.43838978131922585
4704,2015_eI4FXLtPBL0_00002_000_a,2015,2015_eI4FXLtPBL0,2015_eI4FXLtPBL0_00002,2015_eI4FXLtPBL0_00002_000,26,6.8046875,0.4652397930622101,6.8046875,0.5875405669212341,2.876953125,0.22063837945461273,0.002419706666842103,0.006348303519189358,0.10916318744421005,0.039310399210080504
2428,2012_bdm9LVNbuNg_00044_000_a,2012,2012_bdm9LVNbuNg,2012_bdm9LVNbuNg_00044,2012_bdm9LVNbuNg_00044_000,21,6.79296875,0.9022640585899353,6.65234375,0.5026386380195618,6.79296875,1.7015148401260376,0.0012097468134015799,0.0036242944188416004,0.018053987994790077,0.0076293430756777525
3250,2014_GeqbeBDtYkE_00001_001_a,2014,2014_GeqbeBDtYkE,2014_GeqbeBDtYkE_00001,2014_GeqbeBDtYkE_00001_001,37,6.79296875,0.7334706783294678,4.44140625,0.29941508173942566,6.79296875,1.6015819311141968,0.0005396137130446732,0.0017704431666061282,0.05418981984257698,0.018833292240742594
8897,2018_TiJBxtM5iKw_00038_000_a,2018,2018_TiJBxtM5iKw,2018_TiJBxtM5iKw_00038,2018_TiJBxtM5iKw_00038_000,19,6.79296875,0.6316423416137695,5.6484375,0.4926435351371765,6.79296875,0.9096397757530212,0.004114697687327862,0.009042889811098576,0.12446489930152893,0.04587416226665179
2869,2012_sPZUh1YRnDg_00026_000_a,2012,2012_sPZUh1YRnDg,2012_sPZUh1YRnDg_00026,2012_sPZUh1YRnDg_00026_000,26,6.76953125,0.7540760040283203,5.375,0.3659839928150177,6.76953125,1.5302600860595703,0.0005852262256667018,0.002260785084217787,0.21374821662902832,0.07219807597963761
3257,2014_HPeiybjTy3E_00019_000_a,2014,2014_HPeiybjTy3E,2014_HPeiybjTy3E_00019,2014_HPeiybjTy3E_00019_000,11,6.76953125,0.40062934160232544,5.015625,0.3164394497871399,6.76953125,0.5690091252326965,0.003289054147899151,0.014311769977211952,0.10526397079229355,0.040954931639134884
4294,2015_MeY7MlJJOdo_00002_000_a,2015,2015_MeY7MlJJOdo,2015_MeY7MlJJOdo_00002,2015_MeY7MlJJOdo_00002_000,11,6.765625,0.5333680510520935,6.765625,0.44531530141830444,6.4765625,0.7094736099243164,0.002930660732090473,0.004460588563233614,0.03155669569969177,0.012982648331671953
3062,2014_-cvGAF7LbqE_00004_000_a,2014,2014_-cvGAF7LbqE,2014_-cvGAF7LbqE_00004,2014_-cvGAF7LbqE_00004_000,63,6.75,1.3119524717330933,2.681640625,0.33784219622612,6.75,3.2601728439331055,0.001352344756014645,0.005988324526697397,0.01766618900001049,0.008335619427574178
6306,2016_ti9jg0JOK2I_00018_000_a,2016,2016_ti9jg0JOK2I,2016_ti9jg0JOK2I_00018,2016_ti9jg0JOK2I_00018_000,16,6.7421875,0.4989646375179291,4.9609375,0.4415890872478485,6.7421875,0.6137157678604126,0.002406070241704583,0.015402872115373611,0.04816865921020508,0.021992533855761092
6829,2017_AEYh9Sh6kk8_00001_000_a,2017,2017_AEYh9Sh6kk8,2017_AEYh9Sh6kk8_00001,2017_AEYh9Sh6kk8_00001_000,30,6.72265625,0.8672422766685486,6.72265625,0.941209614276886,6.1015625,0.7193074822425842,0.004038066137582064,0.01575077883899212,0.0855834111571312,0.03512408537790179
7364,2017_Qzf3SFbaODw_00012_000_a,2017,2017_Qzf3SFbaODw,2017_Qzf3SFbaODw_00012,2017_Qzf3SFbaODw_00012_000,9,6.71875,0.34583574533462524,6.71875,0.41804322600364685,4.33203125,0.2014208287000656,0.007082147058099508,0.0517687052488327,2.408376693725586,0.8224091820108393
7081,2017_HlyzLOPYuKc_00001_000_a,2017,2017_HlyzLOPYuKc,2017_HlyzLOPYuKc_00001,2017_HlyzLOPYuKc_00001_000,33,6.6953125,0.6987088322639465,5.16796875,0.3284538984298706,6.6953125,1.4392189979553223,0.0029418542981147766,0.010810194537043571,0.05724184587597847,0.02366463157037894
4965,2015_rsyw13yrRoo_00000_000_a,2015,2015_rsyw13yrRoo,2015_rsyw13yrRoo_00000,2015_rsyw13yrRoo_00000_000,22,6.6953125,0.2826426327228546,6.6953125,0.23479677736759186,3.962890625,0.37833431363105774,0.0010639388347044587,0.0031329214107245207,0.02949458919465542,0.0112304831466948
10101,2019_hOH-oOCfsX4_00007_000_a,2019,2019_hOH-oOCfsX4,2019_hOH-oOCfsX4_00007,2019_hOH-oOCfsX4_00007_000,17,6.6875,0.4807274639606476,5.54296875,0.48327600955963135,6.6875,0.4756305515766144,0.0018569270614534616,0.003578406060114503,0.033285558223724365,0.01290696378176411
8440,2017_sk0mjld_eow_00022_001_a,2017,2017_sk0mjld_eow,2017_sk0mjld_eow_00022,2017_sk0mjld_eow_00022_001,9,6.6875,0.1667034775018692,6.6875,0.20897887647151947,1.96875,0.08215267211198807,0.002821655012667179,0.008963272906839848,0.2963654696941376,0.1027167992045482
4300,2015_N3qEvEGFdKE_00012_000_a,2015,2015_N3qEvEGFdKE,2015_N3qEvEGFdKE_00012,2015_N3qEvEGFdKE_00012_000,38,6.68359375,0.6779227256774902,5.83984375,0.53719562292099,6.68359375,0.9593768119812012,0.0013302747393026948,0.015550083480775356,0.1766778975725174,0.06451941859753181
10349,2019_sVfmACBWnIY_00000_000_a,2019,2019_sVfmACBWnIY,2019_sVfmACBWnIY_00000,2019_sVfmACBWnIY_00000_000,12,6.6796875,0.4202437698841095,5.65234375,0.39728108048439026,6.6796875,0.46616891026496887,0.002699692966416478,0.010755952447652817,0.008869217708706856,0.007441621040925384
2273,2012_WRdy4CcRchU_00006_000_a,2012,2012_WRdy4CcRchU,2012_WRdy4CcRchU_00006,2012_WRdy4CcRchU_00006_000,37,6.671875,0.8030000329017639,3.861328125,0.35347551107406616,6.671875,1.7020490169525146,0.0011271594557911158,0.008618717081844807,0.07528682053089142,0.02834423235617578
5051,2015_vbKfMbxFfJo_00001_001_a,2015,2015_vbKfMbxFfJo,2015_vbKfMbxFfJo_00001,2015_vbKfMbxFfJo_00001_001,15,6.66015625,0.2352282851934433,6.66015625,0.29715317487716675,2.701171875,0.11137847602367401,0.0020732581615448,0.010516002774238586,0.004957288969308138,0.005848849968363841
10378,2019_tY5el7dZ9H0_00006_001_a,2019,2019_tY5el7dZ9H0,2019_tY5el7dZ9H0_00006,2019_tY5el7dZ9H0_00006_001,43,6.640625,0.7697977423667908,5.91796875,0.351110577583313,6.640625,1.6071720123291016,0.0005743934889324009,0.007061546668410301,0.0772833302617073,0.028306423473016668
9133,2019_1wWk7qN62dI_00011_000_a,2019,2019_1wWk7qN62dI,2019_1wWk7qN62dI_00011,2019_1wWk7qN62dI_00011_000,15,6.63671875,0.6164106130599976,6.13671875,0.49506306648254395,6.63671875,0.8591054081916809,0.0018299774965271354,0.010344292968511581,0.07448624819517136,0.02888683955340336
9167,2019_31fx9aF04ww_00017_000_a,2019,2019_31fx9aF04ww,2019_31fx9aF04ww_00017,2019_31fx9aF04ww_00017_000,14,6.62890625,0.35709747672080994,6.62890625,0.3724806606769562,3.9921875,0.3263310194015503,0.002894362434744835,0.01049722172319889,0.034168630838394165,0.015853404998779297
3991,2015_9W5MiCLa9DU_00054_000_a,2015,2015_9W5MiCLa9DU,2015_9W5MiCLa9DU_00054,2015_9W5MiCLa9DU_00054_000,13,6.62890625,0.30692076683044434,6.62890625,0.3569793999195099,3.498046875,0.206803560256958,0.0027565096970647573,0.01300011482089758,0.02982121892273426,0.0151926144802322
4580,2015_ZSL_Z4FFmjo_00000_000_a,2015,2015_ZSL_Z4FFmjo,2015_ZSL_Z4FFmjo_00000,2015_ZSL_Z4FFmjo_00000_000,42,6.62109375,0.8273788094520569,4.01953125,0.5230504274368286,6.62109375,1.4360357522964478,0.004138209857046604,0.0050454032607376575,0.9605635404586792,0.32324905119215447
7993,2017_hwTf9WurF4U_00042_000_a,2017,2017_hwTf9WurF4U,2017_hwTf9WurF4U_00042,2017_hwTf9WurF4U_00042_000,21,6.62109375,0.6904484033584595,6.62109375,0.5701821446418762,5.8359375,0.9309806227684021,0.013610647059977055,0.035079412162303925,0.018791204318404198,0.022493754513561726
5301,2016_52QPxxtu1-s_00030_001_a,2016,2016_52QPxxtu1-s,2016_52QPxxtu1-s_00030,2016_52QPxxtu1-s_00030_001,12,6.609375,0.46070408821105957,5.234375,0.2806074917316437,6.609375,0.8208973407745361,0.0019850879907608032,0.009167256765067577,0.012076469138264656,0.007742937964697679
5712,2016_PczVuk7L0MU_00017_000_a,2016,2016_PczVuk7L0MU,2016_PczVuk7L0MU_00017,2016_PczVuk7L0MU_00017_000,9,6.6015625,0.3429732918739319,6.6015625,0.32355862855911255,6.30078125,0.38180261850357056,0.0026373276486992836,0.011032580398023129,0.025992317125201225,0.013220741723974546
10241,2019_oMpbWgx0Cdk_00006_001_a,2019,2019_oMpbWgx0Cdk,2019_oMpbWgx0Cdk_00006,2019_oMpbWgx0Cdk_00006_001,9,6.59765625,0.3756270110607147,5.44921875,0.2646872401237488,6.59765625,0.5975064635276794,0.005955253262072802,0.042770903557538986,0.18626224994659424,0.07832946892206867
5555,2016_Ix8ShPSjmtE_00060_000_a,2016,2016_Ix8ShPSjmtE,2016_Ix8ShPSjmtE_00060,2016_Ix8ShPSjmtE_00060_000,37,6.59375,0.3613532781600952,6.59375,0.4131854176521301,2.96875,0.25768905878067017,0.0038874768652021885,0.009332493878901005,0.016756100580096245,0.009992023774733147
5181,2016_0SDvqDdbhSc_00010_000_a,2016,2016_0SDvqDdbhSc,2016_0SDvqDdbhSc_00010,2016_0SDvqDdbhSc_00010_000,12,6.58984375,0.3353162407875061,6.58984375,0.4350265562534332,3.400390625,0.13589562475681305,0.003342915093526244,0.012548744678497314,0.023923134431242943,0.0132715980677555
1529,2011_w29PG-8Tywo_00018_000_a,2011,2011_w29PG-8Tywo,2011_w29PG-8Tywo_00018,2011_w29PG-8Tywo_00018_000,22,6.5859375,0.8929034471511841,6.296875,0.4765640199184418,6.5859375,1.7255827188491821,0.0036828818265348673,0.007616324815899134,0.013103022240102291,0.008134076294178763
9499,2019_JPbZNEly1N0_00042_000_a,2019,2019_JPbZNEly1N0,2019_JPbZNEly1N0_00042,2019_JPbZNEly1N0_00042_000,27,6.5859375,0.6911531686782837,5.66015625,0.5026389956474304,6.5859375,1.0681815147399902,0.0012389131588861346,0.0040547726675868034,0.03521483391523361,0.013502839913902184
7194,2017_LfL_KOOZvLw_00011_000_a,2017,2017_LfL_KOOZvLw,2017_LfL_KOOZvLw_00011,2017_LfL_KOOZvLw_00011_000,12,6.5859375,0.39804476499557495,6.51953125,0.2421717792749405,6.5859375,0.709790825843811,0.001142030698247254,0.006334465462714434,0.006189180072396994,0.004555225411119561
4998,2015_tab4Nxd8GlY_00006_001_a,2015,2015_tab4Nxd8GlY,2015_tab4Nxd8GlY_00006,2015_tab4Nxd8GlY_00006_001,50,6.578125,1.1196637153625488,2.958984375,0.3121398985385895,6.578125,2.7347114086151123,0.0007633849163539708,0.004718400072306395,0.002248217584565282,0.002576667524408549
1620,2011_zxqYjEzGEPs_00000_000_a,2011,2011_zxqYjEzGEPs,2011_zxqYjEzGEPs_00000,2011_zxqYjEzGEPs_00000_000,39,6.57421875,0.9508038759231567,5.01953125,0.36289510130882263,6.57421875,2.126621723175049,0.0007750862278044224,0.010855032131075859,0.13517722487449646,0.04893578107779225
6330,2016_uQLeZO2Z1YQ_00036_000_a,2016,2016_uQLeZO2Z1YQ,2016_uQLeZO2Z1YQ_00036,2016_uQLeZO2Z1YQ_00036_000,19,6.57421875,0.7511287927627563,6.37109375,0.7045937180519104,6.57421875,0.8441987037658691,0.002805373864248395,0.014546753838658333,0.10628094524145126,0.041211024314785995
630,2011_MNV86VFd4Zw_00034_000_a,2011,2011_MNV86VFd4Zw,2011_MNV86VFd4Zw_00034,2011_MNV86VFd4Zw_00034_000,23,6.5703125,0.3690875470638275,6.5703125,0.43138009309768677,3.677734375,0.244502454996109,0.003885263577103615,0.01389320008456707,0.5990890264511108,0.2056224967042605
5619,2016_LepvQqFvoWc_00020_000_a,2016,2016_LepvQqFvoWc,2016_LepvQqFvoWc_00020,2016_LepvQqFvoWc_00020_000,34,6.56640625,0.6736608147621155,6.56640625,0.8629055619239807,3.22265625,0.29517126083374023,0.0026264023035764694,0.015352940186858177,0.32980409264564514,0.1159278117120266
2192,2012_SfQk_TF9KJ8_00020_000_a,2012,2012_SfQk_TF9KJ8,2012_SfQk_TF9KJ8_00020,2012_SfQk_TF9KJ8_00020_000,46,6.5625,1.3713579177856445,4.6875,0.7517352104187012,6.5625,2.6106033325195312,0.0028548913542181253,0.014484078623354435,0.02435462921857834,0.013897866398716966
1121,2011_eXAvTZlmYF0_00012_000_a,2011,2011_eXAvTZlmYF0,2011_eXAvTZlmYF0_00012,2011_eXAvTZlmYF0_00012_000,10,6.5625,0.3658679127693176,6.5625,0.24570900201797485,5.421875,0.6061856746673584,0.0011043095728382468,0.003346354467794299,0.0020306280348449945,0.0021604306918258467
9861,2019_WsgkiKu7AO8_00014_000_a,2019,2019_WsgkiKu7AO8,2019_WsgkiKu7AO8_00014,2019_WsgkiKu7AO8_00014_000,30,6.55859375,0.44230756163597107,3.2421875,0.2552574574947357,6.55859375,0.8164077401161194,0.0009487040224485099,0.008972362615168095,0.04409094899892807,0.018004005212181557
479,2011_HQv0WWhoZnI_00007_000_a,2011,2011_HQv0WWhoZnI,2011_HQv0WWhoZnI_00007,2011_HQv0WWhoZnI_00007_000,29,6.546875,0.8640687465667725,2.560546875,0.2563174366950989,6.546875,2.079571485519409,0.0019134446047246456,0.014119608327746391,0.034921493381261826,0.016984848771244287
6976,2017_EfHvcHYz-tY_00008_001_a,2017,2017_EfHvcHYz-tY,2017_EfHvcHYz-tY_00008,2017_EfHvcHYz-tY_00008_001,29,6.546875,0.5746541619300842,6.546875,0.6037469506263733,4.5,0.5164684057235718,0.0034332687500864267,0.01844850927591324,0.05297431722283363,0.0249520317496111
10354,2019_ss7eqc_SHsg_00010_000_a,2019,2019_ss7eqc_SHsg,2019_ss7eqc_SHsg_00010,2019_ss7eqc_SHsg_00010_000,28,6.54296875,0.7150405645370483,6.54296875,0.6929842829704285,4.19140625,0.7591530084609985,0.0023835382889956236,0.00910511426627636,0.044843241572380066,0.018777298042550683
10535,2019_zhaVycw4FXI_00058_000_a,2019,2019_zhaVycw4FXI,2019_zhaVycw4FXI_00058,2019_zhaVycw4FXI_00058_000,29,6.5390625,0.293174147605896,6.5390625,0.29123589396476746,3.681640625,0.29705068469047546,0.0017659080913290381,0.015826161950826645,0.1336292028427124,0.05040709096162269
7816,2017_bwoxnQ4eLR4_00001_000_a,2017,2017_bwoxnQ4eLR4,2017_bwoxnQ4eLR4_00001,2017_bwoxnQ4eLR4_00001_000,55,6.53515625,0.934551477432251,4.26953125,0.4816373586654663,6.53515625,1.8403795957565308,0.0007740171859040856,0.002592744305729866,0.013693221844732761,0.005686661112122238
9265,2019_6w4Chzgna0c_00005_000_a,2019,2019_6w4Chzgna0c,2019_6w4Chzgna0c_00005,2019_6w4Chzgna0c_00005_000,55,6.53125,0.7661604285240173,2.580078125,0.2770552933216095,6.53125,1.744370937347412,0.0005536027601920068,0.0031251239124685526,0.029676426202058792,0.011118384291573117
8762,2018_8H_aePfIMzQ_00004_003_a,2018,2018_8H_aePfIMzQ,2018_8H_aePfIMzQ_00004,2018_8H_aePfIMzQ_00004_003,21,6.52734375,0.4785194993019104,6.52734375,0.5422819256782532,3.88671875,0.3509945869445801,0.0075198570266366005,0.012380482628941536,0.011468595825135708,0.010456311826904615
4000,2015_AClQyr2koxc_00040_000_a,2015,2015_AClQyr2koxc,2015_AClQyr2koxc_00040,2015_AClQyr2koxc_00040_000,24,6.515625,0.484851211309433,4.2890625,0.24078628420829773,6.515625,0.9729810357093811,0.0005873668123967946,0.007184325251728296,0.00560371158644557,0.004458467883523554
6894,2017_ByN3jkG-PzQ_00025_000_a,2017,2017_ByN3jkG-PzQ,2017_ByN3jkG-PzQ_00025,2017_ByN3jkG-PzQ_00025_000,43,6.515625,0.4758421778678894,2.513671875,0.21146821975708008,6.515625,1.0045901536941528,0.0003928595979232341,0.0011580417631193995,0.0040893848054111,0.0018800953888179113
4975,2015_sEycv_wZaIA_00044_000_a,2015,2015_sEycv_wZaIA,2015_sEycv_wZaIA_00044,2015_sEycv_wZaIA_00044_000,34,6.51171875,0.7059338092803955,6.51171875,0.5854801535606384,5.0234375,0.9468412399291992,0.0030645965598523617,0.014419159851968288,0.05730430781841278,0.024929354743411142
6404,2016_ySwvsZ3KWhc_00001_000_a,2016,2016_ySwvsZ3KWhc,2016_ySwvsZ3KWhc_00001,2016_ySwvsZ3KWhc_00001_000,21,6.51171875,0.6449985504150391,4.3515625,0.22741277515888214,6.51171875,1.4801702499389648,0.0012597441673278809,0.004260660149157047,0.06349288672208786,0.02300443034619093
7288,2017_OTAO1MRbmNY_00028_000_a,2017,2017_OTAO1MRbmNY,2017_OTAO1MRbmNY_00028,2017_OTAO1MRbmNY_00028_000,19,6.50390625,0.7744442224502563,6.50390625,0.825566291809082,5.82421875,0.672200083732605,0.004632025025784969,0.021492818370461464,0.05685455724596977,0.027659800214072067
7017,2017_FYnYxm5Awfg_00013_002_a,2017,2017_FYnYxm5Awfg,2017_FYnYxm5Awfg_00013,2017_FYnYxm5Awfg_00013_002,25,6.5,0.3342306315898895,6.5,0.4043723940849304,4.3359375,0.19394713640213013,0.003535263938829303,0.008228774182498455,0.02397317811846733,0.011912405413265029
1081,2011_dfFFgV624TA_00003_000_a,2011,2011_dfFFgV624TA,2011_dfFFgV624TA_00003,2011_dfFFgV624TA_00003_000,62,6.49609375,1.3628625869750977,4.44140625,0.3936630189418793,6.49609375,3.3012616634368896,0.0010226728627458215,0.003095075022429228,0.0058589112013578415,0.003325553028844297
6203,2016_o6hrLFJq63E_00000_000_a,2016,2016_o6hrLFJq63E,2016_o6hrLFJq63E_00000,2016_o6hrLFJq63E_00000_000,34,6.49609375,0.38406509160995483,6.49609375,0.4318622946739197,3.748046875,0.28847071528434753,0.0008947698515839875,0.004226088058203459,0.028353143483400345,0.011158000464395931
6576,2017_3B40Rhnt4PA_00047_000_a,2017,2017_3B40Rhnt4PA,2017_3B40Rhnt4PA_00047,2017_3B40Rhnt4PA_00047_000,30,6.4765625,0.37763839960098267,6.4765625,0.29511934518814087,4.43359375,0.5426764488220215,0.0018596627051010728,0.009024462662637234,0.0417114682495594,0.017531864539099235
434,2011_FtZb1Kbh2qY_00010_000_a,2011,2011_FtZb1Kbh2qY,2011_FtZb1Kbh2qY_00010,2011_FtZb1Kbh2qY_00010_000,45,6.46875,1.5932813882827759,6.125,0.4284111559391022,6.46875,3.923022508621216,0.0015643129590898752,0.003672311082482338,0.0776447132229805,0.02762711242151757
2398,2012_aNUs1A_sUCc_00000_000_a,2012,2012_aNUs1A_sUCc,2012_aNUs1A_sUCc_00000,2012_aNUs1A_sUCc_00000_000,57,6.46484375,1.1299842596054077,3.251953125,0.3975626230239868,6.46484375,2.594827651977539,0.0006359239923767745,0.003243722952902317,0.18779392540454865,0.06389119078327592
3048,2013_f1Nh9DlkZ1w_00000_003_b,2013,2013_f1Nh9DlkZ1w,2013_f1Nh9DlkZ1w_00000,2013_f1Nh9DlkZ1w_00000_003,20,6.4609375,0.6458106637001038,6.4609375,0.518074631690979,5.77734375,0.9012827277183533,0.0063622877933084965,0.008215787820518017,0.07255314290523529,0.029043739506353933
9955,2019_aNA-hjvEyUY_00039_000_a,2019,2019_aNA-hjvEyUY,2019_aNA-hjvEyUY_00039,2019_aNA-hjvEyUY_00039_000,40,6.45703125,0.5853666663169861,2.904296875,0.377693235874176,6.45703125,1.00071382522583,0.0004606055445037782,0.003263508901000023,0.007523594424128532,0.0037492362898774445
3383,2014_St16P31BURU_00028_000_a,2014,2014_St16P31BURU,2014_St16P31BURU_00028,2014_St16P31BURU_00028_000,31,6.45703125,0.4237019419670105,6.45703125,0.4440614879131317,4.50390625,0.3829827606678009,0.0019282723078504205,0.005038629751652479,0.008722986094653606,0.005229962718052168
8700,2017_zb5RJyrk4gc_00002_002_a,2017,2017_zb5RJyrk4gc,2017_zb5RJyrk4gc_00002,2017_zb5RJyrk4gc_00002_002,12,6.45703125,0.14592592418193817,6.45703125,0.1749163568019867,1.6669921875,0.08794502168893814,0.0023025076370686293,0.008655915968120098,0.004204697906970978,0.005054373837386568
10326,2019_rOzJnj3UmNE_00002_000_a,2019,2019_rOzJnj3UmNE,2019_rOzJnj3UmNE_00002,2019_rOzJnj3UmNE_00002_000,34,6.44140625,0.4868195354938507,3.244140625,0.2540310025215149,6.44140625,0.9523965716362,0.0013010032707825303,0.002227690303698182,0.11551075428724289,0.03967981595390787
2341,2012_Yo3qKhfO_V4_00019_001_a,2012,2012_Yo3qKhfO_V4,2012_Yo3qKhfO_V4_00019,2012_Yo3qKhfO_V4_00019_001,24,6.44140625,0.20084787905216217,6.44140625,0.2120858132839203,1.662109375,0.17837201058864594,0.001017876318655908,0.0031588543206453323,0.014538698829710484,0.006238476489670575
2059,2012_MTRBtcsZwjw_00001_001_a,2012,2012_MTRBtcsZwjw,2012_MTRBtcsZwjw_00001,2012_MTRBtcsZwjw_00001_001,29,6.4296875,0.6133694648742676,6.4296875,0.601077139377594,6.26171875,0.6379543542861938,0.001312637934461236,0.012515688315033913,0.009950010105967522,0.007926112118487557
6342,2016_vEd2sU65NQI_00027_001_a,2016,2016_vEd2sU65NQI,2016_vEd2sU65NQI_00027,2016_vEd2sU65NQI_00027_001,12,6.4296875,0.4278660714626312,6.4296875,0.3763754367828369,6.1484375,0.530847430229187,0.002738459035754204,0.011545412242412567,0.5642247200012207,0.19283619709312916
9,2011_-UAElWXbk3I_00000_001_a,2011,2011_-UAElWXbk3I,2011_-UAElWXbk3I_00000,2011_-UAElWXbk3I_00000_001,40,6.421875,0.5465434193611145,6.421875,0.6839876174926758,2.1796875,0.2716551125049591,0.0037416182458400726,0.024558577686548233,0.11008141189813614,0.04612720261017481
6214,2016_oX5iDM-DnQ4_00019_000_a,2016,2016_oX5iDM-DnQ4,2016_oX5iDM-DnQ4_00019,2016_oX5iDM-DnQ4_00019_000,30,6.421875,0.42287325859069824,6.421875,0.4448080360889435,4.04296875,0.3790036141872406,0.001872472814284265,0.006265716627240181,0.005576483439654112,0.004571557627059519
8318,2017_pNRl-3kZPzY_00022_000_a,2017,2017_pNRl-3kZPzY,2017_pNRl-3kZPzY_00022,2017_pNRl-3kZPzY_00022_000,58,6.41796875,1.0843603610992432,2.580078125,0.31173455715179443,6.41796875,2.6296122074127197,0.002310117706656456,0.007366594392806292,0.007035478949546814,0.005570730349669854
10405,2019_uydWF18xoCQ_00005_000_a,2019,2019_uydWF18xoCQ,2019_uydWF18xoCQ_00005,2019_uydWF18xoCQ_00005_000,63,6.41796875,0.8119456768035889,4.8671875,0.4604724645614624,6.41796875,1.5148919820785522,0.002419590251520276,0.0034090913832187653,0.37678980827331543,0.12753949663601816
9726,2019_R0CN7Enq4Rg_00026_000_a,2019,2019_R0CN7Enq4Rg,2019_R0CN7Enq4Rg_00026,2019_R0CN7Enq4Rg_00026_000,20,6.41796875,0.2705530524253845,6.41796875,0.32296615839004517,2.646484375,0.16572679579257965,0.0032452461309731007,0.011374618858098984,0.07544061541557312,0.030020160134881735
5531,2016_HOrCBUADkMM_00003_000_a,2016,2016_HOrCBUADkMM,2016_HOrCBUADkMM_00003,2016_HOrCBUADkMM_00003_000,40,6.40625,0.528087317943573,4.64453125,0.34283125400543213,6.40625,0.8985994458198547,0.0012329018209129572,0.0030956286936998367,0.004084078595042229,0.0028042030365516744
2390,2012__y5i94TfOxw_00011_000_a,2012,2012__y5i94TfOxw,2012__y5i94TfOxw_00011,2012__y5i94TfOxw_00011_000,29,6.40234375,0.2882307171821594,6.40234375,0.2954235374927521,2.58984375,0.2738451361656189,0.002299058251082897,0.006584430579096079,0.025777548551559448,0.011553679127246141
4832,2015_kHTAJHod8-g_00018_000_a,2015,2015_kHTAJHod8-g,2015_kHTAJHod8-g_00018,2015_kHTAJHod8-g_00018_000,15,6.40234375,0.23219788074493408,6.40234375,0.30150437355041504,2.103515625,0.09358493238687515,0.008821173571050167,0.01143684983253479,0.041276559233665466,0.02051152754575014
4656,2015_bT6NizTtXug_00045_000_a,2015,2015_bT6NizTtXug,2015_bT6NizTtXug_00045,2015_bT6NizTtXug_00045_000,11,6.40234375,0.18855081498622894,6.40234375,0.2328101545572281,2.40625,0.10003218799829483,0.0013139471411705017,0.008498980663716793,0.013311648741364479,0.007708192182083924
2796,2012_q4G5hUvL-wI_00009_001_a,2012,2012_q4G5hUvL-wI,2012_q4G5hUvL-wI_00009,2012_q4G5hUvL-wI_00009_001,18,6.3984375,0.7637433409690857,6.3984375,0.39330723881721497,6.26953125,1.5046154260635376,0.001587518723681569,0.016827087849378586,0.14605467021465302,0.05482309226257106
9168,2019_31fx9aF04ww_00017_001_a,2019,2019_31fx9aF04ww,2019_31fx9aF04ww_00017,2019_31fx9aF04ww_00017_001,10,6.3984375,0.37818849086761475,6.3984375,0.4609190821647644,3.984375,0.21272723376750946,0.006780759897083044,0.013013300485908985,0.2878888249397278,0.10256096177423994
2100,2012_O1-lkTgl-ws_00022_001_a,2012,2012_O1-lkTgl-ws,2012_O1-lkTgl-ws_00022,2012_O1-lkTgl-ws_00022_001,52,6.39453125,1.332065463066101,4.96484375,0.5776320695877075,6.39453125,2.8409318923950195,0.003051161766052246,0.00446650106459856,0.006868766620755196,0.004795476483802001
5880,2016_ZAhwNITS1WQ_00016_000_a,2016,2016_ZAhwNITS1WQ,2016_ZAhwNITS1WQ_00016,2016_ZAhwNITS1WQ_00016_000,25,6.39453125,0.6177564263343811,4.34765625,0.5792227387428284,6.39453125,0.6948235034942627,0.0012054324615746737,0.004708204884082079,0.06758835166692734,0.024500663004194696
10105,2019_hT_CiaTcnN8_00008_000_a,2019,2019_hT_CiaTcnN8,2019_hT_CiaTcnN8_00008,2019_hT_CiaTcnN8_00008_000,25,6.38671875,0.795228123664856,4.81640625,0.37556400895118713,6.38671875,1.6345560550689697,0.000901778053957969,0.005255709867924452,0.04664721339941025,0.017601567107097555
9992,2019_cPVM14Bnf5I_00057_001_a,2019,2019_cPVM14Bnf5I,2019_cPVM14Bnf5I_00057,2019_cPVM14Bnf5I_00057_001,11,6.3828125,0.44687342643737793,6.140625,0.30064114928245544,6.3828125,0.7393380999565125,0.001929441001266241,0.005744006019085646,0.03814973682165146,0.015274394614001116
1715,2012_317Fhd1UwzQ_00000_000_a,2012,2012_317Fhd1UwzQ,2012_317Fhd1UwzQ_00000,2012_317Fhd1UwzQ_00000_000,20,6.37890625,0.3200435936450958,3.126953125,0.2011405974626541,6.37890625,0.5578495860099792,0.002037960570305586,0.0035688753705471754,0.0704551711678505,0.025354002369567752
7474,2017_TvxfLhFGRzY_00042_000_a,2017,2017_TvxfLhFGRzY,2017_TvxfLhFGRzY_00042,2017_TvxfLhFGRzY_00042_000,9,6.37890625,0.31942468881607056,6.37890625,0.2935183644294739,4.9375,0.37123727798461914,0.004362151026725769,0.016664735972881317,0.030462799593806267,0.01716322886447112
4209,2015_JBNOsPP2yhw_00023_000_a,2015,2015_JBNOsPP2yhw,2015_JBNOsPP2yhw_00023,2015_JBNOsPP2yhw_00023_000,59,6.37109375,1.995680570602417,5.5,0.6756190061569214,6.37109375,4.635803699493408,0.0019966044928878546,0.018292488530278206,0.01008755061775446,0.01012554788030684
8361,2017_q_y6O1yflZI_00013_000_a,2017,2017_q_y6O1yflZI,2017_q_y6O1yflZI_00013,2017_q_y6O1yflZI_00013_000,26,6.36328125,0.40675705671310425,6.36328125,0.450483500957489,4.0859375,0.31930410861968994,0.0036923796869814396,0.009560084901750088,1.0454397201538086,0.35289739491418004
4533,2015_WvITkVaOpUs_00023_000_a,2015,2015_WvITkVaOpUs,2015_WvITkVaOpUs_00023,2015_WvITkVaOpUs_00023_000,30,6.359375,0.39736732840538025,6.359375,0.3605723977088928,3.001953125,0.4709571897983551,0.0010127719724550843,0.003697354579344392,0.012254072353243828,0.005654732968347768
2186,2012_SSgDunmuSAA_00001_000_a,2012,2012_SSgDunmuSAA,2012_SSgDunmuSAA_00001,2012_SSgDunmuSAA_00001_000,62,6.35546875,0.6277381777763367,4.05078125,0.46270623803138733,6.35546875,0.9578019976615906,0.0008896231302060187,0.007531325798481703,0.003441686974838376,0.003954211967842032
9824,2019_UwN27CAbgFQ_00006_001_a,2019,2019_UwN27CAbgFQ,2019_UwN27CAbgFQ_00006,2019_UwN27CAbgFQ_00006_001,42,6.34765625,0.7895805239677429,6.34765625,0.42091038823127747,5.46484375,1.526921033859253,0.0011022379621863365,0.007416245527565479,0.01619173213839531,0.008236738542715708
6120,2016_k39MKOaoDhc_00007_000_a,2016,2016_k39MKOaoDhc,2016_k39MKOaoDhc_00007,2016_k39MKOaoDhc_00007_000,63,6.34375,0.438687264919281,2.513671875,0.22447243332862854,6.34375,0.8671169877052307,0.0003341763513162732,0.002662920393049717,0.010721175000071526,0.004572757248145838
5369,2016_8YaSWlYa9u4_00014_001_a,2016,2016_8YaSWlYa9u4,2016_8YaSWlYa9u4_00014,2016_8YaSWlYa9u4_00014_001,13,6.34375,0.24879860877990723,6.34375,0.2857871353626251,3.607421875,0.17482152581214905,0.002975566778331995,0.015192357823252678,0.009194559417665005,0.00912082800641656
