paper_list_line,venue,paper_title,note,attempts
3375,SIGGRAPH 2025,Appearance-Preserving Scene Aggregation for Level-of-Detail Rendering,crossref_skipped,"[{""url"": ""https://s2025.conference-schedule.org/presentation/?id=paperstog_118&sess=sess123"", ""source"": ""csv:paper_link"", ""result"": ""landing:html"", ""extracted"": ""0"", ""dois"": """"}, {""url"": """", ""source"": ""arxiv:title_search"", ""result"": ""arxiv_no_match:0.00:""}, {""url"": """", ""source"": ""crossref:title_search"", ""result"": ""crossref_skipped""}]"
3441,SIGGRAPH 2025,Don’t Splat your Gaussians: Volumetric Ray-Traced Primitives for Modeling and Rendering Scattering and Emissive Media,crossref_skipped,"[{""url"": ""https://s2025.conference-schedule.org/presentation/?id=paperstog_109&sess=sess119"", ""source"": ""csv:paper_link"", ""result"": ""landing:html"", ""extracted"": ""0"", ""dois"": """"}, {""url"": """", ""source"": ""arxiv:title_search"", ""result"": ""arxiv_no_match:0.00:""}, {""url"": """", ""source"": ""crossref:title_search"", ""result"": ""crossref_skipped""}]"
3421,SIGGRAPH 2025,DAMO: A Deep Solver for Arbitrary Marker Configuration in Optical Motion Capture,crossref_skipped,"[{""url"": ""https://s2025.conference-schedule.org/presentation/?id=paperstog_120&sess=sess111"", ""source"": ""csv:paper_link"", ""result"": ""landing:html"", ""extracted"": ""0"", ""dois"": """"}, {""url"": """", ""source"": ""arxiv:title_search"", ""result"": ""arxiv_no_match:0.00:""}, {""url"": """", ""source"": ""crossref:title_search"", ""result"": ""crossref_skipped""}]"
3462,SIGGRAPH 2025,Encoded Marker Clusters for Auto-Labeling in Optical Motion Capture,crossref_skipped,"[{""url"": ""https://s2025.conference-schedule.org/presentation/?id=paperstog_115&sess=sess111"", ""source"": ""csv:paper_link"", ""result"": ""landing:html"", ""extracted"": ""0"", ""dois"": """"}, {""url"": """", ""source"": ""arxiv:title_search"", ""result"": ""arxiv_no_match:0.00:""}, {""url"": """", ""source"": ""crossref:title_search"", ""result"": ""crossref_skipped""}]"
3594,SIGGRAPH 2025,Noise-Coded Illumination for Forensic and Photometric Video Analysis,crossref_skipped,"[{""url"": ""https://s2025.conference-schedule.org/presentation/?id=paperstog_124&sess=sess159"", ""source"": ""csv:paper_link"", ""result"": ""landing:html"", ""extracted"": ""0"", ""dois"": """"}, {""url"": """", ""source"": ""arxiv:title_search"", ""result"": ""arxiv_http_429""}, {""url"": """", ""source"": ""crossref:title_search"", ""result"": ""crossref_skipped""}]"
3609,SIGGRAPH 2025,Patch-Grid: An Efficient and Feature-Preserving Neural Implicit Surface Representation,crossref_skipped,"[{""url"": ""https://s2025.conference-schedule.org/presentation/?id=paperstog_119&sess=sess140"", ""source"": ""csv:paper_link"", ""result"": ""landing:html"", ""extracted"": ""0"", ""dois"": """"}, {""url"": """", ""source"": ""arxiv:title_search"", ""result"": ""arxiv_error:ReadTimeout:HTTPSConnectionPool(host='export.arxiv.org', port=443): Read timed out. (read timeout=25)""}, {""url"": """", ""source"": ""crossref:title_search"", ""result"": ""crossref_skipped""}]"
3617,SIGGRAPH 2025,Policy-Space Diffusion for Physics-Based Character Animation,crossref_skipped,"[{""url"": ""https://s2025.conference-schedule.org/presentation/?id=paperstog_102&sess=sess156"", ""source"": ""csv:paper_link"", ""result"": ""landing:html"", ""extracted"": ""0"", ""dois"": """"}, {""url"": """", ""source"": ""arxiv:title_search"", ""result"": ""arxiv_error:ReadTimeout:HTTPSConnectionPool(host='export.arxiv.org', port=443): Read timed out. (read timeout=25)""}, {""url"": """", ""source"": ""crossref:title_search"", ""result"": ""crossref_skipped""}]"
3636,SIGGRAPH 2025,RNA: Relightable Neural Assets,crossref_skipped,"[{""url"": ""https://s2025.conference-schedule.org/presentation/?id=paperstog_114&sess=sess123"", ""source"": ""csv:paper_link"", ""result"": ""landing:html"", ""extracted"": ""0"", ""dois"": """"}, {""url"": """", ""source"": ""arxiv:title_search"", ""result"": ""arxiv_error:ReadTimeout:HTTPSConnectionPool(host='export.arxiv.org', port=443): Read timed out. (read timeout=25)""}, {""url"": """", ""source"": ""crossref:title_search"", ""result"": ""crossref_skipped""}]"
3698,SIGGRAPH 2025,Texture Size Reduction Through Symmetric Overlap and Texture Carving,crossref_skipped,"[{""url"": ""https://s2025.conference-schedule.org/presentation/?id=paperstog_108&sess=sess130"", ""source"": ""csv:paper_link"", ""result"": ""landing:html"", ""extracted"": ""0"", ""dois"": """"}, {""url"": """", ""source"": ""arxiv:title_search"", ""result"": ""arxiv_no_match:0.00:""}, {""url"": """", ""source"": ""crossref:title_search"", ""result"": ""crossref_skipped""}]"
3732,SIGGRAPH 2025,You Can Grow Here: A Therapeutic VR Journey for Anxiety Management,crossref_skipped,"[{""url"": ""https://s2025.conference-schedule.org/presentation/?id=pos_353&sess=sess425"", ""source"": ""csv:paper_link"", ""result"": ""landing:html"", ""extracted"": ""0"", ""dois"": """"}, {""url"": ""https://s2025.conference-schedule.org/presentation/?id=pos_353&sess=sess402"", ""source"": ""csv:project_link_or_github_link"", ""result"": ""landing:html"", ""extracted"": ""0"", ""dois"": """"}, {""url"": """", ""source"": ""arxiv:title_search"", ""result"": ""arxiv_http_429""}, {""url"": """", ""source"": ""crossref:title_search"", ""result"": ""crossref_skipped""}]"
3760,SIGGRAPH 2022,Alpha-functions — Piecewise-linear Approximation From Noisy and Hermite Data,crossref_skipped,"[{""url"": ""https://www.cg.tu-berlin.de/research/projects/alpha-functions/"", ""source"": ""csv:paper_link"", ""result"": ""landing:http_404"", ""extracted"": ""0"", ""dois"": """"}, {""url"": """", ""source"": ""arxiv:title_search"", ""result"": ""arxiv_no_match:0.00:""}, {""url"": """", ""source"": ""crossref:title_search"", ""result"": ""crossref_skipped""}]"
3809,SIGGRAPH 2022,DeepVideoFaceEditing: Sketch-based Deep Editing of Face Videos,crossref_skipped,"[{""url"": ""https://s2022.conference-schedule.org/presentation/?id=papers_116&sess=sess112"", ""source"": ""csv:paper_link"", ""result"": ""landing:error:SSLError:HTTPSConnectionPool(host='s2022.conference-schedule.org', port=443): Max retries exceeded with url: /presentation/?id=papers_116&sess=sess112 (Caused by SSLError(SSLEOFError(8, '[SSL: UNEXPECTED_EOF_WHILE_READING] EOF occurred in violation of protocol (_ssl.c:1007)')))"", ""extracted"": ""0"", ""dois"": """"}, {""url"": """", ""source"": ""arxiv:title_search"", ""result"": ""arxiv_no_match:0.00:""}, {""url"": """", ""source"": ""crossref:title_search"", ""result"": ""crossref_skipped""}]"
3758,SIGGRAPH 2022,"Affine Body Dynamics: Fast, Stable, and Intersection-free Simulation of Stiff Materials",crossref_skipped,"[{""url"": ""https://s2022.conference-schedule.org/presentation/?id=papers_169&sess=sess128"", ""source"": ""csv:paper_link"", ""result"": ""landing:error:SSLError:HTTPSConnectionPool(host='s2022.conference-schedule.org', port=443): Max retries exceeded with url: /presentation/?id=papers_169&sess=sess128 (Caused by SSLError(SSLEOFError(8, '[SSL: UNEXPECTED_EOF_WHILE_READING] EOF occurred in violation of protocol (_ssl.c:1007)')))"", ""extracted"": ""0"", ""dois"": """"}, {""url"": """", ""source"": ""arxiv:title_search"", ""result"": ""arxiv_no_match:0.00:""}, {""url"": """", ""source"": ""crossref:title_search"", ""result"": ""crossref_skipped""}]"
3833,SIGGRAPH 2022,Dynamic Vertex Hierarchies for View-dependent Progressive Meshes,crossref_skipped,"[{""url"": ""https://s2022.conference-schedule.org/presentation/?id=pos_163&sess=sess246"", ""source"": ""csv:paper_link"", ""result"": ""landing:error:SSLError:HTTPSConnectionPool(host='s2022.conference-schedule.org', port=443): Max retries exceeded with url: /presentation/?id=pos_163&sess=sess246 (Caused by SSLError(SSLEOFError(8, '[SSL: UNEXPECTED_EOF_WHILE_READING] EOF occurred in violation of protocol (_ssl.c:1007)')))"", ""extracted"": ""0"", ""dois"": """"}, {""url"": """", ""source"": ""arxiv:title_search"", ""result"": ""arxiv_no_match:0.00:""}, {""url"": """", ""source"": ""crossref:title_search"", ""result"": ""crossref_skipped""}]"
3884,SIGGRAPH 2022,In Situ Segmentation of Turbulent Flow With Topological Data Analysis,crossref_skipped,"[{""url"": ""https://s2022.conference-schedule.org/presentation/?id=pos_248&sess=sess246"", ""source"": ""csv:paper_link"", ""result"": ""landing:error:SSLError:HTTPSConnectionPool(host='s2022.conference-schedule.org', port=443): Max retries exceeded with url: /presentation/?id=pos_248&sess=sess246 (Caused by SSLError(SSLEOFError(8, '[SSL: UNEXPECTED_EOF_WHILE_READING] EOF occurred in violation of protocol (_ssl.c:1007)')))"", ""extracted"": ""0"", ""dois"": """"}, {""url"": """", ""source"": ""arxiv:title_search"", ""result"": ""arxiv_http_429""}, {""url"": """", ""source"": ""crossref:title_search"", ""result"": ""crossref_skipped""}]"
3885,SIGGRAPH 2022,Inclusive Character Creator: A Showcase of Inclusive Design for 3D Character Creators,crossref_skipped,"[{""url"": ""https://s2022.conference-schedule.org/presentation/?id=pos_125&sess=sess242"", ""source"": ""csv:paper_link"", ""result"": ""landing:error:SSLError:HTTPSConnectionPool(host='s2022.conference-schedule.org', port=443): Max retries exceeded with url: /presentation/?id=pos_125&sess=sess242 (Caused by SSLError(SSLEOFError(8, '[SSL: UNEXPECTED_EOF_WHILE_READING] EOF occurred in violation of protocol (_ssl.c:1007)')))"", ""extracted"": ""0"", ""dois"": """"}, {""url"": """", ""source"": ""arxiv:title_search"", ""result"": ""arxiv_error:ReadTimeout:HTTPSConnectionPool(host='export.arxiv.org', port=443): Read timed out. (read timeout=25)""}, {""url"": """", ""source"": ""crossref:title_search"", ""result"": ""crossref_skipped""}]"
3936,SIGGRAPH 2022,Optical Aberration Correction in Postprocessing Using Imaging Simulation,crossref_skipped,"[{""url"": ""https://s2022.conference-schedule.org/presentation/?id=paperstog_143&sess=sess115"", ""source"": ""csv:paper_link"", ""result"": ""landing:error:SSLError:HTTPSConnectionPool(host='s2022.conference-schedule.org', port=443): Max retries exceeded with url: /presentation/?id=paperstog_143&sess=sess115 (Caused by SSLError(SSLEOFError(8, '[SSL: UNEXPECTED_EOF_WHILE_READING] EOF occurred in violation of protocol (_ssl.c:1007)')))"", ""extracted"": ""0"", ""dois"": """"}, {""url"": """", ""source"": ""arxiv:title_search"", ""result"": ""arxiv_error:SSLError:HTTPSConnectionPool(host='export.arxiv.org', port=443): Max retries exceeded with url: /api/query?search_query=ti%3A%22Optical+Aberration+Correction+in+Postprocessing+Using+Imaging+Simulation%22&start=0&max_results=5 (Caused by SSLError(SSLEOFError(8, '[SSL: UNEXPECTED_EOF_WHILE_READING] EOF occurred in violation of protocol (_ssl.c:1007)')))""}, {""url"": """", ""source"": ""crossref:title_search"", ""result"": ""crossref_skipped""}]"
4086,SIGGRAPH 2023,Computing the Singularities of Rational Parametric Surfaces Using Moving Planes,crossref_skipped,"[{""url"": ""https://s2023.siggraph.org/presentation/?id=paperstog_121&sess=sess137"", ""source"": ""csv:paper_link"", ""result"": ""landing:http_403"", ""extracted"": ""0"", ""dois"": """"}, {""url"": """", ""source"": ""arxiv:title_search"", ""result"": ""arxiv_error:ReadTimeout:HTTPSConnectionPool(host='export.arxiv.org', port=443): Read timed out. (read timeout=25)""}, {""url"": """", ""source"": ""crossref:title_search"", ""result"": ""crossref_skipped""}]"
4020,SIGGRAPH 2022,The Hierarchical Subspace Iteration Method for Laplace-Beltrami Eigenproblems,crossref_skipped,"[{""url"": ""https://s2022.conference-schedule.org/presentation/?id=paperstog_141&sess=sess126"", ""source"": ""csv:paper_link"", ""result"": ""landing:error:SSLError:HTTPSConnectionPool(host='s2022.conference-schedule.org', port=443): Max retries exceeded with url: /presentation/?id=paperstog_141&sess=sess126 (Caused by SSLError(SSLEOFError(8, '[SSL: UNEXPECTED_EOF_WHILE_READING] EOF occurred in violation of protocol (_ssl.c:1007)')))"", ""extracted"": ""0"", ""dois"": """"}, {""url"": """", ""source"": ""arxiv:title_search"", ""result"": ""arxiv_error:ReadTimeout:HTTPSConnectionPool(host='export.arxiv.org', port=443): Read timed out. (read timeout=25)""}, {""url"": """", ""source"": ""crossref:title_search"", ""result"": ""crossref_skipped""}]"
4012,SIGGRAPH 2022,Subdivision Based Convolutional Networks,crossref_skipped,"[{""url"": ""https://s2022.conference-schedule.org/presentation/?id=paperstog_121&sess=sess116"", ""source"": ""csv:paper_link"", ""result"": ""landing:error:SSLError:HTTPSConnectionPool(host='s2022.conference-schedule.org', port=443): Max retries exceeded with url: /presentation/?id=paperstog_121&sess=sess116 (Caused by SSLError(SSLEOFError(8, '[SSL: UNEXPECTED_EOF_WHILE_READING] EOF occurred in violation of protocol (_ssl.c:1007)')))"", ""extracted"": ""0"", ""dois"": """"}, {""url"": """", ""source"": ""arxiv:title_search"", ""result"": ""arxiv_error:ReadTimeout:HTTPSConnectionPool(host='export.arxiv.org', port=443): Read timed out. (read timeout=25)""}, {""url"": """", ""source"": ""crossref:title_search"", ""result"": ""crossref_skipped""}]"
4027,SIGGRAPH 2022,Typefaces Structural Transformations Regularized Using Differential Evolution for Personalized Visual Accessibility,crossref_skipped,"[{""url"": ""https://s2022.conference-schedule.org/presentation/?id=pos_176&sess=sess240"", ""source"": ""csv:paper_link"", ""result"": ""landing:error:SSLError:HTTPSConnectionPool(host='s2022.conference-schedule.org', port=443): Max retries exceeded with url: /presentation/?id=pos_176&sess=sess240 (Caused by SSLError(SSLEOFError(8, '[SSL: UNEXPECTED_EOF_WHILE_READING] EOF occurred in violation of protocol (_ssl.c:1007)')))"", ""extracted"": ""0"", ""dois"": """"}, {""url"": """", ""source"": ""arxiv:title_search"", ""result"": ""arxiv_http_429""}, {""url"": """", ""source"": ""crossref:title_search"", ""result"": ""crossref_skipped""}]"
4040,SIGGRAPH 2022,Which Cross Fields Can Be Quadrangulated? Global Parameterization From Prescribed Holonomy Signatures,crossref_skipped,"[{""url"": ""https://s2022.conference-schedule.org/presentation/?id=papers_827&sess=sess123"", ""source"": ""csv:paper_link"", ""result"": ""landing:error:SSLError:HTTPSConnectionPool(host='s2022.conference-schedule.org', port=443): Max retries exceeded with url: /presentation/?id=papers_827&sess=sess123 (Caused by SSLError(SSLEOFError(8, '[SSL: UNEXPECTED_EOF_WHILE_READING] EOF occurred in violation of protocol (_ssl.c:1007)')))"", ""extracted"": ""0"", ""dois"": """"}, {""url"": """", ""source"": ""arxiv:title_search"", ""result"": ""arxiv_http_429""}, {""url"": """", ""source"": ""crossref:title_search"", ""result"": ""crossref_skipped""}]"
4093,SIGGRAPH 2023,DE-NeRF: DEcoupled Neural Radiance Fields for View-consistent Appearance Editing and High-frequency Environmental Relighting,crossref_skipped,"[{""url"": ""http://geometrylearning.com/"", ""source"": ""csv:paper_link"", ""result"": ""landing:html"", ""extracted"": ""0"", ""dois"": """"}, {""url"": """", ""source"": ""arxiv:title_search"", ""result"": ""arxiv_http_429""}, {""url"": """", ""source"": ""crossref:title_search"", ""result"": ""crossref_skipped""}]"
4160,SIGGRAPH 2023,Large-scale Terrain,crossref_skipped,"[{""url"": ""https://s2023.siggraph.org/presentation/?id=paperstog_101&sess=sess110"", ""source"": ""csv:paper_link"", ""result"": ""landing:http_403"", ""extracted"": ""0"", ""dois"": """"}, {""url"": """", ""source"": ""arxiv:title_search"", ""result"": ""arxiv_http_429""}, {""url"": """", ""source"": ""crossref:title_search"", ""result"": ""crossref_skipped""}]"
3866,SIGGRAPH 2022,Go Green: General Regularized Green's Functions for Elasticity,crossref_skipped,"[{""url"": ""http://www.geometry.caltech.edu/pubs.html"", ""source"": ""csv:paper_link"", ""result"": ""landing:html"", ""extracted"": ""186"", ""dois"": """"}, {""url"": ""https://geometry.caltech.edu/pubs/XWYDL26.pdf"", ""source"": ""html:a"", ""result"": ""title_score:0.39:content_type=application/pdf""}, {""url"": ""https://geometry.caltech.edu/pubs/PMLDA26.pdf"", ""source"": ""html:a"", ""result"": ""title_score:0.36:content_type=application/pdf""}, {""url"": ""https://geometry.caltech.edu/pubs/MZCF+26.pdf"", ""source"": ""html:a"", ""result"": ""title_score:0.40:content_type=application/pdf""}, {""url"": ""https://geometry.caltech.edu/pubs/MZCF+26_supp.pdf"", ""source"": ""html:a"", ""result"": ""title_score:0.37:content_type=application/pdf""}, {""url"": ""https://geometry.caltech.edu/pubs/FUDBB26.pdf"", ""source"": ""html:a"", ""result"": ""title_score:0.34:content_type=application/pdf""}, {""url"": ""https://geometry.caltech.edu/pubs/BCD25.pdf"", ""source"": ""html:a"", ""result"": ""title_score:0.39:content_type=application/pdf""}, {""url"": ""https://geometry.caltech.edu/pubs/BCD25_supp.pdf"", ""source"": ""html:a"", ""result"": ""title_score:0.50:content_type=application/pdf""}, {""url"": ""https://geometry.caltech.edu/pubs/WWQDL25.pdf"", ""source"": ""html:a"", ""result"": ""title_score:0.39:content_type=application/pdf""}, {""url"": """", ""source"": ""arxiv:title_search"", ""result"": ""arxiv_http_429""}, {""url"": """", ""source"": ""crossref:title_search"", ""result"": ""crossref_skipped""}]"
4238,SIGGRAPH 2023,Somigliana Coordinates: An Elasticity-derived Approach for Cage Deformation,crossref_skipped,"[{""url"": ""https://jiongchen.github.io/"", ""source"": ""csv:paper_link"", ""result"": ""landing:html"", ""extracted"": ""32"", ""dois"": """"}, {""url"": ""https://jiongchen.github.io/files/graphics_at_inria.pdf"", ""source"": ""html:a"", ""result"": ""title_score:0.39:content_type=application/pdf""}, {""url"": ""https://jiongchen.github.io/files/my_research_so_far.pdf"", ""source"": ""html:a"", ""result"": ""title_score:0.40:content_type=application/pdf""}, {""url"": ""https://jiongchen.github.io/files/sca_award_talk.pdf"", ""source"": ""html:a"", ""result"": ""title_score:0.35:content_type=application/pdf""}, {""url"": ""https://jiongchen.github.io/files/lubie-paper.pdf"", ""source"": ""html:a"", ""result"": ""title_score:0.43:content_type=application/pdf""}, {""url"": ""https://jiongchen.github.io/files/lubie-slides.pdf"", ""source"": ""html:a"", ""result"": ""title_score:0.27:content_type=application/pdf""}, {""url"": ""https://jiongchen.github.io/files/lubie-poster.pdf"", ""source"": ""html:a"", ""result"": ""title_score:0.35:content_type=application/pdf""}, {""url"": ""https://jiongchen.github.io/files/tornado-paper.pdf"", ""source"": ""html:a"", ""result"": ""title_score:0.35:content_type=application/pdf""}, {""url"": ""https://jiongchen.github.io/files/tornado-slides.pdf"", ""source"": ""html:a"", ""result"": ""title_score:0.40:content_type=application/pdf""}, {""url"": """", ""source"": ""arxiv:title_search"", ""result"": ""arxiv_no_match:0.00:""}, {""url"": """", ""source"": ""crossref:title_search"", ""result"": ""crossref_skipped""}]"
4255,SIGGRAPH 2023,The Statistics of Eye Movements and Binocular Disparities in VR Gaming Headsets Should Drive Headset Design,crossref_skipped,"[{""url"": ""https://dro.dur.ac.uk/36175/"", ""source"": ""csv:paper_link"", ""result"": ""landing:http_403"", ""extracted"": ""0"", ""dois"": """"}, {""url"": """", ""source"": ""arxiv:title_search"", ""result"": ""arxiv_no_match:0.00:""}, {""url"": """", ""source"": ""crossref:title_search"", ""result"": ""crossref_skipped""}]"
4291,SIGGRAPH 2024,A Hierarchical 3D Gaussian Representation for Real-time Rendering of Very Large Scenes,crossref_skipped,"[{""url"": ""https://s2024.conference-program.org/presentation/?id=papers_367&sess=sess111"", ""source"": ""csv:paper_link"", ""result"": ""landing:html"", ""extracted"": ""0"", ""dois"": """"}, {""url"": """", ""source"": ""arxiv:title_search"", ""result"": ""arxiv_no_match:0.00:""}, {""url"": """", ""source"": ""crossref:title_search"", ""result"": ""crossref_skipped""}]"
4373,SIGGRAPH 2024,HQ3DAvatar: High Quality Implicit 3D Head Avatar,crossref_skipped,"[{""url"": ""https://s2024.conference-program.org/presentation/?id=paperstog_109&sess=sess122"", ""source"": ""csv:paper_link"", ""result"": ""landing:html"", ""extracted"": ""0"", ""dois"": """"}, {""url"": """", ""source"": ""arxiv:title_search"", ""result"": ""arxiv_no_match:0.00:""}, {""url"": """", ""source"": ""crossref:title_search"", ""result"": ""crossref_skipped""}]"
4556,SIGGRAPH ASIA 2022,BoolSurf : Boolean Operations on Surfaces,crossref_skipped,"[{""url"": ""https://pellacini.di.uniroma1.it/publications/boolsurf22/boolsurf22.html"", ""source"": ""csv:paper_link"", ""result"": ""landing:error:SSLError:HTTPSConnectionPool(host='pellacini.di.uniroma1.it', port=443): Max retries exceeded with url: /publications/boolsurf22/boolsurf22.html (Caused by SSLError(SSLCertVerificationError(1, '[SSL: CERTIFICATE_VERIFY_FAILED] certificate verify failed: certificate has expired (_ssl.c:1007)')))"", ""extracted"": ""0"", ""dois"": """"}, {""url"": """", ""source"": ""arxiv:title_search"", ""result"": ""arxiv_no_match:0.00:""}, {""url"": """", ""source"": ""crossref:title_search"", ""result"": ""crossref_skipped""}]"
4560,SIGGRAPH ASIA 2022,Codeless Content Creator System: Anyone Can Make Their Own Mixed Reality Content Without Relying on Software Developer Tools,crossref_skipped,"[{""url"": ""https://sa2022.conference-schedule.org/presentation/?id=pos_189&sess=sess201"", ""source"": ""csv:paper_link"", ""result"": ""landing:error:SSLError:HTTPSConnectionPool(host='sa2022.conference-schedule.org', port=443): Max retries exceeded with url: /presentation/?id=pos_189&sess=sess201 (Caused by SSLError(SSLEOFError(8, '[SSL: UNEXPECTED_EOF_WHILE_READING] EOF occurred in violation of protocol (_ssl.c:1007)')))"", ""extracted"": ""0"", ""dois"": """"}, {""url"": """", ""source"": ""arxiv:title_search"", ""result"": ""arxiv_http_429""}, {""url"": """", ""source"": ""crossref:title_search"", ""result"": ""crossref_skipped""}]"
4561,SIGGRAPH ASIA 2022,Cognitionaware automatic viewpoint selection in scenes with crowds of objects,crossref_skipped,"[{""url"": ""https://sa2022.conference-schedule.org/presentation/?id=pos_218&sess=sess196"", ""source"": ""csv:paper_link"", ""result"": ""landing:error:SSLError:HTTPSConnectionPool(host='sa2022.conference-schedule.org', port=443): Max retries exceeded with url: /presentation/?id=pos_218&sess=sess196 (Caused by SSLError(SSLEOFError(8, '[SSL: UNEXPECTED_EOF_WHILE_READING] EOF occurred in violation of protocol (_ssl.c:1007)')))"", ""extracted"": ""0"", ""dois"": """"}, {""url"": """", ""source"": ""arxiv:title_search"", ""result"": ""arxiv_error:ReadTimeout:HTTPSConnectionPool(host='export.arxiv.org', port=443): Read timed out. (read timeout=25)""}, {""url"": """", ""source"": ""crossref:title_search"", ""result"": ""crossref_skipped""}]"
4562,SIGGRAPH ASIA 2022,Cohand VR: Towards A Shareable Immersive Experience via Wearable Gesture Interface between VR Audiences and External Audiences,crossref_skipped,"[{""url"": ""https://sa2022.conference-schedule.org/presentation/?id=pos_157&sess=sess201"", ""source"": ""csv:paper_link"", ""result"": ""landing:error:SSLError:HTTPSConnectionPool(host='sa2022.conference-schedule.org', port=443): Max retries exceeded with url: /presentation/?id=pos_157&sess=sess201 (Caused by SSLError(SSLEOFError(8, '[SSL: UNEXPECTED_EOF_WHILE_READING] EOF occurred in violation of protocol (_ssl.c:1007)')))"", ""extracted"": ""0"", ""dois"": """"}, {""url"": """", ""source"": ""arxiv:title_search"", ""result"": ""arxiv_http_429""}, {""url"": """", ""source"": ""crossref:title_search"", ""result"": ""crossref_skipped""}]"
4564,SIGGRAPH ASIA 2022,Color LightField: Estimation of View-point Dependant Color Dispersion Pattern In Waveguide Display,crossref_skipped,"[{""url"": ""https://sa2022.conference-schedule.org/presentation/?id=pos_184&sess=sess195"", ""source"": ""csv:paper_link"", ""result"": ""landing:error:SSLError:HTTPSConnectionPool(host='sa2022.conference-schedule.org', port=443): Max retries exceeded with url: /presentation/?id=pos_184&sess=sess195 (Caused by SSLError(SSLEOFError(8, '[SSL: UNEXPECTED_EOF_WHILE_READING] EOF occurred in violation of protocol (_ssl.c:1007)')))"", ""extracted"": ""0"", ""dois"": """"}, {""url"": """", ""source"": ""arxiv:title_search"", ""result"": ""arxiv_no_match:0.00:""}, {""url"": """", ""source"": ""crossref:title_search"", ""result"": ""crossref_skipped""}]"
4572,SIGGRAPH ASIA 2022,Control VAE: Model-Based Learning of Generative Controllers for Physics-Based Characters,crossref_skipped,"[{""url"": ""https://sa2022.conference-schedule.org/presentation/?id=papers_144&sess=sess154"", ""source"": ""csv:paper_link"", ""result"": ""landing:error:SSLError:HTTPSConnectionPool(host='sa2022.conference-schedule.org', port=443): Max retries exceeded with url: /presentation/?id=papers_144&sess=sess154 (Caused by SSLError(SSLEOFError(8, '[SSL: UNEXPECTED_EOF_WHILE_READING] EOF occurred in violation of protocol (_ssl.c:1007)')))"", ""extracted"": ""0"", ""dois"": """"}, {""url"": """", ""source"": ""arxiv:title_search"", ""result"": ""arxiv_no_match:0.00:""}, {""url"": """", ""source"": ""crossref:title_search"", ""result"": ""crossref_skipped""}]"
4573,SIGGRAPH ASIA 2022,"Cross-platforming ""School life metaverse"" user experience",crossref_skipped,"[{""url"": ""https://sa2022.conference-schedule.org/presentation/?id=pos_198&sess=sess201"", ""source"": ""csv:paper_link"", ""result"": ""landing:error:SSLError:HTTPSConnectionPool(host='sa2022.conference-schedule.org', port=443): Max retries exceeded with url: /presentation/?id=pos_198&sess=sess201 (Caused by SSLError(SSLEOFError(8, '[SSL: UNEXPECTED_EOF_WHILE_READING] EOF occurred in violation of protocol (_ssl.c:1007)')))"", ""extracted"": ""0"", ""dois"": """"}, {""url"": """", ""source"": ""arxiv:title_search"", ""result"": ""arxiv_no_match:0.00:""}, {""url"": """", ""source"": ""crossref:title_search"", ""result"": ""crossref_skipped""}]"
4615,SIGGRAPH ASIA 2022,Hanging Print: Plastic Extrusion for Catenary Weaving in Mid Air,crossref_skipped,"[{""url"": ""https://sa2022.conference-schedule.org/presentation/?id=pos_162&sess=sess202"", ""source"": ""csv:paper_link"", ""result"": ""landing:error:SSLError:HTTPSConnectionPool(host='sa2022.conference-schedule.org', port=443): Max retries exceeded with url: /presentation/?id=pos_162&sess=sess202 (Caused by SSLError(SSLEOFError(8, '[SSL: UNEXPECTED_EOF_WHILE_READING] EOF occurred in violation of protocol (_ssl.c:1007)')))"", ""extracted"": ""0"", ""dois"": """"}, {""url"": """", ""source"": ""arxiv:title_search"", ""result"": ""arxiv_no_match:0.00:""}, {""url"": """", ""source"": ""crossref:title_search"", ""result"": ""crossref_skipped""}]"
4619,SIGGRAPH ASIA 2022,HrtDown: Document Processor for Executable Linear Algebra Papers,crossref_skipped,"[{""url"": ""https://sa2022.conference-schedule.org/presentation/?id=papers_310&sess=sess178"", ""source"": ""csv:paper_link"", ""result"": ""landing:error:SSLError:HTTPSConnectionPool(host='sa2022.conference-schedule.org', port=443): Max retries exceeded with url: /presentation/?id=papers_310&sess=sess178 (Caused by SSLError(SSLEOFError(8, '[SSL: UNEXPECTED_EOF_WHILE_READING] EOF occurred in violation of protocol (_ssl.c:1007)')))"", ""extracted"": ""0"", ""dois"": """"}, {""url"": """", ""source"": ""arxiv:title_search"", ""result"": ""arxiv_no_match:0.00:""}, {""url"": """", ""source"": ""crossref:title_search"", ""result"": ""crossref_skipped""}]"
4626,SIGGRAPH ASIA 2022,Improving Co-speech gesture rule-map generation via wild pose matching with gesture units,crossref_skipped,"[{""url"": ""https://sa2022.conference-schedule.org/presentation/?id=pos_171&sess=sess194"", ""source"": ""csv:paper_link"", ""result"": ""landing:error:SSLError:HTTPSConnectionPool(host='sa2022.conference-schedule.org', port=443): Max retries exceeded with url: /presentation/?id=pos_171&sess=sess194 (Caused by SSLError(SSLEOFError(8, '[SSL: UNEXPECTED_EOF_WHILE_READING] EOF occurred in violation of protocol (_ssl.c:1007)')))"", ""extracted"": ""0"", ""dois"": """"}, {""url"": """", ""source"": ""arxiv:title_search"", ""result"": ""arxiv_no_match:0.00:""}, {""url"": """", ""source"": ""crossref:title_search"", ""result"": ""crossref_skipped""}]"
4738,SIGGRAPH ASIA 2023,360° Reconstruction From a Single Image Using Space Carved Outpainting,crossref_skipped,"[{""url"": ""https://asia.siggraph.org/2023/?post_type=page&p=14494&id=papers_850&sess=sess130"", ""source"": ""csv:paper_link"", ""result"": ""landing:html"", ""extracted"": ""3"", ""dois"": """"}, {""url"": ""https://asia.siggraph.org/2023/images/pdfs/SIGGRAPH_Asia_2023_Awards_Winners.pdf"", ""source"": ""html:a"", ""result"": ""title_score:0.36:content_type=application/pdf""}, {""url"": ""https://asia.siggraph.org/2023/images/pdfs/SA23-Exhibition-Sponsorship.pdf"", ""source"": ""html:a"", ""result"": ""title_score:0.26:content_type=application/pdf""}, {""url"": ""https://siggraph.ifdemo.com/2023/images/pdfs/SA23-Exhibition-Sponsorship.pdf"", ""source"": ""html:a"", ""result"": ""title_score:0.26:content_type=application/pdf""}, {""url"": """", ""source"": ""arxiv:title_search"", ""result"": ""arxiv_no_match:0.00:""}, {""url"": """", ""source"": ""crossref:title_search"", ""result"": ""crossref_skipped""}]"
4740,SIGGRAPH ASIA 2023,A Hessian-Based Field Deformer for Real-Time Topology-Aware Shape Editing,crossref_skipped,"[{""url"": ""https://asia.siggraph.org/2023/?post_type=page&p=14494&id=papers_534&sess=sess171"", ""source"": ""csv:paper_link"", ""result"": ""landing:html"", ""extracted"": ""3"", ""dois"": """"}, {""url"": ""https://asia.siggraph.org/2023/images/pdfs/SIGGRAPH_Asia_2023_Awards_Winners.pdf"", ""source"": ""html:a"", ""result"": ""title_score:0.41:content_type=application/pdf""}, {""url"": ""https://asia.siggraph.org/2023/images/pdfs/SA23-Exhibition-Sponsorship.pdf"", ""source"": ""html:a"", ""result"": ""title_score:0.17:content_type=application/pdf""}, {""url"": ""https://siggraph.ifdemo.com/2023/images/pdfs/SA23-Exhibition-Sponsorship.pdf"", ""source"": ""html:a"", ""result"": ""title_score:0.17:content_type=application/pdf""}, {""url"": """", ""source"": ""arxiv:title_search"", ""result"": ""arxiv_http_429""}, {""url"": """", ""source"": ""crossref:title_search"", ""result"": ""crossref_skipped""}]"
4634,SIGGRAPH ASIA 2022,It's Me: VR-based Journaling for Improved Cognitive Self-Regulation,crossref_skipped,"[{""url"": ""https://sa2022.conference-schedule.org/presentation/?id=pos_192&sess=sess201"", ""source"": ""csv:paper_link"", ""result"": ""landing:error:SSLError:HTTPSConnectionPool(host='sa2022.conference-schedule.org', port=443): Max retries exceeded with url: /presentation/?id=pos_192&sess=sess201 (Caused by SSLError(SSLEOFError(8, '[SSL: UNEXPECTED_EOF_WHILE_READING] EOF occurred in violation of protocol (_ssl.c:1007)')))"", ""extracted"": ""0"", ""dois"": """"}, {""url"": """", ""source"": ""arxiv:title_search"", ""result"": ""arxiv_no_match:0.00:""}, {""url"": """", ""source"": ""crossref:title_search"", ""result"": ""crossref_skipped""}]"
4717,SIGGRAPH ASIA 2022,Sustainable VFX - A Pipeline and Rendering Challenge?,crossref_skipped,"[{""url"": ""https://sa2022.conference-schedule.org/presentation/?id=pos_220&sess=sess198"", ""source"": ""csv:paper_link"", ""result"": ""landing:error:SSLError:HTTPSConnectionPool(host='sa2022.conference-schedule.org', port=443): Max retries exceeded with url: /presentation/?id=pos_220&sess=sess198 (Caused by SSLError(SSLEOFError(8, '[SSL: UNEXPECTED_EOF_WHILE_READING] EOF occurred in violation of protocol (_ssl.c:1007)')))"", ""extracted"": ""0"", ""dois"": """"}, {""url"": """", ""source"": ""arxiv:title_search"", ""result"": ""arxiv_no_match:0.00:""}, {""url"": """", ""source"": ""crossref:title_search"", ""result"": ""crossref_skipped""}]"
4741,SIGGRAPH ASIA 2023,A Locality-based Neural Solver for Optical Motion Capture,crossref_skipped,"[{""url"": ""https://asia.siggraph.org/2023/?post_type=page&p=14494&id=papers_240&sess=sess139"", ""source"": ""csv:paper_link"", ""result"": ""landing:html"", ""extracted"": ""3"", ""dois"": """"}, {""url"": ""https://asia.siggraph.org/2023/images/pdfs/SIGGRAPH_Asia_2023_Awards_Winners.pdf"", ""source"": ""html:a"", ""result"": ""title_score:0.36:content_type=application/pdf""}, {""url"": ""https://asia.siggraph.org/2023/images/pdfs/SA23-Exhibition-Sponsorship.pdf"", ""source"": ""html:a"", ""result"": ""title_score:0.24:content_type=application/pdf""}, {""url"": ""https://siggraph.ifdemo.com/2023/images/pdfs/SA23-Exhibition-Sponsorship.pdf"", ""source"": ""html:a"", ""result"": ""title_score:0.24:content_type=application/pdf""}, {""url"": """", ""source"": ""arxiv:title_search"", ""result"": ""arxiv_error:ReadTimeout:HTTPSConnectionPool(host='export.arxiv.org', port=443): Read timed out. (read timeout=25)""}, {""url"": """", ""source"": ""crossref:title_search"", ""result"": ""crossref_skipped""}]"
4749,SIGGRAPH ASIA 2023,ActRay: Online Active Ray Sampling for Radiance Fields,crossref_skipped,"[{""url"": ""https://asia.siggraph.org/2023/?post_type=page&p=14494&id=papers_1043&sess=sess154"", ""source"": ""csv:paper_link"", ""result"": ""landing:html"", ""extracted"": ""3"", ""dois"": """"}, {""url"": ""https://asia.siggraph.org/2023/images/pdfs/SIGGRAPH_Asia_2023_Awards_Winners.pdf"", ""source"": ""html:a"", ""result"": ""title_score:0.40:content_type=application/pdf""}, {""url"": ""https://asia.siggraph.org/2023/images/pdfs/SA23-Exhibition-Sponsorship.pdf"", ""source"": ""html:a"", ""result"": ""title_score:0.31:content_type=application/pdf""}, {""url"": ""https://siggraph.ifdemo.com/2023/images/pdfs/SA23-Exhibition-Sponsorship.pdf"", ""source"": ""html:a"", ""result"": ""title_score:0.31:content_type=application/pdf""}, {""url"": """", ""source"": ""arxiv:title_search"", ""result"": ""arxiv_error:ReadTimeout:HTTPSConnectionPool(host='export.arxiv.org', port=443): Read timed out. (read timeout=25)""}, {""url"": """", ""source"": ""crossref:title_search"", ""result"": ""crossref_skipped""}]"
4743,SIGGRAPH ASIA 2023,"A Neural Implicit Representation for the Image Stack: Depth, All in Focus, and High Dynamic Range",crossref_skipped,"[{""url"": ""https://asia.siggraph.org/2023/?post_type=page&p=14494&id=papers_480&sess=sess153"", ""source"": ""csv:paper_link"", ""result"": ""landing:html"", ""extracted"": ""3"", ""dois"": """"}, {""url"": ""https://asia.siggraph.org/2023/images/pdfs/SIGGRAPH_Asia_2023_Awards_Winners.pdf"", ""source"": ""html:a"", ""result"": ""title_score:0.33:content_type=application/pdf""}, {""url"": ""https://asia.siggraph.org/2023/images/pdfs/SA23-Exhibition-Sponsorship.pdf"", ""source"": ""html:a"", ""result"": ""title_score:0.21:content_type=application/pdf""}, {""url"": ""https://siggraph.ifdemo.com/2023/images/pdfs/SA23-Exhibition-Sponsorship.pdf"", ""source"": ""html:a"", ""result"": ""title_score:0.21:content_type=application/pdf""}, {""url"": """", ""source"": ""arxiv:title_search"", ""result"": ""arxiv_error:ReadTimeout:HTTPSConnectionPool(host='export.arxiv.org', port=443): Read timed out. (read timeout=25)""}, {""url"": """", ""source"": ""crossref:title_search"", ""result"": ""crossref_skipped""}]"
4757,SIGGRAPH ASIA 2023,An Unified $\lambda$-subdivision Scheme for Quadrilateral Meshes with Optimal Curvature Performance in Extraordinary Regions,crossref_skipped,"[{""url"": ""https://asia.siggraph.org/2023/?post_type=page&p=14494&id=papers_900&sess=sess144"", ""source"": ""csv:paper_link"", ""result"": ""landing:html"", ""extracted"": ""3"", ""dois"": """"}, {""url"": ""https://asia.siggraph.org/2023/images/pdfs/SIGGRAPH_Asia_2023_Awards_Winners.pdf"", ""source"": ""html:a"", ""result"": ""title_score:0.36:content_type=application/pdf""}, {""url"": ""https://asia.siggraph.org/2023/images/pdfs/SA23-Exhibition-Sponsorship.pdf"", ""source"": ""html:a"", ""result"": ""title_score:0.16:content_type=application/pdf""}, {""url"": ""https://siggraph.ifdemo.com/2023/images/pdfs/SA23-Exhibition-Sponsorship.pdf"", ""source"": ""html:a"", ""result"": ""title_score:0.16:content_type=application/pdf""}, {""url"": """", ""source"": ""arxiv:title_search"", ""result"": ""arxiv_no_match:0.00:""}, {""url"": """", ""source"": ""crossref:title_search"", ""result"": ""crossref_skipped""}]"
4762,SIGGRAPH ASIA 2023,Anything to Glyph: Artistic Font Synthesis via Text-to-Image Diffusion Model,crossref_skipped,"[{""url"": ""https://asia.siggraph.org/2023/?post_type=page&p=14494&id=papers_639&sess=sess152"", ""source"": ""csv:paper_link"", ""result"": ""landing:html"", ""extracted"": ""3"", ""dois"": """"}, {""url"": ""https://asia.siggraph.org/2023/images/pdfs/SIGGRAPH_Asia_2023_Awards_Winners.pdf"", ""source"": ""html:a"", ""result"": ""title_score:0.41:content_type=application/pdf""}, {""url"": ""https://asia.siggraph.org/2023/images/pdfs/SA23-Exhibition-Sponsorship.pdf"", ""source"": ""html:a"", ""result"": ""title_score:0.26:content_type=application/pdf""}, {""url"": ""https://siggraph.ifdemo.com/2023/images/pdfs/SA23-Exhibition-Sponsorship.pdf"", ""source"": ""html:a"", ""result"": ""title_score:0.26:content_type=application/pdf""}, {""url"": """", ""source"": ""arxiv:title_search"", ""result"": ""arxiv_no_match:0.00:""}, {""url"": """", ""source"": ""crossref:title_search"", ""result"": ""crossref_skipped""}]"
4771,SIGGRAPH ASIA 2023,Close the Design-to-Manufacturing Gap in Computational Optics with a ’Real2Sim’ Learned Two-Photon Neural Lithography Simulator,crossref_skipped,"[{""url"": ""https://asia.siggraph.org/2023/?post_type=page&p=14494&id=papers_995&sess=sess152"", ""source"": ""csv:paper_link"", ""result"": ""landing:html"", ""extracted"": ""3"", ""dois"": """"}, {""url"": ""https://asia.siggraph.org/2023/images/pdfs/SIGGRAPH_Asia_2023_Awards_Winners.pdf"", ""source"": ""html:a"", ""result"": ""title_score:0.34:content_type=application/pdf""}, {""url"": ""https://asia.siggraph.org/2023/images/pdfs/SA23-Exhibition-Sponsorship.pdf"", ""source"": ""html:a"", ""result"": ""title_score:0.20:content_type=application/pdf""}, {""url"": ""https://siggraph.ifdemo.com/2023/images/pdfs/SA23-Exhibition-Sponsorship.pdf"", ""source"": ""html:a"", ""result"": ""title_score:0.20:content_type=application/pdf""}, {""url"": """", ""source"": ""arxiv:title_search"", ""result"": ""arxiv_error:ReadTimeout:HTTPSConnectionPool(host='export.arxiv.org', port=443): Read timed out. (read timeout=25)""}, {""url"": """", ""source"": ""crossref:title_search"", ""result"": ""crossref_skipped""}]"
4766,SIGGRAPH ASIA 2023,Bézier Spline Simplification Using Locally Integrated Error Metrics,crossref_skipped,"[{""url"": ""https://asia.siggraph.org/2023/?post_type=page&p=14494&id=papers_950&sess=sess144"", ""source"": ""csv:paper_link"", ""result"": ""landing:html"", ""extracted"": ""3"", ""dois"": """"}, {""url"": ""https://asia.siggraph.org/2023/images/pdfs/SIGGRAPH_Asia_2023_Awards_Winners.pdf"", ""source"": ""html:a"", ""result"": ""title_score:0.41:content_type=application/pdf""}, {""url"": ""https://asia.siggraph.org/2023/images/pdfs/SA23-Exhibition-Sponsorship.pdf"", ""source"": ""html:a"", ""result"": ""title_score:0.31:content_type=application/pdf""}, {""url"": ""https://siggraph.ifdemo.com/2023/images/pdfs/SA23-Exhibition-Sponsorship.pdf"", ""source"": ""html:a"", ""result"": ""title_score:0.31:content_type=application/pdf""}, {""url"": """", ""source"": ""arxiv:title_search"", ""result"": ""arxiv_no_match:0.00:""}, {""url"": """", ""source"": ""crossref:title_search"", ""result"": ""crossref_skipped""}]"
4775,SIGGRAPH ASIA 2023,Compact Neural Graphic Primitives with Learned Hash Probing,crossref_skipped,"[{""url"": ""https://asia.siggraph.org/2023/?post_type=page&p=14494&id=papers_397&sess=sess159"", ""source"": ""csv:paper_link"", ""result"": ""landing:html"", ""extracted"": ""3"", ""dois"": """"}, {""url"": ""https://asia.siggraph.org/2023/images/pdfs/SIGGRAPH_Asia_2023_Awards_Winners.pdf"", ""source"": ""html:a"", ""result"": ""title_score:0.42:content_type=application/pdf""}, {""url"": ""https://asia.siggraph.org/2023/images/pdfs/SA23-Exhibition-Sponsorship.pdf"", ""source"": ""html:a"", ""result"": ""title_score:0.27:content_type=application/pdf""}, {""url"": ""https://siggraph.ifdemo.com/2023/images/pdfs/SA23-Exhibition-Sponsorship.pdf"", ""source"": ""html:a"", ""result"": ""title_score:0.27:content_type=application/pdf""}, {""url"": """", ""source"": ""arxiv:title_search"", ""result"": ""arxiv_error:ReadTimeout:HTTPSConnectionPool(host='export.arxiv.org', port=443): Read timed out. (read timeout=25)""}, {""url"": """", ""source"": ""crossref:title_search"", ""result"": ""crossref_skipped""}]"
4782,SIGGRAPH ASIA 2023,Constructive Solid Geometry on Neural Signed Distance Fields,crossref_skipped,"[{""url"": ""https://asia.siggraph.org/2023/?post_type=page&p=14494&id=papers_406&sess=sess159"", ""source"": ""csv:paper_link"", ""result"": ""landing:html"", ""extracted"": ""3"", ""dois"": """"}, {""url"": ""https://asia.siggraph.org/2023/images/pdfs/SIGGRAPH_Asia_2023_Awards_Winners.pdf"", ""source"": ""html:a"", ""result"": ""title_score:0.38:content_type=application/pdf""}, {""url"": ""https://asia.siggraph.org/2023/images/pdfs/SA23-Exhibition-Sponsorship.pdf"", ""source"": ""html:a"", ""result"": ""title_score:0.33:content_type=application/pdf""}, {""url"": ""https://siggraph.ifdemo.com/2023/images/pdfs/SA23-Exhibition-Sponsorship.pdf"", ""source"": ""html:a"", ""result"": ""title_score:0.33:content_type=application/pdf""}, {""url"": """", ""source"": ""arxiv:title_search"", ""result"": ""arxiv_http_429""}, {""url"": """", ""source"": ""crossref:title_search"", ""result"": ""crossref_skipped""}]"
4783,SIGGRAPH ASIA 2023,Content-based Search for Deep Generative Models,crossref_skipped,"[{""url"": ""https://asia.siggraph.org/2023/?post_type=page&p=14494&id=papers_528&sess=sess132"", ""source"": ""csv:paper_link"", ""result"": ""landing:html"", ""extracted"": ""3"", ""dois"": """"}, {""url"": ""https://asia.siggraph.org/2023/images/pdfs/SIGGRAPH_Asia_2023_Awards_Winners.pdf"", ""source"": ""html:a"", ""result"": ""title_score:0.34:content_type=application/pdf""}, {""url"": ""https://asia.siggraph.org/2023/images/pdfs/SA23-Exhibition-Sponsorship.pdf"", ""source"": ""html:a"", ""result"": ""title_score:0.34:content_type=application/pdf""}, {""url"": ""https://siggraph.ifdemo.com/2023/images/pdfs/SA23-Exhibition-Sponsorship.pdf"", ""source"": ""html:a"", ""result"": ""title_score:0.34:content_type=application/pdf""}, {""url"": """", ""source"": ""arxiv:title_search"", ""result"": ""arxiv_http_429""}, {""url"": """", ""source"": ""crossref:title_search"", ""result"": ""crossref_skipped""}]"
4785,SIGGRAPH ASIA 2023,Curl Noise Jittering,crossref_skipped,"[{""url"": ""https://asia.siggraph.org/2023/?post_type=page&p=14494&id=papers_380&sess=sess134"", ""source"": ""csv:paper_link"", ""result"": ""landing:html"", ""extracted"": ""3"", ""dois"": """"}, {""url"": ""https://asia.siggraph.org/2023/images/pdfs/SIGGRAPH_Asia_2023_Awards_Winners.pdf"", ""source"": ""html:a"", ""result"": ""title_score:0.42:content_type=application/pdf""}, {""url"": ""https://asia.siggraph.org/2023/images/pdfs/SA23-Exhibition-Sponsorship.pdf"", ""source"": ""html:a"", ""result"": ""title_score:0.37:content_type=application/pdf""}, {""url"": ""https://siggraph.ifdemo.com/2023/images/pdfs/SA23-Exhibition-Sponsorship.pdf"", ""source"": ""html:a"", ""result"": ""title_score:0.37:content_type=application/pdf""}, {""url"": """", ""source"": ""arxiv:title_search"", ""result"": ""arxiv_http_429""}, {""url"": """", ""source"": ""crossref:title_search"", ""result"": ""crossref_skipped""}]"
4790,SIGGRAPH ASIA 2023,DeepBasis: Hand-Held Single-Image SVBRDF Capture via Two-Level Basis Material Model,crossref_skipped,"[{""url"": ""https://asia.siggraph.org/2023/?post_type=page&p=14494&id=papers_842&sess=sess133"", ""source"": ""csv:paper_link"", ""result"": ""landing:html"", ""extracted"": ""3"", ""dois"": """"}, {""url"": ""https://asia.siggraph.org/2023/images/pdfs/SIGGRAPH_Asia_2023_Awards_Winners.pdf"", ""source"": ""html:a"", ""result"": ""title_score:0.34:content_type=application/pdf""}, {""url"": ""https://asia.siggraph.org/2023/images/pdfs/SA23-Exhibition-Sponsorship.pdf"", ""source"": ""html:a"", ""result"": ""title_score:0.22:content_type=application/pdf""}, {""url"": ""https://siggraph.ifdemo.com/2023/images/pdfs/SA23-Exhibition-Sponsorship.pdf"", ""source"": ""html:a"", ""result"": ""title_score:0.22:content_type=application/pdf""}, {""url"": """", ""source"": ""arxiv:title_search"", ""result"": ""arxiv_http_429""}, {""url"": """", ""source"": ""crossref:title_search"", ""result"": ""crossref_skipped""}]"
4794,SIGGRAPH ASIA 2023,Differentiable Dynamic Visible-Light Tomography,crossref_skipped,"[{""url"": ""https://asia.siggraph.org/2023/?post_type=page&p=14494&id=papers_396&sess=sess136"", ""source"": ""csv:paper_link"", ""result"": ""landing:html"", ""extracted"": ""3"", ""dois"": """"}, {""url"": ""https://asia.siggraph.org/2023/images/pdfs/SIGGRAPH_Asia_2023_Awards_Winners.pdf"", ""source"": ""html:a"", ""result"": ""title_score:0.34:content_type=application/pdf""}, {""url"": ""https://asia.siggraph.org/2023/images/pdfs/SA23-Exhibition-Sponsorship.pdf"", ""source"": ""html:a"", ""result"": ""title_score:0.31:content_type=application/pdf""}, {""url"": ""https://siggraph.ifdemo.com/2023/images/pdfs/SA23-Exhibition-Sponsorship.pdf"", ""source"": ""html:a"", ""result"": ""title_score:0.31:content_type=application/pdf""}, {""url"": """", ""source"": ""arxiv:title_search"", ""result"": ""arxiv_http_429""}, {""url"": """", ""source"": ""crossref:title_search"", ""result"": ""crossref_skipped""}]"
4796,SIGGRAPH ASIA 2023,Diffusing Colors: Image Colorization with Text Guided Diffusion,crossref_skipped,"[{""url"": ""https://asia.siggraph.org/2023/?post_type=page&p=14494&id=papers_473&sess=sess170"", ""source"": ""csv:paper_link"", ""result"": ""landing:html"", ""extracted"": ""3"", ""dois"": """"}, {""url"": ""https://asia.siggraph.org/2023/images/pdfs/SIGGRAPH_Asia_2023_Awards_Winners.pdf"", ""source"": ""html:a"", ""result"": ""title_score:0.37:content_type=application/pdf""}, {""url"": ""https://asia.siggraph.org/2023/images/pdfs/SA23-Exhibition-Sponsorship.pdf"", ""source"": ""html:a"", ""result"": ""title_score:0.25:content_type=application/pdf""}, {""url"": ""https://siggraph.ifdemo.com/2023/images/pdfs/SA23-Exhibition-Sponsorship.pdf"", ""source"": ""html:a"", ""result"": ""title_score:0.25:content_type=application/pdf""}, {""url"": """", ""source"": ""arxiv:title_search"", ""result"": ""arxiv_error:ReadTimeout:HTTPSConnectionPool(host='export.arxiv.org', port=443): Read timed out. (read timeout=25)""}, {""url"": """", ""source"": ""crossref:title_search"", ""result"": ""crossref_skipped""}]"
4798,SIGGRAPH ASIA 2023,Diffusion-based Holistic Texture Rectification and Synthesis,crossref_skipped,"[{""url"": ""https://asia.siggraph.org/2023/?post_type=page&p=14494&id=papers_812&sess=sess133"", ""source"": ""csv:paper_link"", ""result"": ""landing:html"", ""extracted"": ""3"", ""dois"": """"}, {""url"": ""https://asia.siggraph.org/2023/images/pdfs/SIGGRAPH_Asia_2023_Awards_Winners.pdf"", ""source"": ""html:a"", ""result"": ""title_score:0.33:content_type=application/pdf""}, {""url"": ""https://asia.siggraph.org/2023/images/pdfs/SA23-Exhibition-Sponsorship.pdf"", ""source"": ""html:a"", ""result"": ""title_score:0.31:content_type=application/pdf""}, {""url"": ""https://siggraph.ifdemo.com/2023/images/pdfs/SA23-Exhibition-Sponsorship.pdf"", ""source"": ""html:a"", ""result"": ""title_score:0.31:content_type=application/pdf""}, {""url"": """", ""source"": ""arxiv:title_search"", ""result"": ""arxiv_error:ReadTimeout:HTTPSConnectionPool(host='export.arxiv.org', port=443): Read timed out. (read timeout=25)""}, {""url"": """", ""source"": ""crossref:title_search"", ""result"": ""crossref_skipped""}]"
4800,SIGGRAPH ASIA 2023,Discovering Fatigued Movements for Virtual Character Animation,crossref_skipped,"[{""url"": ""https://asia.siggraph.org/2023/?post_type=page&p=14494&id=papers_443&sess=sess167"", ""source"": ""csv:paper_link"", ""result"": ""landing:html"", ""extracted"": ""3"", ""dois"": """"}, {""url"": ""https://asia.siggraph.org/2023/images/pdfs/SIGGRAPH_Asia_2023_Awards_Winners.pdf"", ""source"": ""html:a"", ""result"": ""title_score:0.45:content_type=application/pdf""}, {""url"": ""https://asia.siggraph.org/2023/images/pdfs/SA23-Exhibition-Sponsorship.pdf"", ""source"": ""html:a"", ""result"": ""title_score:0.30:content_type=application/pdf""}, {""url"": ""https://siggraph.ifdemo.com/2023/images/pdfs/SA23-Exhibition-Sponsorship.pdf"", ""source"": ""html:a"", ""result"": ""title_score:0.30:content_type=application/pdf""}, {""url"": """", ""source"": ""arxiv:title_search"", ""result"": ""arxiv_http_429""}, {""url"": """", ""source"": ""crossref:title_search"", ""result"": ""crossref_skipped""}]"
4809,SIGGRAPH ASIA 2023,Efficient Graphics Representation with Differentiable Indirection,crossref_skipped,"[{""url"": ""https://asia.siggraph.org/2023/?post_type=page&p=14494&id=papers_602&sess=sess136"", ""source"": ""csv:paper_link"", ""result"": ""landing:html"", ""extracted"": ""3"", ""dois"": """"}, {""url"": ""https://asia.siggraph.org/2023/images/pdfs/SIGGRAPH_Asia_2023_Awards_Winners.pdf"", ""source"": ""html:a"", ""result"": ""title_score:0.36:content_type=application/pdf""}, {""url"": ""https://asia.siggraph.org/2023/images/pdfs/SA23-Exhibition-Sponsorship.pdf"", ""source"": ""html:a"", ""result"": ""title_score:0.22:content_type=application/pdf""}, {""url"": ""https://siggraph.ifdemo.com/2023/images/pdfs/SA23-Exhibition-Sponsorship.pdf"", ""source"": ""html:a"", ""result"": ""title_score:0.22:content_type=application/pdf""}, {""url"": """", ""source"": ""arxiv:title_search"", ""result"": ""arxiv_http_429""}, {""url"": """", ""source"": ""crossref:title_search"", ""result"": ""crossref_skipped""}]"
4810,SIGGRAPH ASIA 2023,Efficient Human Motion Reconstruction from Monocular Videos with Physical Consistency Loss,crossref_skipped,"[{""url"": ""https://asia.siggraph.org/2023/?post_type=page&p=14494&id=papers_403&sess=sess139"", ""source"": ""csv:paper_link"", ""result"": ""landing:html"", ""extracted"": ""3"", ""dois"": """"}, {""url"": ""https://asia.siggraph.org/2023/images/pdfs/SIGGRAPH_Asia_2023_Awards_Winners.pdf"", ""source"": ""html:a"", ""result"": ""title_score:0.36:content_type=application/pdf""}, {""url"": ""https://asia.siggraph.org/2023/images/pdfs/SA23-Exhibition-Sponsorship.pdf"", ""source"": ""html:a"", ""result"": ""title_score:0.22:content_type=application/pdf""}, {""url"": ""https://siggraph.ifdemo.com/2023/images/pdfs/SA23-Exhibition-Sponsorship.pdf"", ""source"": ""html:a"", ""result"": ""title_score:0.22:content_type=application/pdf""}, {""url"": """", ""source"": ""arxiv:title_search"", ""result"": ""arxiv_error:ReadTimeout:HTTPSConnectionPool(host='export.arxiv.org', port=443): Read timed out. (read timeout=25)""}, {""url"": """", ""source"": ""crossref:title_search"", ""result"": ""crossref_skipped""}]"
4814,SIGGRAPH ASIA 2023,Emotional Speech-Driven Animation with Content-Emotion Disentanglement,crossref_skipped,"[{""url"": ""https://asia.siggraph.org/2023/?post_type=page&p=14494&id=papers_501&sess=sess127"", ""source"": ""csv:paper_link"", ""result"": ""landing:html"", ""extracted"": ""3"", ""dois"": """"}, {""url"": ""https://asia.siggraph.org/2023/images/pdfs/SIGGRAPH_Asia_2023_Awards_Winners.pdf"", ""source"": ""html:a"", ""result"": ""title_score:0.36:content_type=application/pdf""}, {""url"": ""https://asia.siggraph.org/2023/images/pdfs/SA23-Exhibition-Sponsorship.pdf"", ""source"": ""html:a"", ""result"": ""title_score:0.20:content_type=application/pdf""}, {""url"": ""https://siggraph.ifdemo.com/2023/images/pdfs/SA23-Exhibition-Sponsorship.pdf"", ""source"": ""html:a"", ""result"": ""title_score:0.20:content_type=application/pdf""}, {""url"": """", ""source"": ""arxiv:title_search"", ""result"": ""arxiv_http_429""}, {""url"": """", ""source"": ""crossref:title_search"", ""result"": ""crossref_skipped""}]"
4816,SIGGRAPH ASIA 2023,Example-Based Sampling with Diffusion Models,crossref_skipped,"[{""url"": ""https://asia.siggraph.org/2023/?post_type=page&p=14494&id=papers_878&sess=sess170"", ""source"": ""csv:paper_link"", ""result"": ""landing:html"", ""extracted"": ""3"", ""dois"": """"}, {""url"": ""https://asia.siggraph.org/2023/images/pdfs/SIGGRAPH_Asia_2023_Awards_Winners.pdf"", ""source"": ""html:a"", ""result"": ""title_score:0.35:content_type=application/pdf""}, {""url"": ""https://asia.siggraph.org/2023/images/pdfs/SA23-Exhibition-Sponsorship.pdf"", ""source"": ""html:a"", ""result"": ""title_score:0.30:content_type=application/pdf""}, {""url"": ""https://siggraph.ifdemo.com/2023/images/pdfs/SA23-Exhibition-Sponsorship.pdf"", ""source"": ""html:a"", ""result"": ""title_score:0.30:content_type=application/pdf""}, {""url"": """", ""source"": ""arxiv:title_search"", ""result"": ""arxiv_http_429""}, {""url"": """", ""source"": ""crossref:title_search"", ""result"": ""crossref_skipped""}]"
4817,SIGGRAPH ASIA 2023,Explorable Mesh Deformation Subspaces from Unstructured 3D Generative Models,crossref_skipped,"[{""url"": ""https://asia.siggraph.org/2023/?post_type=page&p=14494&id=papers_535&sess=sess150"", ""source"": ""csv:paper_link"", ""result"": ""landing:html"", ""extracted"": ""3"", ""dois"": """"}, {""url"": ""https://asia.siggraph.org/2023/images/pdfs/SIGGRAPH_Asia_2023_Awards_Winners.pdf"", ""source"": ""html:a"", ""result"": ""title_score:0.33:content_type=application/pdf""}, {""url"": ""https://asia.siggraph.org/2023/images/pdfs/SA23-Exhibition-Sponsorship.pdf"", ""source"": ""html:a"", ""result"": ""title_score:0.21:content_type=application/pdf""}, {""url"": ""https://siggraph.ifdemo.com/2023/images/pdfs/SA23-Exhibition-Sponsorship.pdf"", ""source"": ""html:a"", ""result"": ""title_score:0.21:content_type=application/pdf""}, {""url"": """", ""source"": ""arxiv:title_search"", ""result"": ""arxiv_no_match:0.00:""}, {""url"": """", ""source"": ""crossref:title_search"", ""result"": ""crossref_skipped""}]"
4819,SIGGRAPH ASIA 2023,ExtraSS: A Framework for Joint Spatial Super Sampling and Frame Extrapolation,crossref_skipped,"[{""url"": ""https://asia.siggraph.org/2023/?post_type=page&p=14494&id=papers_744&sess=sess155"", ""source"": ""csv:paper_link"", ""result"": ""landing:html"", ""extracted"": ""3"", ""dois"": """"}, {""url"": ""https://asia.siggraph.org/2023/images/pdfs/SIGGRAPH_Asia_2023_Awards_Winners.pdf"", ""source"": ""html:a"", ""result"": ""title_score:0.37:content_type=application/pdf""}, {""url"": ""https://asia.siggraph.org/2023/images/pdfs/SA23-Exhibition-Sponsorship.pdf"", ""source"": ""html:a"", ""result"": ""title_score:0.23:content_type=application/pdf""}, {""url"": ""https://siggraph.ifdemo.com/2023/images/pdfs/SA23-Exhibition-Sponsorship.pdf"", ""source"": ""html:a"", ""result"": ""title_score:0.23:content_type=application/pdf""}, {""url"": """", ""source"": ""arxiv:title_search"", ""result"": ""arxiv_no_match:0.00:""}, {""url"": """", ""source"": ""crossref:title_search"", ""result"": ""crossref_skipped""}]"
4844,SIGGRAPH ASIA 2023,Intrinsic Harmonization for Illumination-Aware Image Compositing,crossref_skipped,"[{""url"": ""https://asia.siggraph.org/2023/?post_type=page&p=14494&id=papers_458&sess=sess156"", ""source"": ""csv:paper_link"", ""result"": ""landing:html"", ""extracted"": ""3"", ""dois"": """"}, {""url"": ""https://asia.siggraph.org/2023/images/pdfs/SIGGRAPH_Asia_2023_Awards_Winners.pdf"", ""source"": ""html:a"", ""result"": ""title_score:0.44:content_type=application/pdf""}, {""url"": ""https://asia.siggraph.org/2023/images/pdfs/SA23-Exhibition-Sponsorship.pdf"", ""source"": ""html:a"", ""result"": ""title_score:0.24:content_type=application/pdf""}, {""url"": ""https://siggraph.ifdemo.com/2023/images/pdfs/SA23-Exhibition-Sponsorship.pdf"", ""source"": ""html:a"", ""result"": ""title_score:0.24:content_type=application/pdf""}, {""url"": """", ""source"": ""arxiv:title_search"", ""result"": ""arxiv_no_match:0.00:""}, {""url"": """", ""source"": ""crossref:title_search"", ""result"": ""crossref_skipped""}]"
4848,SIGGRAPH ASIA 2023,Learning Contact Deformations with General Collider Descriptors,crossref_skipped,"[{""url"": ""https://asia.siggraph.org/2023/?post_type=page&p=14494&id=papers_785&sess=sess151"", ""source"": ""csv:paper_link"", ""result"": ""landing:html"", ""extracted"": ""3"", ""dois"": """"}, {""url"": ""https://asia.siggraph.org/2023/images/pdfs/SIGGRAPH_Asia_2023_Awards_Winners.pdf"", ""source"": ""html:a"", ""result"": ""title_score:0.40:content_type=application/pdf""}, {""url"": ""https://asia.siggraph.org/2023/images/pdfs/SA23-Exhibition-Sponsorship.pdf"", ""source"": ""html:a"", ""result"": ""title_score:0.25:content_type=application/pdf""}, {""url"": ""https://siggraph.ifdemo.com/2023/images/pdfs/SA23-Exhibition-Sponsorship.pdf"", ""source"": ""html:a"", ""result"": ""title_score:0.25:content_type=application/pdf""}, {""url"": """", ""source"": ""arxiv:title_search"", ""result"": ""arxiv_no_match:0.00:""}, {""url"": """", ""source"": ""crossref:title_search"", ""result"": ""crossref_skipped""}]"
4853,SIGGRAPH ASIA 2023,Light-Efficient Holographic Illumination for Continuous-Wave Time-of-Flight Imaging,crossref_skipped,"[{""url"": ""https://asia.siggraph.org/2023/?post_type=page&p=14494&id=papers_285&sess=sess138"", ""source"": ""csv:paper_link"", ""result"": ""landing:html"", ""extracted"": ""3"", ""dois"": """"}, {""url"": ""https://asia.siggraph.org/2023/images/pdfs/SIGGRAPH_Asia_2023_Awards_Winners.pdf"", ""source"": ""html:a"", ""result"": ""title_score:0.33:content_type=application/pdf""}, {""url"": ""https://asia.siggraph.org/2023/images/pdfs/SA23-Exhibition-Sponsorship.pdf"", ""source"": ""html:a"", ""result"": ""title_score:0.17:content_type=application/pdf""}, {""url"": ""https://siggraph.ifdemo.com/2023/images/pdfs/SA23-Exhibition-Sponsorship.pdf"", ""source"": ""html:a"", ""result"": ""title_score:0.17:content_type=application/pdf""}, {""url"": """", ""source"": ""arxiv:title_search"", ""result"": ""arxiv_no_match:0.00:""}, {""url"": """", ""source"": ""crossref:title_search"", ""result"": ""crossref_skipped""}]"
4872,SIGGRAPH ASIA 2023,Neural Cache for Monte Carlo Partial Differential Equation Solver,crossref_skipped,"[{""url"": ""https://asia.siggraph.org/2023/?post_type=page&p=14494&id=papers_194&sess=sess145"", ""source"": ""csv:paper_link"", ""result"": ""landing:html"", ""extracted"": ""3"", ""dois"": """"}, {""url"": ""https://asia.siggraph.org/2023/images/pdfs/SIGGRAPH_Asia_2023_Awards_Winners.pdf"", ""source"": ""html:a"", ""result"": ""title_score:0.35:content_type=application/pdf""}, {""url"": ""https://asia.siggraph.org/2023/images/pdfs/SA23-Exhibition-Sponsorship.pdf"", ""source"": ""html:a"", ""result"": ""title_score:0.21:content_type=application/pdf""}, {""url"": ""https://siggraph.ifdemo.com/2023/images/pdfs/SA23-Exhibition-Sponsorship.pdf"", ""source"": ""html:a"", ""result"": ""title_score:0.21:content_type=application/pdf""}, {""url"": """", ""source"": ""arxiv:title_search"", ""result"": ""arxiv_no_match:0.00:""}, {""url"": """", ""source"": ""crossref:title_search"", ""result"": ""crossref_skipped""}]"
4859,SIGGRAPH ASIA 2023,MCNeRF: Monte Carlo Rendering and Denoising for Real-Time NeRFs,crossref_skipped,"[{""url"": ""https://asia.siggraph.org/2023/?post_type=page&p=14494&id=papers_729&sess=sess154"", ""source"": ""csv:paper_link"", ""result"": ""landing:html"", ""extracted"": ""3"", ""dois"": """"}, {""url"": ""https://asia.siggraph.org/2023/images/pdfs/SIGGRAPH_Asia_2023_Awards_Winners.pdf"", ""source"": ""html:a"", ""result"": ""title_score:0.40:content_type=application/pdf""}, {""url"": ""https://asia.siggraph.org/2023/images/pdfs/SA23-Exhibition-Sponsorship.pdf"", ""source"": ""html:a"", ""result"": ""title_score:0.33:content_type=application/pdf""}, {""url"": ""https://siggraph.ifdemo.com/2023/images/pdfs/SA23-Exhibition-Sponsorship.pdf"", ""source"": ""html:a"", ""result"": ""title_score:0.33:content_type=application/pdf""}, {""url"": """", ""source"": ""arxiv:title_search"", ""result"": ""arxiv_no_match:0.00:""}, {""url"": """", ""source"": ""crossref:title_search"", ""result"": ""crossref_skipped""}]"
4877,SIGGRAPH ASIA 2023,Neural Motion Graph,crossref_skipped,"[{""url"": ""https://asia.siggraph.org/2023/?post_type=page&p=14494&id=papers_486&sess=sess166"", ""source"": ""csv:paper_link"", ""result"": ""landing:html"", ""extracted"": ""3"", ""dois"": """"}, {""url"": ""https://asia.siggraph.org/2023/images/pdfs/SIGGRAPH_Asia_2023_Awards_Winners.pdf"", ""source"": ""html:a"", ""result"": ""title_score:0.42:content_type=application/pdf""}, {""url"": ""https://asia.siggraph.org/2023/images/pdfs/SA23-Exhibition-Sponsorship.pdf"", ""source"": ""html:a"", ""result"": ""title_score:0.41:content_type=application/pdf""}, {""url"": ""https://siggraph.ifdemo.com/2023/images/pdfs/SA23-Exhibition-Sponsorship.pdf"", ""source"": ""html:a"", ""result"": ""title_score:0.41:content_type=application/pdf""}, {""url"": """", ""source"": ""arxiv:title_search"", ""result"": ""arxiv_no_match:0.00:""}, {""url"": """", ""source"": ""crossref:title_search"", ""result"": ""crossref_skipped""}]"
4884,SIGGRAPH ASIA 2023,NodeGit: Diffing and Merging Node Graphs,crossref_skipped,"[{""url"": ""https://asia.siggraph.org/2023/?post_type=page&p=14494&id=papers_347&sess=sess136"", ""source"": ""csv:paper_link"", ""result"": ""landing:html"", ""extracted"": ""3"", ""dois"": """"}, {""url"": ""https://asia.siggraph.org/2023/images/pdfs/SIGGRAPH_Asia_2023_Awards_Winners.pdf"", ""source"": ""html:a"", ""result"": ""title_score:0.38:content_type=application/pdf""}, {""url"": ""https://asia.siggraph.org/2023/images/pdfs/SA23-Exhibition-Sponsorship.pdf"", ""source"": ""html:a"", ""result"": ""title_score:0.32:content_type=application/pdf""}, {""url"": ""https://siggraph.ifdemo.com/2023/images/pdfs/SA23-Exhibition-Sponsorship.pdf"", ""source"": ""html:a"", ""result"": ""title_score:0.32:content_type=application/pdf""}, {""url"": """", ""source"": ""arxiv:title_search"", ""result"": ""arxiv_no_match:0.00:""}, {""url"": """", ""source"": ""crossref:title_search"", ""result"": ""crossref_skipped""}]"
4857,SIGGRAPH ASIA 2023,Lock-free Vertex Clustering for Multicore Mesh Reduction,crossref_skipped,"[{""url"": ""https://asia.siggraph.org/2023/?post_type=page&p=14494&id=papers_816&sess=sess149"", ""source"": ""csv:paper_link"", ""result"": ""landing:html"", ""extracted"": ""3"", ""dois"": """"}, {""url"": ""https://asia.siggraph.org/2023/images/pdfs/SIGGRAPH_Asia_2023_Awards_Winners.pdf"", ""source"": ""html:a"", ""result"": ""title_score:0.37:content_type=application/pdf""}, {""url"": ""https://asia.siggraph.org/2023/images/pdfs/SA23-Exhibition-Sponsorship.pdf"", ""source"": ""html:a"", ""result"": ""title_score:0.32:content_type=application/pdf""}, {""url"": ""https://siggraph.ifdemo.com/2023/images/pdfs/SA23-Exhibition-Sponsorship.pdf"", ""source"": ""html:a"", ""result"": ""title_score:0.32:content_type=application/pdf""}, {""url"": """", ""source"": ""arxiv:title_search"", ""result"": ""arxiv_no_match:0.00:""}, {""url"": """", ""source"": ""crossref:title_search"", ""result"": ""crossref_skipped""}]"
4895,SIGGRAPH ASIA 2023,Pose and Skeleton-aware Neural IK for Pose and Motion Editing,crossref_skipped,"[{""url"": ""https://asia.siggraph.org/2023/?post_type=page&p=14494&id=papers_712&sess=sess165"", ""source"": ""csv:paper_link"", ""result"": ""landing:html"", ""extracted"": ""3"", ""dois"": """"}, {""url"": ""https://asia.siggraph.org/2023/images/pdfs/SIGGRAPH_Asia_2023_Awards_Winners.pdf"", ""source"": ""html:a"", ""result"": ""title_score:0.39:content_type=application/pdf""}, {""url"": ""https://asia.siggraph.org/2023/images/pdfs/SA23-Exhibition-Sponsorship.pdf"", ""source"": ""html:a"", ""result"": ""title_score:0.27:content_type=application/pdf""}, {""url"": ""https://siggraph.ifdemo.com/2023/images/pdfs/SA23-Exhibition-Sponsorship.pdf"", ""source"": ""html:a"", ""result"": ""title_score:0.27:content_type=application/pdf""}, {""url"": """", ""source"": ""arxiv:title_search"", ""result"": ""arxiv_no_match:0.00:""}, {""url"": """", ""source"": ""crossref:title_search"", ""result"": ""crossref_skipped""}]"
4886,SIGGRAPH ASIA 2023,Nonlinear Ray Tracing for Displacement and Shell Mapping,crossref_skipped,"[{""url"": ""https://asia.siggraph.org/2023/?post_type=page&p=14494&id=papers_575&sess=sess155"", ""source"": ""csv:paper_link"", ""result"": ""landing:html"", ""extracted"": ""3"", ""dois"": """"}, {""url"": ""https://asia.siggraph.org/2023/images/pdfs/SIGGRAPH_Asia_2023_Awards_Winners.pdf"", ""source"": ""html:a"", ""result"": ""title_score:0.38:content_type=application/pdf""}, {""url"": ""https://asia.siggraph.org/2023/images/pdfs/SA23-Exhibition-Sponsorship.pdf"", ""source"": ""html:a"", ""result"": ""title_score:0.35:content_type=application/pdf""}, {""url"": ""https://siggraph.ifdemo.com/2023/images/pdfs/SA23-Exhibition-Sponsorship.pdf"", ""source"": ""html:a"", ""result"": ""title_score:0.35:content_type=application/pdf""}, {""url"": """", ""source"": ""arxiv:title_search"", ""result"": ""arxiv_no_match:0.00:""}, {""url"": """", ""source"": ""crossref:title_search"", ""result"": ""crossref_skipped""}]"
4898,SIGGRAPH ASIA 2023,Progressive Shell Quasistatics for Unstructured Meshes,crossref_skipped,"[{""url"": ""https://asia.siggraph.org/2023/?post_type=page&p=14494&id=papers_731&sess=sess141"", ""source"": ""csv:paper_link"", ""result"": ""landing:html"", ""extracted"": ""3"", ""dois"": """"}, {""url"": ""https://asia.siggraph.org/2023/images/pdfs/SIGGRAPH_Asia_2023_Awards_Winners.pdf"", ""source"": ""html:a"", ""result"": ""title_score:0.40:content_type=application/pdf""}, {""url"": ""https://asia.siggraph.org/2023/images/pdfs/SA23-Exhibition-Sponsorship.pdf"", ""source"": ""html:a"", ""result"": ""title_score:0.24:content_type=application/pdf""}, {""url"": ""https://siggraph.ifdemo.com/2023/images/pdfs/SA23-Exhibition-Sponsorship.pdf"", ""source"": ""html:a"", ""result"": ""title_score:0.24:content_type=application/pdf""}, {""url"": """", ""source"": ""arxiv:title_search"", ""result"": ""arxiv_no_match:0.00:""}, {""url"": """", ""source"": ""crossref:title_search"", ""result"": ""crossref_skipped""}]"
4902,SIGGRAPH ASIA 2023,RT-Octree: Accelerate PlenOctree Rendering with Batched Regular Tracking and Neural Denoising for Real-time Neural Radiance Fields,crossref_skipped,"[{""url"": ""https://asia.siggraph.org/2023/?post_type=page&p=14494&id=papers_670&sess=sess154"", ""source"": ""csv:paper_link"", ""result"": ""landing:html"", ""extracted"": ""3"", ""dois"": """"}, {""url"": ""https://asia.siggraph.org/2023/images/pdfs/SIGGRAPH_Asia_2023_Awards_Winners.pdf"", ""source"": ""html:a"", ""result"": ""title_score:0.32:content_type=application/pdf""}, {""url"": ""https://asia.siggraph.org/2023/images/pdfs/SA23-Exhibition-Sponsorship.pdf"", ""source"": ""html:a"", ""result"": ""title_score:0.18:content_type=application/pdf""}, {""url"": ""https://siggraph.ifdemo.com/2023/images/pdfs/SA23-Exhibition-Sponsorship.pdf"", ""source"": ""html:a"", ""result"": ""title_score:0.18:content_type=application/pdf""}, {""url"": """", ""source"": ""arxiv:title_search"", ""result"": ""arxiv_no_match:0.00:""}, {""url"": """", ""source"": ""crossref:title_search"", ""result"": ""crossref_skipped""}]"
4921,SIGGRAPH ASIA 2023,Second-Order Finite Elements for Deformable Surfaces,crossref_skipped,"[{""url"": ""https://asia.siggraph.org/2023/?post_type=page&p=14494&id=papers_519&sess=sess171"", ""source"": ""csv:paper_link"", ""result"": ""landing:html"", ""extracted"": ""3"", ""dois"": """"}, {""url"": ""https://asia.siggraph.org/2023/images/pdfs/SIGGRAPH_Asia_2023_Awards_Winners.pdf"", ""source"": ""html:a"", ""result"": ""title_score:0.38:content_type=application/pdf""}, {""url"": ""https://asia.siggraph.org/2023/images/pdfs/SA23-Exhibition-Sponsorship.pdf"", ""source"": ""html:a"", ""result"": ""title_score:0.26:content_type=application/pdf""}, {""url"": ""https://siggraph.ifdemo.com/2023/images/pdfs/SA23-Exhibition-Sponsorship.pdf"", ""source"": ""html:a"", ""result"": ""title_score:0.26:content_type=application/pdf""}, {""url"": """", ""source"": ""arxiv:title_search"", ""result"": ""arxiv_no_match:0.00:""}, {""url"": """", ""source"": ""crossref:title_search"", ""result"": ""crossref_skipped""}]"
4854,SIGGRAPH ASIA 2023,LitNeRF: Intrinsic Radiance Decomposition for High-Quality View Synthesis and Relighting of Faces,crossref_skipped,"[{""url"": ""https://asia.siggraph.org/2023/?post_type=page&p=14494&id=papers_646&sess=sess127"", ""source"": ""csv:paper_link"", ""result"": ""landing:html"", ""extracted"": ""3"", ""dois"": """"}, {""url"": ""https://asia.siggraph.org/2023/images/pdfs/SIGGRAPH_Asia_2023_Awards_Winners.pdf"", ""source"": ""html:a"", ""result"": ""title_score:0.40:content_type=application/pdf""}, {""url"": ""https://asia.siggraph.org/2023/images/pdfs/SA23-Exhibition-Sponsorship.pdf"", ""source"": ""html:a"", ""result"": ""title_score:0.22:content_type=application/pdf""}, {""url"": ""https://siggraph.ifdemo.com/2023/images/pdfs/SA23-Exhibition-Sponsorship.pdf"", ""source"": ""html:a"", ""result"": ""error:ConnectionError:HTTPSConnectionPool(host='siggraph.ifdemo.com', port=443): Read timed out.""}, {""url"": """", ""source"": ""arxiv:title_search"", ""result"": ""arxiv_no_match:0.00:""}, {""url"": """", ""source"": ""crossref:title_search"", ""result"": ""crossref_skipped""}]"
4909,SIGGRAPH ASIA 2023,ReparamCAD: Zero-shot CAD Re-Parameterization for Interactive Manipulation,crossref_skipped,"[{""url"": ""https://asia.siggraph.org/2023/?post_type=page&p=14494&id=papers_720&sess=sess150"", ""source"": ""csv:paper_link"", ""result"": ""landing:html"", ""extracted"": ""3"", ""dois"": """"}, {""url"": ""https://asia.siggraph.org/2023/images/pdfs/SIGGRAPH_Asia_2023_Awards_Winners.pdf"", ""source"": ""html:a"", ""result"": ""title_score:0.46:content_type=application/pdf""}, {""url"": ""https://asia.siggraph.org/2023/images/pdfs/SA23-Exhibition-Sponsorship.pdf"", ""source"": ""html:a"", ""result"": ""title_score:0.20:content_type=application/pdf""}, {""url"": ""https://siggraph.ifdemo.com/2023/images/pdfs/SA23-Exhibition-Sponsorship.pdf"", ""source"": ""html:a"", ""result"": ""title_score:0.20:content_type=application/pdf""}, {""url"": """", ""source"": ""arxiv:title_search"", ""result"": ""arxiv_no_match:0.00:""}, {""url"": """", ""source"": ""crossref:title_search"", ""result"": ""crossref_skipped""}]"
4915,SIGGRAPH ASIA 2023,SFLSH: Shape-Dependent Soft-Flesh Avatars,crossref_skipped,"[{""url"": ""https://asia.siggraph.org/2023/?post_type=page&p=14494&id=papers_875&sess=sess166"", ""source"": ""csv:paper_link"", ""result"": ""landing:html"", ""extracted"": ""3"", ""dois"": """"}, {""url"": ""https://asia.siggraph.org/2023/images/pdfs/SIGGRAPH_Asia_2023_Awards_Winners.pdf"", ""source"": ""html:a"", ""result"": ""title_score:0.38:content_type=application/pdf""}, {""url"": ""https://asia.siggraph.org/2023/images/pdfs/SA23-Exhibition-Sponsorship.pdf"", ""source"": ""html:a"", ""result"": ""title_score:0.31:content_type=application/pdf""}, {""url"": ""https://siggraph.ifdemo.com/2023/images/pdfs/SA23-Exhibition-Sponsorship.pdf"", ""source"": ""html:a"", ""result"": ""title_score:0.31:content_type=application/pdf""}, {""url"": """", ""source"": ""arxiv:title_search"", ""result"": ""arxiv_no_match:0.00:""}, {""url"": """", ""source"": ""crossref:title_search"", ""result"": ""crossref_skipped""}]"
4937,SIGGRAPH ASIA 2023,Texture Atlas Compression Based on Repeated Content Removal,crossref_skipped,"[{""url"": ""https://asia.siggraph.org/2023/?post_type=page&p=14494&id=papers_252&sess=sess148"", ""source"": ""csv:paper_link"", ""result"": ""landing:html"", ""extracted"": ""3"", ""dois"": """"}, {""url"": ""https://asia.siggraph.org/2023/images/pdfs/SIGGRAPH_Asia_2023_Awards_Winners.pdf"", ""source"": ""html:a"", ""result"": ""title_score:0.34:content_type=application/pdf""}, {""url"": ""https://asia.siggraph.org/2023/images/pdfs/SA23-Exhibition-Sponsorship.pdf"", ""source"": ""html:a"", ""result"": ""title_score:0.23:content_type=application/pdf""}, {""url"": ""https://siggraph.ifdemo.com/2023/images/pdfs/SA23-Exhibition-Sponsorship.pdf"", ""source"": ""html:a"", ""result"": ""title_score:0.23:content_type=application/pdf""}, {""url"": """", ""source"": ""arxiv:title_search"", ""result"": ""arxiv_no_match:0.00:""}, {""url"": """", ""source"": ""crossref:title_search"", ""result"": ""crossref_skipped""}]"
4945,SIGGRAPH ASIA 2023,Transparent Object Reconstruction via Implicit Differentiable Refraction Rendering,crossref_skipped,"[{""url"": ""https://asia.siggraph.org/2023/?post_type=page&p=14494&id=papers_820&sess=sess129"", ""source"": ""csv:paper_link"", ""result"": ""landing:html"", ""extracted"": ""3"", ""dois"": """"}, {""url"": ""https://asia.siggraph.org/2023/images/pdfs/SIGGRAPH_Asia_2023_Awards_Winners.pdf"", ""source"": ""html:a"", ""result"": ""title_score:0.39:content_type=application/pdf""}, {""url"": ""https://asia.siggraph.org/2023/images/pdfs/SA23-Exhibition-Sponsorship.pdf"", ""source"": ""html:a"", ""result"": ""title_score:0.19:content_type=application/pdf""}, {""url"": ""https://siggraph.ifdemo.com/2023/images/pdfs/SA23-Exhibition-Sponsorship.pdf"", ""source"": ""html:a"", ""result"": ""title_score:0.19:content_type=application/pdf""}, {""url"": """", ""source"": ""arxiv:title_search"", ""result"": ""arxiv_no_match:0.00:""}, {""url"": """", ""source"": ""crossref:title_search"", ""result"": ""crossref_skipped""}]"
4990,SIGGRAPH ASIA 2024,COMFI: A Calibrated Observer Metameric Failure Index for Color Critical Tasks,crossref_skipped,"[{""url"": ""https://asia.siggraph.org/2024/presentation/?id=papers_1237&sess=sess223"", ""source"": ""csv:paper_link"", ""result"": ""landing:html"", ""extracted"": ""0"", ""dois"": """"}, {""url"": ""https://github.com/robwanat/COMFI/"", ""source"": ""csv:project_link_or_github_link"", ""result"": ""landing:html"", ""extracted"": ""0"", ""dois"": """"}, {""url"": """", ""source"": ""arxiv:title_search"", ""result"": ""arxiv_no_match:0.00:""}, {""url"": """", ""source"": ""crossref:title_search"", ""result"": ""crossref_skipped""}]"
4894,SIGGRAPH ASIA 2023,Perceptually Adaptive Real-Time Tone Mapping,crossref_skipped,"[{""url"": ""https://asia.siggraph.org/2023/?post_type=page&p=14494&id=papers_734&sess=sess126"", ""source"": ""csv:paper_link"", ""result"": ""landing:html"", ""extracted"": ""3"", ""dois"": """"}, {""url"": ""https://asia.siggraph.org/2023/images/pdfs/SIGGRAPH_Asia_2023_Awards_Winners.pdf"", ""source"": ""html:a"", ""result"": ""title_score:0.42:content_type=application/pdf""}, {""url"": ""https://asia.siggraph.org/2023/images/pdfs/SA23-Exhibition-Sponsorship.pdf"", ""source"": ""html:a"", ""result"": ""title_score:0.31:content_type=application/pdf""}, {""url"": ""https://siggraph.ifdemo.com/2023/images/pdfs/SA23-Exhibition-Sponsorship.pdf"", ""source"": ""html:a"", ""result"": ""title_score:0.31:content_type=application/pdf""}, {""url"": """", ""source"": ""arxiv:title_search"", ""result"": ""arxiv_no_match:0.00:""}, {""url"": """", ""source"": ""crossref:title_search"", ""result"": ""crossref_skipped""}]"
5012,SIGGRAPH ASIA 2024,DIScene: Object Decoupling and Interaction Modeling for Complex Scene Generation,crossref_skipped,"[{""url"": ""https://asia.siggraph.org/2024/presentation/?id=papers_306&sess=sess223"", ""source"": ""csv:paper_link"", ""result"": ""landing:html"", ""extracted"": ""0"", ""dois"": """"}, {""url"": """", ""source"": ""arxiv:title_search"", ""result"": ""arxiv_no_match:0.00:""}, {""url"": """", ""source"": ""crossref:title_search"", ""result"": ""crossref_skipped""}]"
5044,SIGGRAPH ASIA 2024,Fabrig: A Cloth-Simulated Transferable 3D Face Parameterization,crossref_skipped,"[{""url"": ""https://asia.siggraph.org/2024/presentation/?id=papers_1197&sess=sess223"", ""source"": ""csv:paper_link"", ""result"": ""landing:html"", ""extracted"": ""0"", ""dois"": """"}, {""url"": """", ""source"": ""arxiv:title_search"", ""result"": ""arxiv_no_match:0.00:""}, {""url"": """", ""source"": ""crossref:title_search"", ""result"": ""crossref_skipped""}]"
4925,SIGGRAPH ASIA 2023,ShapeSonic: Sonifying Fingertip Interactions for Non-Visual Virtual Shape Perception,crossref_skipped,"[{""url"": ""https://asia.siggraph.org/2023/?post_type=page&p=14494&id=papers_938&sess=sess158"", ""source"": ""csv:paper_link"", ""result"": ""landing:html"", ""extracted"": ""3"", ""dois"": """"}, {""url"": ""https://asia.siggraph.org/2023/images/pdfs/SIGGRAPH_Asia_2023_Awards_Winners.pdf"", ""source"": ""html:a"", ""result"": ""title_score:0.38:content_type=application/pdf""}, {""url"": ""https://asia.siggraph.org/2023/images/pdfs/SA23-Exhibition-Sponsorship.pdf"", ""source"": ""html:a"", ""result"": ""title_score:0.24:content_type=application/pdf""}, {""url"": ""https://siggraph.ifdemo.com/2023/images/pdfs/SA23-Exhibition-Sponsorship.pdf"", ""source"": ""html:a"", ""result"": ""title_score:0.24:content_type=application/pdf""}, {""url"": """", ""source"": ""arxiv:title_search"", ""result"": ""arxiv_no_match:0.00:""}, {""url"": """", ""source"": ""crossref:title_search"", ""result"": ""crossref_skipped""}]"
5104,SIGGRAPH ASIA 2024,Measuring Human Motion Under Clothing,crossref_skipped,"[{""url"": ""https://asia.siggraph.org/2024/presentation/?id=papers_1244&sess=sess223"", ""source"": ""csv:paper_link"", ""result"": ""landing:html"", ""extracted"": ""0"", ""dois"": """"}, {""url"": """", ""source"": ""arxiv:title_search"", ""result"": ""arxiv_no_match:0.00:""}, {""url"": """", ""source"": ""crossref:title_search"", ""result"": ""crossref_skipped""}]"
4939,SIGGRAPH ASIA 2023,The effect of display capabilities on the gloss consistency between real and virtual objects,crossref_skipped,"[{""url"": ""https://asia.siggraph.org/2023/?post_type=page&p=14494&id=papers_763&sess=sess134"", ""source"": ""csv:paper_link"", ""result"": ""landing:html"", ""extracted"": ""3"", ""dois"": """"}, {""url"": ""https://asia.siggraph.org/2023/images/pdfs/SIGGRAPH_Asia_2023_Awards_Winners.pdf"", ""source"": ""html:a"", ""result"": ""title_score:0.35:content_type=application/pdf""}, {""url"": ""https://asia.siggraph.org/2023/images/pdfs/SA23-Exhibition-Sponsorship.pdf"", ""source"": ""html:a"", ""result"": ""title_score:0.18:content_type=application/pdf""}, {""url"": ""https://siggraph.ifdemo.com/2023/images/pdfs/SA23-Exhibition-Sponsorship.pdf"", ""source"": ""html:a"", ""result"": ""title_score:0.18:content_type=application/pdf""}, {""url"": """", ""source"": ""arxiv:title_search"", ""result"": ""arxiv_no_match:0.00:""}, {""url"": """", ""source"": ""crossref:title_search"", ""result"": ""crossref_skipped""}]"
5121,SIGGRAPH ASIA 2024,Neural Global Illumination via Superposed Deformable Feature Fields,crossref_skipped,"[{""url"": ""https://asia.siggraph.org/2024/presentation/?id=papers_1007&sess=sess223"", ""source"": ""csv:paper_link"", ""result"": ""landing:html"", ""extracted"": ""0"", ""dois"": """"}, {""url"": """", ""source"": ""arxiv:title_search"", ""result"": ""arxiv_no_match:0.00:""}, {""url"": """", ""source"": ""crossref:title_search"", ""result"": ""crossref_skipped""}]"
5190,SIGGRAPH ASIA 2024,ThermOuch: A Wearable Thermo-Haptic Device for Inducing Pain Sensation in Virtual Reality through Thermal Grill Illusion,crossref_skipped,"[{""url"": ""https://meilab-hk.github.io/projectpages/thermouch.html"", ""source"": ""csv:paper_link"", ""result"": ""landing:html"", ""extracted"": ""0"", ""dois"": """"}, {""url"": """", ""source"": ""arxiv:title_search"", ""result"": ""arxiv_no_match:0.00:""}, {""url"": """", ""source"": ""crossref:title_search"", ""result"": ""crossref_skipped""}]"
5154,SIGGRAPH ASIA 2024,Reconstruct translucent thin objects from photos,crossref_skipped,"[{""url"": ""https://asia.siggraph.org/2024/presentation/?id=papers_220&sess=sess223"", ""source"": ""csv:paper_link"", ""result"": ""landing:html"", ""extracted"": ""0"", ""dois"": """"}, {""url"": """", ""source"": ""arxiv:title_search"", ""result"": ""arxiv_no_match:0.00:""}, {""url"": """", ""source"": ""crossref:title_search"", ""result"": ""crossref_skipped""}]"
5189,SIGGRAPH ASIA 2024,"The Lips, the Teeth, the tip of the Tongue: LTT Tracking",crossref_skipped,"[{""url"": ""https://asia.siggraph.org/2024/presentation/?id=papers_1121&sess=sess223"", ""source"": ""csv:paper_link"", ""result"": ""landing:html"", ""extracted"": ""0"", ""dois"": """"}, {""url"": """", ""source"": ""arxiv:title_search"", ""result"": ""arxiv_no_match:0.00:""}, {""url"": """", ""source"": ""crossref:title_search"", ""result"": ""crossref_skipped""}]"
5400,SIGGRAPH 2026,FabricTryOn: Taming Image Editing Models for Garment Re-Texturing,crossref_skipped,"[{""url"": ""https://s2026.conference-schedule.org/?post_type=page&p=15&id=papers_596&sess=sess152"", ""source"": ""csv:paper_link"", ""result"": ""landing:html"", ""extracted"": ""0"", ""dois"": """"}, {""url"": """", ""source"": ""arxiv:title_search"", ""result"": ""arxiv_no_match:0.00:""}, {""url"": """", ""source"": ""crossref:title_search"", ""result"": ""crossref_skipped""}]"
5404,SIGGRAPH 2026,HumanFlow: Controllable Human Image Generation via Flow Matching,crossref_skipped,"[{""url"": ""https://s2026.conference-schedule.org/?post_type=page&p=15&id=papers_1007&sess=sess152"", ""source"": ""csv:paper_link"", ""result"": ""landing:html"", ""extracted"": ""0"", ""dois"": """"}, {""url"": """", ""source"": ""arxiv:title_search"", ""result"": ""arxiv_no_match:0.00:""}, {""url"": """", ""source"": ""crossref:title_search"", ""result"": ""crossref_skipped""}]"
5405,SIGGRAPH 2026,Boundary-aware Neural Model Reduction for PDEs,crossref_skipped,"[{""url"": ""https://s2026.conference-schedule.org/?post_type=page&p=15&id=papers_879&sess=sess127"", ""source"": ""csv:paper_link"", ""result"": ""landing:html"", ""extracted"": ""0"", ""dois"": """"}, {""url"": """", ""source"": ""arxiv:title_search"", ""result"": ""arxiv_no_match:0.00:""}, {""url"": """", ""source"": ""crossref:title_search"", ""result"": ""crossref_skipped""}]"
5407,SIGGRAPH 2026,Efficient Multiscale Lanczos Eigenpair Extraction,crossref_skipped,"[{""url"": ""https://s2026.conference-schedule.org/?post_type=page&p=15&id=papers_1117&sess=sess127"", ""source"": ""csv:paper_link"", ""result"": ""landing:html"", ""extracted"": ""0"", ""dois"": """"}, {""url"": """", ""source"": ""arxiv:title_search"", ""result"": ""arxiv_no_match:0.00:""}, {""url"": """", ""source"": ""crossref:title_search"", ""result"": ""crossref_skipped""}]"
5408,SIGGRAPH 2026,Component Modes Synthesis Method with Multiple Partitions for Large-scale Eigenvalue Problem,crossref_skipped,"[{""url"": ""https://s2026.conference-schedule.org/?post_type=page&p=15&id=papers_133&sess=sess127"", ""source"": ""csv:paper_link"", ""result"": ""landing:html"", ""extracted"": ""0"", ""dois"": """"}, {""url"": """", ""source"": ""arxiv:title_search"", ""result"": ""arxiv_no_match:0.00:""}, {""url"": """", ""source"": ""crossref:title_search"", ""result"": ""crossref_skipped""}]"
5409,SIGGRAPH 2026,Iris3D: 3D Generation via Synchronized Diffusion Distillation,crossref_skipped,"[{""url"": ""https://s2026.conference-schedule.org/?post_type=page&p=15&id=paperstog_105&sess=sess151"", ""source"": ""csv:paper_link"", ""result"": ""landing:html"", ""extracted"": ""0"", ""dois"": """"}, {""url"": """", ""source"": ""arxiv:title_search"", ""result"": ""arxiv_no_match:0.00:""}, {""url"": """", ""source"": ""crossref:title_search"", ""result"": ""crossref_skipped""}]"
5412,SIGGRAPH 2026,InvSculpt: Inverse Sculpting Modeling via Controlled 3D Generation and a Vector Displacement Field,crossref_skipped,"[{""url"": ""https://s2026.conference-schedule.org/?post_type=page&p=15&id=papers_715&sess=sess151"", ""source"": ""csv:paper_link"", ""result"": ""landing:html"", ""extracted"": ""0"", ""dois"": """"}, {""url"": """", ""source"": ""arxiv:title_search"", ""result"": ""arxiv_no_match:0.00:""}, {""url"": """", ""source"": ""crossref:title_search"", ""result"": ""crossref_skipped""}]"
5415,SIGGRAPH 2026,Invisible Holographic Window: Full-color 3D Image Reconstruction from Transparent Surface-relief Computer-generated Holograms,crossref_skipped,"[{""url"": ""https://s2026.conference-schedule.org/?post_type=page&p=15&id=papers_1417&sess=sess132"", ""source"": ""csv:paper_link"", ""result"": ""landing:html"", ""extracted"": ""0"", ""dois"": """"}, {""url"": """", ""source"": ""arxiv:title_search"", ""result"": ""arxiv_no_match:0.00:""}, {""url"": """", ""source"": ""crossref:title_search"", ""result"": ""crossref_skipped""}]"
5420,SIGGRAPH 2026,MorphSkein: A Shape-Changing Afterimage Display Preserving Pixel Density During Surface-Area Changes Across Troposkein-Based Shapes,crossref_skipped,"[{""url"": ""https://s2026.conference-schedule.org/?post_type=page&p=15&id=papers_554&sess=sess132"", ""source"": ""csv:paper_link"", ""result"": ""landing:html"", ""extracted"": ""0"", ""dois"": """"}, {""url"": """", ""source"": ""arxiv:title_search"", ""result"": ""arxiv_no_match:0.00:""}, {""url"": """", ""source"": ""crossref:title_search"", ""result"": ""crossref_skipped""}]"
5423,SIGGRAPH 2026,Autoregressive B-Rep Shape Generation with Parametric Surfaces,crossref_skipped,"[{""url"": ""https://s2026.conference-schedule.org/?post_type=page&p=15&id=papers_165&sess=sess142"", ""source"": ""csv:paper_link"", ""result"": ""landing:html"", ""extracted"": ""0"", ""dois"": """"}, {""url"": """", ""source"": ""arxiv:title_search"", ""result"": ""arxiv_no_match:0.00:""}, {""url"": """", ""source"": ""crossref:title_search"", ""result"": ""crossref_skipped""}]"
5428,SIGGRAPH 2026,Fast and Exact Winding Numbers for Triangle Meshes,crossref_skipped,"[{""url"": ""https://s2026.conference-schedule.org/?post_type=page&p=15&id=papers_747&sess=sess149"", ""source"": ""csv:paper_link"", ""result"": ""landing:html"", ""extracted"": ""0"", ""dois"": """"}, {""url"": """", ""source"": ""arxiv:title_search"", ""result"": ""arxiv_http_429""}, {""url"": """", ""source"": ""crossref:title_search"", ""result"": ""crossref_skipped""}]"
5429,SIGGRAPH 2026,Spatially Accelerated Winding Numbers for Curved Geometry,crossref_skipped,"[{""url"": ""https://s2026.conference-schedule.org/?post_type=page&p=15&id=papers_1487&sess=sess149"", ""source"": ""csv:paper_link"", ""result"": ""landing:html"", ""extracted"": ""0"", ""dois"": """"}, {""url"": """", ""source"": ""arxiv:title_search"", ""result"": ""arxiv_error:ReadTimeout:HTTPSConnectionPool(host='export.arxiv.org', port=443): Read timed out. (read timeout=25)""}, {""url"": """", ""source"": ""crossref:title_search"", ""result"": ""crossref_skipped""}]"
5430,SIGGRAPH 2026,Robust Containment Queries over Collections of Trimmed NURBS Surfaces via Generalized Winding Numbers,crossref_skipped,"[{""url"": ""https://s2026.conference-schedule.org/?post_type=page&p=15&id=paperstog_119&sess=sess149"", ""source"": ""csv:paper_link"", ""result"": ""landing:html"", ""extracted"": ""0"", ""dois"": """"}, {""url"": """", ""source"": ""arxiv:title_search"", ""result"": ""arxiv_http_429""}, {""url"": """", ""source"": ""crossref:title_search"", ""result"": ""crossref_skipped""}]"
5431,SIGGRAPH 2026,"The Antipodal Method: Fast, Accurate, and Robust 3D Generalized Winding Numbers",crossref_skipped,"[{""url"": ""https://s2026.conference-schedule.org/?post_type=page&p=15&id=papers_570&sess=sess149"", ""source"": ""csv:paper_link"", ""result"": ""landing:html"", ""extracted"": ""0"", ""dois"": """"}, {""url"": """", ""source"": ""arxiv:title_search"", ""result"": ""arxiv_http_429""}, {""url"": """", ""source"": ""crossref:title_search"", ""result"": ""crossref_skipped""}]"
5432,SIGGRAPH 2026,ADS: Random Sampling of Occupancy Functions using Adaptive Delaunay Scaffolding,crossref_skipped,"[{""url"": ""https://s2026.conference-schedule.org/?post_type=page&p=15&id=papers_861&sess=sess149"", ""source"": ""csv:paper_link"", ""result"": ""landing:html"", ""extracted"": ""0"", ""dois"": """"}, {""url"": """", ""source"": ""arxiv:title_search"", ""result"": ""arxiv_error:ReadTimeout:HTTPSConnectionPool(host='export.arxiv.org', port=443): Read timed out. (read timeout=25)""}, {""url"": """", ""source"": ""crossref:title_search"", ""result"": ""crossref_skipped""}]"
5433,SIGGRAPH 2026,Differentiable Voxelization of Surface Representations,crossref_skipped,"[{""url"": ""https://s2026.conference-schedule.org/?post_type=page&p=15&id=papers_1260&sess=sess149"", ""source"": ""csv:paper_link"", ""result"": ""landing:html"", ""extracted"": ""0"", ""dois"": """"}, {""url"": """", ""source"": ""arxiv:title_search"", ""result"": ""arxiv_http_429""}, {""url"": """", ""source"": ""crossref:title_search"", ""result"": ""crossref_skipped""}]"
5434,SIGGRAPH 2026,Uncertainty-aware geometry processing on Gaussian Process Implicit Surfaces,crossref_skipped,"[{""url"": ""https://s2026.conference-schedule.org/?post_type=page&p=15&id=papers_140&sess=sess149"", ""source"": ""csv:paper_link"", ""result"": ""landing:html"", ""extracted"": ""0"", ""dois"": """"}, {""url"": """", ""source"": ""arxiv:title_search"", ""result"": ""arxiv_error:ReadTimeout:HTTPSConnectionPool(host='export.arxiv.org', port=443): Read timed out. (read timeout=25)""}, {""url"": """", ""source"": ""crossref:title_search"", ""result"": ""crossref_skipped""}]"
5435,SIGGRAPH 2026,Hybrid Gaussian Wang Tiles for Class-aware Authoring and Rendering,crossref_skipped,"[{""url"": ""https://s2026.conference-schedule.org/?post_type=page&p=15&id=papers_1271&sess=sess137"", ""source"": ""csv:paper_link"", ""result"": ""landing:html"", ""extracted"": ""0"", ""dois"": """"}, {""url"": """", ""source"": ""arxiv:title_search"", ""result"": ""arxiv_http_429""}, {""url"": """", ""source"": ""crossref:title_search"", ""result"": ""crossref_skipped""}]"
5436,SIGGRAPH 2026,Faster 3D Gaussian Splatting Convergence via Structure-Aware Densification,crossref_skipped,"[{""url"": ""https://s2026.conference-schedule.org/?post_type=page&p=15&id=papers_1388&sess=sess137"", ""source"": ""csv:paper_link"", ""result"": ""landing:html"", ""extracted"": ""0"", ""dois"": """"}, {""url"": """", ""source"": ""arxiv:title_search"", ""result"": ""arxiv_http_429""}, {""url"": """", ""source"": ""crossref:title_search"", ""result"": ""crossref_skipped""}]"
5438,SIGGRAPH 2026,SHARP-GS: Scalable High-fidelity Accelerated Rendering Pipeline for Ultra-high Resolution 3D Gaussian Splatting,crossref_skipped,"[{""url"": ""https://s2026.conference-schedule.org/?post_type=page&p=15&id=papers_470&sess=sess137"", ""source"": ""csv:paper_link"", ""result"": ""landing:html"", ""extracted"": ""0"", ""dois"": """"}, {""url"": """", ""source"": ""arxiv:title_search"", ""result"": ""arxiv_http_429""}, {""url"": """", ""source"": ""crossref:title_search"", ""result"": ""crossref_skipped""}]"
5437,SIGGRAPH 2026,Gaussian Point Splatting,crossref_skipped,"[{""url"": ""https://s2026.conference-schedule.org/?post_type=page&p=15&id=papers_103&sess=sess137"", ""source"": ""csv:paper_link"", ""result"": ""landing:html"", ""extracted"": ""0"", ""dois"": """"}, {""url"": """", ""source"": ""arxiv:title_search"", ""result"": ""arxiv_http_429""}, {""url"": """", ""source"": ""crossref:title_search"", ""result"": ""crossref_skipped""}]"
5118,SIGGRAPH ASIA 2024,NeuSmoke: Efficient Smoke Reconstruction and View Synthesis with Neural Transportation Fields,crossref_skipped,"[{""url"": ""http://ren-bo.net/"", ""source"": ""csv:paper_link"", ""result"": ""landing:html"", ""extracted"": ""57"", ""dois"": """"}, {""url"": ""http://ren-bo.net/papers/zrz_tog2026.pdf"", ""source"": ""html:a"", ""result"": ""title_score:0.44:content_type=application/pdf""}, {""url"": ""http://ren-bo.net/papers/zwr_sig2026.pdf"", ""source"": ""html:a"", ""result"": ""title_score:0.55:content_type=application/pdf""}, {""url"": ""http://ren-bo.net/papers/zkr_tvcg2026.pdf"", ""source"": ""html:a"", ""result"": ""title_score:0.39:content_type=application/pdf""}, {""url"": ""http://ren-bo.net/papers/zkr_tvcg2026_supp.pdf"", ""source"": ""html:a"", ""result"": ""title_score:0.35:content_type=application/pdf""}, {""url"": ""http://ren-bo.net/papers/cj_sigasia2025.pdf"", ""source"": ""html:a"", ""result"": ""title_score:0.37:content_type=application/pdf""}, {""url"": ""http://ren-bo.net/papers/cj_sigasia2025_supp.pdf"", ""source"": ""html:a"", ""result"": ""title_score:0.27:content_type=application/pdf""}, {""url"": ""http://ren-bo.net/papers/lyj_tog2025.pdf"", ""source"": ""html:a"", ""result"": ""title_score:0.35:content_type=application/pdf""}, {""url"": ""http://ren-bo.net/papers/lyj_tog2025_supp.pdf"", ""source"": ""html:a"", ""result"": ""title_score:0.42:content_type=application/pdf""}, {""url"": """", ""source"": ""arxiv:title_search"", ""result"": ""arxiv_no_match:0.00:""}, {""url"": """", ""source"": ""crossref:title_search"", ""result"": ""crossref_skipped""}]"
5439,SIGGRAPH 2026,A LoD of Gaussians: Out-of-Core Training and Rendering for Seamless Ultra-Large Scene Reconstruction,crossref_skipped,"[{""url"": ""https://s2026.conference-schedule.org/?post_type=page&p=15&id=papers_395&sess=sess137"", ""source"": ""csv:paper_link"", ""result"": ""landing:html"", ""extracted"": ""0"", ""dois"": """"}, {""url"": """", ""source"": ""arxiv:title_search"", ""result"": ""arxiv_http_429""}, {""url"": """", ""source"": ""crossref:title_search"", ""result"": ""crossref_skipped""}]"
5440,SIGGRAPH 2026,Mobile3DGS³: Accelerate Mobile 3DGS Rendering via Gradient-Aware Super-Sampling and Frame Interpolation,crossref_skipped,"[{""url"": ""https://s2026.conference-schedule.org/?post_type=page&p=15&id=papers_1194&sess=sess137"", ""source"": ""csv:paper_link"", ""result"": ""landing:html"", ""extracted"": ""0"", ""dois"": """"}, {""url"": """", ""source"": ""arxiv:title_search"", ""result"": ""arxiv_error:ReadTimeout:HTTPSConnectionPool(host='export.arxiv.org', port=443): Read timed out. (read timeout=25)""}, {""url"": """", ""source"": ""crossref:title_search"", ""result"": ""crossref_skipped""}]"
5441,SIGGRAPH 2026,Topologically Consistent Multi-view 3D Head Reconstruction via Coarse-Guided Layered Surface Sampling,crossref_skipped,"[{""url"": ""https://s2026.conference-schedule.org/?post_type=page&p=15&id=papers_1217&sess=sess109"", ""source"": ""csv:paper_link"", ""result"": ""landing:html"", ""extracted"": ""0"", ""dois"": """"}, {""url"": """", ""source"": ""arxiv:title_search"", ""result"": ""arxiv_http_429""}, {""url"": """", ""source"": ""crossref:title_search"", ""result"": ""crossref_skipped""}]"
5442,SIGGRAPH 2026,Emotion Manipulation for Talking-Head Videos via Facial Landmarks,crossref_skipped,"[{""url"": ""https://s2026.conference-schedule.org/?post_type=page&p=15&id=paperstog_126&sess=sess109"", ""source"": ""csv:paper_link"", ""result"": ""landing:html"", ""extracted"": ""0"", ""dois"": """"}, {""url"": """", ""source"": ""arxiv:title_search"", ""result"": ""arxiv_error:ReadTimeout:HTTPSConnectionPool(host='export.arxiv.org', port=443): Read timed out. (read timeout=25)""}, {""url"": """", ""source"": ""crossref:title_search"", ""result"": ""crossref_skipped""}]"
5443,SIGGRAPH 2026,Learning a Delighting Prior for Facial Appearance Capture in the Wild,crossref_skipped,"[{""url"": ""https://s2026.conference-schedule.org/?post_type=page&p=15&id=papers_307&sess=sess109"", ""source"": ""csv:paper_link"", ""result"": ""landing:html"", ""extracted"": ""0"", ""dois"": """"}, {""url"": """", ""source"": ""arxiv:title_search"", ""result"": ""arxiv_error:ReadTimeout:HTTPSConnectionPool(host='export.arxiv.org', port=443): Read timed out. (read timeout=25)""}, {""url"": """", ""source"": ""crossref:title_search"", ""result"": ""crossref_skipped""}]"
5444,SIGGRAPH 2026,Bringing Diversity from Diffusion Models to Semantic-Guided Face Asset Generation,crossref_skipped,"[{""url"": ""https://s2026.conference-schedule.org/?post_type=page&p=15&id=paperstog_129&sess=sess109"", ""source"": ""csv:paper_link"", ""result"": ""landing:html"", ""extracted"": ""0"", ""dois"": """"}, {""url"": """", ""source"": ""arxiv:title_search"", ""result"": ""arxiv_error:ReadTimeout:HTTPSConnectionPool(host='export.arxiv.org', port=443): Read timed out. (read timeout=25)""}, {""url"": """", ""source"": ""crossref:title_search"", ""result"": ""crossref_skipped""}]"
5445,SIGGRAPH 2026,EchoAvatar: Real-time Generative Avatar Animation from Audio Streams,crossref_skipped,"[{""url"": ""https://s2026.conference-schedule.org/?post_type=page&p=15&id=papers_352&sess=sess109"", ""source"": ""csv:paper_link"", ""result"": ""landing:html"", ""extracted"": ""0"", ""dois"": """"}, {""url"": """", ""source"": ""arxiv:title_search"", ""result"": ""arxiv_error:ReadTimeout:HTTPSConnectionPool(host='export.arxiv.org', port=443): Read timed out. (read timeout=25)""}, {""url"": """", ""source"": ""crossref:title_search"", ""result"": ""crossref_skipped""}]"
5446,SIGGRAPH 2026,See-through: Single-image Layer Decomposition for Anime Characters,crossref_skipped,"[{""url"": ""https://s2026.conference-schedule.org/?post_type=page&p=15&id=papers_1349&sess=sess109"", ""source"": ""csv:paper_link"", ""result"": ""landing:html"", ""extracted"": ""0"", ""dois"": """"}, {""url"": """", ""source"": ""arxiv:title_search"", ""result"": ""arxiv_error:ReadTimeout:HTTPSConnectionPool(host='export.arxiv.org', port=443): Read timed out. (read timeout=25)""}, {""url"": """", ""source"": ""crossref:title_search"", ""result"": ""crossref_skipped""}]"
5447,SIGGRAPH 2026,gCDT: A Highly Parallel GPU Algorithm for Large-Scale Constrained Delaunay Triangulation,crossref_skipped,"[{""url"": ""https://s2026.conference-schedule.org/?post_type=page&p=15&id=papers_168&sess=sess120"", ""source"": ""csv:paper_link"", ""result"": ""landing:html"", ""extracted"": ""0"", ""dois"": """"}, {""url"": """", ""source"": ""arxiv:title_search"", ""result"": ""arxiv_no_match:0.00:""}, {""url"": """", ""source"": ""crossref:title_search"", ""result"": ""crossref_skipped""}]"
5448,SIGGRAPH 2026,Scalable GPU Construction of 3D Voronoi and Power Diagrams,crossref_skipped,"[{""url"": ""https://s2026.conference-schedule.org/?post_type=page&p=15&id=papers_1711&sess=sess120"", ""source"": ""csv:paper_link"", ""result"": ""landing:html"", ""extracted"": ""0"", ""dois"": """"}, {""url"": """", ""source"": ""arxiv:title_search"", ""result"": ""arxiv_error:ReadTimeout:HTTPSConnectionPool(host='export.arxiv.org', port=443): Read timed out. (read timeout=25)""}, {""url"": """", ""source"": ""crossref:title_search"", ""result"": ""crossref_skipped""}]"
5449,SIGGRAPH 2026,GPU-accelerated Certified Hausdorff Distance Between Triangle Meshes,crossref_skipped,"[{""url"": ""https://s2026.conference-schedule.org/?post_type=page&p=15&id=papers_169&sess=sess120"", ""source"": ""csv:paper_link"", ""result"": ""landing:html"", ""extracted"": ""0"", ""dois"": """"}, {""url"": """", ""source"": ""arxiv:title_search"", ""result"": ""arxiv_error:ReadTimeout:HTTPSConnectionPool(host='export.arxiv.org', port=443): Read timed out. (read timeout=25)""}, {""url"": """", ""source"": ""crossref:title_search"", ""result"": ""crossref_skipped""}]"
5450,SIGGRAPH 2026,PQ-Free HD: Priority-Queue-Free Hausdorff Distance for Triangle Meshes on GPU,crossref_skipped,"[{""url"": ""https://s2026.conference-schedule.org/?post_type=page&p=15&id=papers_586&sess=sess120"", ""source"": ""csv:paper_link"", ""result"": ""landing:html"", ""extracted"": ""0"", ""dois"": """"}, {""url"": """", ""source"": ""arxiv:title_search"", ""result"": ""arxiv_no_match:0.00:""}, {""url"": """", ""source"": ""crossref:title_search"", ""result"": ""crossref_skipped""}]"
5451,SIGGRAPH 2026,Manifold k-NN: Accelerated k-NN Queries for Manifold Point Clouds,crossref_skipped,"[{""url"": ""https://s2026.conference-schedule.org/?post_type=page&p=15&id=papers_101&sess=sess120"", ""source"": ""csv:paper_link"", ""result"": ""landing:html"", ""extracted"": ""0"", ""dois"": """"}, {""url"": """", ""source"": ""arxiv:title_search"", ""result"": ""arxiv_error:ReadTimeout:HTTPSConnectionPool(host='export.arxiv.org', port=443): Read timed out. (read timeout=25)""}, {""url"": """", ""source"": ""crossref:title_search"", ""result"": ""crossref_skipped""}]"
5457,SIGGRAPH 2026,Points as Tori: Fast Pointwise Signed Distance for Point Clouds,crossref_skipped,"[{""url"": ""https://s2026.conference-schedule.org/?post_type=page&p=15&id=papers_1432&sess=sess146"", ""source"": ""csv:paper_link"", ""result"": ""landing:html"", ""extracted"": ""0"", ""dois"": """"}, {""url"": """", ""source"": ""arxiv:title_search"", ""result"": ""arxiv_no_match:0.00:""}, {""url"": """", ""source"": ""crossref:title_search"", ""result"": ""crossref_skipped""}]"
5458,SIGGRAPH 2026,SuperSDF:Sparse SDF Super-Resolution for Surface Extraction,crossref_skipped,"[{""url"": ""https://s2026.conference-schedule.org/?post_type=page&p=15&id=papers_1060&sess=sess146"", ""source"": ""csv:paper_link"", ""result"": ""landing:html"", ""extracted"": ""0"", ""dois"": """"}, {""url"": """", ""source"": ""arxiv:title_search"", ""result"": ""arxiv_no_match:0.00:""}, {""url"": """", ""source"": ""crossref:title_search"", ""result"": ""crossref_skipped""}]"
5460,SIGGRAPH 2026,The PhaseTree: Multiphase Signed Distance Fields,crossref_skipped,"[{""url"": ""https://s2026.conference-schedule.org/?post_type=page&p=15&id=papers_1372&sess=sess146"", ""source"": ""csv:paper_link"", ""result"": ""landing:html"", ""extracted"": ""0"", ""dois"": """"}, {""url"": """", ""source"": ""arxiv:title_search"", ""result"": ""arxiv_no_match:0.00:""}, {""url"": """", ""source"": ""crossref:title_search"", ""result"": ""crossref_skipped""}]"
5462,SIGGRAPH 2026,Dual Contouring over Expanded Cubes (DCx) for Zero-Level Set Extraction from Neural Unsigned Distance Functions,crossref_skipped,"[{""url"": ""https://s2026.conference-schedule.org/?post_type=page&p=15&id=papers_1461&sess=sess146"", ""source"": ""csv:paper_link"", ""result"": ""landing:html"", ""extracted"": ""0"", ""dois"": """"}, {""url"": """", ""source"": ""arxiv:title_search"", ""result"": ""arxiv_no_match:0.00:""}, {""url"": """", ""source"": ""crossref:title_search"", ""result"": ""crossref_skipped""}]"
5464,SIGGRAPH 2026,AtomSlicer: Constant-Thickness Field-Aligned Non-Planar Slicing and Continuous Toolpaths for FFF,crossref_skipped,"[{""url"": ""https://s2026.conference-schedule.org/?post_type=page&p=15&id=papers_1058&sess=sess118"", ""source"": ""csv:paper_link"", ""result"": ""landing:html"", ""extracted"": ""0"", ""dois"": """"}, {""url"": """", ""source"": ""arxiv:title_search"", ""result"": ""arxiv_no_match:0.00:""}, {""url"": """", ""source"": ""crossref:title_search"", ""result"": ""crossref_skipped""}]"
5466,SIGGRAPH 2026,Mechanical Cloaking of Halftoned Imagery,crossref_skipped,"[{""url"": ""https://s2026.conference-schedule.org/?post_type=page&p=15&id=papers_1573&sess=sess118"", ""source"": ""csv:paper_link"", ""result"": ""landing:html"", ""extracted"": ""0"", ""dois"": """"}, {""url"": """", ""source"": ""arxiv:title_search"", ""result"": ""arxiv_no_match:0.00:""}, {""url"": """", ""source"": ""crossref:title_search"", ""result"": ""crossref_skipped""}]"
5468,SIGGRAPH 2026,DeepMill++: Neural Guidance Meets Rasterization for Efficient Accessibility Analysis,crossref_skipped,"[{""url"": ""https://s2026.conference-schedule.org/?post_type=page&p=15&id=papers_474&sess=sess118"", ""source"": ""csv:paper_link"", ""result"": ""landing:html"", ""extracted"": ""0"", ""dois"": """"}, {""url"": """", ""source"": ""arxiv:title_search"", ""result"": ""arxiv_no_match:0.00:""}, {""url"": """", ""source"": ""crossref:title_search"", ""result"": ""crossref_skipped""}]"
5469,SIGGRAPH 2026,Uniformly Deployable Kirigami on Arbitrary Planar Graphs,crossref_skipped,"[{""url"": ""https://s2026.conference-schedule.org/?post_type=page&p=15&id=papers_610&sess=sess118"", ""source"": ""csv:paper_link"", ""result"": ""landing:html"", ""extracted"": ""0"", ""dois"": """"}, {""url"": """", ""source"": ""arxiv:title_search"", ""result"": ""arxiv_no_match:0.00:""}, {""url"": """", ""source"": ""crossref:title_search"", ""result"": ""crossref_skipped""}]"
5470,SIGGRAPH 2026,IsoGami: Rigid-Deployable Kirigami Materials From Isohedral Tilings,crossref_skipped,"[{""url"": ""https://s2026.conference-schedule.org/?post_type=page&p=15&id=papers_741&sess=sess118"", ""source"": ""csv:paper_link"", ""result"": ""landing:html"", ""extracted"": ""0"", ""dois"": """"}, {""url"": """", ""source"": ""arxiv:title_search"", ""result"": ""arxiv_no_match:0.00:""}, {""url"": """", ""source"": ""crossref:title_search"", ""result"": ""crossref_skipped""}]"
5471,SIGGRAPH 2026,TwinPose: Person-Specific Subspaces for Multi-View 3D Pose Estimation,crossref_skipped,"[{""url"": ""https://s2026.conference-schedule.org/?post_type=page&p=15&id=papers_475&sess=sess110"", ""source"": ""csv:paper_link"", ""result"": ""landing:html"", ""extracted"": ""0"", ""dois"": """"}, {""url"": """", ""source"": ""arxiv:title_search"", ""result"": ""arxiv_no_match:0.00:""}, {""url"": """", ""source"": ""crossref:title_search"", ""result"": ""crossref_skipped""}]"
5472,SIGGRAPH 2026,AMOR: Airborne Motion Reconstruction via Homotopy-Aware Trajectory Optimization,crossref_skipped,"[{""url"": ""https://s2026.conference-schedule.org/?post_type=page&p=15&id=papers_365&sess=sess110"", ""source"": ""csv:paper_link"", ""result"": ""landing:html"", ""extracted"": ""0"", ""dois"": """"}, {""url"": """", ""source"": ""arxiv:title_search"", ""result"": ""arxiv_no_match:0.00:""}, {""url"": """", ""source"": ""crossref:title_search"", ""result"": ""crossref_skipped""}]"
5476,SIGGRAPH 2026,OmniHands: Robust Motion Capture of Interactive Hands via A Versatile Transformer,crossref_skipped,"[{""url"": ""https://s2026.conference-schedule.org/?post_type=page&p=15&id=paperstog_124&sess=sess110"", ""source"": ""csv:paper_link"", ""result"": ""landing:html"", ""extracted"": ""0"", ""dois"": """"}, {""url"": """", ""source"": ""arxiv:title_search"", ""result"": ""arxiv_no_match:0.00:""}, {""url"": """", ""source"": ""crossref:title_search"", ""result"": ""crossref_skipped""}]"
5479,SIGGRAPH 2026,LightOpt: Lights Optimization for Real-time Rendering,crossref_skipped,"[{""url"": ""https://s2026.conference-schedule.org/?post_type=page&p=15&id=papers_372&sess=sess134"", ""source"": ""csv:paper_link"", ""result"": ""landing:html"", ""extracted"": ""0"", ""dois"": """"}, {""url"": """", ""source"": ""arxiv:title_search"", ""result"": ""arxiv_no_match:0.00:""}, {""url"": """", ""source"": ""crossref:title_search"", ""result"": ""crossref_skipped""}]"
5473,SIGGRAPH 2026,FLASHand: Feed-forward reLightable and Animatable Single-view Hand Reconstruction,crossref_skipped,"[{""url"": ""https://s2026.conference-schedule.org/?post_type=page&p=15&id=papers_161&sess=sess110"", ""source"": ""csv:paper_link"", ""result"": ""landing:html"", ""extracted"": ""0"", ""dois"": """"}, {""url"": """", ""source"": ""arxiv:title_search"", ""result"": ""arxiv_no_match:0.00:""}, {""url"": """", ""source"": ""crossref:title_search"", ""result"": ""crossref_skipped""}]"
5480,SIGGRAPH 2026,DPF: Differentiable Polyphase Filtering for Large-Kernel Approximation,crossref_skipped,"[{""url"": ""https://s2026.conference-schedule.org/?post_type=page&p=15&id=papers_940&sess=sess134"", ""source"": ""csv:paper_link"", ""result"": ""landing:html"", ""extracted"": ""0"", ""dois"": """"}, {""url"": """", ""source"": ""arxiv:title_search"", ""result"": ""arxiv_no_match:0.00:""}, {""url"": """", ""source"": ""crossref:title_search"", ""result"": ""crossref_skipped""}]"
5481,SIGGRAPH 2026,Generalized Spherical Harmonics Products using Spherical Grids,crossref_skipped,"[{""url"": ""https://s2026.conference-schedule.org/?post_type=page&p=15&id=papers_566&sess=sess134"", ""source"": ""csv:paper_link"", ""result"": ""landing:html"", ""extracted"": ""0"", ""dois"": """"}, {""url"": """", ""source"": ""arxiv:title_search"", ""result"": ""arxiv_no_match:0.00:""}, {""url"": """", ""source"": ""crossref:title_search"", ""result"": ""crossref_skipped""}]"
5482,SIGGRAPH 2026,GauSmoke: Hybrid Physics-Optical Gaussian Splatting for Sparse Smoke Reconstruction,crossref_skipped,"[{""url"": ""https://s2026.conference-schedule.org/?post_type=page&p=15&id=papers_868&sess=sess135"", ""source"": ""csv:paper_link"", ""result"": ""landing:html"", ""extracted"": ""0"", ""dois"": """"}, {""url"": """", ""source"": ""arxiv:title_search"", ""result"": ""arxiv_no_match:0.00:""}, {""url"": """", ""source"": ""crossref:title_search"", ""result"": ""crossref_skipped""}]"
5484,SIGGRAPH 2026,Fast VEM Fluid Simulation,crossref_skipped,"[{""url"": ""https://s2026.conference-schedule.org/?post_type=page&p=15&id=papers_465&sess=sess135"", ""source"": ""csv:paper_link"", ""result"": ""landing:html"", ""extracted"": ""0"", ""dois"": """"}, {""url"": """", ""source"": ""arxiv:title_search"", ""result"": ""arxiv_no_match:0.00:""}, {""url"": """", ""source"": ""crossref:title_search"", ""result"": ""crossref_skipped""}]"
5485,SIGGRAPH 2026,DiffSurFlow: Efficient and Robust Differentiable Fluid Optimization via Surrogate Strategy on Flow Map,crossref_skipped,"[{""url"": ""https://s2026.conference-schedule.org/?post_type=page&p=15&id=papers_737&sess=sess135"", ""source"": ""csv:paper_link"", ""result"": ""landing:html"", ""extracted"": ""0"", ""dois"": """"}, {""url"": """", ""source"": ""arxiv:title_search"", ""result"": ""arxiv_no_match:0.00:""}, {""url"": """", ""source"": ""crossref:title_search"", ""result"": ""crossref_skipped""}]"
5486,SIGGRAPH 2026,Generic Variational Spacetime Optimization of Vortex Core Manifolds,crossref_skipped,"[{""url"": ""https://s2026.conference-schedule.org/?post_type=page&p=15&id=papers_1724&sess=sess135"", ""source"": ""csv:paper_link"", ""result"": ""landing:html"", ""extracted"": ""0"", ""dois"": """"}, {""url"": """", ""source"": ""arxiv:title_search"", ""result"": ""arxiv_no_match:0.00:""}, {""url"": """", ""source"": ""crossref:title_search"", ""result"": ""crossref_skipped""}]"
5491,SIGGRAPH 2026,PixTex: Consistent 3D Texturing via Pixel-Space Multi-View Diffusion,crossref_skipped,"[{""url"": ""https://s2026.conference-schedule.org/?post_type=page&p=15&id=papers_668&sess=sess112"", ""source"": ""csv:paper_link"", ""result"": ""landing:html"", ""extracted"": ""0"", ""dois"": """"}, {""url"": """", ""source"": ""arxiv:title_search"", ""result"": ""arxiv_no_match:0.00:""}, {""url"": """", ""source"": ""crossref:title_search"", ""result"": ""crossref_skipped""}]"
5497,SIGGRAPH 2026,RCGP: Resource Contracts for Graphics Programming,crossref_skipped,"[{""url"": ""https://s2026.conference-schedule.org/?post_type=page&p=15&id=papers_500&sess=sess106"", ""source"": ""csv:paper_link"", ""result"": ""landing:html"", ""extracted"": ""0"", ""dois"": """"}, {""url"": """", ""source"": ""arxiv:title_search"", ""result"": ""arxiv_no_match:0.00:""}, {""url"": """", ""source"": ""crossref:title_search"", ""result"": ""crossref_skipped""}]"
5503,SIGGRAPH 2026,CameraSquad: Achieving Content Consistency in Parallel Multi-Trajectory Camera-Controlled Video Generation,crossref_skipped,"[{""url"": ""https://s2026.conference-schedule.org/?post_type=page&p=15&id=papers_234&sess=sess150"", ""source"": ""csv:paper_link"", ""result"": ""landing:html"", ""extracted"": ""0"", ""dois"": """"}, {""url"": """", ""source"": ""arxiv:title_search"", ""result"": ""arxiv_no_match:0.00:""}, {""url"": """", ""source"": ""crossref:title_search"", ""result"": ""crossref_skipped""}]"
5504,SIGGRAPH 2026,Nexus: Native Mesh Generation with Diffusion,crossref_skipped,"[{""url"": ""https://s2026.conference-schedule.org/?post_type=page&p=15&id=papers_808&sess=sess121"", ""source"": ""csv:paper_link"", ""result"": ""landing:html"", ""extracted"": ""0"", ""dois"": """"}, {""url"": """", ""source"": ""arxiv:title_search"", ""result"": ""arxiv_no_match:0.00:""}, {""url"": """", ""source"": ""crossref:title_search"", ""result"": ""crossref_skipped""}]"
5506,SIGGRAPH 2026,Tempo3D: Efficient Temporal-Aware Fine-Tuning and Multi-View Latent Aggregation for 3D Generation,crossref_skipped,"[{""url"": ""https://s2026.conference-schedule.org/?post_type=page&p=15&id=papers_1036&sess=sess121"", ""source"": ""csv:paper_link"", ""result"": ""landing:html"", ""extracted"": ""0"", ""dois"": """"}, {""url"": """", ""source"": ""arxiv:title_search"", ""result"": ""arxiv_no_match:0.00:""}, {""url"": """", ""source"": ""crossref:title_search"", ""result"": ""crossref_skipped""}]"
5512,SIGGRAPH 2026,SmoothMotionVectors: Optimizing Your Content for Video Codecs in Free View Video Compression,crossref_skipped,"[{""url"": ""https://s2026.conference-schedule.org/?post_type=page&p=15&id=papers_646&sess=sess144"", ""source"": ""csv:paper_link"", ""result"": ""landing:html"", ""extracted"": ""0"", ""dois"": """"}, {""url"": """", ""source"": ""arxiv:title_search"", ""result"": ""arxiv_no_match:0.00:""}, {""url"": """", ""source"": ""crossref:title_search"", ""result"": ""crossref_skipped""}]"
5514,SIGGRAPH 2026,TSMC: Time-varying 4D Scene Mesh Compression,crossref_skipped,"[{""url"": ""https://s2026.conference-schedule.org/?post_type=page&p=15&id=papers_414&sess=sess144"", ""source"": ""csv:paper_link"", ""result"": ""landing:html"", ""extracted"": ""0"", ""dois"": """"}, {""url"": """", ""source"": ""arxiv:title_search"", ""result"": ""arxiv_no_match:0.00:""}, {""url"": """", ""source"": ""crossref:title_search"", ""result"": ""crossref_skipped""}]"
5516,SIGGRAPH 2026,Articulate That Object Part (ATOP): 3D Part Articulation from Text and via Motion Personalization,crossref_skipped,"[{""url"": ""https://s2026.conference-schedule.org/?post_type=page&p=15&id=paperstog_135&sess=sess144"", ""source"": ""csv:paper_link"", ""result"": ""landing:html"", ""extracted"": ""0"", ""dois"": """"}, {""url"": """", ""source"": ""arxiv:title_search"", ""result"": ""arxiv_no_match:0.00:""}, {""url"": """", ""source"": ""crossref:title_search"", ""result"": ""crossref_skipped""}]"
5517,SIGGRAPH 2026,Controllable Texture Tiling via Diffusion Transformers with Transformed Rotary Embeddings,crossref_skipped,"[{""url"": ""https://s2026.conference-schedule.org/?post_type=page&p=15&id=papers_1023&sess=sess130"", ""source"": ""csv:paper_link"", ""result"": ""landing:html"", ""extracted"": ""0"", ""dois"": """"}, {""url"": """", ""source"": ""arxiv:title_search"", ""result"": ""arxiv_no_match:0.00:""}, {""url"": """", ""source"": ""crossref:title_search"", ""result"": ""crossref_skipped""}]"
5520,SIGGRAPH 2026,Fast and Accurate Gaussian Process Modelling of Real-World Materials,crossref_skipped,"[{""url"": ""https://s2026.conference-schedule.org/?post_type=page&p=15&id=paperstog_128&sess=sess130"", ""source"": ""csv:paper_link"", ""result"": ""landing:html"", ""extracted"": ""0"", ""dois"": """"}, {""url"": """", ""source"": ""arxiv:title_search"", ""result"": ""arxiv_no_match:0.00:""}, {""url"": """", ""source"": ""crossref:title_search"", ""result"": ""crossref_skipped""}]"
5521,SIGGRAPH 2026,Successive Height Preintegration for a Height-Interdependent Path Formulation of Multiple Bounces in Smith Microfacet BRDFs,crossref_skipped,"[{""url"": ""https://s2026.conference-schedule.org/?post_type=page&p=15&id=papers_1161&sess=sess130"", ""source"": ""csv:paper_link"", ""result"": ""landing:html"", ""extracted"": ""0"", ""dois"": """"}, {""url"": """", ""source"": ""arxiv:title_search"", ""result"": ""arxiv_no_match:0.00:""}, {""url"": """", ""source"": ""crossref:title_search"", ""result"": ""crossref_skipped""}]"
5522,SIGGRAPH 2026,Robust In-Engine Texture Optimization from Inconsistent Generative Targets,crossref_skipped,"[{""url"": ""https://s2026.conference-schedule.org/?post_type=page&p=15&id=papers_1009&sess=sess130"", ""source"": ""csv:paper_link"", ""result"": ""landing:html"", ""extracted"": ""0"", ""dois"": """"}, {""url"": """", ""source"": ""arxiv:title_search"", ""result"": ""arxiv_no_match:0.00:""}, {""url"": """", ""source"": ""crossref:title_search"", ""result"": ""crossref_skipped""}]"
5523,SIGGRAPH 2026,Spatiotemporal FLIP for Fast Free-Surface and Two-Phase Simulation With Very Large Time Steps,crossref_skipped,"[{""url"": ""https://s2026.conference-schedule.org/?post_type=page&p=15&id=papers_174&sess=sess108"", ""source"": ""csv:paper_link"", ""result"": ""landing:html"", ""extracted"": ""0"", ""dois"": """"}, {""url"": """", ""source"": ""arxiv:title_search"", ""result"": ""arxiv_no_match:0.00:""}, {""url"": """", ""source"": ""crossref:title_search"", ""result"": ""crossref_skipped""}]"
5524,SIGGRAPH 2026,Buoyancy-driven Phase Separation in the Material Point Method,crossref_skipped,"[{""url"": ""https://s2026.conference-schedule.org/?post_type=page&p=15&id=papers_363&sess=sess108"", ""source"": ""csv:paper_link"", ""result"": ""landing:html"", ""extracted"": ""0"", ""dois"": """"}, {""url"": """", ""source"": ""arxiv:title_search"", ""result"": ""arxiv_http_429""}, {""url"": """", ""source"": ""crossref:title_search"", ""result"": ""crossref_skipped""}]"
5525,SIGGRAPH 2026,Volume-Preserving LBM-MPM Coupling for Air-Water-Sand Mixtures,crossref_skipped,"[{""url"": ""https://s2026.conference-schedule.org/?post_type=page&p=15&id=papers_297&sess=sess108"", ""source"": ""csv:paper_link"", ""result"": ""landing:html"", ""extracted"": ""0"", ""dois"": """"}, {""url"": """", ""source"": ""arxiv:title_search"", ""result"": ""arxiv_http_429""}, {""url"": """", ""source"": ""crossref:title_search"", ""result"": ""crossref_skipped""}]"
5526,SIGGRAPH 2026,A Nonlocal Monolithic Variational Framework for Free Surface Flows,crossref_skipped,"[{""url"": ""https://s2026.conference-schedule.org/?post_type=page&p=15&id=papers_1171&sess=sess108"", ""source"": ""csv:paper_link"", ""result"": ""landing:html"", ""extracted"": ""0"", ""dois"": """"}, {""url"": """", ""source"": ""arxiv:title_search"", ""result"": ""arxiv_http_429""}, {""url"": """", ""source"": ""crossref:title_search"", ""result"": ""crossref_skipped""}]"
5527,SIGGRAPH 2026,Stochastic geomorphological transport for terrain erosion simulation,crossref_skipped,"[{""url"": ""https://s2026.conference-schedule.org/?post_type=page&p=15&id=papers_735&sess=sess108"", ""source"": ""csv:paper_link"", ""result"": ""landing:html"", ""extracted"": ""0"", ""dois"": """"}, {""url"": """", ""source"": ""arxiv:title_search"", ""result"": ""arxiv_http_429""}, {""url"": """", ""source"": ""crossref:title_search"", ""result"": ""crossref_skipped""}]"
5528,SIGGRAPH 2026,Mixwell: Sharp 2D Fluid Brushes for Progressive Physics-Based Mixing,crossref_skipped,"[{""url"": ""https://s2026.conference-schedule.org/?post_type=page&p=15&id=papers_413&sess=sess108"", ""source"": ""csv:paper_link"", ""result"": ""landing:html"", ""extracted"": ""0"", ""dois"": """"}, {""url"": """", ""source"": ""arxiv:title_search"", ""result"": ""arxiv_http_429""}, {""url"": """", ""source"": ""crossref:title_search"", ""result"": ""crossref_skipped""}]"
5529,SIGGRAPH 2026,Guidestar-Free Adaptive Optics with Asymmetric Apertures,crossref_skipped,"[{""url"": ""https://s2026.conference-schedule.org/?post_type=page&p=15&id=paperstog_117&sess=sess147"", ""source"": ""csv:paper_link"", ""result"": ""landing:html"", ""extracted"": ""0"", ""dois"": """"}, {""url"": """", ""source"": ""arxiv:title_search"", ""result"": ""arxiv_http_429""}, {""url"": """", ""source"": ""crossref:title_search"", ""result"": ""crossref_skipped""}]"
5533,SIGGRAPH 2026,GenPIE: A Time-Resolved Plenoptic Imager,crossref_skipped,"[{""url"": ""https://s2026.conference-schedule.org/?post_type=page&p=15&id=papers_142&sess=sess147"", ""source"": ""csv:paper_link"", ""result"": ""landing:html"", ""extracted"": ""0"", ""dois"": """"}, {""url"": """", ""source"": ""arxiv:title_search"", ""result"": ""arxiv_no_match:0.00:""}, {""url"": """", ""source"": ""crossref:title_search"", ""result"": ""crossref_skipped""}]"
5538,SIGGRAPH 2026,Ragged Neighborhood Attention for Spatiotemporal Neural Denoising of Deep Monte Carlo Renderings,crossref_skipped,"[{""url"": ""https://s2026.conference-schedule.org/?post_type=page&p=15&id=papers_749&sess=sess131"", ""source"": ""csv:paper_link"", ""result"": ""landing:html"", ""extracted"": ""0"", ""dois"": """"}, {""url"": """", ""source"": ""arxiv:title_search"", ""result"": ""arxiv_no_match:0.00:""}, {""url"": """", ""source"": ""crossref:title_search"", ""result"": ""crossref_skipped""}]"
5539,SIGGRAPH 2026,Photons × Force: Differentiable Radiation Pressure Modeling,crossref_skipped,"[{""url"": ""https://s2026.conference-schedule.org/?post_type=page&p=15&id=papers_1624&sess=sess131"", ""source"": ""csv:paper_link"", ""result"": ""landing:html"", ""extracted"": ""0"", ""dois"": """"}, {""url"": """", ""source"": ""arxiv:title_search"", ""result"": ""arxiv_no_match:0.00:""}, {""url"": """", ""source"": ""crossref:title_search"", ""result"": ""crossref_skipped""}]"
5540,SIGGRAPH 2026,Differentiable Neutron Transport,crossref_skipped,"[{""url"": ""https://s2026.conference-schedule.org/?post_type=page&p=15&id=papers_212&sess=sess131"", ""source"": ""csv:paper_link"", ""result"": ""landing:html"", ""extracted"": ""0"", ""dois"": """"}, {""url"": """", ""source"": ""arxiv:title_search"", ""result"": ""arxiv_no_match:0.00:""}, {""url"": """", ""source"": ""crossref:title_search"", ""result"": ""crossref_skipped""}]"
5543,SIGGRAPH 2026,Deep Motion Warping via Phase-Conditioned Diffusion Autoencoder,crossref_skipped,"[{""url"": ""https://s2026.conference-schedule.org/?post_type=page&p=15&id=papers_846&sess=sess104"", ""source"": ""csv:paper_link"", ""result"": ""landing:html"", ""extracted"": ""0"", ""dois"": """"}, {""url"": """", ""source"": ""arxiv:title_search"", ""result"": ""arxiv_no_match:0.00:""}, {""url"": """", ""source"": ""crossref:title_search"", ""result"": ""crossref_skipped""}]"
5544,SIGGRAPH 2026,Autoregressive Diffusion with Hybrid Representation for Interactive Human Motion Generation,crossref_skipped,"[{""url"": ""https://s2026.conference-schedule.org/?post_type=page&p=15&id=papers_159&sess=sess104"", ""source"": ""csv:paper_link"", ""result"": ""landing:html"", ""extracted"": ""0"", ""dois"": """"}, {""url"": """", ""source"": ""arxiv:title_search"", ""result"": ""arxiv_no_match:0.00:""}, {""url"": """", ""source"": ""crossref:title_search"", ""result"": ""crossref_skipped""}]"
5545,SIGGRAPH 2026,A Robust and Efficient Intersection Algorithm for NURBS Surfaces: Handling Small Loops and Tangent Intersections,crossref_skipped,"[{""url"": ""https://s2026.conference-schedule.org/?post_type=page&p=15&id=paperstog_130&sess=sess125"", ""source"": ""csv:paper_link"", ""result"": ""landing:html"", ""extracted"": ""0"", ""dois"": """"}, {""url"": """", ""source"": ""arxiv:title_search"", ""result"": ""arxiv_no_match:0.00:""}, {""url"": """", ""source"": ""crossref:title_search"", ""result"": ""crossref_skipped""}]"
5546,SIGGRAPH 2026,Stress-Aware Panelization of Freeform Surfaces,crossref_skipped,"[{""url"": ""https://s2026.conference-schedule.org/?post_type=page&p=15&id=papers_1460&sess=sess125"", ""source"": ""csv:paper_link"", ""result"": ""landing:html"", ""extracted"": ""0"", ""dois"": """"}, {""url"": """", ""source"": ""arxiv:title_search"", ""result"": ""arxiv_no_match:0.00:""}, {""url"": """", ""source"": ""crossref:title_search"", ""result"": ""crossref_skipped""}]"
5547,SIGGRAPH 2026,Free-form Surface Approximation Using Rotational Patches,crossref_skipped,"[{""url"": ""https://s2026.conference-schedule.org/?post_type=page&p=15&id=paperstog_108&sess=sess125"", ""source"": ""csv:paper_link"", ""result"": ""landing:html"", ""extracted"": ""0"", ""dois"": """"}, {""url"": """", ""source"": ""arxiv:title_search"", ""result"": ""arxiv_no_match:0.00:""}, {""url"": """", ""source"": ""crossref:title_search"", ""result"": ""crossref_skipped""}]"
5548,SIGGRAPH 2026,Continuity-Enhancing Degree Elevation and Splits,crossref_skipped,"[{""url"": ""https://s2026.conference-schedule.org/?post_type=page&p=15&id=papers_319&sess=sess125"", ""source"": ""csv:paper_link"", ""result"": ""landing:html"", ""extracted"": ""0"", ""dois"": """"}, {""url"": """", ""source"": ""arxiv:title_search"", ""result"": ""arxiv_no_match:0.00:""}, {""url"": """", ""source"": ""crossref:title_search"", ""result"": ""crossref_skipped""}]"
5549,SIGGRAPH 2026,NeuPPS: Neural Piecewise Parametric Surfaces,crossref_skipped,"[{""url"": ""https://s2026.conference-schedule.org/?post_type=page&p=15&id=paperstog_121&sess=sess125"", ""source"": ""csv:paper_link"", ""result"": ""landing:html"", ""extracted"": ""0"", ""dois"": """"}, {""url"": """", ""source"": ""arxiv:title_search"", ""result"": ""arxiv_http_429""}, {""url"": """", ""source"": ""crossref:title_search"", ""result"": ""crossref_skipped""}]"
5551,SIGGRAPH 2026,Spatio-Temporal Control Variates with ReSTIR for Real-Time Rendering,crossref_skipped,"[{""url"": ""https://s2026.conference-schedule.org/?post_type=page&p=15&id=papers_647&sess=sess141"", ""source"": ""csv:paper_link"", ""result"": ""landing:html"", ""extracted"": ""0"", ""dois"": """"}, {""url"": """", ""source"": ""arxiv:title_search"", ""result"": ""arxiv_http_429""}, {""url"": """", ""source"": ""crossref:title_search"", ""result"": ""crossref_skipped""}]"
5550,SIGGRAPH 2026,NeuBase: Spline Surfaces with Neural Basis Functions,crossref_skipped,"[{""url"": ""https://s2026.conference-schedule.org/?post_type=page&p=15&id=papers_948&sess=sess125"", ""source"": ""csv:paper_link"", ""result"": ""landing:html"", ""extracted"": ""0"", ""dois"": """"}, {""url"": """", ""source"": ""arxiv:title_search"", ""result"": ""arxiv_http_429""}, {""url"": """", ""source"": ""crossref:title_search"", ""result"": ""crossref_skipped""}]"
5552,SIGGRAPH 2026,ToF ReSTIR: Time-of-Flight Rendering with Spatio-temporal Reservoir Resampling,crossref_skipped,"[{""url"": ""https://s2026.conference-schedule.org/?post_type=page&p=15&id=papers_251&sess=sess141"", ""source"": ""csv:paper_link"", ""result"": ""landing:html"", ""extracted"": ""0"", ""dois"": """"}, {""url"": """", ""source"": ""arxiv:title_search"", ""result"": ""arxiv_http_429""}, {""url"": """", ""source"": ""crossref:title_search"", ""result"": ""crossref_skipped""}]"
5553,SIGGRAPH 2026,ReSTIR BDPT: Bidirectional ReSTIR Path Tracing with Caustics,crossref_skipped,"[{""url"": ""https://s2026.conference-schedule.org/?post_type=page&p=15&id=paperstog_113&sess=sess141"", ""source"": ""csv:paper_link"", ""result"": ""landing:html"", ""extracted"": ""0"", ""dois"": """"}, {""url"": """", ""source"": ""arxiv:title_search"", ""result"": ""arxiv_http_429""}, {""url"": """", ""source"": ""crossref:title_search"", ""result"": ""crossref_skipped""}]"
5554,SIGGRAPH 2026,Real-Time Level-of-Detail rendering with ReSTIR,crossref_skipped,"[{""url"": ""https://s2026.conference-schedule.org/?post_type=page&p=15&id=papers_574&sess=sess141"", ""source"": ""csv:paper_link"", ""result"": ""landing:html"", ""extracted"": ""0"", ""dois"": """"}, {""url"": """", ""source"": ""arxiv:title_search"", ""result"": ""arxiv_http_429""}, {""url"": """", ""source"": ""crossref:title_search"", ""result"": ""crossref_skipped""}]"
5555,SIGGRAPH 2026,Multi-Layer Reservoir Splatting for Temporal Reuse under Disocclusion,crossref_skipped,"[{""url"": ""https://s2026.conference-schedule.org/?post_type=page&p=15&id=papers_1788&sess=sess141"", ""source"": ""csv:paper_link"", ""result"": ""landing:html"", ""extracted"": ""0"", ""dois"": """"}, {""url"": """", ""source"": ""arxiv:title_search"", ""result"": ""arxiv_http_429""}, {""url"": """", ""source"": ""crossref:title_search"", ""result"": ""crossref_skipped""}]"
5556,SIGGRAPH 2026,"Forget Superresolution, Sample Adaptively (when Path Tracing)",crossref_skipped,"[{""url"": ""https://s2026.conference-schedule.org/?post_type=page&p=15&id=papers_1351&sess=sess141"", ""source"": ""csv:paper_link"", ""result"": ""landing:html"", ""extracted"": ""0"", ""dois"": """"}, {""url"": """", ""source"": ""arxiv:title_search"", ""result"": ""arxiv_http_429""}, {""url"": """", ""source"": ""crossref:title_search"", ""result"": ""crossref_skipped""}]"
5557,SIGGRAPH 2026,HairGPT: A Unified Autoregressive Framework for 3D Realistic Hairstyle Synthesis,crossref_skipped,"[{""url"": ""https://s2026.conference-schedule.org/?post_type=page&p=15&id=papers_869&sess=sess119"", ""source"": ""csv:paper_link"", ""result"": ""landing:html"", ""extracted"": ""0"", ""dois"": """"}, {""url"": """", ""source"": ""arxiv:title_search"", ""result"": ""arxiv_http_429""}, {""url"": """", ""source"": ""crossref:title_search"", ""result"": ""crossref_skipped""}]"
5560,SIGGRAPH 2026,Curvature Space Editing of Highly-Coiled Hair,crossref_skipped,"[{""url"": ""https://s2026.conference-schedule.org/?post_type=page&p=15&id=papers_651&sess=sess119"", ""source"": ""csv:paper_link"", ""result"": ""landing:html"", ""extracted"": ""0"", ""dois"": """"}, {""url"": """", ""source"": ""arxiv:title_search"", ""result"": ""arxiv_no_match:0.00:""}, {""url"": """", ""source"": ""crossref:title_search"", ""result"": ""crossref_skipped""}]"
5561,SIGGRAPH 2026,Efficient Fur and Hair Multiple Scattering Using Volumetric Approximation,crossref_skipped,"[{""url"": ""https://s2026.conference-schedule.org/?post_type=page&p=15&id=papers_791&sess=sess119"", ""source"": ""csv:paper_link"", ""result"": ""landing:html"", ""extracted"": ""0"", ""dois"": """"}, {""url"": """", ""source"": ""arxiv:title_search"", ""result"": ""arxiv_no_match:0.00:""}, {""url"": """", ""source"": ""crossref:title_search"", ""result"": ""crossref_skipped""}]"
5568,SIGGRAPH 2026,Motion4Motion: Motion Transfer Across Subjects at Inference,crossref_skipped,"[{""url"": ""https://s2026.conference-schedule.org/?post_type=page&p=15&id=papers_313&sess=sess114"", ""source"": ""csv:paper_link"", ""result"": ""landing:html"", ""extracted"": ""0"", ""dois"": """"}, {""url"": """", ""source"": ""arxiv:title_search"", ""result"": ""arxiv_no_match:0.00:""}, {""url"": """", ""source"": ""crossref:title_search"", ""result"": ""crossref_skipped""}]"
5569,SIGGRAPH 2026,STyMo: Fast and Controllable Few-Shot Motion Style Transfer,crossref_skipped,"[{""url"": ""https://s2026.conference-schedule.org/?post_type=page&p=15&id=papers_968&sess=sess114"", ""source"": ""csv:paper_link"", ""result"": ""landing:html"", ""extracted"": ""0"", ""dois"": """"}, {""url"": """", ""source"": ""arxiv:title_search"", ""result"": ""arxiv_no_match:0.00:""}, {""url"": """", ""source"": ""crossref:title_search"", ""result"": ""crossref_skipped""}]"
5573,SIGGRAPH 2026,LayerInbetween: Occlusion-Aware Stroke Correspondence and Inbetweening with Automatic Layering,crossref_skipped,"[{""url"": ""https://s2026.conference-schedule.org/?post_type=page&p=15&id=papers_1064&sess=sess114"", ""source"": ""csv:paper_link"", ""result"": ""landing:html"", ""extracted"": ""0"", ""dois"": """"}, {""url"": """", ""source"": ""arxiv:title_search"", ""result"": ""arxiv_no_match:0.00:""}, {""url"": """", ""source"": ""crossref:title_search"", ""result"": ""crossref_skipped""}]"
5575,SIGGRAPH 2026,Heterogeneous Subspace Corrections for GPU Deformable Multibody Dynamics,crossref_skipped,"[{""url"": ""https://s2026.conference-schedule.org/?post_type=page&p=15&id=papers_115&sess=sess102"", ""source"": ""csv:paper_link"", ""result"": ""landing:html"", ""extracted"": ""0"", ""dois"": """"}, {""url"": """", ""source"": ""arxiv:title_search"", ""result"": ""arxiv_no_match:0.00:""}, {""url"": """", ""source"": ""crossref:title_search"", ""result"": ""crossref_skipped""}]"
5577,SIGGRAPH 2026,"Better Bending: Analysis, Construction and Verification of Discrete Bending Models for Kirchhoff-Love Shells",crossref_skipped,"[{""url"": ""https://s2026.conference-schedule.org/?post_type=page&p=15&id=papers_1148&sess=sess102"", ""source"": ""csv:paper_link"", ""result"": ""landing:html"", ""extracted"": ""0"", ""dois"": """"}, {""url"": """", ""source"": ""arxiv:title_search"", ""result"": ""arxiv_no_match:0.00:""}, {""url"": """", ""source"": ""crossref:title_search"", ""result"": ""crossref_skipped""}]"
5579,SIGGRAPH 2026,Interactive Yarn-level Knitwear with Nested Douglas-Rachford Splitting,crossref_skipped,"[{""url"": ""https://s2026.conference-schedule.org/?post_type=page&p=15&id=papers_121&sess=sess102"", ""source"": ""csv:paper_link"", ""result"": ""landing:html"", ""extracted"": ""0"", ""dois"": """"}, {""url"": """", ""source"": ""arxiv:title_search"", ""result"": ""arxiv_no_match:0.00:""}, {""url"": """", ""source"": ""crossref:title_search"", ""result"": ""crossref_skipped""}]"
5581,SIGGRAPH 2026,Surface Reconstruction from Unoriented Points via Green’s 3rd Identity,crossref_skipped,"[{""url"": ""https://s2026.conference-schedule.org/?post_type=page&p=15&id=papers_889&sess=sess153"", ""source"": ""csv:paper_link"", ""result"": ""landing:html"", ""extracted"": ""0"", ""dois"": """"}, {""url"": """", ""source"": ""arxiv:title_search"", ""result"": ""arxiv_no_match:0.00:""}, {""url"": """", ""source"": ""crossref:title_search"", ""result"": ""crossref_skipped""}]"
5583,SIGGRAPH 2026,CaRaFe: Camera-Radar Radiance Fields for Scene Reconstruction,crossref_skipped,"[{""url"": ""https://s2026.conference-schedule.org/?post_type=page&p=15&id=papers_1151&sess=sess153"", ""source"": ""csv:paper_link"", ""result"": ""landing:html"", ""extracted"": ""0"", ""dois"": """"}, {""url"": """", ""source"": ""arxiv:title_search"", ""result"": ""arxiv_no_match:0.00:""}, {""url"": """", ""source"": ""crossref:title_search"", ""result"": ""crossref_skipped""}]"
5584,SIGGRAPH 2026,Pixels2Peaks: Converting Terrain Images to Heightmaps,crossref_skipped,"[{""url"": ""https://s2026.conference-schedule.org/?post_type=page&p=15&id=papers_170&sess=sess153"", ""source"": ""csv:paper_link"", ""result"": ""landing:html"", ""extracted"": ""0"", ""dois"": """"}, {""url"": """", ""source"": ""arxiv:title_search"", ""result"": ""arxiv_no_match:0.00:""}, {""url"": """", ""source"": ""crossref:title_search"", ""result"": ""crossref_skipped""}]"
5585,SIGGRAPH 2026,MegaNorm: Local Patches Embedding for Efficient and Robust Point Normal Orientation at Super-Large Scale,crossref_skipped,"[{""url"": ""https://s2026.conference-schedule.org/?post_type=page&p=15&id=papers_823&sess=sess153"", ""source"": ""csv:paper_link"", ""result"": ""landing:html"", ""extracted"": ""0"", ""dois"": """"}, {""url"": """", ""source"": ""arxiv:title_search"", ""result"": ""arxiv_no_match:0.00:""}, {""url"": """", ""source"": ""crossref:title_search"", ""result"": ""crossref_skipped""}]"
5586,SIGGRAPH 2026,Resolution Where It Counts: Hash-based GPU-Accelerated 3D Reconstruction via Variance-Adaptive Voxel Grids,crossref_skipped,"[{""url"": ""https://s2026.conference-schedule.org/?post_type=page&p=15&id=paperstog_118&sess=sess153"", ""source"": ""csv:paper_link"", ""result"": ""landing:html"", ""extracted"": ""0"", ""dois"": """"}, {""url"": """", ""source"": ""arxiv:title_search"", ""result"": ""arxiv_http_429""}, {""url"": """", ""source"": ""crossref:title_search"", ""result"": ""crossref_skipped""}]"
5587,SIGGRAPH 2026,Mix3R: Mixing Feed-forward Reconstruction and Generative 3D Priors for Joint Multi-view Aligned 3D Reconstruction and Pose Estimation,crossref_skipped,"[{""url"": ""https://s2026.conference-schedule.org/?post_type=page&p=15&id=papers_878&sess=sess124"", ""source"": ""csv:paper_link"", ""result"": ""landing:html"", ""extracted"": ""0"", ""dois"": """"}, {""url"": """", ""source"": ""arxiv:title_search"", ""result"": ""arxiv_http_429""}, {""url"": """", ""source"": ""crossref:title_search"", ""result"": ""crossref_skipped""}]"
5588,SIGGRAPH 2026,Distance Field Rasterization for End-to-End Mesh Reconstruction,crossref_skipped,"[{""url"": ""https://s2026.conference-schedule.org/?post_type=page&p=15&id=papers_898&sess=sess124"", ""source"": ""csv:paper_link"", ""result"": ""landing:html"", ""extracted"": ""0"", ""dois"": """"}, {""url"": """", ""source"": ""arxiv:title_search"", ""result"": ""arxiv_http_429""}, {""url"": """", ""source"": ""crossref:title_search"", ""result"": ""crossref_skipped""}]"
5570,SIGGRAPH 2026,Skinned Motion Retargeting with Spatially Adaptive Interaction Guidance,crossref_skipped,"[{""url"": ""https://s2026.conference-schedule.org/?post_type=page&p=15&id=papers_932&sess=sess114"", ""source"": ""csv:paper_link"", ""result"": ""landing:html"", ""extracted"": ""0"", ""dois"": """"}, {""url"": """", ""source"": ""arxiv:title_search"", ""result"": ""arxiv_match""}, {""url"": ""https://arxiv.org/pdf/2605.19355v1.pdf"", ""source"": ""arxiv:title_search:1.00"", ""result"": ""too_large""}, {""url"": """", ""source"": ""crossref:title_search"", ""result"": ""crossref_skipped""}]"
5589,SIGGRAPH 2026,Topology Type Estimation of Simulated 4D Image Data by Combining Downscaling and Convolutional Neural Networks,crossref_skipped,"[{""url"": ""https://s2026.conference-schedule.org/?post_type=page&p=15&id=paperstog_127&sess=sess124"", ""source"": ""csv:paper_link"", ""result"": ""landing:html"", ""extracted"": ""0"", ""dois"": """"}, {""url"": """", ""source"": ""arxiv:title_search"", ""result"": ""arxiv_http_429""}, {""url"": """", ""source"": ""crossref:title_search"", ""result"": ""crossref_skipped""}]"
5590,SIGGRAPH 2026,NILE: Nested Interleaving of Low-Dimensional Elements,crossref_skipped,"[{""url"": ""https://s2026.conference-schedule.org/?post_type=page&p=15&id=papers_154&sess=sess124"", ""source"": ""csv:paper_link"", ""result"": ""landing:html"", ""extracted"": ""0"", ""dois"": """"}, {""url"": """", ""source"": ""arxiv:title_search"", ""result"": ""arxiv_http_429""}, {""url"": """", ""source"": ""crossref:title_search"", ""result"": ""crossref_skipped""}]"
5591,SIGGRAPH 2026,Gradient-based Design of Non-Uniform Low-Discrepancy Samples,crossref_skipped,"[{""url"": ""https://s2026.conference-schedule.org/?post_type=page&p=15&id=papers_830&sess=sess124"", ""source"": ""csv:paper_link"", ""result"": ""landing:html"", ""extracted"": ""0"", ""dois"": """"}, {""url"": """", ""source"": ""arxiv:title_search"", ""result"": ""arxiv_no_match:0.00:""}, {""url"": """", ""source"": ""crossref:title_search"", ""result"": ""crossref_skipped""}]"
5593,SIGGRAPH 2026,Hi-SPAD: Video-Rate Hyperspectral Imaging and Inference with Single-Photon Cameras,crossref_skipped,"[{""url"": ""https://s2026.conference-schedule.org/?post_type=page&p=15&id=paperstog_137&sess=sess124"", ""source"": ""csv:paper_link"", ""result"": ""landing:html"", ""extracted"": ""0"", ""dois"": """"}, {""url"": """", ""source"": ""arxiv:title_search"", ""result"": ""arxiv_no_match:0.00:""}, {""url"": """", ""source"": ""crossref:title_search"", ""result"": ""crossref_skipped""}]"
5594,SIGGRAPH 2026,Robust Planar Maps for 3D Vectorization,crossref_skipped,"[{""url"": ""https://s2026.conference-schedule.org/?post_type=page&p=15&id=papers_971&sess=sess116"", ""source"": ""csv:paper_link"", ""result"": ""landing:html"", ""extracted"": ""0"", ""dois"": """"}, {""url"": """", ""source"": ""arxiv:title_search"", ""result"": ""arxiv_no_match:0.00:""}, {""url"": """", ""source"": ""crossref:title_search"", ""result"": ""crossref_skipped""}]"
5595,SIGGRAPH 2026,2D Gaussian Splatting for Bézier Spline Line Art Vectorization,crossref_skipped,"[{""url"": ""https://s2026.conference-schedule.org/?post_type=page&p=15&id=papers_1386&sess=sess116"", ""source"": ""csv:paper_link"", ""result"": ""landing:html"", ""extracted"": ""0"", ""dois"": """"}, {""url"": """", ""source"": ""arxiv:title_search"", ""result"": ""arxiv_no_match:0.00:""}, {""url"": """", ""source"": ""crossref:title_search"", ""result"": ""crossref_skipped""}]"
5596,SIGGRAPH 2026,Monte Carlo Rendering of Biharmonic Diffusion Curves,crossref_skipped,"[{""url"": ""https://s2026.conference-schedule.org/?post_type=page&p=15&id=papers_1686&sess=sess116"", ""source"": ""csv:paper_link"", ""result"": ""landing:html"", ""extracted"": ""0"", ""dois"": """"}, {""url"": """", ""source"": ""arxiv:title_search"", ""result"": ""arxiv_no_match:0.00:""}, {""url"": """", ""source"": ""crossref:title_search"", ""result"": ""crossref_skipped""}]"
5597,SIGGRAPH 2026,Real-Time GPU Vector Graphics SDF Generation Based on Quadratic Stroke Rendering,crossref_skipped,"[{""url"": ""https://s2026.conference-schedule.org/?post_type=page&p=15&id=papers_1061&sess=sess116"", ""source"": ""csv:paper_link"", ""result"": ""landing:html"", ""extracted"": ""0"", ""dois"": """"}, {""url"": """", ""source"": ""arxiv:title_search"", ""result"": ""arxiv_no_match:0.00:""}, {""url"": """", ""source"": ""crossref:title_search"", ""result"": ""crossref_skipped""}]"
5599,SIGGRAPH 2026,NeuralSketch2Surf: Fast Neural Surfacing of Unoriented 3D Sketches,crossref_skipped,"[{""url"": ""https://s2026.conference-schedule.org/?post_type=page&p=15&id=papers_1671&sess=sess116"", ""source"": ""csv:paper_link"", ""result"": ""landing:html"", ""extracted"": ""0"", ""dois"": """"}, {""url"": """", ""source"": ""arxiv:title_search"", ""result"": ""arxiv_no_match:0.00:""}, {""url"": """", ""source"": ""crossref:title_search"", ""result"": ""crossref_skipped""}]"
5601,SIGGRAPH 2026,Implicit Surface Compression -- with Good Old Discrete Cosine Transform and Motion Compensation,crossref_skipped,"[{""url"": ""https://s2026.conference-schedule.org/?post_type=page&p=15&id=papers_236&sess=sess111"", ""source"": ""csv:paper_link"", ""result"": ""landing:html"", ""extracted"": ""0"", ""dois"": """"}, {""url"": """", ""source"": ""arxiv:title_search"", ""result"": ""arxiv_no_match:0.00:""}, {""url"": """", ""source"": ""crossref:title_search"", ""result"": ""crossref_skipped""}]"
5602,SIGGRAPH 2026,4D Human-Scene Reconstruction from Low-Overlap Captures,crossref_skipped,"[{""url"": ""https://s2026.conference-schedule.org/?post_type=page&p=15&id=papers_955&sess=sess111"", ""source"": ""csv:paper_link"", ""result"": ""landing:html"", ""extracted"": ""0"", ""dois"": """"}, {""url"": """", ""source"": ""arxiv:title_search"", ""result"": ""arxiv_no_match:0.00:""}, {""url"": """", ""source"": ""crossref:title_search"", ""result"": ""crossref_skipped""}]"
5603,SIGGRAPH 2026,ATGS: Anchored Temporal Gaussian Splatting for Long Volumetric Video Representation,crossref_skipped,"[{""url"": ""https://s2026.conference-schedule.org/?post_type=page&p=15&id=papers_324&sess=sess111"", ""source"": ""csv:paper_link"", ""result"": ""landing:html"", ""extracted"": ""0"", ""dois"": """"}, {""url"": """", ""source"": ""arxiv:title_search"", ""result"": ""arxiv_no_match:0.00:""}, {""url"": """", ""source"": ""crossref:title_search"", ""result"": ""crossref_skipped""}]"
5604,SIGGRAPH 2026,VFAvatar: Feed-Forward 3D Avatar Reconstruction from Casual Image Collections,crossref_skipped,"[{""url"": ""https://s2026.conference-schedule.org/?post_type=page&p=15&id=papers_1012&sess=sess111"", ""source"": ""csv:paper_link"", ""result"": ""landing:html"", ""extracted"": ""0"", ""dois"": """"}, {""url"": """", ""source"": ""arxiv:title_search"", ""result"": ""arxiv_no_match:0.00:""}, {""url"": """", ""source"": ""crossref:title_search"", ""result"": ""crossref_skipped""}]"
5605,SIGGRAPH 2026,High-Fidelity 4D Cloth Capture Pipeline with a Two-Level Pattern,crossref_skipped,"[{""url"": ""https://s2026.conference-schedule.org/?post_type=page&p=15&id=papers_321&sess=sess111"", ""source"": ""csv:paper_link"", ""result"": ""landing:html"", ""extracted"": ""0"", ""dois"": """"}, {""url"": """", ""source"": ""arxiv:title_search"", ""result"": ""arxiv_no_match:0.00:""}, {""url"": """", ""source"": ""crossref:title_search"", ""result"": ""crossref_skipped""}]"
5607,SIGGRAPH 2026,SharpNet: Enhancing MLPs to Represent Functions with Controlled Non-differentiability,crossref_skipped,"[{""url"": ""https://s2026.conference-schedule.org/?post_type=page&p=15&id=papers_678&sess=sess184"", ""source"": ""csv:paper_link"", ""result"": ""landing:html"", ""extracted"": ""0"", ""dois"": """"}, {""url"": """", ""source"": ""arxiv:title_search"", ""result"": ""arxiv_http_429""}, {""url"": """", ""source"": ""crossref:title_search"", ""result"": ""crossref_skipped""}]"
5608,SIGGRAPH 2026,Schrödinger Bridges on Discretized Geometric Domains,crossref_skipped,"[{""url"": ""https://s2026.conference-schedule.org/?post_type=page&p=15&id=papers_446&sess=sess184"", ""source"": ""csv:paper_link"", ""result"": ""landing:html"", ""extracted"": ""0"", ""dois"": """"}, {""url"": """", ""source"": ""arxiv:title_search"", ""result"": ""arxiv_http_429""}, {""url"": """", ""source"": ""crossref:title_search"", ""result"": ""crossref_skipped""}]"
5609,SIGGRAPH 2026,Explicit flows for implicit surfaces,crossref_skipped,"[{""url"": ""https://s2026.conference-schedule.org/?post_type=page&p=15&id=papers_681&sess=sess184"", ""source"": ""csv:paper_link"", ""result"": ""landing:html"", ""extracted"": ""0"", ""dois"": """"}, {""url"": """", ""source"": ""arxiv:title_search"", ""result"": ""arxiv_http_429""}, {""url"": """", ""source"": ""crossref:title_search"", ""result"": ""crossref_skipped""}]"
5610,SIGGRAPH 2026,A Few-Step Generative Model on Cumulative Flow Maps,crossref_skipped,"[{""url"": ""https://s2026.conference-schedule.org/?post_type=page&p=15&id=papers_1405&sess=sess184"", ""source"": ""csv:paper_link"", ""result"": ""landing:html"", ""extracted"": ""0"", ""dois"": """"}, {""url"": """", ""source"": ""arxiv:title_search"", ""result"": ""arxiv_http_429""}, {""url"": """", ""source"": ""crossref:title_search"", ""result"": ""crossref_skipped""}]"
5611,SIGGRAPH 2026,Generative Modeling with Orbit-Space Particle Flow Matching,crossref_skipped,"[{""url"": ""https://s2026.conference-schedule.org/?post_type=page&p=15&id=papers_789&sess=sess184"", ""source"": ""csv:paper_link"", ""result"": ""landing:html"", ""extracted"": ""0"", ""dois"": """"}, {""url"": """", ""source"": ""arxiv:title_search"", ""result"": ""arxiv_http_429""}, {""url"": """", ""source"": ""crossref:title_search"", ""result"": ""crossref_skipped""}]"
5612,SIGGRAPH 2026,BodyReLux: Temporally Consistent Full-Body Video Relighting,crossref_skipped,"[{""url"": ""https://s2026.conference-schedule.org/?post_type=page&p=15&id=papers_881&sess=sess145"", ""source"": ""csv:paper_link"", ""result"": ""landing:html"", ""extracted"": ""0"", ""dois"": """"}, {""url"": """", ""source"": ""arxiv:title_search"", ""result"": ""arxiv_http_429""}, {""url"": """", ""source"": ""crossref:title_search"", ""result"": ""crossref_skipped""}]"
5613,SIGGRAPH 2026,Pixel Cube: Diffusion-based Portrait Video Relighting Through Realistic Lighting Reproduction,crossref_skipped,"[{""url"": ""https://s2026.conference-schedule.org/?post_type=page&p=15&id=papers_1717&sess=sess145"", ""source"": ""csv:paper_link"", ""result"": ""landing:html"", ""extracted"": ""0"", ""dois"": """"}, {""url"": """", ""source"": ""arxiv:title_search"", ""result"": ""arxiv_http_429""}, {""url"": """", ""source"": ""crossref:title_search"", ""result"": ""crossref_skipped""}]"
5614,SIGGRAPH 2026,EasyVFX: Frequency-Driven Decoupling for Resource-Efficient VFX Generation,crossref_skipped,"[{""url"": ""https://s2026.conference-schedule.org/?post_type=page&p=15&id=papers_631&sess=sess145"", ""source"": ""csv:paper_link"", ""result"": ""landing:html"", ""extracted"": ""0"", ""dois"": """"}, {""url"": """", ""source"": ""arxiv:title_search"", ""result"": ""arxiv_http_429""}, {""url"": """", ""source"": ""crossref:title_search"", ""result"": ""crossref_skipped""}]"
5615,SIGGRAPH 2026,"LongE2V: Long-Horizon Event-based Video Reconstruction, Prediction, and Frame Interpolation with Video Diffusion Models",crossref_skipped,"[{""url"": ""https://s2026.conference-schedule.org/?post_type=page&p=15&id=papers_875&sess=sess145"", ""source"": ""csv:paper_link"", ""result"": ""landing:html"", ""extracted"": ""0"", ""dois"": """"}, {""url"": """", ""source"": ""arxiv:title_search"", ""result"": ""arxiv_http_429""}, {""url"": """", ""source"": ""crossref:title_search"", ""result"": ""crossref_skipped""}]"
5616,SIGGRAPH 2026,Autoregressive Modeling of Film with Applications in Video Montage,crossref_skipped,"[{""url"": ""https://s2026.conference-schedule.org/?post_type=page&p=15&id=papers_1506&sess=sess145"", ""source"": ""csv:paper_link"", ""result"": ""landing:html"", ""extracted"": ""0"", ""dois"": """"}, {""url"": """", ""source"": ""arxiv:title_search"", ""result"": ""arxiv_http_429""}, {""url"": """", ""source"": ""crossref:title_search"", ""result"": ""crossref_skipped""}]"
5617,SIGGRAPH 2026,Relit-LiVE: Relight Video by Jointly Learning Environment Video,crossref_skipped,"[{""url"": ""https://s2026.conference-schedule.org/?post_type=page&p=15&id=papers_1212&sess=sess139"", ""source"": ""csv:paper_link"", ""result"": ""landing:html"", ""extracted"": ""0"", ""dois"": """"}, {""url"": """", ""source"": ""arxiv:title_search"", ""result"": ""arxiv_http_429""}, {""url"": """", ""source"": ""crossref:title_search"", ""result"": ""crossref_skipped""}]"
5618,SIGGRAPH 2026,GR3EN: Generative Relighting for 3D Environments,crossref_skipped,"[{""url"": ""https://s2026.conference-schedule.org/?post_type=page&p=15&id=papers_1071&sess=sess139"", ""source"": ""csv:paper_link"", ""result"": ""landing:html"", ""extracted"": ""0"", ""dois"": """"}, {""url"": """", ""source"": ""arxiv:title_search"", ""result"": ""arxiv_http_429""}, {""url"": """", ""source"": ""crossref:title_search"", ""result"": ""crossref_skipped""}]"
5619,SIGGRAPH 2026,Taming optimization variance in compact neural shading networks,crossref_skipped,"[{""url"": ""https://s2026.conference-schedule.org/?post_type=page&p=15&id=papers_1751&sess=sess139"", ""source"": ""csv:paper_link"", ""result"": ""landing:html"", ""extracted"": ""0"", ""dois"": """"}, {""url"": """", ""source"": ""arxiv:title_search"", ""result"": ""arxiv_http_429""}, {""url"": """", ""source"": ""crossref:title_search"", ""result"": ""crossref_skipped""}]"
5620,SIGGRAPH 2026,Multi-feature Radiance Baking Neural Networks for Instant Volumetric Rendering,crossref_skipped,"[{""url"": ""https://s2026.conference-schedule.org/?post_type=page&p=15&id=papers_1066&sess=sess139"", ""source"": ""csv:paper_link"", ""result"": ""landing:html"", ""extracted"": ""0"", ""dois"": """"}, {""url"": """", ""source"": ""arxiv:title_search"", ""result"": ""arxiv_http_429""}, {""url"": """", ""source"": ""crossref:title_search"", ""result"": ""crossref_skipped""}]"
5621,SIGGRAPH 2026,Bounding Stratified Bernoulli Impulses for Ray Marching Gaussian Process Implicit Surfaces,crossref_skipped,"[{""url"": ""https://s2026.conference-schedule.org/?post_type=page&p=15&id=papers_397&sess=sess139"", ""source"": ""csv:paper_link"", ""result"": ""landing:html"", ""extracted"": ""0"", ""dois"": """"}, {""url"": """", ""source"": ""arxiv:title_search"", ""result"": ""arxiv_http_429""}, {""url"": """", ""source"": ""crossref:title_search"", ""result"": ""crossref_skipped""}]"
5622,SIGGRAPH 2026,Adaptive Ray Marching for Rendering Gaussian Process Implicit Surfaces,crossref_skipped,"[{""url"": ""https://s2026.conference-schedule.org/?post_type=page&p=15&id=papers_580&sess=sess139"", ""source"": ""csv:paper_link"", ""result"": ""landing:html"", ""extracted"": ""0"", ""dois"": """"}, {""url"": """", ""source"": ""arxiv:title_search"", ""result"": ""arxiv_http_429""}, {""url"": """", ""source"": ""crossref:title_search"", ""result"": ""crossref_skipped""}]"
5623,SIGGRAPH 2026,MeshFEM: A Block-accelerated Solver for Nonlinear Finite Elements,crossref_skipped,"[{""url"": ""https://s2026.conference-schedule.org/?post_type=page&p=15&id=papers_1454&sess=sess115"", ""source"": ""csv:paper_link"", ""result"": ""landing:html"", ""extracted"": ""0"", ""dois"": """"}, {""url"": """", ""source"": ""arxiv:title_search"", ""result"": ""arxiv_http_429""}, {""url"": """", ""source"": ""crossref:title_search"", ""result"": ""crossref_skipped""}]"
5624,SIGGRAPH 2026,Fast Sparse Matrix Permutation for Mesh-Based Direct Solvers,crossref_skipped,"[{""url"": ""https://s2026.conference-schedule.org/?post_type=page&p=15&id=papers_1130&sess=sess115"", ""source"": ""csv:paper_link"", ""result"": ""landing:html"", ""extracted"": ""0"", ""dois"": """"}, {""url"": """", ""source"": ""arxiv:title_search"", ""result"": ""arxiv_http_429""}, {""url"": """", ""source"": ""crossref:title_search"", ""result"": ""crossref_skipped""}]"
5625,SIGGRAPH 2026,Statistical Gradient Filtering for Geometry Optimization Under Limited Observations,crossref_skipped,"[{""url"": ""https://s2026.conference-schedule.org/?post_type=page&p=15&id=papers_438&sess=sess115"", ""source"": ""csv:paper_link"", ""result"": ""landing:html"", ""extracted"": ""0"", ""dois"": """"}, {""url"": """", ""source"": ""arxiv:title_search"", ""result"": ""arxiv_http_429""}, {""url"": """", ""source"": ""crossref:title_search"", ""result"": ""crossref_skipped""}]"
5626,SIGGRAPH 2026,GMT: A Geometric Multigrid Transformer Solver for Microstructure Homogenization,crossref_skipped,"[{""url"": ""https://s2026.conference-schedule.org/?post_type=page&p=15&id=papers_693&sess=sess115"", ""source"": ""csv:paper_link"", ""result"": ""landing:html"", ""extracted"": ""0"", ""dois"": """"}, {""url"": """", ""source"": ""arxiv:title_search"", ""result"": ""arxiv_http_429""}, {""url"": """", ""source"": ""crossref:title_search"", ""result"": ""crossref_skipped""}]"
5627,SIGGRAPH 2026,Robust Biharmonic Skinning Using Geometric Fields,crossref_skipped,"[{""url"": ""https://s2026.conference-schedule.org/?post_type=page&p=15&id=paperstog_103&sess=sess115"", ""source"": ""csv:paper_link"", ""result"": ""landing:html"", ""extracted"": ""0"", ""dois"": """"}, {""url"": """", ""source"": ""arxiv:title_search"", ""result"": ""arxiv_http_429""}, {""url"": """", ""source"": ""crossref:title_search"", ""result"": ""crossref_skipped""}]"
5628,SIGGRAPH 2026,JGS2-GQ: Training-free 2nd Jacobi with Gaussian Quadrature,crossref_skipped,"[{""url"": ""https://s2026.conference-schedule.org/?post_type=page&p=15&id=papers_113&sess=sess115"", ""source"": ""csv:paper_link"", ""result"": ""landing:html"", ""extracted"": ""0"", ""dois"": """"}, {""url"": """", ""source"": ""arxiv:title_search"", ""result"": ""arxiv_http_429""}, {""url"": """", ""source"": ""crossref:title_search"", ""result"": ""crossref_skipped""}]"
5629,SIGGRAPH 2026,Dichoptic Foveation,crossref_skipped,"[{""url"": ""https://s2026.conference-schedule.org/?post_type=page&p=15&id=papers_613&sess=sess143"", ""source"": ""csv:paper_link"", ""result"": ""landing:html"", ""extracted"": ""0"", ""dois"": """"}, {""url"": """", ""source"": ""arxiv:title_search"", ""result"": ""arxiv_http_429""}, {""url"": """", ""source"": ""crossref:title_search"", ""result"": ""crossref_skipped""}]"
5630,SIGGRAPH 2026,Reality Check: How Avatar and Face Representation Affect the Perceptual Evaluation of Synthesized Gestures,crossref_skipped,"[{""url"": ""https://s2026.conference-schedule.org/?post_type=page&p=15&id=papers_943&sess=sess143"", ""source"": ""csv:paper_link"", ""result"": ""landing:html"", ""extracted"": ""0"", ""dois"": """"}, {""url"": """", ""source"": ""arxiv:title_search"", ""result"": ""arxiv_http_429""}, {""url"": """", ""source"": ""crossref:title_search"", ""result"": ""crossref_skipped""}]"
5631,SIGGRAPH 2026,Dynamic Visual Dominance in Stereoscopic Foveation,crossref_skipped,"[{""url"": ""https://s2026.conference-schedule.org/?post_type=page&p=15&id=papers_953&sess=sess143"", ""source"": ""csv:paper_link"", ""result"": ""landing:html"", ""extracted"": ""0"", ""dois"": """"}, {""url"": """", ""source"": ""arxiv:title_search"", ""result"": ""arxiv_no_match:0.00:""}, {""url"": """", ""source"": ""crossref:title_search"", ""result"": ""crossref_skipped""}]"
5632,SIGGRAPH 2026,A Two-Millisecond Passthrough Headset for Perceptual Studies,crossref_skipped,"[{""url"": ""https://s2026.conference-schedule.org/?post_type=page&p=15&id=papers_717&sess=sess143"", ""source"": ""csv:paper_link"", ""result"": ""landing:html"", ""extracted"": ""0"", ""dois"": """"}, {""url"": """", ""source"": ""arxiv:title_search"", ""result"": ""arxiv_no_match:0.00:""}, {""url"": """", ""source"": ""crossref:title_search"", ""result"": ""crossref_skipped""}]"
5633,SIGGRAPH 2026,StyleID: A Perception-Aware Dataset and Metric for Stylization-Agnostic Facial Identity Recognition,crossref_skipped,"[{""url"": ""https://s2026.conference-schedule.org/?post_type=page&p=15&id=papers_996&sess=sess143"", ""source"": ""csv:paper_link"", ""result"": ""landing:html"", ""extracted"": ""0"", ""dois"": """"}, {""url"": """", ""source"": ""arxiv:title_search"", ""result"": ""arxiv_http_429""}, {""url"": """", ""source"": ""crossref:title_search"", ""result"": ""crossref_skipped""}]"
5634,SIGGRAPH 2026,Quantifying reality of ultra-realistic 3-D displays - the effect of resolution and contrast,crossref_skipped,"[{""url"": ""https://s2026.conference-schedule.org/?post_type=page&p=15&id=papers_522&sess=sess143"", ""source"": ""csv:paper_link"", ""result"": ""landing:html"", ""extracted"": ""0"", ""dois"": """"}, {""url"": """", ""source"": ""arxiv:title_search"", ""result"": ""arxiv_http_429""}, {""url"": """", ""source"": ""crossref:title_search"", ""result"": ""crossref_skipped""}]"
5635,SIGGRAPH 2026,It’s Not Just a Phase: Creating Phase-Aligned Peripheral Metamers,crossref_skipped,"[{""url"": ""https://s2026.conference-schedule.org/?post_type=page&p=15&id=papers_294&sess=sess143"", ""source"": ""csv:paper_link"", ""result"": ""landing:html"", ""extracted"": ""0"", ""dois"": """"}, {""url"": """", ""source"": ""arxiv:title_search"", ""result"": ""arxiv_http_429""}, {""url"": """", ""source"": ""crossref:title_search"", ""result"": ""crossref_skipped""}]"
5636,SIGGRAPH 2026,Role-Aware Virtual Agents for Navigational Interaction guided by a Multimodal Large Language Model,crossref_skipped,"[{""url"": ""https://s2026.conference-schedule.org/?post_type=page&p=15&id=papers_529&sess=sess107"", ""source"": ""csv:paper_link"", ""result"": ""landing:html"", ""extracted"": ""0"", ""dois"": """"}, {""url"": """", ""source"": ""arxiv:title_search"", ""result"": ""arxiv_http_429""}, {""url"": """", ""source"": ""crossref:title_search"", ""result"": ""crossref_skipped""}]"
5637,SIGGRAPH 2026,EgoRelight: Egocentric Human Capture and Illumination Recovery for Relightable and Photoreal Avatar Rendering,crossref_skipped,"[{""url"": ""https://s2026.conference-schedule.org/?post_type=page&p=15&id=papers_837&sess=sess107"", ""source"": ""csv:paper_link"", ""result"": ""landing:html"", ""extracted"": ""0"", ""dois"": """"}, {""url"": """", ""source"": ""arxiv:title_search"", ""result"": ""arxiv_http_429""}, {""url"": """", ""source"": ""crossref:title_search"", ""result"": ""crossref_skipped""}]"
5638,SIGGRAPH 2026,Voronoi Rooms: Dynamic Visibility Modulation of Overlapping Spaces for Telepresence,crossref_skipped,"[{""url"": ""https://s2026.conference-schedule.org/?post_type=page&p=15&id=paperstog_106&sess=sess107"", ""source"": ""csv:paper_link"", ""result"": ""landing:html"", ""extracted"": ""0"", ""dois"": """"}, {""url"": """", ""source"": ""arxiv:title_search"", ""result"": ""arxiv_http_429""}, {""url"": """", ""source"": ""crossref:title_search"", ""result"": ""crossref_skipped""}]"
5639,SIGGRAPH 2026,Atmospheric Haptics: Rendering Airflow and Temperature as Tactile Fields for Interactive Experiences in Virtual Reality,crossref_skipped,"[{""url"": ""https://s2026.conference-schedule.org/?post_type=page&p=15&id=papers_1486&sess=sess107"", ""source"": ""csv:paper_link"", ""result"": ""landing:html"", ""extracted"": ""0"", ""dois"": """"}, {""url"": """", ""source"": ""arxiv:title_search"", ""result"": ""arxiv_http_429""}, {""url"": """", ""source"": ""crossref:title_search"", ""result"": ""crossref_skipped""}]"
5640,SIGGRAPH 2026,Retrofitting Existing 3D Objects with Surface-Conforming Capacitive Sensing,crossref_skipped,"[{""url"": ""https://s2026.conference-schedule.org/?post_type=page&p=15&id=papers_1390&sess=sess107"", ""source"": ""csv:paper_link"", ""result"": ""landing:html"", ""extracted"": ""0"", ""dois"": """"}, {""url"": """", ""source"": ""arxiv:title_search"", ""result"": ""arxiv_http_429""}, {""url"": """", ""source"": ""crossref:title_search"", ""result"": ""crossref_skipped""}]"
5641,SIGGRAPH 2026,Generalized Aberrations for Processing-Aware Optical Design,crossref_skipped,"[{""url"": ""https://s2026.conference-schedule.org/?post_type=page&p=15&id=paperstog_136&sess=sess107"", ""source"": ""csv:paper_link"", ""result"": ""landing:html"", ""extracted"": ""0"", ""dois"": """"}, {""url"": """", ""source"": ""arxiv:title_search"", ""result"": ""arxiv_http_429""}, {""url"": """", ""source"": ""crossref:title_search"", ""result"": ""crossref_skipped""}]"
5642,SIGGRAPH 2026,Probe-based Walk on Spheres for Efficient Path Reusing,crossref_skipped,"[{""url"": ""https://s2026.conference-schedule.org/?post_type=page&p=15&id=papers_1108&sess=sess123"", ""source"": ""csv:paper_link"", ""result"": ""landing:html"", ""extracted"": ""0"", ""dois"": """"}, {""url"": """", ""source"": ""arxiv:title_search"", ""result"": ""arxiv_http_429""}, {""url"": """", ""source"": ""crossref:title_search"", ""result"": ""crossref_skipped""}]"
5643,SIGGRAPH 2026,Gradient Domain Reconstruction for Monte Carlo PDE Solvers,crossref_skipped,"[{""url"": ""https://s2026.conference-schedule.org/?post_type=page&p=15&id=papers_208&sess=sess123"", ""source"": ""csv:paper_link"", ""result"": ""landing:html"", ""extracted"": ""0"", ""dois"": """"}, {""url"": """", ""source"": ""arxiv:title_search"", ""result"": ""arxiv_http_429""}, {""url"": """", ""source"": ""crossref:title_search"", ""result"": ""crossref_skipped""}]"
5644,SIGGRAPH 2026,Monte Carlo PDE Solvers for Nonlinear Radiative Boundary Conditions,crossref_skipped,"[{""url"": ""https://s2026.conference-schedule.org/?post_type=page&p=15&id=papers_560&sess=sess123"", ""source"": ""csv:paper_link"", ""result"": ""landing:html"", ""extracted"": ""0"", ""dois"": """"}, {""url"": """", ""source"": ""arxiv:title_search"", ""result"": ""arxiv_http_429""}, {""url"": """", ""source"": ""crossref:title_search"", ""result"": ""crossref_skipped""}]"
5645,SIGGRAPH 2026,Walk on Decomposed Subdomains: A Hybrid Monte Carlo–Deterministic Solver for Elliptic PDEs,crossref_skipped,"[{""url"": ""https://s2026.conference-schedule.org/?post_type=page&p=15&id=papers_755&sess=sess123"", ""source"": ""csv:paper_link"", ""result"": ""landing:html"", ""extracted"": ""0"", ""dois"": """"}, {""url"": """", ""source"": ""arxiv:title_search"", ""result"": ""arxiv_http_429""}, {""url"": """", ""source"": ""crossref:title_search"", ""result"": ""crossref_skipped""}]"
5646,SIGGRAPH 2026,Walking on Spheres and Talking to Neighbors: Variance Reduction for Laplace's Equation,crossref_skipped,"[{""url"": ""https://s2026.conference-schedule.org/?post_type=page&p=15&id=papers_1106&sess=sess123"", ""source"": ""csv:paper_link"", ""result"": ""landing:html"", ""extracted"": ""0"", ""dois"": """"}, {""url"": """", ""source"": ""arxiv:title_search"", ""result"": ""arxiv_http_429""}, {""url"": """", ""source"": ""crossref:title_search"", ""result"": ""crossref_skipped""}]"
5647,SIGGRAPH 2026,Neural Quadrature Rule and Autoregressive Adaptive Sampling,crossref_skipped,"[{""url"": ""https://s2026.conference-schedule.org/?post_type=page&p=15&id=papers_528&sess=sess123"", ""source"": ""csv:paper_link"", ""result"": ""landing:html"", ""extracted"": ""0"", ""dois"": """"}, {""url"": """", ""source"": ""arxiv:title_search"", ""result"": ""arxiv_http_429""}, {""url"": """", ""source"": ""crossref:title_search"", ""result"": ""crossref_skipped""}]"
5648,SIGGRAPH 2026,Inverse Rendering for Discrete X-Ray Computed Tomography,crossref_skipped,"[{""url"": ""https://s2026.conference-schedule.org/?post_type=page&p=15&id=papers_1520&sess=sess133"", ""source"": ""csv:paper_link"", ""result"": ""landing:html"", ""extracted"": ""0"", ""dois"": """"}, {""url"": """", ""source"": ""arxiv:title_search"", ""result"": ""arxiv_http_429""}, {""url"": """", ""source"": ""crossref:title_search"", ""result"": ""crossref_skipped""}]"
5649,SIGGRAPH 2026,Ambient-robust Inverse Rendering using Robot-assisted RGB-NIR Imaging,crossref_skipped,"[{""url"": ""https://s2026.conference-schedule.org/?post_type=page&p=15&id=papers_411&sess=sess133"", ""source"": ""csv:paper_link"", ""result"": ""landing:html"", ""extracted"": ""0"", ""dois"": """"}, {""url"": """", ""source"": ""arxiv:title_search"", ""result"": ""arxiv_http_429""}, {""url"": """", ""source"": ""crossref:title_search"", ""result"": ""crossref_skipped""}]"
5650,SIGGRAPH 2026,EAG-PT: Emission-Aware Gaussians and Path Tracing for Diffuse Indoor Scene Reconstruction and Editing,crossref_skipped,"[{""url"": ""https://s2026.conference-schedule.org/?post_type=page&p=15&id=papers_283&sess=sess133"", ""source"": ""csv:paper_link"", ""result"": ""landing:html"", ""extracted"": ""0"", ""dois"": """"}, {""url"": """", ""source"": ""arxiv:title_search"", ""result"": ""arxiv_http_429""}, {""url"": """", ""source"": ""crossref:title_search"", ""result"": ""crossref_skipped""}]"
5651,SIGGRAPH 2026,Radiance Caching for Differentiable Path Tracing,crossref_skipped,"[{""url"": ""https://s2026.conference-schedule.org/?post_type=page&p=15&id=papers_1708&sess=sess133"", ""source"": ""csv:paper_link"", ""result"": ""landing:html"", ""extracted"": ""0"", ""dois"": """"}, {""url"": """", ""source"": ""arxiv:title_search"", ""result"": ""arxiv_http_429""}, {""url"": """", ""source"": ""crossref:title_search"", ""result"": ""crossref_skipped""}]"
5652,SIGGRAPH 2026,Sample Matching for Joint Extinction Gradient Estimation in Differentiable Volume Rendering,crossref_skipped,"[{""url"": ""https://s2026.conference-schedule.org/?post_type=page&p=15&id=papers_649&sess=sess133"", ""source"": ""csv:paper_link"", ""result"": ""landing:html"", ""extracted"": ""0"", ""dois"": """"}, {""url"": """", ""source"": ""arxiv:title_search"", ""result"": ""arxiv_http_429""}, {""url"": """", ""source"": ""crossref:title_search"", ""result"": ""crossref_skipped""}]"
5653,SIGGRAPH 2026,Robust Computation of Boundary Path Integrals Using Kernel-Density Estimation,crossref_skipped,"[{""url"": ""https://s2026.conference-schedule.org/?post_type=page&p=15&id=papers_609&sess=sess133"", ""source"": ""csv:paper_link"", ""result"": ""landing:html"", ""extracted"": ""0"", ""dois"": """"}, {""url"": """", ""source"": ""arxiv:title_search"", ""result"": ""arxiv_http_429""}, {""url"": """", ""source"": ""crossref:title_search"", ""result"": ""crossref_skipped""}]"
5655,SIGGRAPH 2026,Abstraction in Style: Beyond Texture and Color,crossref_skipped,"[{""url"": ""https://s2026.conference-schedule.org/?post_type=page&p=15&id=papers_430&sess=sess155"", ""source"": ""csv:paper_link"", ""result"": ""landing:html"", ""extracted"": ""0"", ""dois"": """"}, {""url"": """", ""source"": ""arxiv:title_search"", ""result"": ""arxiv_http_429""}, {""url"": """", ""source"": ""crossref:title_search"", ""result"": ""crossref_skipped""}]"
5654,SIGGRAPH 2026,Lifting Lines and Tone: Image-Space Stylization in Path-Space,crossref_skipped,"[{""url"": ""https://s2026.conference-schedule.org/?post_type=page&p=15&id=papers_981&sess=sess155"", ""source"": ""csv:paper_link"", ""result"": ""landing:html"", ""extracted"": ""0"", ""dois"": """"}, {""url"": """", ""source"": ""arxiv:title_search"", ""result"": ""arxiv_http_429""}, {""url"": """", ""source"": ""crossref:title_search"", ""result"": ""crossref_skipped""}]"
5656,SIGGRAPH 2026,Progressive Photorealistic Simplification,crossref_skipped,"[{""url"": ""https://s2026.conference-schedule.org/?post_type=page&p=15&id=papers_436&sess=sess155"", ""source"": ""csv:paper_link"", ""result"": ""landing:html"", ""extracted"": ""0"", ""dois"": """"}, {""url"": """", ""source"": ""arxiv:title_search"", ""result"": ""arxiv_http_429""}, {""url"": """", ""source"": ""crossref:title_search"", ""result"": ""crossref_skipped""}]"
5657,SIGGRAPH 2026,GimmBO: Interactive Generative Image Model Merging via Bayesian Optimization,crossref_skipped,"[{""url"": ""https://s2026.conference-schedule.org/?post_type=page&p=15&id=papers_191&sess=sess155"", ""source"": ""csv:paper_link"", ""result"": ""landing:html"", ""extracted"": ""0"", ""dois"": """"}, {""url"": """", ""source"": ""arxiv:title_search"", ""result"": ""arxiv_http_429""}, {""url"": """", ""source"": ""crossref:title_search"", ""result"": ""crossref_skipped""}]"
5660,SIGGRAPH 2026,Divide and Truncate: A Penetration and Inversion Free Framework for Coupled Multi-physics System,crossref_skipped,"[{""url"": ""https://s2026.conference-schedule.org/?post_type=page&p=15&id=papers_842&sess=sess113"", ""source"": ""csv:paper_link"", ""result"": ""landing:html"", ""extracted"": ""0"", ""dois"": """"}, {""url"": """", ""source"": ""arxiv:title_search"", ""result"": ""arxiv_http_429""}, {""url"": """", ""source"": ""crossref:title_search"", ""result"": ""crossref_skipped""}]"
5658,SIGGRAPH 2026,Semantic-Structural Alignment for Generative Pictorial Charts,crossref_skipped,"[{""url"": ""https://s2026.conference-schedule.org/?post_type=page&p=15&id=papers_428&sess=sess155"", ""source"": ""csv:paper_link"", ""result"": ""landing:html"", ""extracted"": ""0"", ""dois"": """"}, {""url"": """", ""source"": ""arxiv:title_search"", ""result"": ""arxiv_http_429""}, {""url"": """", ""source"": ""crossref:title_search"", ""result"": ""crossref_skipped""}]"
5662,SIGGRAPH 2026,High-Order Continuous Geometrical Validity,crossref_skipped,"[{""url"": ""https://s2026.conference-schedule.org/?post_type=page&p=15&id=paperstog_109&sess=sess113"", ""source"": ""csv:paper_link"", ""result"": ""landing:html"", ""extracted"": ""0"", ""dois"": """"}, {""url"": """", ""source"": ""arxiv:title_search"", ""result"": ""arxiv_http_429""}, {""url"": """", ""source"": ""crossref:title_search"", ""result"": ""crossref_skipped""}]"
5661,SIGGRAPH 2026,Robust and Efficient Penetration-Free Elastodynamics without Barriers,crossref_skipped,"[{""url"": ""https://s2026.conference-schedule.org/?post_type=page&p=15&id=paperstog_132&sess=sess113"", ""source"": ""csv:paper_link"", ""result"": ""landing:html"", ""extracted"": ""0"", ""dois"": """"}, {""url"": """", ""source"": ""arxiv:title_search"", ""result"": ""arxiv_http_429""}, {""url"": """", ""source"": ""crossref:title_search"", ""result"": ""crossref_skipped""}]"
5659,SIGGRAPH 2026,Gradient Descent in the ALPS: Abstracted Low-Poly Stylization and Fabrication,crossref_skipped,"[{""url"": ""https://s2026.conference-schedule.org/?post_type=page&p=15&id=papers_254&sess=sess155"", ""source"": ""csv:paper_link"", ""result"": ""landing:html"", ""extracted"": ""0"", ""dois"": """"}, {""url"": """", ""source"": ""arxiv:title_search"", ""result"": ""arxiv_http_429""}, {""url"": """", ""source"": ""crossref:title_search"", ""result"": ""crossref_skipped""}]"
5663,SIGGRAPH 2026,Floating-Point Robustness in Parametric Surface Continuous Collision Detection: From Algorithm to Benchmarking,crossref_skipped,"[{""url"": ""https://s2026.conference-schedule.org/?post_type=page&p=15&id=papers_390&sess=sess113"", ""source"": ""csv:paper_link"", ""result"": ""landing:html"", ""extracted"": ""0"", ""dois"": """"}, {""url"": """", ""source"": ""arxiv:title_search"", ""result"": ""arxiv_http_429""}, {""url"": """", ""source"": ""crossref:title_search"", ""result"": ""crossref_skipped""}]"
5664,SIGGRAPH 2026,AGIPC: Adaptive In-Solve Algebraic Coarsening for GPU IPC,crossref_skipped,"[{""url"": ""https://s2026.conference-schedule.org/?post_type=page&p=15&id=papers_1196&sess=sess113"", ""source"": ""csv:paper_link"", ""result"": ""landing:html"", ""extracted"": ""0"", ""dois"": """"}, {""url"": """", ""source"": ""arxiv:title_search"", ""result"": ""arxiv_http_429""}, {""url"": """", ""source"": ""crossref:title_search"", ""result"": ""crossref_skipped""}]"
5665,SIGGRAPH 2026,"YASPS: A Symbolic Framework for Extensible, High-Performance IPC Simulation",crossref_skipped,"[{""url"": ""https://s2026.conference-schedule.org/?post_type=page&p=15&id=papers_624&sess=sess113"", ""source"": ""csv:paper_link"", ""result"": ""landing:html"", ""extracted"": ""0"", ""dois"": """"}, {""url"": """", ""source"": ""arxiv:title_search"", ""result"": ""arxiv_http_429""}, {""url"": """", ""source"": ""crossref:title_search"", ""result"": ""crossref_skipped""}]"
5666,SIGGRAPH 2026,Constant Mean Curvature Surfaces from Discrete Harmonic Maps,crossref_skipped,"[{""url"": ""https://s2026.conference-schedule.org/?post_type=page&p=15&id=papers_1129&sess=sess185"", ""source"": ""csv:paper_link"", ""result"": ""landing:html"", ""extracted"": ""0"", ""dois"": """"}, {""url"": """", ""source"": ""arxiv:title_search"", ""result"": ""arxiv_http_429""}, {""url"": """", ""source"": ""crossref:title_search"", ""result"": ""crossref_skipped""}]"
5667,SIGGRAPH 2026,Synchronizing Fields with Singularities,crossref_skipped,"[{""url"": ""https://s2026.conference-schedule.org/?post_type=page&p=15&id=papers_1654&sess=sess185"", ""source"": ""csv:paper_link"", ""result"": ""landing:html"", ""extracted"": ""0"", ""dois"": """"}, {""url"": """", ""source"": ""arxiv:title_search"", ""result"": ""arxiv_http_429""}, {""url"": """", ""source"": ""crossref:title_search"", ""result"": ""crossref_skipped""}]"
5668,SIGGRAPH 2026,Global Discrete Optimization for Quad-Dominant Mesh Reduction,crossref_skipped,"[{""url"": ""https://s2026.conference-schedule.org/?post_type=page&p=15&id=papers_180&sess=sess185"", ""source"": ""csv:paper_link"", ""result"": ""landing:html"", ""extracted"": ""0"", ""dois"": """"}, {""url"": """", ""source"": ""arxiv:title_search"", ""result"": ""arxiv_http_429""}, {""url"": """", ""source"": ""crossref:title_search"", ""result"": ""crossref_skipped""}]"
5669,SIGGRAPH 2026,SQuadGen: Generating Simple Quad Layouts via Chart Distance Fields,crossref_skipped,"[{""url"": ""https://s2026.conference-schedule.org/?post_type=page&p=15&id=papers_840&sess=sess185"", ""source"": ""csv:paper_link"", ""result"": ""landing:html"", ""extracted"": ""0"", ""dois"": """"}, {""url"": """", ""source"": ""arxiv:title_search"", ""result"": ""arxiv_http_429""}, {""url"": """", ""source"": ""crossref:title_search"", ""result"": ""crossref_skipped""}]"
5670,SIGGRAPH 2026,Surface Power Diagrams for Knit Singularity Placement,crossref_skipped,"[{""url"": ""https://s2026.conference-schedule.org/?post_type=page&p=15&id=papers_1738&sess=sess185"", ""source"": ""csv:paper_link"", ""result"": ""landing:html"", ""extracted"": ""0"", ""dois"": """"}, {""url"": """", ""source"": ""arxiv:title_search"", ""result"": ""arxiv_http_429""}, {""url"": """", ""source"": ""crossref:title_search"", ""result"": ""crossref_skipped""}]"
5671,SIGGRAPH 2026,Learning Sparse Singularities for Cross Field Design,crossref_skipped,"[{""url"": ""https://s2026.conference-schedule.org/?post_type=page&p=15&id=paperstog_104&sess=sess185"", ""source"": ""csv:paper_link"", ""result"": ""landing:html"", ""extracted"": ""0"", ""dois"": """"}, {""url"": """", ""source"": ""arxiv:title_search"", ""result"": ""arxiv_http_429""}, {""url"": """", ""source"": ""crossref:title_search"", ""result"": ""crossref_skipped""}]"
5672,SIGGRAPH 2026,Co-Optimization of Structure and Manufacturable Semi-Continuous Layers for Laminated Composites,crossref_skipped,"[{""url"": ""https://s2026.conference-schedule.org/?post_type=page&p=15&id=papers_1551&sess=sess128"", ""source"": ""csv:paper_link"", ""result"": ""landing:html"", ""extracted"": ""0"", ""dois"": """"}, {""url"": """", ""source"": ""arxiv:title_search"", ""result"": ""arxiv_http_429""}, {""url"": """", ""source"": ""crossref:title_search"", ""result"": ""crossref_skipped""}]"
5673,SIGGRAPH 2026,Diceplay: A Modular Canvas for Physical Image Composition,crossref_skipped,"[{""url"": ""https://s2026.conference-schedule.org/?post_type=page&p=15&id=papers_1321&sess=sess128"", ""source"": ""csv:paper_link"", ""result"": ""landing:html"", ""extracted"": ""0"", ""dois"": """"}, {""url"": """", ""source"": ""arxiv:title_search"", ""result"": ""arxiv_http_429""}, {""url"": """", ""source"": ""crossref:title_search"", ""result"": ""crossref_skipped""}]"
5674,SIGGRAPH 2026,A Unified Homogenization Framework for Straight- and Curved-Crease Origami Materials,crossref_skipped,"[{""url"": ""https://s2026.conference-schedule.org/?post_type=page&p=15&id=papers_258&sess=sess128"", ""source"": ""csv:paper_link"", ""result"": ""landing:html"", ""extracted"": ""0"", ""dois"": """"}, {""url"": """", ""source"": ""arxiv:title_search"", ""result"": ""arxiv_http_429""}, {""url"": """", ""source"": ""crossref:title_search"", ""result"": ""crossref_skipped""}]"
5675,SIGGRAPH 2026,mpcGear: Multi-Point Conjugation Gear Mechanisms,crossref_skipped,"[{""url"": ""https://s2026.conference-schedule.org/?post_type=page&p=15&id=papers_467&sess=sess128"", ""source"": ""csv:paper_link"", ""result"": ""landing:html"", ""extracted"": ""0"", ""dois"": """"}, {""url"": """", ""source"": ""arxiv:title_search"", ""result"": ""arxiv_http_429""}, {""url"": """", ""source"": ""crossref:title_search"", ""result"": ""crossref_skipped""}]"
5676,SIGGRAPH 2026,Kinematic Kitbashing,crossref_skipped,"[{""url"": ""https://s2026.conference-schedule.org/?post_type=page&p=15&id=papers_946&sess=sess128"", ""source"": ""csv:paper_link"", ""result"": ""landing:html"", ""extracted"": ""0"", ""dois"": """"}, {""url"": """", ""source"": ""arxiv:title_search"", ""result"": ""arxiv_http_429""}, {""url"": """", ""source"": ""crossref:title_search"", ""result"": ""crossref_skipped""}]"
5677,SIGGRAPH 2026,Computational Design of Coordinate-Motion Assemblies,crossref_skipped,"[{""url"": ""https://s2026.conference-schedule.org/?post_type=page&p=15&id=papers_362&sess=sess128"", ""source"": ""csv:paper_link"", ""result"": ""landing:html"", ""extracted"": ""0"", ""dois"": """"}, {""url"": """", ""source"": ""arxiv:title_search"", ""result"": ""arxiv_http_429""}, {""url"": """", ""source"": ""crossref:title_search"", ""result"": ""crossref_skipped""}]"
5678,SIGGRAPH 2026,Computational Design of Terrestrial Robots with Anisotropic Friction,crossref_skipped,"[{""url"": ""https://s2026.conference-schedule.org/?post_type=page&p=15&id=papers_590&sess=sess128"", ""source"": ""csv:paper_link"", ""result"": ""landing:html"", ""extracted"": ""0"", ""dois"": """"}, {""url"": """", ""source"": ""arxiv:title_search"", ""result"": ""arxiv_http_429""}, {""url"": """", ""source"": ""crossref:title_search"", ""result"": ""crossref_skipped""}]"
5679,SIGGRAPH 2026,"Exact predicates, exact constructions and combinatorics for mesh CSG",crossref_skipped,"[{""url"": ""https://s2026.conference-schedule.org/?post_type=page&p=15&id=paperstog_115&sess=sess122"", ""source"": ""csv:paper_link"", ""result"": ""landing:html"", ""extracted"": ""0"", ""dois"": """"}, {""url"": """", ""source"": ""arxiv:title_search"", ""result"": ""arxiv_http_429""}, {""url"": """", ""source"": ""crossref:title_search"", ""result"": ""crossref_skipped""}]"
5680,SIGGRAPH 2026,Surface chamfering for robust tetrahedral meshing,crossref_skipped,"[{""url"": ""https://s2026.conference-schedule.org/?post_type=page&p=15&id=papers_1609&sess=sess122"", ""source"": ""csv:paper_link"", ""result"": ""landing:html"", ""extracted"": ""0"", ""dois"": """"}, {""url"": """", ""source"": ""arxiv:title_search"", ""result"": ""arxiv_http_429""}, {""url"": """", ""source"": ""crossref:title_search"", ""result"": ""crossref_skipped""}]"
5681,SIGGRAPH 2026,DJM: Compact Base Meshes for Displacement Mapping using Triangle Jacobians,crossref_skipped,"[{""url"": ""https://s2026.conference-schedule.org/?post_type=page&p=15&id=papers_860&sess=sess122"", ""source"": ""csv:paper_link"", ""result"": ""landing:html"", ""extracted"": ""0"", ""dois"": """"}, {""url"": """", ""source"": ""arxiv:title_search"", ""result"": ""arxiv_http_429""}, {""url"": """", ""source"": ""crossref:title_search"", ""result"": ""crossref_skipped""}]"
5682,SIGGRAPH 2026,Feature-Preserving Offset Meshing,crossref_skipped,"[{""url"": ""https://s2026.conference-schedule.org/?post_type=page&p=15&id=paperstog_125&sess=sess122"", ""source"": ""csv:paper_link"", ""result"": ""landing:html"", ""extracted"": ""0"", ""dois"": """"}, {""url"": """", ""source"": ""arxiv:title_search"", ""result"": ""arxiv_http_429""}, {""url"": """", ""source"": ""crossref:title_search"", ""result"": ""crossref_skipped""}]"
5683,SIGGRAPH 2026,PR-Cage: Progressive Feasibility Relaxation for Tight Bounding Cage Generation,crossref_skipped,"[{""url"": ""https://s2026.conference-schedule.org/?post_type=page&p=15&id=papers_255&sess=sess122"", ""source"": ""csv:paper_link"", ""result"": ""landing:html"", ""extracted"": ""0"", ""dois"": """"}, {""url"": """", ""source"": ""arxiv:title_search"", ""result"": ""arxiv_http_429""}, {""url"": """", ""source"": ""crossref:title_search"", ""result"": ""crossref_skipped""}]"
5684,SIGGRAPH 2026,C^0 Generalized Coons Volumes over Arbitrary Polyhedra,crossref_skipped,"[{""url"": ""https://s2026.conference-schedule.org/?post_type=page&p=15&id=papers_464&sess=sess122"", ""source"": ""csv:paper_link"", ""result"": ""landing:html"", ""extracted"": ""0"", ""dois"": """"}, {""url"": """", ""source"": ""arxiv:title_search"", ""result"": ""arxiv_http_429""}, {""url"": """", ""source"": ""crossref:title_search"", ""result"": ""crossref_skipped""}]"
5685,SIGGRAPH 2026,Texture-Aware Remeshing for Texture-aware Geometry Processing,crossref_skipped,"[{""url"": ""https://s2026.conference-schedule.org/?post_type=page&p=15&id=paperstog_131&sess=sess122"", ""source"": ""csv:paper_link"", ""result"": ""landing:html"", ""extracted"": ""0"", ""dois"": """"}, {""url"": """", ""source"": ""arxiv:title_search"", ""result"": ""arxiv_http_429""}, {""url"": """", ""source"": ""crossref:title_search"", ""result"": ""crossref_skipped""}]"
5686,SIGGRAPH 2026,BoxCtrl: 3D-Aware Visual Prompting for Geometric Image Editing,crossref_skipped,"[{""url"": ""https://s2026.conference-schedule.org/?post_type=page&p=15&id=papers_998&sess=sess148"", ""source"": ""csv:paper_link"", ""result"": ""landing:html"", ""extracted"": ""0"", ""dois"": """"}, {""url"": """", ""source"": ""arxiv:title_search"", ""result"": ""arxiv_http_429""}, {""url"": """", ""source"": ""crossref:title_search"", ""result"": ""crossref_skipped""}]"
5687,SIGGRAPH 2026,ViewWeaver: Geometry-Grounded Generative Rendering for 3D-Aware Image Customization,crossref_skipped,"[{""url"": ""https://s2026.conference-schedule.org/?post_type=page&p=15&id=papers_304&sess=sess148"", ""source"": ""csv:paper_link"", ""result"": ""landing:html"", ""extracted"": ""0"", ""dois"": """"}, {""url"": """", ""source"": ""arxiv:title_search"", ""result"": ""arxiv_http_429""}, {""url"": """", ""source"": ""crossref:title_search"", ""result"": ""crossref_skipped""}]"
5688,SIGGRAPH 2026,Continuous Control of Editing Models via Adaptive-Origin Guidance,crossref_skipped,"[{""url"": ""https://s2026.conference-schedule.org/?post_type=page&p=15&id=papers_399&sess=sess148"", ""source"": ""csv:paper_link"", ""result"": ""landing:html"", ""extracted"": ""0"", ""dois"": """"}, {""url"": """", ""source"": ""arxiv:title_search"", ""result"": ""arxiv_http_429""}, {""url"": """", ""source"": ""crossref:title_search"", ""result"": ""crossref_skipped""}]"
5689,SIGGRAPH 2026,HeadRouter: A Training-free Image Editing Framework for MM-DiTs by Adaptively Routing Attention Heads,crossref_skipped,"[{""url"": ""https://s2026.conference-schedule.org/?post_type=page&p=15&id=paperstog_120&sess=sess148"", ""source"": ""csv:paper_link"", ""result"": ""landing:html"", ""extracted"": ""0"", ""dois"": """"}, {""url"": """", ""source"": ""arxiv:title_search"", ""result"": ""arxiv_http_429""}, {""url"": """", ""source"": ""crossref:title_search"", ""result"": ""crossref_skipped""}]"
5690,SIGGRAPH 2026,LooseRoPE: Content-aware Attention Manipulation for Semantic Harmonization,crossref_skipped,"[{""url"": ""https://s2026.conference-schedule.org/?post_type=page&p=15&id=papers_836&sess=sess148"", ""source"": ""csv:paper_link"", ""result"": ""landing:html"", ""extracted"": ""0"", ""dois"": """"}, {""url"": """", ""source"": ""arxiv:title_search"", ""result"": ""arxiv_http_429""}, {""url"": """", ""source"": ""crossref:title_search"", ""result"": ""crossref_skipped""}]"
5691,SIGGRAPH 2026,MAOAM: Unified Object and Material Selection with Vision-Language Models,crossref_skipped,"[{""url"": ""https://s2026.conference-schedule.org/?post_type=page&p=15&id=papers_1103&sess=sess148"", ""source"": ""csv:paper_link"", ""result"": ""landing:html"", ""extracted"": ""0"", ""dois"": """"}, {""url"": """", ""source"": ""arxiv:title_search"", ""result"": ""arxiv_http_429""}, {""url"": """", ""source"": ""crossref:title_search"", ""result"": ""crossref_skipped""}]"
5692,SIGGRAPH 2026,Progressing Level-of-Detail Animation for Volumetric Elastodynamics,crossref_skipped,"[{""url"": ""https://s2026.conference-schedule.org/?post_type=page&p=15&id=papers_1422&sess=sess103"", ""source"": ""csv:paper_link"", ""result"": ""landing:html"", ""extracted"": ""0"", ""dois"": """"}, {""url"": """", ""source"": ""arxiv:title_search"", ""result"": ""arxiv_http_429""}, {""url"": """", ""source"": ""crossref:title_search"", ""result"": ""crossref_skipped""}]"
5693,SIGGRAPH 2026,Mixed Material Point Methods for Stiff Elastoplasticity,crossref_skipped,"[{""url"": ""https://s2026.conference-schedule.org/?post_type=page&p=15&id=papers_828&sess=sess103"", ""source"": ""csv:paper_link"", ""result"": ""landing:html"", ""extracted"": ""0"", ""dois"": """"}, {""url"": """", ""source"": ""arxiv:title_search"", ""result"": ""arxiv_http_429""}, {""url"": """", ""source"": ""crossref:title_search"", ""result"": ""crossref_skipped""}]"
5694,SIGGRAPH 2026,MPM Lite: Linear Kernels and Integration without Particles,crossref_skipped,"[{""url"": ""https://s2026.conference-schedule.org/?post_type=page&p=15&id=papers_206&sess=sess103"", ""source"": ""csv:paper_link"", ""result"": ""landing:html"", ""extracted"": ""0"", ""dois"": """"}, {""url"": """", ""source"": ""arxiv:title_search"", ""result"": ""arxiv_http_429""}, {""url"": """", ""source"": ""crossref:title_search"", ""result"": ""crossref_skipped""}]"
5695,SIGGRAPH 2026,Tube Maps: Fast SPH Boundary Handling with Tubular Coordinates,crossref_skipped,"[{""url"": ""https://s2026.conference-schedule.org/?post_type=page&p=15&id=papers_657&sess=sess103"", ""source"": ""csv:paper_link"", ""result"": ""landing:html"", ""extracted"": ""0"", ""dois"": """"}, {""url"": """", ""source"": ""arxiv:title_search"", ""result"": ""arxiv_http_429""}, {""url"": """", ""source"": ""crossref:title_search"", ""result"": ""crossref_skipped""}]"
5696,SIGGRAPH 2026,Low-Rank Koopman Deformables with Log-Linear Time Integration,crossref_skipped,"[{""url"": ""https://s2026.conference-schedule.org/?post_type=page&p=15&id=papers_109&sess=sess103"", ""source"": ""csv:paper_link"", ""result"": ""landing:html"", ""extracted"": ""0"", ""dois"": """"}, {""url"": """", ""source"": ""arxiv:title_search"", ""result"": ""arxiv_http_429""}, {""url"": """", ""source"": ""crossref:title_search"", ""result"": ""crossref_skipped""}]"
5697,SIGGRAPH 2026,Physics-Inspired Procedural Texturing of Extremely Deformable Surfaces,crossref_skipped,"[{""url"": ""https://s2026.conference-schedule.org/?post_type=page&p=15&id=papers_919&sess=sess103"", ""source"": ""csv:paper_link"", ""result"": ""landing:html"", ""extracted"": ""0"", ""dois"": """"}, {""url"": """", ""source"": ""arxiv:title_search"", ""result"": ""arxiv_http_429""}, {""url"": """", ""source"": ""crossref:title_search"", ""result"": ""crossref_skipped""}]"
5698,SIGGRAPH 2026,Woodstock: Interactive Modeling of Fungal Wood Decay,crossref_skipped,"[{""url"": ""https://s2026.conference-schedule.org/?post_type=page&p=15&id=papers_1334&sess=sess103"", ""source"": ""csv:paper_link"", ""result"": ""landing:html"", ""extracted"": ""0"", ""dois"": """"}, {""url"": """", ""source"": ""arxiv:title_search"", ""result"": ""arxiv_http_429""}, {""url"": """", ""source"": ""crossref:title_search"", ""result"": ""crossref_skipped""}]"
5699,SIGGRAPH 2026,Graphical X Splatting (GraphiXS): A Graphical Model for 4D Gaussian Splatting under Uncertainty,crossref_skipped,"[{""url"": ""https://s2026.conference-schedule.org/?post_type=page&p=15&id=papers_439&sess=sess136"", ""source"": ""csv:paper_link"", ""result"": ""landing:html"", ""extracted"": ""0"", ""dois"": """"}, {""url"": """", ""source"": ""arxiv:title_search"", ""result"": ""arxiv_http_429""}, {""url"": """", ""source"": ""crossref:title_search"", ""result"": ""crossref_skipped""}]"
5700,SIGGRAPH 2026,Object-Space Analysis of Local Contrast Sensitivity for Hierarchical Representations of 3D Gaussians,crossref_skipped,"[{""url"": ""https://s2026.conference-schedule.org/?post_type=page&p=15&id=papers_1521&sess=sess136"", ""source"": ""csv:paper_link"", ""result"": ""landing:html"", ""extracted"": ""0"", ""dois"": """"}, {""url"": """", ""source"": ""arxiv:title_search"", ""result"": ""arxiv_http_429""}, {""url"": """", ""source"": ""crossref:title_search"", ""result"": ""crossref_skipped""}]"
5701,SIGGRAPH 2026,Learning View-Dependent Splatting Kernels,crossref_skipped,"[{""url"": ""https://s2026.conference-schedule.org/?post_type=page&p=15&id=papers_332&sess=sess136"", ""source"": ""csv:paper_link"", ""result"": ""landing:html"", ""extracted"": ""0"", ""dois"": """"}, {""url"": """", ""source"": ""arxiv:title_search"", ""result"": ""arxiv_http_429""}, {""url"": """", ""source"": ""crossref:title_search"", ""result"": ""crossref_skipped""}]"
5702,SIGGRAPH 2026,CAdam: Context-Adaptive Moment Estimation for 3D Gaussian Densification in Generative Distillation,crossref_skipped,"[{""url"": ""https://s2026.conference-schedule.org/?post_type=page&p=15&id=papers_1416&sess=sess136"", ""source"": ""csv:paper_link"", ""result"": ""landing:html"", ""extracted"": ""0"", ""dois"": """"}, {""url"": """", ""source"": ""arxiv:title_search"", ""result"": ""arxiv_http_429""}, {""url"": """", ""source"": ""crossref:title_search"", ""result"": ""crossref_skipped""}]"
5703,SIGGRAPH 2026,Radiance Fields from Photons,crossref_skipped,"[{""url"": ""https://s2026.conference-schedule.org/?post_type=page&p=15&id=paperstog_107&sess=sess136"", ""source"": ""csv:paper_link"", ""result"": ""landing:html"", ""extracted"": ""0"", ""dois"": """"}, {""url"": """", ""source"": ""arxiv:title_search"", ""result"": ""arxiv_http_429""}, {""url"": """", ""source"": ""crossref:title_search"", ""result"": ""crossref_skipped""}]"
5704,SIGGRAPH 2026,Ref-DGS: Reflective Dual Gaussian Splatting,crossref_skipped,"[{""url"": ""https://s2026.conference-schedule.org/?post_type=page&p=15&id=papers_950&sess=sess136"", ""source"": ""csv:paper_link"", ""result"": ""landing:html"", ""extracted"": ""0"", ""dois"": """"}, {""url"": """", ""source"": ""arxiv:title_search"", ""result"": ""arxiv_http_429""}, {""url"": """", ""source"": ""crossref:title_search"", ""result"": ""crossref_skipped""}]"
5705,SIGGRAPH 2026,LoBoFit: Flexible Garment Refitting via Local Bone Mapping Blending,crossref_skipped,"[{""url"": ""https://s2026.conference-schedule.org/?post_type=page&p=15&id=papers_718&sess=sess117"", ""source"": ""csv:paper_link"", ""result"": ""landing:html"", ""extracted"": ""0"", ""dois"": """"}, {""url"": """", ""source"": ""arxiv:title_search"", ""result"": ""arxiv_http_429""}, {""url"": """", ""source"": ""crossref:title_search"", ""result"": ""crossref_skipped""}]"
5706,SIGGRAPH 2026,PatternGSL: A Structured Specification Language for Template-Free and Simulation-Ready 3D Garments,crossref_skipped,"[{""url"": ""https://s2026.conference-schedule.org/?post_type=page&p=15&id=papers_185&sess=sess117"", ""source"": ""csv:paper_link"", ""result"": ""landing:html"", ""extracted"": ""0"", ""dois"": """"}, {""url"": """", ""source"": ""arxiv:title_search"", ""result"": ""arxiv_http_429""}, {""url"": """", ""source"": ""crossref:title_search"", ""result"": ""crossref_skipped""}]"
5707,SIGGRAPH 2026,Garment Particles: A 2D–3D Symmetric Garment Representation for Generation and Editing,crossref_skipped,"[{""url"": ""https://s2026.conference-schedule.org/?post_type=page&p=15&id=papers_584&sess=sess117"", ""source"": ""csv:paper_link"", ""result"": ""landing:html"", ""extracted"": ""0"", ""dois"": """"}, {""url"": """", ""source"": ""arxiv:title_search"", ""result"": ""arxiv_http_429""}, {""url"": """", ""source"": ""crossref:title_search"", ""result"": ""crossref_skipped""}]"
5708,SIGGRAPH 2026,Learning Sewing Patterns via Latent Flow Matching of Implicit Fields,crossref_skipped,"[{""url"": ""https://s2026.conference-schedule.org/?post_type=page&p=15&id=papers_292&sess=sess117"", ""source"": ""csv:paper_link"", ""result"": ""landing:html"", ""extracted"": ""0"", ""dois"": """"}, {""url"": """", ""source"": ""arxiv:title_search"", ""result"": ""arxiv_http_429""}, {""url"": """", ""source"": ""crossref:title_search"", ""result"": ""crossref_skipped""}]"
5709,SIGGRAPH 2026,Learned Universal Interoperable Virtual Try-ON,crossref_skipped,"[{""url"": ""https://s2026.conference-schedule.org/?post_type=page&p=15&id=papers_329&sess=sess117"", ""source"": ""csv:paper_link"", ""result"": ""landing:html"", ""extracted"": ""0"", ""dois"": """"}, {""url"": """", ""source"": ""arxiv:title_search"", ""result"": ""arxiv_http_429""}, {""url"": """", ""source"": ""crossref:title_search"", ""result"": ""crossref_skipped""}]"
5710,SIGGRAPH 2026,FIT: A Large-Scale Dataset for Fit-Aware Virtual Try-On,crossref_skipped,"[{""url"": ""https://s2026.conference-schedule.org/?post_type=page&p=15&id=papers_980&sess=sess117"", ""source"": ""csv:paper_link"", ""result"": ""landing:html"", ""extracted"": ""0"", ""dois"": """"}, {""url"": """", ""source"": ""arxiv:title_search"", ""result"": ""arxiv_http_429""}, {""url"": """", ""source"": ""crossref:title_search"", ""result"": ""crossref_skipped""}]"
5711,SIGGRAPH 2026,Adapting Quality Metrics to Tone Mapping,crossref_skipped,"[{""url"": ""https://s2026.conference-schedule.org/?post_type=page&p=15&id=papers_611&sess=sess157"", ""source"": ""csv:paper_link"", ""result"": ""landing:html"", ""extracted"": ""0"", ""dois"": """"}, {""url"": """", ""source"": ""arxiv:title_search"", ""result"": ""arxiv_http_429""}, {""url"": """", ""source"": ""crossref:title_search"", ""result"": ""crossref_skipped""}]"
5712,SIGGRAPH 2026,LUCID: Learning Unified Control for Image Deflaring and Exposure Mastery in Nighttime Photography,crossref_skipped,"[{""url"": ""https://s2026.conference-schedule.org/?post_type=page&p=15&id=papers_764&sess=sess157"", ""source"": ""csv:paper_link"", ""result"": ""landing:html"", ""extracted"": ""0"", ""dois"": """"}, {""url"": """", ""source"": ""arxiv:title_search"", ""result"": ""arxiv_http_429""}, {""url"": """", ""source"": ""crossref:title_search"", ""result"": ""crossref_skipped""}]"
5713,SIGGRAPH 2026,Lucky High Dynamic Range Smartphone Imaging,crossref_skipped,"[{""url"": ""https://s2026.conference-schedule.org/?post_type=page&p=15&id=papers_1156&sess=sess157"", ""source"": ""csv:paper_link"", ""result"": ""landing:html"", ""extracted"": ""0"", ""dois"": """"}, {""url"": """", ""source"": ""arxiv:title_search"", ""result"": ""arxiv_http_429""}, {""url"": """", ""source"": ""crossref:title_search"", ""result"": ""crossref_skipped""}]"
5714,SIGGRAPH 2026,Soft Anisotropic Diagrams for Differentiable Image Representation,crossref_skipped,"[{""url"": ""https://s2026.conference-schedule.org/?post_type=page&p=15&id=papers_1142&sess=sess157"", ""source"": ""csv:paper_link"", ""result"": ""landing:html"", ""extracted"": ""0"", ""dois"": """"}, {""url"": """", ""source"": ""arxiv:title_search"", ""result"": ""arxiv_http_429""}, {""url"": """", ""source"": ""crossref:title_search"", ""result"": ""crossref_skipped""}]"
5715,SIGGRAPH 2026,Single-shot HDR using conventional image sensor shutter functions and optical randomization,crossref_skipped,"[{""url"": ""https://s2026.conference-schedule.org/?post_type=page&p=15&id=paperstog_110&sess=sess157"", ""source"": ""csv:paper_link"", ""result"": ""landing:html"", ""extracted"": ""0"", ""dois"": """"}, {""url"": """", ""source"": ""arxiv:title_search"", ""result"": ""arxiv_http_429""}, {""url"": """", ""source"": ""crossref:title_search"", ""result"": ""crossref_skipped""}]"
5716,SIGGRAPH 2026,Finding Fast Filters,crossref_skipped,"[{""url"": ""https://s2026.conference-schedule.org/?post_type=page&p=15&id=paperstog_134&sess=sess157"", ""source"": ""csv:paper_link"", ""result"": ""landing:html"", ""extracted"": ""0"", ""dois"": """"}, {""url"": """", ""source"": ""arxiv:title_search"", ""result"": ""arxiv_http_429""}, {""url"": """", ""source"": ""crossref:title_search"", ""result"": ""crossref_skipped""}]"
5717,SIGGRAPH 2026,R-DMesh: Video-Guided 3D Animation via Rectified Dynamic Mesh Flow,crossref_skipped,"[{""url"": ""https://s2026.conference-schedule.org/?post_type=page&p=15&id=papers_795&sess=sess105"", ""source"": ""csv:paper_link"", ""result"": ""landing:html"", ""extracted"": ""0"", ""dois"": """"}, {""url"": """", ""source"": ""arxiv:title_search"", ""result"": ""arxiv_http_429""}, {""url"": """", ""source"": ""crossref:title_search"", ""result"": ""crossref_skipped""}]"
5718,SIGGRAPH 2026,TopoCap: Learning Topology-Agnostic Motion Priors for Monocular Video-to-Animation,crossref_skipped,"[{""url"": ""https://s2026.conference-schedule.org/?post_type=page&p=15&id=papers_934&sess=sess105"", ""source"": ""csv:paper_link"", ""result"": ""landing:html"", ""extracted"": ""0"", ""dois"": """"}, {""url"": """", ""source"": ""arxiv:title_search"", ""result"": ""arxiv_http_429""}, {""url"": """", ""source"": ""crossref:title_search"", ""result"": ""crossref_skipped""}]"
5719,SIGGRAPH 2026,Stylized Text-to-Motion Generation via Hypernetwork-Driven Low-Rank Adaptation,crossref_skipped,"[{""url"": ""https://s2026.conference-schedule.org/?post_type=page&p=15&id=papers_1273&sess=sess105"", ""source"": ""csv:paper_link"", ""result"": ""landing:html"", ""extracted"": ""0"", ""dois"": """"}, {""url"": """", ""source"": ""arxiv:title_search"", ""result"": ""arxiv_http_429""}, {""url"": """", ""source"": ""crossref:title_search"", ""result"": ""crossref_skipped""}]"
5720,SIGGRAPH 2026,MUSIC: Learning Muscle-Driven Dexterous Hand Control,crossref_skipped,"[{""url"": ""https://s2026.conference-schedule.org/?post_type=page&p=15&id=papers_1773&sess=sess105"", ""source"": ""csv:paper_link"", ""result"": ""landing:html"", ""extracted"": ""0"", ""dois"": """"}, {""url"": """", ""source"": ""arxiv:title_search"", ""result"": ""arxiv_http_429""}, {""url"": """", ""source"": ""crossref:title_search"", ""result"": ""crossref_skipped""}]"
5721,SIGGRAPH 2026,MOCHI: Motion Enhancement of Collaborative Human-object Interactions,crossref_skipped,"[{""url"": ""https://s2026.conference-schedule.org/?post_type=page&p=15&id=papers_354&sess=sess105"", ""source"": ""csv:paper_link"", ""result"": ""landing:html"", ""extracted"": ""0"", ""dois"": """"}, {""url"": """", ""source"": ""arxiv:title_search"", ""result"": ""arxiv_http_429""}, {""url"": """", ""source"": ""crossref:title_search"", ""result"": ""crossref_skipped""}]"
5722,SIGGRAPH 2026,ACT: A Unified Framework for Rigging and Animating Characters with Arbitrary Topologies,crossref_skipped,"[{""url"": ""https://s2026.conference-schedule.org/?post_type=page&p=15&id=papers_1544&sess=sess105"", ""source"": ""csv:paper_link"", ""result"": ""landing:html"", ""extracted"": ""0"", ""dois"": """"}, {""url"": """", ""source"": ""arxiv:title_search"", ""result"": ""arxiv_http_429""}, {""url"": """", ""source"": ""crossref:title_search"", ""result"": ""crossref_skipped""}]"
5723,SIGGRAPH 2026,GeoQuery: Geometry-Query Diffusion for Sparse-View Reconstruction,crossref_skipped,"[{""url"": ""https://s2026.conference-schedule.org/?post_type=page&p=15&id=papers_1528&sess=sess138"", ""source"": ""csv:paper_link"", ""result"": ""landing:html"", ""extracted"": ""0"", ""dois"": """"}, {""url"": """", ""source"": ""arxiv:title_search"", ""result"": ""arxiv_http_429""}, {""url"": """", ""source"": ""crossref:title_search"", ""result"": ""crossref_skipped""}]"
5724,SIGGRAPH 2026,VidSplat: Gaussian Splatting Reconstruction with Geometry-Guided Video Diffusion Priors,crossref_skipped,"[{""url"": ""https://s2026.conference-schedule.org/?post_type=page&p=15&id=papers_813&sess=sess138"", ""source"": ""csv:paper_link"", ""result"": ""landing:html"", ""extracted"": ""0"", ""dois"": """"}, {""url"": """", ""source"": ""arxiv:title_search"", ""result"": ""arxiv_http_429""}, {""url"": """", ""source"": ""crossref:title_search"", ""result"": ""crossref_skipped""}]"
5725,SIGGRAPH 2026,Immediate 3D Gaussian Splat Reconstruction of Unordered Input with Global Consistency,crossref_skipped,"[{""url"": ""https://s2026.conference-schedule.org/?post_type=page&p=15&id=papers_961&sess=sess138"", ""source"": ""csv:paper_link"", ""result"": ""landing:html"", ""extracted"": ""0"", ""dois"": """"}, {""url"": """", ""source"": ""arxiv:title_search"", ""result"": ""arxiv_http_429""}, {""url"": """", ""source"": ""crossref:title_search"", ""result"": ""crossref_skipped""}]"
5726,SIGGRAPH 2026,MoonSplat: Monocular Online Gaussian Splatting with Sim(3) Global Optimization,crossref_skipped,"[{""url"": ""https://s2026.conference-schedule.org/?post_type=page&p=15&id=papers_640&sess=sess138"", ""source"": ""csv:paper_link"", ""result"": ""landing:html"", ""extracted"": ""0"", ""dois"": """"}, {""url"": """", ""source"": ""arxiv:title_search"", ""result"": ""arxiv_http_429""}, {""url"": """", ""source"": ""crossref:title_search"", ""result"": ""crossref_skipped""}]"
5727,SIGGRAPH 2026,RaDe-GS: Rasterizing Depth in Gaussian Splatting,crossref_skipped,"[{""url"": ""https://s2026.conference-schedule.org/?post_type=page&p=15&id=paperstog_112&sess=sess138"", ""source"": ""csv:paper_link"", ""result"": ""landing:html"", ""extracted"": ""0"", ""dois"": """"}, {""url"": """", ""source"": ""arxiv:title_search"", ""result"": ""arxiv_http_429""}, {""url"": """", ""source"": ""crossref:title_search"", ""result"": ""crossref_skipped""}]"
5728,SIGGRAPH 2026,Implicit Minimal Surfaces for Bijective Correspondences,crossref_skipped,"[{""url"": ""https://s2026.conference-schedule.org/?post_type=page&p=15&id=papers_1122&sess=sess129"", ""source"": ""csv:paper_link"", ""result"": ""landing:html"", ""extracted"": ""0"", ""dois"": """"}, {""url"": """", ""source"": ""arxiv:title_search"", ""result"": ""arxiv_http_429""}, {""url"": """", ""source"": ""crossref:title_search"", ""result"": ""crossref_skipped""}]"
5729,SIGGRAPH 2026,Untangling Surfaces via Shape and Mesh Repulsion,crossref_skipped,"[{""url"": ""https://s2026.conference-schedule.org/?post_type=page&p=15&id=papers_1420&sess=sess129"", ""source"": ""csv:paper_link"", ""result"": ""landing:html"", ""extracted"": ""0"", ""dois"": """"}, {""url"": """", ""source"": ""arxiv:title_search"", ""result"": ""arxiv_http_429""}, {""url"": """", ""source"": ""crossref:title_search"", ""result"": ""crossref_skipped""}]"
5730,SIGGRAPH 2026,Quasi-Medial Distance Field (Q-MDF): A Robust Method for Approximating and Discretizing Neural Medial Axes,crossref_skipped,"[{""url"": ""https://s2026.conference-schedule.org/?post_type=page&p=15&id=paperstog_123&sess=sess129"", ""source"": ""csv:paper_link"", ""result"": ""landing:html"", ""extracted"": ""0"", ""dois"": """"}, {""url"": """", ""source"": ""arxiv:title_search"", ""result"": ""arxiv_http_429""}, {""url"": """", ""source"": ""crossref:title_search"", ""result"": ""crossref_skipped""}]"
5731,SIGGRAPH 2026,Structural MAT: Clean and Scalable Medial Axis Simplification via Explicit Surface Correspondence,crossref_skipped,"[{""url"": ""https://s2026.conference-schedule.org/?post_type=page&p=15&id=papers_182&sess=sess129"", ""source"": ""csv:paper_link"", ""result"": ""landing:html"", ""extracted"": ""0"", ""dois"": """"}, {""url"": """", ""source"": ""arxiv:title_search"", ""result"": ""arxiv_http_429""}, {""url"": """", ""source"": ""crossref:title_search"", ""result"": ""crossref_skipped""}]"
5732,SIGGRAPH 2026,Persistence-guided Prescribed Topological Simplification,crossref_skipped,"[{""url"": ""https://s2026.conference-schedule.org/?post_type=page&p=15&id=papers_1427&sess=sess129"", ""source"": ""csv:paper_link"", ""result"": ""landing:html"", ""extracted"": ""0"", ""dois"": """"}, {""url"": """", ""source"": ""arxiv:title_search"", ""result"": ""arxiv_http_429""}, {""url"": """", ""source"": ""crossref:title_search"", ""result"": ""crossref_skipped""}]"
5733,SIGGRAPH 2026,PointLLM-R: Enhancing 3D Point Cloud Reasoning via Chain-of-Thought,crossref_skipped,"[{""url"": ""https://s2026.conference-schedule.org/?post_type=page&p=15&id=papers_427&sess=sess101"", ""source"": ""csv:paper_link"", ""result"": ""landing:html"", ""extracted"": ""0"", ""dois"": """"}, {""url"": """", ""source"": ""arxiv:title_search"", ""result"": ""arxiv_http_429""}, {""url"": """", ""source"": ""crossref:title_search"", ""result"": ""crossref_skipped""}]"
5734,SIGGRAPH 2026,Reciprocal Latent Fields for Precomputed Sound Propagation,crossref_skipped,"[{""url"": ""https://s2026.conference-schedule.org/?post_type=page&p=15&id=papers_1402&sess=sess101"", ""source"": ""csv:paper_link"", ""result"": ""landing:html"", ""extracted"": ""0"", ""dois"": """"}, {""url"": """", ""source"": ""arxiv:title_search"", ""result"": ""arxiv_http_429""}, {""url"": """", ""source"": ""crossref:title_search"", ""result"": ""crossref_skipped""}]"
5735,SIGGRAPH 2026,MAViD: A Multimodal Framework for Audio-Visual Dialogue Understanding and Generation,crossref_skipped,"[{""url"": ""https://s2026.conference-schedule.org/?post_type=page&p=15&id=papers_1605&sess=sess101"", ""source"": ""csv:paper_link"", ""result"": ""landing:html"", ""extracted"": ""0"", ""dois"": """"}, {""url"": """", ""source"": ""arxiv:title_search"", ""result"": ""arxiv_http_429""}, {""url"": """", ""source"": ""crossref:title_search"", ""result"": ""crossref_skipped""}]"
5737,SIGGRAPH 2026,Just-Dub-It: Video dubbing via Joint Audio-Visual Diffusion,crossref_skipped,"[{""url"": ""https://s2026.conference-schedule.org/?post_type=page&p=15&id=papers_312&sess=sess101"", ""source"": ""csv:paper_link"", ""result"": ""landing:html"", ""extracted"": ""0"", ""dois"": """"}, {""url"": """", ""source"": ""arxiv:title_search"", ""result"": ""arxiv_http_429""}, {""url"": """", ""source"": ""crossref:title_search"", ""result"": ""crossref_skipped""}]"
5738,SIGGRAPH 2026,VfxDB: A Visual Effects Volume Dataset and Benchmark for VDB-Native Generative Modeling,crossref_skipped,"[{""url"": ""https://s2026.conference-schedule.org/?post_type=page&p=15&id=papers_1065&sess=sess101"", ""source"": ""csv:paper_link"", ""result"": ""landing:html"", ""extracted"": ""0"", ""dois"": """"}, {""url"": """", ""source"": ""arxiv:title_search"", ""result"": ""arxiv_http_429""}, {""url"": """", ""source"": ""crossref:title_search"", ""result"": ""crossref_skipped""}]"
