run_id,model,outcome,sample_id,f_name,f_space,z_kind,axis_names,delta_shape,metric_value,delta_abs_max,delta_mean,delta_std,valid_ratio,outcome_bin,delta_numel,delta_ndim,baseline,annotation_key,annotation_found,annotation_is_problem,problem_description,prompt_text,primary_bucket,secondary_buckets,source_split,annotation_role,annotation_updated,failure_factor,annotation_trace_consistent
20260528_000000_motiongpt_success_002_sample_trace,MotionGPT,success,hml_orig100_train_003__full,token_logits,motion_vocab_logits_slice,decoder_prefix,"['batch', 'decoder_step', 'motion_vocab']","[1, 6, 514]",0.7941056605058484,45.73373031616211,8.792346954345703,25.507225036621094,1.0,0,3084,3,motiongpt,hml_orig100_train_003__full::motiongpt,True,False,,a person jogs straight forward.,simple_locomotion,,train,human_diagnostic_problem_description,2026-05-28T18:24:08,,True
20260528_000001_motiongpt_failure_036_sample_trace,MotionGPT,failure,hml_orig100_train_037__full,token_logits,motion_vocab_logits_slice,decoder_prefix,"['batch', 'decoder_step', 'motion_vocab']","[1, 6, 514]",0.2643880747477472,37.83721923828125,7.340646743774414,5.17722749710083,1.0,1,3084,3,motiongpt,hml_orig100_train_037__full::motiongpt,True,True,没完成whell-like spin kick，只是简单的kick,"a person does a quick wheel-like spin kick with left leg, pivoting on right leg while both arms resume fighting gesture.",jump_kick,,train,human_diagnostic_problem_description,2026-05-26T23:09:38,,True
20260528_000002_molingo_success_002_sample_trace,MoLingo,success,hml_orig100_train_003__full,hidden_state,latent_transformer_z,latent_ar_state,"['batch', 'latent_token', 'hidden_dim']","[1, 49, 1024]",0.987844906649433,3.896975517272949,1.1192259080416989e-05,0.6929261088371277,0.46938775510204084,0,50176,3,molingo,hml_orig100_train_003__full::molingo,True,False,,a person jogs straight forward.,simple_locomotion,,train,human_diagnostic_problem_description,2026-05-28T18:24:08,,True
20260528_000003_molingo_failure_001_sample_trace,MoLingo,failure,hml_orig100_train_002__full,hidden_state,latent_transformer_z,latent_ar_state,"['batch', 'latent_token', 'hidden_dim']","[1, 49, 1024]",1.2602659362039805,4.990898609161377,0.00036773044848814607,1.1357347965240479,0.7755102040816326,1,50176,3,molingo,hml_orig100_train_002__full::molingo,True,True,没有走完一圈,a person looking to their right walks in a tight circle while continuing to face the same direction. they look to be slightly off balance,simple_locomotion,,train,human_diagnostic_problem_description,2026-05-28T18:24:06,,True
20260528_000004_momask_original_success_002_sample_trace,MoMask original,success,hml_orig100_train_003__full,token_logits,vocab_logits,mask_iteration,"['batch', 'token_time', 'codebook']","[1, 23, 512]",1.0838708620536364,44.199668884277344,-1.5528753995895386,12.625201225280762,1.0,0,11776,3,momask_original,hml_orig100_train_003__full::momask_original,True,False,,a person jogs straight forward.,simple_locomotion,,train,human_diagnostic_problem_description,2026-05-28T18:24:08,,True
20260528_000005_momask_original_failure_000_sample_trace,MoMask original,failure,hml_orig100_train_001__full,token_logits,vocab_logits,mask_iteration,"['batch', 'token_time', 'codebook']","[1, 21, 512]",1.1718000394320605,59.18845748901367,4.103986740112305,13.648358345031738,1.0,1,10752,3,momask_original,hml_orig100_train_001__full::momask_original,True,True,foot sliding严重,a person slides from side to side 2 times then takes off running while looking forward the whole time,simple_locomotion,,train,human_diagnostic_problem_description,2026-05-28T18:24:04,,True
20260528_000006_mogents_success_002_sample_trace,MoGenTS,success,hml_orig100_train_003__full,token_logits,time_joint_vocab_logits,time_joint_mask_iteration,"['batch', 'token_time', 'joint_grid_slot', 'codebook']","[1, 23, 6, 256]",0.8485283671855309,52.896148681640625,3.0518386363983154,13.054450035095215,1.0,0,35328,4,mogents,hml_orig100_train_003__full::mogents,True,False,,a person jogs straight forward.,simple_locomotion,,train,human_diagnostic_problem_description,2026-05-28T18:24:08,,True
20260528_000007_mogents_failure_001_sample_trace,MoGenTS,failure,hml_orig100_train_002__full,token_logits,time_joint_vocab_logits,time_joint_mask_iteration,"['batch', 'token_time', 'joint_grid_slot', 'codebook']","[1, 38, 6, 256]",1.3833097081009296,64.71882629394531,-3.504451036453247,14.15237808227539,1.0,1,58368,4,mogents,hml_orig100_train_002__full::mogents,True,True,没有走完一圈,a person looking to their right walks in a tight circle while continuing to face the same direction. they look to be slightly off balance,simple_locomotion,,train,human_diagnostic_problem_description,2026-05-28T18:24:06,,True
20260528_182842_mogents_failure_005_sample_trace,MoGenTS,failure,hml_orig100_train_006__full,token_logits,time_joint_vocab_logits,time_joint_mask_iteration,"['batch', 'token_time', 'joint_grid_slot', 'codebook']","[1, 49, 6, 256]",1.1994739506981524,57.13695526123047,-2.221524715423584,13.213212013244629,1.0,1,75264,4,mogents,hml_orig100_train_006__full::mogents,True,True,左手拿,"a person picks up a cloth/sponge with their right hand, then walks over to an object, lifts it with their left hand and washes/wipes it with the cloth.",simple_locomotion,,train,human_diagnostic_problem_description,2026-05-28T18:24:11,,True
20260528_182842_mogents_failure_010_sample_trace,MoGenTS,failure,hml_orig100_train_011__full,token_logits,time_joint_vocab_logits,time_joint_mask_iteration,"['batch', 'token_time', 'joint_grid_slot', 'codebook']","[1, 49, 6, 256]",1.664222771046901,74.70185852050781,8.656362533569336,16.45174217224121,1.0,1,75264,4,mogents,hml_orig100_train_011__full::mogents,True,True,滑步严重，没有逆时针旋转,someone with outstretched arms spins counterclockwise,direction_turn,,train,human_diagnostic_problem_description,2026-05-28T18:24:18,,True
20260528_182842_mogents_failure_017_sample_trace,MoGenTS,failure,hml_orig100_train_018__full,token_logits,time_joint_vocab_logits,time_joint_mask_iteration,"['batch', 'token_time', 'joint_grid_slot', 'codebook']","[1, 23, 6, 256]",1.2372338594899992,74.56283569335938,7.131531238555908,18.200519561767578,1.0,1,35328,4,mogents,hml_orig100_train_018__full::mogents,True,True,用了双手,a standing person performs a cartwheel starting with their left hand,stop_go,,train,human_diagnostic_problem_description,2026-05-28T18:24:29,,True
20260528_182842_mogents_failure_018_sample_trace,MoGenTS,failure,hml_orig100_train_019__full,token_logits,time_joint_vocab_logits,time_joint_mask_iteration,"['batch', 'token_time', 'joint_grid_slot', 'codebook']","[1, 49, 6, 256]",1.1143948476586105,82.26689147949219,2.505967855453491,12.193443298339844,1.0,1,75264,4,mogents,hml_orig100_train_019__full::mogents,True,True,轨迹不是8,"a person quickly sprints in a figure-eight pattern, stopping briefly at each side to carefully turn.",stop_go,,train,human_diagnostic_problem_description,2026-05-28T18:24:31,,True
20260528_182842_mogents_failure_027_sample_trace,MoGenTS,failure,hml_orig100_train_028__full,token_logits,time_joint_vocab_logits,time_joint_mask_iteration,"['batch', 'token_time', 'joint_grid_slot', 'codebook']","[1, 49, 6, 256]",1.1750019797302917,64.21540832519531,-2.5965957641601562,12.86589241027832,1.0,1,75264,4,mogents,hml_orig100_train_028__full::mogents,True,True,没回到远处放置,"a persons walks forward, bends down to pick something up, then walks in a circle and sets it back down.",sit_squat_posture,,train,human_diagnostic_problem_description,2026-05-28T18:24:42,,True
20260528_182842_mogents_failure_032_sample_trace,MoGenTS,failure,hml_orig100_train_033__full,token_logits,time_joint_vocab_logits,time_joint_mask_iteration,"['batch', 'token_time', 'joint_grid_slot', 'codebook']","[1, 49, 6, 256]",1.3023000665967277,68.87458038330078,-4.261908531188965,13.908967971801758,1.0,1,75264,4,mogents,hml_orig100_train_033__full::mogents,True,True,右腿踢的,the woman angerily kicked at the ground with her left foot.,jump_kick,,train,human_diagnostic_problem_description,2026-05-28T18:24:53,,True
20260528_182842_mogents_failure_034_sample_trace,MoGenTS,failure,hml_orig100_train_035__full,token_logits,time_joint_vocab_logits,time_joint_mask_iteration,"['batch', 'token_time', 'joint_grid_slot', 'codebook']","[1, 10, 6, 256]",1.163911501232796,109.59658813476562,14.26927661895752,25.587127685546875,1.0,1,15360,4,mogents,hml_orig100_train_035__full::mogents,True,True,身体扭动异常,a person kicked with the left leg,jump_kick,,train,human_diagnostic_problem_description,2026-05-26T23:08:13,,True
20260528_182842_mogents_failure_040_sample_trace,MoGenTS,failure,hml_orig100_train_041__full,token_logits,time_joint_vocab_logits,time_joint_mask_iteration,"['batch', 'token_time', 'joint_grid_slot', 'codebook']","[1, 49, 6, 256]",1.5355438631261462,69.51187896728516,-3.795414686203003,16.727535247802734,1.0,1,75264,4,mogents,hml_orig100_train_041__full::mogents,True,True,甩的右手,a person acting traumatic throwing his left hand.,upper_body_gesture,,train,human_diagnostic_problem_description,2026-05-26T23:11:14,,True
20260528_182842_mogents_failure_049_sample_trace,MoGenTS,failure,hml_orig100_train_050__full,token_logits,time_joint_vocab_logits,time_joint_mask_iteration,"['batch', 'token_time', 'joint_grid_slot', 'codebook']","[1, 8, 6, 256]",0.9894343841939501,106.3904800415039,-4.037001132965088,25.045669555664062,1.0,1,12288,4,mogents,hml_orig100_train_050__full::mogents,True,True,缺少turns to the left,a man turns to the left and reaches up to grab something with his left hands.,object_interaction,,train,human_diagnostic_problem_description,2026-05-26T23:24:49,,True
20260528_182842_mogents_failure_064_sample_trace,MoGenTS,failure,hml_orig100_train_065__full,token_logits,time_joint_vocab_logits,time_joint_mask_iteration,"['batch', 'token_time', 'joint_grid_slot', 'codebook']","[1, 49, 6, 256]",0.9893275432241001,82.12187194824219,2.2304272651672363,10.823813438415527,1.0,1,75264,4,mogents,hml_orig100_train_065__full::mogents,True,True,朝向一直在变,"a man emulates jogging, shuffling around in a couple counterclockwise circles while keeping his body facing forward the whole time.",multi_action_composition,,train,human_diagnostic_problem_description,2026-05-26T23:42:32,,True
20260528_182842_mogents_failure_066_sample_trace,MoGenTS,failure,hml_orig100_train_067__full,token_logits,time_joint_vocab_logits,time_joint_mask_iteration,"['batch', 'token_time', 'joint_grid_slot', 'codebook']","[1, 48, 6, 256]",1.2153222498186578,67.96978759765625,0.9502716064453125,13.63159465789795,1.0,1,73728,4,mogents,hml_orig100_train_067__full::mogents,True,True,没有back回原位,"a person bends down and crawls forward, then back and then stands up.",multi_action_composition,,train,human_diagnostic_problem_description,2026-05-26T23:43:51,,True
20260528_182842_mogents_failure_068_sample_trace,MoGenTS,failure,hml_orig100_train_069__full,token_logits,time_joint_vocab_logits,time_joint_mask_iteration,"['batch', 'token_time', 'joint_grid_slot', 'codebook']","[1, 49, 6, 256]",0.9352637165264686,46.15122985839844,-1.2159322500228882,10.376315116882324,1.0,1,75264,4,mogents,hml_orig100_train_069__full::mogents,True,True,a man is standing and bending down and reaches down with his left hand then to the right with his right hand.,"a man is standing and reaches down to the left with his left hand then to the right with his right hand, and then the left again.",multi_action_composition,,train,human_diagnostic_problem_description,2026-05-26T23:50:27,,True
20260528_182842_mogents_failure_072_sample_trace,MoGenTS,failure,hml_orig100_train_073__full,token_logits,time_joint_vocab_logits,time_joint_mask_iteration,"['batch', 'token_time', 'joint_grid_slot', 'codebook']","[1, 14, 6, 256]",0.9858088700616987,80.22970581054688,3.7574939727783203,18.548179626464844,1.0,1,21504,4,mogents,hml_orig100_train_073__full::mogents,True,True,踢左腿,"a man stands with feet apart left arm stretched and right arm bent, then lunges forward and kicks his right foot into the air.",dance_exercise,,train,human_diagnostic_problem_description,2026-05-26T23:54:06,,True
20260528_182842_mogents_failure_074_sample_trace,MoGenTS,failure,hml_orig100_train_075__full,token_logits,time_joint_vocab_logits,time_joint_mask_iteration,"['batch', 'token_time', 'joint_grid_slot', 'codebook']","[1, 49, 6, 256]",1.4752715929150986,90.83100128173828,0.7509642839431763,16.462326049804688,1.0,1,75264,4,mogents,hml_orig100_train_075__full::mogents,True,True,man has two hands on the ground facing downward with the left leg in front and the right leg stretched behind; kicks right leg behind as well and went intp a downward facing dog position.,man has two hands on the ground facing downward with the right leg in front and the left leg stretched behind; kicks right leg behind as well and went intp a downward facing dog position.,dance_exercise,,train,human_diagnostic_problem_description,2026-05-26T23:57:09,,True
20260528_182842_mogents_failure_077_sample_trace,MoGenTS,failure,hml_orig100_train_078__full,token_logits,time_joint_vocab_logits,time_joint_mask_iteration,"['batch', 'token_time', 'joint_grid_slot', 'codebook']","[1, 41, 6, 256]",1.558877311834002,67.46611785888672,0.41017141938209534,14.40350341796875,1.0,1,62976,4,mogents,hml_orig100_train_078__full::mogents,True,True,person dances energetically on screen and throws both arms in the sky repeatedly.,person dances energetically on screen and throws left arm in the sky repeatedly.,dance_exercise,,train,human_diagnostic_problem_description,2026-05-26T23:59:53,,True
20260528_182842_mogents_failure_078_sample_trace,MoGenTS,failure,hml_orig100_train_079__full,token_logits,time_joint_vocab_logits,time_joint_mask_iteration,"['batch', 'token_time', 'joint_grid_slot', 'codebook']","[1, 49, 6, 256]",1.2349069795849958,56.9300537109375,5.455841064453125,12.66969108581543,1.0,1,75264,4,mogents,hml_orig100_train_079__full::mogents,True,True,"a standing woman gracefully dances forward, from the viewer's left to right, tapping toes and swaying arms in synchrony.","a standing  woman gracefully dances forward, from the viewer's right to left, tapping toes and swaying arms in synchrony.",dance_exercise,,train,human_diagnostic_problem_description,2026-05-27T00:00:24,,True
20260528_182842_mogents_failure_081_sample_trace,MoGenTS,failure,hml_orig100_test_002__full,token_logits,time_joint_vocab_logits,time_joint_mask_iteration,"['batch', 'token_time', 'joint_grid_slot', 'codebook']","[1, 9, 6, 256]",0.9992763652690194,86.41594696044922,10.883705139160156,23.100833892822266,1.0,1,13824,4,mogents,hml_orig100_test_002__full::mogents,True,True,直线跑,a person who is poised to run steps to his right with is right foot and dashes to his left.,simple_locomotion,,test,human_diagnostic_problem_description,2026-05-27T00:02:15,,True
20260528_182842_mogents_failure_082_sample_trace,MoGenTS,failure,hml_orig100_test_003__full,token_logits,time_joint_vocab_logits,time_joint_mask_iteration,"['batch', 'token_time', 'joint_grid_slot', 'codebook']","[1, 24, 6, 256]",1.0262092032390584,64.57940673828125,3.614071846008301,14.47050666809082,1.0,1,36864,4,mogents,hml_orig100_test_003__full::mogents,True,True,a person stands normally then begins hops on their left foot while their right foot is elevated then stops and stands normally.,a person stands normally then begins hops on their right foot while their left foot is elevated then stops and stands normally.,direction_turn,,test,human_diagnostic_problem_description,2026-05-27T00:03:14,,True
20260528_182842_mogents_failure_092_sample_trace,MoGenTS,failure,hml_orig100_test_013__full,token_logits,time_joint_vocab_logits,time_joint_mask_iteration,"['batch', 'token_time', 'joint_grid_slot', 'codebook']","[1, 49, 6, 256]",1.3035331024677297,65.73667907714844,-5.512636184692383,13.477204322814941,1.0,1,75264,4,mogents,hml_orig100_test_013__full::mogents,True,True,"a person lowers the right hand bending down slightly to examine something, then straightens and raises something to his face with the right hand.","a person lowers the right hand bending down slightly to examine something, then straightens and raises something to his face with the left hand.",object_interaction,,test,human_diagnostic_problem_description,2026-05-27T00:12:54,,True
20260528_182842_mogents_failure_099_sample_trace,MoGenTS,failure,hml_orig100_test_020__full,token_logits,time_joint_vocab_logits,time_joint_mask_iteration,"['batch', 'token_time', 'joint_grid_slot', 'codebook']","[1, 49, 6, 256]",1.165306363792707,60.680564880371094,-2.9541070461273193,12.677358627319336,1.0,1,75264,4,mogents,hml_orig100_test_020__full::mogents,True,True,没有holding the posture for several seconds保持姿势不动数秒,"a man slowly raises both arms high over his head in a stretch, holding the posture for several seconds, with his right arm stretched out to his side.",dance_exercise,,test,human_diagnostic_problem_description,2026-05-27T00:21:34,,True
20260528_182842_mogents_success_000_sample_trace,MoGenTS,success,hml_orig100_train_001__full,token_logits,time_joint_vocab_logits,time_joint_mask_iteration,"['batch', 'token_time', 'joint_grid_slot', 'codebook']","[1, 21, 6, 256]",1.2172618147287988,99.50128173828125,9.483291625976562,20.292123794555664,1.0,0,32256,4,mogents,hml_orig100_train_001__full::mogents,True,False,,a person slides from side to side 2 times then takes off running while looking forward the whole time,simple_locomotion,,train,human_diagnostic_problem_description,2026-05-28T18:24:04,,True
20260528_182842_mogents_success_003_sample_trace,MoGenTS,success,hml_orig100_train_004__full,token_logits,time_joint_vocab_logits,time_joint_mask_iteration,"['batch', 'token_time', 'joint_grid_slot', 'codebook']","[1, 27, 6, 256]",1.2083350587503012,79.11637115478516,-2.9370791912078857,15.593098640441895,1.0,0,41472,4,mogents,hml_orig100_train_004__full::mogents,True,False,,a person walks and turns right.,simple_locomotion,,train,human_diagnostic_problem_description,2026-05-28T18:24:09,,True
20260528_182842_mogents_success_004_sample_trace,MoGenTS,success,hml_orig100_train_005__full,token_logits,time_joint_vocab_logits,time_joint_mask_iteration,"['batch', 'token_time', 'joint_grid_slot', 'codebook']","[1, 20, 6, 256]",0.8782965041935634,73.70464324951172,1.6442536115646362,16.69318389892578,1.0,0,30720,4,mogents,hml_orig100_train_005__full::mogents,True,False,,the person is stepping forward.,simple_locomotion,,train,human_diagnostic_problem_description,2026-05-28T18:24:10,,True
20260528_182842_mogents_success_006_sample_trace,MoGenTS,success,hml_orig100_train_007__full,token_logits,time_joint_vocab_logits,time_joint_mask_iteration,"['batch', 'token_time', 'joint_grid_slot', 'codebook']","[1, 26, 6, 256]",0.960211355857208,57.20148468017578,0.6170373558998108,12.435591697692871,1.0,0,39936,4,mogents,hml_orig100_train_007__full::mogents,True,False,,a person takes a few steps curving to the left.,simple_locomotion,,train,human_diagnostic_problem_description,2026-05-28T18:24:13,,True
20260528_182842_mogents_success_007_sample_trace,MoGenTS,success,hml_orig100_train_008__full,token_logits,time_joint_vocab_logits,time_joint_mask_iteration,"['batch', 'token_time', 'joint_grid_slot', 'codebook']","[1, 48, 6, 256]",1.3387220235772164,65.80669403076172,-5.175285339355469,14.134475708007812,1.0,0,73728,4,mogents,hml_orig100_train_008__full::mogents,True,False,,a man walks forward slowly in a jagged line.,simple_locomotion,,train,human_diagnostic_problem_description,2026-05-28T18:24:14,,True
20260528_182842_mogents_success_008_sample_trace,MoGenTS,success,hml_orig100_train_009__full,token_logits,time_joint_vocab_logits,time_joint_mask_iteration,"['batch', 'token_time', 'joint_grid_slot', 'codebook']","[1, 29, 6, 256]",0.9835423452750565,61.56537628173828,0.16958093643188477,14.797536849975586,1.0,0,44544,4,mogents,hml_orig100_train_009__full::mogents,True,False,,"a person steps back, sits down, stands up and steps forward.",direction_turn,,train,human_diagnostic_problem_description,2026-05-28T18:24:16,,True
20260528_182842_mogents_success_009_sample_trace,MoGenTS,success,hml_orig100_train_010__full,token_logits,time_joint_vocab_logits,time_joint_mask_iteration,"['batch', 'token_time', 'joint_grid_slot', 'codebook']","[1, 15, 6, 256]",1.269756555771309,108.66290283203125,-4.262795448303223,23.031156539916992,1.0,0,23040,4,mogents,hml_orig100_train_010__full::mogents,True,False,,a person walks at a left bend.,direction_turn,,train,human_diagnostic_problem_description,2026-05-28T18:24:17,,True
20260528_182842_mogents_success_011_sample_trace,MoGenTS,success,hml_orig100_train_012__full,token_logits,time_joint_vocab_logits,time_joint_mask_iteration,"['batch', 'token_time', 'joint_grid_slot', 'codebook']","[1, 36, 6, 256]",1.3650715934728028,65.980224609375,0.5522158741950989,13.689122200012207,1.0,0,55296,4,mogents,hml_orig100_train_012__full::mogents,True,False,,a man throws object with his left hand.,direction_turn,,train,human_diagnostic_problem_description,2026-05-28T18:24:20,,True
20260528_182842_mogents_success_012_sample_trace,MoGenTS,success,hml_orig100_train_013__full,token_logits,time_joint_vocab_logits,time_joint_mask_iteration,"['batch', 'token_time', 'joint_grid_slot', 'codebook']","[1, 26, 6, 256]",1.143059799221029,60.32870101928711,-1.6516481637954712,14.729540824890137,1.0,0,39936,4,mogents,hml_orig100_train_013__full::mogents,True,False,,the man walk and turn like a haf sercle and stops.,direction_turn,,train,human_diagnostic_problem_description,2026-05-28T18:24:21,,True
20260528_182842_mogents_success_013_sample_trace,MoGenTS,success,hml_orig100_train_014__full,token_logits,time_joint_vocab_logits,time_joint_mask_iteration,"['batch', 'token_time', 'joint_grid_slot', 'codebook']","[1, 20, 6, 256]",0.9895976454568721,82.25424194335938,2.4382171630859375,18.7416934967041,1.0,0,30720,4,mogents,hml_orig100_train_014__full::mogents,True,False,,a person walks and does a 180 degree turn.,direction_turn,,train,human_diagnostic_problem_description,2026-05-28T18:24:23,,True
20260528_182842_mogents_success_014_sample_trace,MoGenTS,success,hml_orig100_train_015__full,token_logits,time_joint_vocab_logits,time_joint_mask_iteration,"['batch', 'token_time', 'joint_grid_slot', 'codebook']","[1, 49, 6, 256]",1.4566092813943203,60.26361083984375,-6.244438171386719,15.025038719177246,1.0,0,75264,4,mogents,hml_orig100_train_015__full::mogents,True,False,,"a person standing in place holds a ball with both hands, then throws the ball with left hand and catches the ball with both hands, then throws the ball and catches the ball again.",direction_turn,,train,human_diagnostic_problem_description,2026-05-28T18:24:25,,True
20260528_182842_mogents_success_015_sample_trace,MoGenTS,success,hml_orig100_train_016__full,token_logits,time_joint_vocab_logits,time_joint_mask_iteration,"['batch', 'token_time', 'joint_grid_slot', 'codebook']","[1, 35, 6, 256]",1.4135651024351403,71.17206573486328,-4.5367512702941895,12.182528495788574,1.0,0,53760,4,mogents,hml_orig100_train_016__full::mogents,True,False,,a person walks to the right in a partial circle.,direction_turn,,train,human_diagnostic_problem_description,2026-05-28T18:24:26,,True
20260528_182842_mogents_success_016_sample_trace,MoGenTS,success,hml_orig100_train_017__full,token_logits,time_joint_vocab_logits,time_joint_mask_iteration,"['batch', 'token_time', 'joint_grid_slot', 'codebook']","[1, 49, 6, 256]",1.5523742497159692,67.49529266357422,-5.7025370597839355,16.376249313354492,1.0,0,75264,4,mogents,hml_orig100_train_017__full::mogents,True,False,,person standing begins moving arms with hands coming together then apart and then raising arms above head,stop_go,,train,human_diagnostic_problem_description,2026-05-28T18:24:27,,True
20260528_182842_mogents_success_019_sample_trace,MoGenTS,success,hml_orig100_train_020__full,token_logits,time_joint_vocab_logits,time_joint_mask_iteration,"['batch', 'token_time', 'joint_grid_slot', 'codebook']","[1, 49, 6, 256]",0.8946565120578363,51.06464767456055,1.6700786352157593,9.853180885314941,1.0,0,75264,4,mogents,hml_orig100_train_020__full::mogents,True,False,,the man is standing still like a statue.,stop_go,,train,human_diagnostic_problem_description,2026-05-28T18:24:32,,True
20260528_182842_mogents_success_020_sample_trace,MoGenTS,success,hml_orig100_train_021__full,token_logits,time_joint_vocab_logits,time_joint_mask_iteration,"['batch', 'token_time', 'joint_grid_slot', 'codebook']","[1, 15, 6, 256]",0.5945071538971693,40.082542419433594,-1.5039608478546143,10.862849235534668,1.0,0,23040,4,mogents,hml_orig100_train_021__full::mogents,True,False,,a standing person scratches their head.,stop_go,,train,human_diagnostic_problem_description,2026-05-28T18:24:34,,True
20260528_182842_mogents_success_021_sample_trace,MoGenTS,success,hml_orig100_train_022__full,token_logits,time_joint_vocab_logits,time_joint_mask_iteration,"['batch', 'token_time', 'joint_grid_slot', 'codebook']","[1, 28, 6, 256]",1.1021966771802414,105.59417724609375,-2.972215175628662,15.365633010864258,1.0,0,43008,4,mogents,hml_orig100_train_022__full::mogents,True,False,,robot walking forward slowly and then stopped.,stop_go,,train,human_diagnostic_problem_description,2026-05-28T18:24:35,,True
20260528_182842_mogents_success_022_sample_trace,MoGenTS,success,hml_orig100_train_023__full,token_logits,time_joint_vocab_logits,time_joint_mask_iteration,"['batch', 'token_time', 'joint_grid_slot', 'codebook']","[1, 19, 6, 256]",0.9635482879310188,106.71461486816406,2.2719244956970215,18.265968322753906,1.0,0,29184,4,mogents,hml_orig100_train_023__full::mogents,True,False,,a person is walking taking big steps across the floor then suddenly stops.,stop_go,,train,human_diagnostic_problem_description,2026-05-28T18:24:36,,True
20260528_182842_mogents_success_023_sample_trace,MoGenTS,success,hml_orig100_train_024__full,token_logits,time_joint_vocab_logits,time_joint_mask_iteration,"['batch', 'token_time', 'joint_grid_slot', 'codebook']","[1, 49, 6, 256]",1.380011194813607,66.50975799560547,-4.667453765869141,14.691758155822754,1.0,0,75264,4,mogents,hml_orig100_train_024__full::mogents,True,False,,"a figure walks in a straight line, turns and sits facing away, then stands and walks away",stop_go,,train,human_diagnostic_problem_description,2026-05-28T18:24:37,,True
20260528_182842_mogents_success_024_sample_trace,MoGenTS,success,hml_orig100_train_025__full,token_logits,time_joint_vocab_logits,time_joint_mask_iteration,"['batch', 'token_time', 'joint_grid_slot', 'codebook']","[1, 49, 6, 256]",1.2079200333742532,73.0228271484375,-3.265841245651245,13.091814041137695,1.0,0,75264,4,mogents,hml_orig100_train_025__full::mogents,True,False,,"a person picks something up, walks forward, sets it down, walks back and squats down.",sit_squat_posture,,train,human_diagnostic_problem_description,2026-05-28T18:24:39,,True
20260528_182842_mogents_success_025_sample_trace,MoGenTS,success,hml_orig100_train_026__full,token_logits,time_joint_vocab_logits,time_joint_mask_iteration,"['batch', 'token_time', 'joint_grid_slot', 'codebook']","[1, 38, 6, 256]",1.8843856327223905,76.88594818115234,-8.096585273742676,18.13578987121582,1.0,0,58368,4,mogents,hml_orig100_train_026__full::mogents,True,False,,person take a step back then sits down then getting back up and stepping forward.,sit_squat_posture,,train,human_diagnostic_problem_description,2026-05-28T18:24:40,,True
20260528_182842_mogents_success_026_sample_trace,MoGenTS,success,hml_orig100_train_027__full,token_logits,time_joint_vocab_logits,time_joint_mask_iteration,"['batch', 'token_time', 'joint_grid_slot', 'codebook']","[1, 44, 6, 256]",2.623862511014734,83.26851654052734,-9.154861450195312,19.26088523864746,1.0,0,67584,4,mogents,hml_orig100_train_027__full::mogents,True,False,,a person bends and holds their head with their left hand.,sit_squat_posture,,train,human_diagnostic_problem_description,2026-05-28T18:24:41,,True
20260528_182842_mogents_success_028_sample_trace,MoGenTS,success,hml_orig100_train_029__full,token_logits,time_joint_vocab_logits,time_joint_mask_iteration,"['batch', 'token_time', 'joint_grid_slot', 'codebook']","[1, 49, 6, 256]",1.0214765417659937,63.385276794433594,-1.1670507192611694,11.35051155090332,1.0,0,75264,4,mogents,hml_orig100_train_029__full::mogents,True,False,,a person sits down with both hands on his knees.,sit_squat_posture,,train,human_diagnostic_problem_description,2026-05-28T18:24:44,,True
20260528_182842_mogents_success_029_sample_trace,MoGenTS,success,hml_orig100_train_030__full,token_logits,time_joint_vocab_logits,time_joint_mask_iteration,"['batch', 'token_time', 'joint_grid_slot', 'codebook']","[1, 41, 6, 256]",1.6186518628817381,70.39825439453125,-3.488720417022705,14.549439430236816,1.0,0,62976,4,mogents,hml_orig100_train_030__full::mogents,True,False,,"a man walks over , sits down , then walks back.",sit_squat_posture,,train,human_diagnostic_problem_description,2026-05-28T18:24:45,,True
20260528_182842_mogents_success_030_sample_trace,MoGenTS,success,hml_orig100_train_031__full,token_logits,time_joint_vocab_logits,time_joint_mask_iteration,"['batch', 'token_time', 'joint_grid_slot', 'codebook']","[1, 23, 6, 256]",1.1248560668335792,84.42118835449219,3.797417163848877,17.361865997314453,1.0,0,35328,4,mogents,hml_orig100_train_031__full::mogents,True,False,,a man kneels to the ground one leg at a time starting with the right leg,sit_squat_posture,,train,human_diagnostic_problem_description,2026-05-28T18:24:47,,True
20260528_182842_mogents_success_031_sample_trace,MoGenTS,success,hml_orig100_train_032__full,token_logits,time_joint_vocab_logits,time_joint_mask_iteration,"['batch', 'token_time', 'joint_grid_slot', 'codebook']","[1, 49, 6, 256]",1.1000076239118006,58.782135009765625,-1.0398409366607666,12.243500709533691,1.0,0,75264,4,mogents,hml_orig100_train_032__full::mogents,True,False,,a person sitting quickly reaches around them and grabs objects.,sit_squat_posture,,train,human_diagnostic_problem_description,2026-05-28T18:24:48,,True
20260528_182842_mogents_success_033_sample_trace,MoGenTS,success,hml_orig100_train_034__full,token_logits,time_joint_vocab_logits,time_joint_mask_iteration,"['batch', 'token_time', 'joint_grid_slot', 'codebook']","[1, 25, 6, 256]",0.919277144425319,52.31958770751953,1.3549221754074097,12.241073608398438,1.0,0,38400,4,mogents,hml_orig100_train_034__full::mogents,True,False,,a person kicked something with left leg,jump_kick,,train,human_diagnostic_problem_description,2026-05-28T18:24:52,,True
20260528_182842_mogents_success_035_sample_trace,MoGenTS,success,hml_orig100_train_036__full,token_logits,time_joint_vocab_logits,time_joint_mask_iteration,"['batch', 'token_time', 'joint_grid_slot', 'codebook']","[1, 29, 6, 256]",0.7619665941775063,53.006622314453125,-1.5042682886123657,11.365533828735352,1.0,0,44544,4,mogents,hml_orig100_train_036__full::mogents,True,False,,the person took a jump forward.,jump_kick,,train,human_diagnostic_problem_description,2026-05-26T23:08:19,,True
20260528_182842_mogents_success_036_sample_trace,MoGenTS,success,hml_orig100_train_037__full,token_logits,time_joint_vocab_logits,time_joint_mask_iteration,"['batch', 'token_time', 'joint_grid_slot', 'codebook']","[1, 11, 6, 256]",1.1181240006647224,115.82108306884766,12.378952026367188,23.74848747253418,1.0,0,16896,4,mogents,hml_orig100_train_037__full::mogents,True,False,,"a person does a quick wheel-like spin kick with left leg, pivoting on right leg while both arms resume fighting gesture.",jump_kick,,train,human_diagnostic_problem_description,2026-05-26T23:09:38,,True
20260528_182842_mogents_success_037_sample_trace,MoGenTS,success,hml_orig100_train_038__full,token_logits,time_joint_vocab_logits,time_joint_mask_iteration,"['batch', 'token_time', 'joint_grid_slot', 'codebook']","[1, 22, 6, 256]",0.9700093881251552,70.30674743652344,-0.6364856362342834,16.613008499145508,1.0,0,33792,4,mogents,hml_orig100_train_038__full::mogents,True,False,,the man kicks at something with his left leg.,jump_kick,,train,human_diagnostic_problem_description,2026-05-26T23:09:45,,True
20260528_182842_mogents_success_038_sample_trace,MoGenTS,success,hml_orig100_train_039__full,token_logits,time_joint_vocab_logits,time_joint_mask_iteration,"['batch', 'token_time', 'joint_grid_slot', 'codebook']","[1, 48, 6, 256]",1.2590513874802878,101.546142578125,-0.02145247906446457,14.15633773803711,1.0,0,73728,4,mogents,hml_orig100_train_039__full::mogents,True,False,,person is practicing their long jump,jump_kick,,train,human_diagnostic_problem_description,2026-05-26T23:09:53,,True
20260528_182842_mogents_success_039_sample_trace,MoGenTS,success,hml_orig100_train_040__full,token_logits,time_joint_vocab_logits,time_joint_mask_iteration,"['batch', 'token_time', 'joint_grid_slot', 'codebook']","[1, 49, 6, 256]",1.3252688423386474,80.14103698730469,-1.9476908445358276,14.675163269042969,1.0,0,75264,4,mogents,hml_orig100_train_040__full::mogents,True,False,,"someone jumps over something, turns around and jumps back over it, before getting ready to jump over it again.",jump_kick,,train,human_diagnostic_problem_description,2026-05-26T23:10:20,,True
20260528_182842_mogents_success_041_sample_trace,MoGenTS,success,hml_orig100_train_042__full,token_logits,time_joint_vocab_logits,time_joint_mask_iteration,"['batch', 'token_time', 'joint_grid_slot', 'codebook']","[1, 49, 6, 256]",1.0991035521327255,60.54704284667969,0.8555054664611816,12.247637748718262,1.0,0,75264,4,mogents,hml_orig100_train_042__full::mogents,True,False,,"the person holds their head, crouches down on their hands and continues to hold their head.",upper_body_gesture,,train,human_diagnostic_problem_description,2026-05-26T23:11:35,,True
20260528_182842_mogents_success_042_sample_trace,MoGenTS,success,hml_orig100_train_043__full,token_logits,time_joint_vocab_logits,time_joint_mask_iteration,"['batch', 'token_time', 'joint_grid_slot', 'codebook']","[1, 5, 6, 256]",0.8755993857096068,79.05697631835938,0.7587361931800842,20.368288040161133,1.0,0,7680,4,mogents,hml_orig100_train_043__full::mogents,True,False,,a person sitting down raises its right hand.,upper_body_gesture,,train,human_diagnostic_problem_description,2026-05-26T23:11:50,,True
20260528_182842_mogents_success_043_sample_trace,MoGenTS,success,hml_orig100_train_044__full,token_logits,time_joint_vocab_logits,time_joint_mask_iteration,"['batch', 'token_time', 'joint_grid_slot', 'codebook']","[1, 18, 6, 256]",0.5812034896706488,45.079402923583984,-1.465929388999939,10.66545581817627,1.0,0,27648,4,mogents,hml_orig100_train_044__full::mogents,True,False,,this person is standing still and lifts the left hand up to the face.,upper_body_gesture,,train,human_diagnostic_problem_description,2026-05-26T23:12:00,,True
20260528_182842_mogents_success_044_sample_trace,MoGenTS,success,hml_orig100_train_045__full,token_logits,time_joint_vocab_logits,time_joint_mask_iteration,"['batch', 'token_time', 'joint_grid_slot', 'codebook']","[1, 49, 6, 256]",1.6105151949001542,68.58894348144531,-7.101362228393555,16.529281616210938,1.0,0,75264,4,mogents,hml_orig100_train_045__full::mogents,True,False,,both arms bent forward chicken wing flaps to left and right,upper_body_gesture,,train,human_diagnostic_problem_description,2026-05-26T23:12:11,,True
20260528_182842_mogents_success_045_sample_trace,MoGenTS,success,hml_orig100_train_046__full,token_logits,time_joint_vocab_logits,time_joint_mask_iteration,"['batch', 'token_time', 'joint_grid_slot', 'codebook']","[1, 26, 6, 256]",1.1137741040885178,61.869415283203125,-3.4040935039520264,14.035196304321289,1.0,0,39936,4,mogents,hml_orig100_train_046__full::mogents,True,False,,a person wave their arm in a straight motion,upper_body_gesture,,train,human_diagnostic_problem_description,2026-05-26T23:12:31,,True
20260528_182842_mogents_success_046_sample_trace,MoGenTS,success,hml_orig100_train_047__full,token_logits,time_joint_vocab_logits,time_joint_mask_iteration,"['batch', 'token_time', 'joint_grid_slot', 'codebook']","[1, 49, 6, 256]",1.3247139583170735,67.88325500488281,-5.764354228973389,13.628743171691895,1.0,0,75264,4,mogents,hml_orig100_train_047__full::mogents,True,False,,"a person bends slightly to grab something with his right hand then limps one step to his left, pauses, and limps another step to the left.",upper_body_gesture,,train,human_diagnostic_problem_description,2026-05-26T23:13:57,,True
20260528_182842_mogents_success_047_sample_trace,MoGenTS,success,hml_orig100_train_048__full,token_logits,time_joint_vocab_logits,time_joint_mask_iteration,"['batch', 'token_time', 'joint_grid_slot', 'codebook']","[1, 49, 6, 256]",1.6012762108392031,67.13424682617188,-7.945822238922119,16.025222778320312,1.0,0,75264,4,mogents,hml_orig100_train_048__full::mogents,True,False,,lowering hands then raising hands towards face.,upper_body_gesture,,train,human_diagnostic_problem_description,2026-05-26T23:14:09,,True
20260528_182842_mogents_success_048_sample_trace,MoGenTS,success,hml_orig100_train_049__full,token_logits,time_joint_vocab_logits,time_joint_mask_iteration,"['batch', 'token_time', 'joint_grid_slot', 'codebook']","[1, 30, 6, 256]",1.183485856867696,66.32130432128906,0.8046115636825562,16.606414794921875,1.0,0,46080,4,mogents,hml_orig100_train_049__full::mogents,True,False,,a person holds up both of their hands in front of their face and then leans back to dodge an obstacle.,object_interaction,,train,human_diagnostic_problem_description,2026-05-26T23:14:20,,True
20260528_182842_mogents_success_050_sample_trace,MoGenTS,success,hml_orig100_train_051__full,token_logits,time_joint_vocab_logits,time_joint_mask_iteration,"['batch', 'token_time', 'joint_grid_slot', 'codebook']","[1, 49, 6, 256]",1.1034970314915606,65.22587585449219,1.3136050701141357,12.256363868713379,1.0,0,75264,4,mogents,hml_orig100_train_051__full::mogents,True,False,,someone walks disoriented looking for something or someone,object_interaction,,train,human_diagnostic_problem_description,2026-05-26T23:25:15,,True
20260528_182842_mogents_success_051_sample_trace,MoGenTS,success,hml_orig100_train_052__full,token_logits,time_joint_vocab_logits,time_joint_mask_iteration,"['batch', 'token_time', 'joint_grid_slot', 'codebook']","[1, 20, 6, 256]",0.7411310269591431,52.42619323730469,5.466568946838379,13.056108474731445,1.0,0,30720,4,mogents,hml_orig100_train_052__full::mogents,True,False,,a person does jumping jacks in place.,object_interaction,,train,human_diagnostic_problem_description,2026-05-26T23:25:30,,True
20260528_182842_mogents_success_052_sample_trace,MoGenTS,success,hml_orig100_train_053__full,token_logits,time_joint_vocab_logits,time_joint_mask_iteration,"['batch', 'token_time', 'joint_grid_slot', 'codebook']","[1, 49, 6, 256]",1.5459906321864834,63.83130645751953,-6.592524528503418,15.961551666259766,1.0,0,75264,4,mogents,hml_orig100_train_053__full::mogents,True,False,,a person slowly walked and touched something with right and left hand,object_interaction,,train,human_diagnostic_problem_description,2026-05-26T23:27:27,,True
20260528_182842_mogents_success_053_sample_trace,MoGenTS,success,hml_orig100_train_054__full,token_logits,time_joint_vocab_logits,time_joint_mask_iteration,"['batch', 'token_time', 'joint_grid_slot', 'codebook']","[1, 49, 6, 256]",1.1346743551000482,62.8267822265625,-3.4950616359710693,12.183417320251465,1.0,0,75264,4,mogents,hml_orig100_train_054__full::mogents,True,False,,the person is throwing something with both hands overhead.,object_interaction,,train,human_diagnostic_problem_description,2026-05-26T23:27:32,,True
20260528_182842_mogents_success_054_sample_trace,MoGenTS,success,hml_orig100_train_055__full,token_logits,time_joint_vocab_logits,time_joint_mask_iteration,"['batch', 'token_time', 'joint_grid_slot', 'codebook']","[1, 20, 6, 256]",0.5364552698440336,42.21991729736328,-2.0992584228515625,10.028008460998535,1.0,0,30720,4,mogents,hml_orig100_train_055__full::mogents,True,False,,this person stands in one place and claps.,object_interaction,,train,human_diagnostic_problem_description,2026-05-26T23:27:35,,True
20260528_182842_mogents_success_055_sample_trace,MoGenTS,success,hml_orig100_train_056__full,token_logits,time_joint_vocab_logits,time_joint_mask_iteration,"['batch', 'token_time', 'joint_grid_slot', 'codebook']","[1, 43, 6, 256]",1.492148603135219,63.98426055908203,-4.0550055503845215,12.177695274353027,1.0,0,66048,4,mogents,hml_orig100_train_056__full::mogents,True,False,,a person is walking while holding onto something.,object_interaction,,train,human_diagnostic_problem_description,2026-05-26T23:27:41,,True
20260528_182842_mogents_success_056_sample_trace,MoGenTS,success,hml_orig100_train_057__full,token_logits,time_joint_vocab_logits,time_joint_mask_iteration,"['batch', 'token_time', 'joint_grid_slot', 'codebook']","[1, 23, 6, 256]",0.7344273828745276,45.33513259887695,2.6495132446289062,11.297141075134277,1.0,0,35328,4,mogents,hml_orig100_train_057__full::mogents,True,False,,a person walks forward a few steps,count_duration_speed,,train,human_diagnostic_problem_description,2026-05-26T23:27:44,,True
20260528_182842_mogents_success_057_sample_trace,MoGenTS,success,hml_orig100_train_058__full,token_logits,time_joint_vocab_logits,time_joint_mask_iteration,"['batch', 'token_time', 'joint_grid_slot', 'codebook']","[1, 2, 6, 256]",0.7033631731733756,49.14942932128906,0.5015833973884583,12.779541015625,1.0,0,3072,4,mogents,hml_orig100_train_058__full::mogents,True,False,,person quickly raises their left hand,count_duration_speed,,train,human_diagnostic_problem_description,2026-05-26T23:28:02,,True
20260528_182842_mogents_success_058_sample_trace,MoGenTS,success,hml_orig100_train_059__full,token_logits,time_joint_vocab_logits,time_joint_mask_iteration,"['batch', 'token_time', 'joint_grid_slot', 'codebook']","[1, 41, 6, 256]",1.071846037318599,42.86662292480469,-1.0415892601013184,9.852608680725098,1.0,0,62976,4,mogents,hml_orig100_train_059__full::mogents,True,False,,the person makes many gestures in quick succession.,count_duration_speed,,train,human_diagnostic_problem_description,2026-05-26T23:38:48,,True
20260528_182842_mogents_success_059_sample_trace,MoGenTS,success,hml_orig100_train_060__full,token_logits,time_joint_vocab_logits,time_joint_mask_iteration,"['batch', 'token_time', 'joint_grid_slot', 'codebook']","[1, 49, 6, 256]",1.022825187324957,54.884368896484375,-3.710313081741333,10.80618953704834,1.0,0,75264,4,mogents,hml_orig100_train_060__full::mogents,True,False,,"a person slowly straightens, turns back and to the right, picks up an object, walks forward, and wipes something with the object.",count_duration_speed,,train,human_diagnostic_problem_description,2026-05-26T23:39:26,,True
20260528_182842_mogents_success_060_sample_trace,MoGenTS,success,hml_orig100_train_061__full,token_logits,time_joint_vocab_logits,time_joint_mask_iteration,"['batch', 'token_time', 'joint_grid_slot', 'codebook']","[1, 35, 6, 256]",1.6542672586562999,58.820465087890625,-5.45565128326416,14.201601028442383,1.0,0,53760,4,mogents,hml_orig100_train_061__full::mogents,True,False,,person moves back in a seated position sits then stand up again returning to original position,count_duration_speed,,train,human_diagnostic_problem_description,2026-05-26T23:39:47,,True
20260528_182842_mogents_success_061_sample_trace,MoGenTS,success,hml_orig100_train_062__full,token_logits,time_joint_vocab_logits,time_joint_mask_iteration,"['batch', 'token_time', 'joint_grid_slot', 'codebook']","[1, 14, 6, 256]",0.8243992354774888,64.11634063720703,2.4403598308563232,15.637027740478516,1.0,0,21504,4,mogents,hml_orig100_train_062__full::mogents,True,False,,a person slowly walks forward.,count_duration_speed,,train,human_diagnostic_problem_description,2026-05-26T23:40:14,,True
20260528_182842_mogents_success_062_sample_trace,MoGenTS,success,hml_orig100_train_063__full,token_logits,time_joint_vocab_logits,time_joint_mask_iteration,"['batch', 'token_time', 'joint_grid_slot', 'codebook']","[1, 30, 6, 256]",0.961518632072083,57.65894317626953,0.8410513997077942,13.481437683105469,1.0,0,46080,4,mogents,hml_orig100_train_063__full::mogents,True,False,,a person begins walking then quickly turns around to stand with his back to the viewer.,count_duration_speed,,train,human_diagnostic_problem_description,2026-05-26T23:40:59,,True
20260528_182842_mogents_success_063_sample_trace,MoGenTS,success,hml_orig100_train_064__full,token_logits,time_joint_vocab_logits,time_joint_mask_iteration,"['batch', 'token_time', 'joint_grid_slot', 'codebook']","[1, 49, 6, 256]",1.4633878715025075,72.7612075805664,5.068469047546387,15.541080474853516,1.0,0,75264,4,mogents,hml_orig100_train_064__full::mogents,True,False,,a man does several cart wheels in a small area.,count_duration_speed,,train,human_diagnostic_problem_description,2026-05-26T23:41:54,,True
20260528_182842_mogents_success_065_sample_trace,MoGenTS,success,hml_orig100_train_066__full,token_logits,time_joint_vocab_logits,time_joint_mask_iteration,"['batch', 'token_time', 'joint_grid_slot', 'codebook']","[1, 33, 6, 256]",1.330353540578161,55.389198303222656,2.5635318756103516,13.62456226348877,1.0,0,50688,4,mogents,hml_orig100_train_066__full::mogents,True,False,,this person jump and spin and then balance themselves.,multi_action_composition,,train,human_diagnostic_problem_description,2026-05-26T23:43:25,,True
20260528_182842_mogents_success_067_sample_trace,MoGenTS,success,hml_orig100_train_068__full,token_logits,time_joint_vocab_logits,time_joint_mask_iteration,"['batch', 'token_time', 'joint_grid_slot', 'codebook']","[1, 48, 6, 256]",1.8890776398618514,72.64152526855469,-8.662140846252441,19.393598556518555,1.0,0,73728,4,mogents,hml_orig100_train_068__full::mogents,True,False,,a person is standing on his right foot and then his left foot.,multi_action_composition,,train,human_diagnostic_problem_description,2026-05-26T23:44:57,,True
20260528_182842_mogents_success_069_sample_trace,MoGenTS,success,hml_orig100_train_070__full,token_logits,time_joint_vocab_logits,time_joint_mask_iteration,"['batch', 'token_time', 'joint_grid_slot', 'codebook']","[1, 43, 6, 256]",2.0867340741222336,74.87215423583984,-6.876125812530518,16.580272674560547,1.0,0,66048,4,mogents,hml_orig100_train_070__full::mogents,True,False,,"a person walks forward and steps forward on their right foot, reaching their left arm out before returning to regular.",multi_action_composition,,train,human_diagnostic_problem_description,2026-05-26T23:51:53,,True
20260528_182842_mogents_success_070_sample_trace,MoGenTS,success,hml_orig100_train_071__full,token_logits,time_joint_vocab_logits,time_joint_mask_iteration,"['batch', 'token_time', 'joint_grid_slot', 'codebook']","[1, 49, 6, 256]",1.4033754059824093,81.33155059814453,-5.376958847045898,14.725343704223633,1.0,0,75264,4,mogents,hml_orig100_train_071__full::mogents,True,False,,"the person picks up one container with each hand, pours them at the same time, then grabs something with their right hand and mixes the concoction.",multi_action_composition,,train,human_diagnostic_problem_description,2026-05-26T23:52:42,,True
20260528_182842_mogents_success_071_sample_trace,MoGenTS,success,hml_orig100_train_072__full,token_logits,time_joint_vocab_logits,time_joint_mask_iteration,"['batch', 'token_time', 'joint_grid_slot', 'codebook']","[1, 48, 6, 256]",1.1881478195956363,58.5859260559082,-3.126250743865967,12.988190650939941,1.0,0,73728,4,mogents,hml_orig100_train_072__full::mogents,True,False,,"a person is turning something with its left hand, while holding something with its right hand",multi_action_composition,,train,human_diagnostic_problem_description,2026-05-26T23:53:35,,True
20260528_182842_mogents_success_073_sample_trace,MoGenTS,success,hml_orig100_train_074__full,token_logits,time_joint_vocab_logits,time_joint_mask_iteration,"['batch', 'token_time', 'joint_grid_slot', 'codebook']","[1, 49, 6, 256]",1.3081449934124754,62.758460998535156,-1.6661717891693115,14.517265319824219,1.0,0,75264,4,mogents,hml_orig100_train_074__full::mogents,True,False,,"a man stands facing forward, stretch both hands forward, he turned right walked a little turned left walked a little turned left walked.",dance_exercise,,train,human_diagnostic_problem_description,2026-05-26T23:55:16,,True
20260528_182842_mogents_success_075_sample_trace,MoGenTS,success,hml_orig100_train_076__full,token_logits,time_joint_vocab_logits,time_joint_mask_iteration,"['batch', 'token_time', 'joint_grid_slot', 'codebook']","[1, 47, 6, 256]",1.9478762001487322,59.919471740722656,-4.027307510375977,15.373587608337402,1.0,0,72192,4,mogents,hml_orig100_train_076__full::mogents,True,False,,"a man bends foward ,stretches his right hand towards the ground and then followed by the left hand trying to search something.",dance_exercise,,train,human_diagnostic_problem_description,2026-05-26T23:59:14,,True
20260528_182842_mogents_success_076_sample_trace,MoGenTS,success,hml_orig100_train_077__full,token_logits,time_joint_vocab_logits,time_joint_mask_iteration,"['batch', 'token_time', 'joint_grid_slot', 'codebook']","[1, 30, 6, 256]",1.1720690017761992,71.00675201416016,-2.4266271591186523,16.285715103149414,1.0,0,46080,4,mogents,hml_orig100_train_077__full::mogents,True,False,,figure appears to be stretching,dance_exercise,,train,human_diagnostic_problem_description,2026-05-26T23:59:20,,True
20260528_182842_mogents_success_079_sample_trace,MoGenTS,success,hml_orig100_train_080__full,token_logits,time_joint_vocab_logits,time_joint_mask_iteration,"['batch', 'token_time', 'joint_grid_slot', 'codebook']","[1, 13, 6, 256]",0.8763095924711677,69.58659362792969,5.595555305480957,16.68815803527832,1.0,0,19968,4,mogents,hml_orig100_train_080__full::mogents,True,False,,stretching out arms while shaking out left arm,dance_exercise,,train,human_diagnostic_problem_description,2026-05-27T00:00:45,,True
20260528_182842_mogents_success_080_sample_trace,MoGenTS,success,hml_orig100_test_001__full,token_logits,time_joint_vocab_logits,time_joint_mask_iteration,"['batch', 'token_time', 'joint_grid_slot', 'codebook']","[1, 49, 6, 256]",0.9069853629955318,50.31916809082031,-1.7259281873703003,9.983342170715332,1.0,0,75264,4,mogents,hml_orig100_test_001__full::mogents,True,False,,"a person walks forward, swaying their hips.",simple_locomotion,,test,human_diagnostic_problem_description,2026-05-27T00:00:57,,True
20260528_182842_mogents_success_083_sample_trace,MoGenTS,success,hml_orig100_test_004__full,token_logits,time_joint_vocab_logits,time_joint_mask_iteration,"['batch', 'token_time', 'joint_grid_slot', 'codebook']","[1, 27, 6, 256]",0.7858867398837325,45.533241271972656,-0.344311386346817,10.314156532287598,1.0,0,41472,4,mogents,hml_orig100_test_004__full::mogents,True,False,,a person slowly walks backward in a straight line.,direction_turn,,test,human_diagnostic_problem_description,2026-05-27T00:03:19,,True
20260528_182842_mogents_success_084_sample_trace,MoGenTS,success,hml_orig100_test_005__full,token_logits,time_joint_vocab_logits,time_joint_mask_iteration,"['batch', 'token_time', 'joint_grid_slot', 'codebook']","[1, 49, 6, 256]",1.1593042078073403,58.67023849487305,0.3548319339752197,12.945086479187012,1.0,0,75264,4,mogents,hml_orig100_test_005__full::mogents,True,False,,a person stands on one leg in yoga pose.,stop_go,,test,human_diagnostic_problem_description,2026-05-27T00:03:35,,True
20260528_182842_mogents_success_085_sample_trace,MoGenTS,success,hml_orig100_test_006__full,token_logits,time_joint_vocab_logits,time_joint_mask_iteration,"['batch', 'token_time', 'joint_grid_slot', 'codebook']","[1, 26, 6, 256]",0.8679936390271399,43.934871673583984,-2.120359182357788,11.053587913513184,1.0,0,39936,4,mogents,hml_orig100_test_006__full::mogents,True,False,,this person stands still then lifts his right foot.,stop_go,,test,human_diagnostic_problem_description,2026-05-27T00:04:18,,True
20260528_182842_mogents_success_086_sample_trace,MoGenTS,success,hml_orig100_test_007__full,token_logits,time_joint_vocab_logits,time_joint_mask_iteration,"['batch', 'token_time', 'joint_grid_slot', 'codebook']","[1, 29, 6, 256]",0.9186107834188229,85.88539123535156,-0.29602688550949097,13.818367958068848,1.0,0,44544,4,mogents,hml_orig100_test_007__full::mogents,True,False,,person standing bends forward slightly to left to pick something up with both hands and moves item slightly to the right,sit_squat_posture,,test,human_diagnostic_problem_description,2026-05-27T00:06:41,,True
20260528_182842_mogents_success_087_sample_trace,MoGenTS,success,hml_orig100_test_008__full,token_logits,time_joint_vocab_logits,time_joint_mask_iteration,"['batch', 'token_time', 'joint_grid_slot', 'codebook']","[1, 24, 6, 256]",0.9765743921246308,56.292686462402344,-0.08146904408931732,14.193365097045898,1.0,0,36864,4,mogents,hml_orig100_test_008__full::mogents,True,False,,a person bends slightly at the shoulders and mimics the movements of picking something up with both arms moving it from their right side to their left side.,sit_squat_posture,,test,human_diagnostic_problem_description,2026-05-27T00:07:24,,True
20260528_182842_mogents_success_088_sample_trace,MoGenTS,success,hml_orig100_test_009__full,token_logits,time_joint_vocab_logits,time_joint_mask_iteration,"['batch', 'token_time', 'joint_grid_slot', 'codebook']","[1, 9, 6, 256]",1.1768764278081216,108.91510772705078,14.823719024658203,26.167808532714844,1.0,0,13824,4,mogents,hml_orig100_test_009__full::mogents,True,False,,a person walked forward in right direction adn jumped,jump_kick,,test,human_diagnostic_problem_description,2026-05-27T00:08:36,,True
20260528_182842_mogents_success_089_sample_trace,MoGenTS,success,hml_orig100_test_010__full,token_logits,time_joint_vocab_logits,time_joint_mask_iteration,"['batch', 'token_time', 'joint_grid_slot', 'codebook']","[1, 19, 6, 256]",0.6448067173495373,56.17915725708008,1.0047245025634766,12.276734352111816,1.0,0,29184,4,mogents,hml_orig100_test_010__full::mogents,True,False,,a person jumps on the spot twice.,jump_kick,,test,human_diagnostic_problem_description,2026-05-27T00:09:02,,True
20260528_182842_mogents_success_090_sample_trace,MoGenTS,success,hml_orig100_test_011__full,token_logits,time_joint_vocab_logits,time_joint_mask_iteration,"['batch', 'token_time', 'joint_grid_slot', 'codebook']","[1, 22, 6, 256]",0.849355907742463,55.728355407714844,0.5787046551704407,14.545783996582031,1.0,0,33792,4,mogents,hml_orig100_test_011__full::mogents,True,False,,the person is moving around both arms.,upper_body_gesture,,test,human_diagnostic_problem_description,2026-05-27T00:09:10,,True
20260528_182842_mogents_success_091_sample_trace,MoGenTS,success,hml_orig100_test_012__full,token_logits,time_joint_vocab_logits,time_joint_mask_iteration,"['batch', 'token_time', 'joint_grid_slot', 'codebook']","[1, 40, 6, 256]",1.4639687924746503,54.47119140625,-5.923044681549072,13.447420120239258,1.0,0,61440,4,mogents,hml_orig100_test_012__full::mogents,True,False,,a person twists to the left and picks something up with their left hand.,upper_body_gesture,,test,human_diagnostic_problem_description,2026-05-27T00:10:34,,True
20260528_182842_mogents_success_093_sample_trace,MoGenTS,success,hml_orig100_test_014__full,token_logits,time_joint_vocab_logits,time_joint_mask_iteration,"['batch', 'token_time', 'joint_grid_slot', 'codebook']","[1, 25, 6, 256]",1.5364322516592364,89.37733459472656,-7.093560218811035,19.323152542114258,1.0,0,38400,4,mogents,hml_orig100_test_014__full::mogents,True,False,,the sim is jogging in place.,object_interaction,,test,human_diagnostic_problem_description,2026-05-27T00:13:09,,True
20260528_182842_mogents_success_094_sample_trace,MoGenTS,success,hml_orig100_test_015__full,token_logits,time_joint_vocab_logits,time_joint_mask_iteration,"['batch', 'token_time', 'joint_grid_slot', 'codebook']","[1, 37, 6, 256]",1.1418343787261869,49.75149917602539,-2.5613391399383545,11.488146781921387,1.0,0,56832,4,mogents,hml_orig100_test_015__full::mogents,True,False,,a person starts slowly walking forward and then jogs some before coming to a stop.,count_duration_speed,,test,human_diagnostic_problem_description,2026-05-27T00:13:52,,True
20260528_182842_mogents_success_095_sample_trace,MoGenTS,success,hml_orig100_test_016__full,token_logits,time_joint_vocab_logits,time_joint_mask_iteration,"['batch', 'token_time', 'joint_grid_slot', 'codebook']","[1, 49, 6, 256]",0.8898617608280793,48.96382141113281,-2.364140272140503,9.654922485351562,1.0,0,75264,4,mogents,hml_orig100_test_016__full::mogents,True,False,,"a person walks up to shake with their left hand, turns slightly left to shake again, and turns left again to shake for a final time.",count_duration_speed,,test,human_diagnostic_problem_description,2026-05-27T00:16:14,,True
20260528_182842_mogents_success_096_sample_trace,MoGenTS,success,hml_orig100_test_017__full,token_logits,time_joint_vocab_logits,time_joint_mask_iteration,"['batch', 'token_time', 'joint_grid_slot', 'codebook']","[1, 47, 6, 256]",2.6637313773135465,88.37501525878906,-9.832754135131836,19.381282806396484,1.0,0,72192,4,mogents,hml_orig100_test_017__full::mogents,True,False,,a person sits in a  chair then stands back up.,multi_action_composition,,test,human_diagnostic_problem_description,2026-05-27T00:16:24,,True
20260528_182842_mogents_success_097_sample_trace,MoGenTS,success,hml_orig100_test_018__full,token_logits,time_joint_vocab_logits,time_joint_mask_iteration,"['batch', 'token_time', 'joint_grid_slot', 'codebook']","[1, 49, 6, 256]",1.1393837661771302,65.97445678710938,-1.3063374757766724,12.660209655761719,1.0,0,75264,4,mogents,hml_orig100_test_018__full::mogents,True,False,,a man lifts each knee to his elbow multiple times and then does a squat.,multi_action_composition,,test,human_diagnostic_problem_description,2026-05-27T00:16:56,,True
20260528_182842_mogents_success_098_sample_trace,MoGenTS,success,hml_orig100_test_019__full,token_logits,time_joint_vocab_logits,time_joint_mask_iteration,"['batch', 'token_time', 'joint_grid_slot', 'codebook']","[1, 20, 6, 256]",0.8542965951123059,61.34758758544922,-4.312684535980225,15.735306739807129,1.0,0,30720,4,mogents,hml_orig100_test_019__full::mogents,True,False,,"a man steps forward, lifts his arms then bends and stretches them.",dance_exercise,,test,human_diagnostic_problem_description,2026-05-27T00:19:24,,True
20260528_182842_molingo_failure_005_sample_trace,MoLingo,failure,hml_orig100_train_006__full,hidden_state,latent_transformer_z,latent_ar_state,"['batch', 'latent_token', 'hidden_dim']","[1, 49, 1024]",1.2045990106643205,4.984358787536621,-8.188301762857009e-06,1.2313693761825562,1.0,1,50176,3,molingo,hml_orig100_train_006__full::molingo,True,True,左手拿,"a person picks up a cloth/sponge with their right hand, then walks over to an object, lifts it with their left hand and washes/wipes it with the cloth.",simple_locomotion,,train,human_diagnostic_problem_description,2026-05-28T18:24:11,,True
20260528_182842_molingo_failure_046_sample_trace,MoLingo,failure,hml_orig100_train_047__full,hidden_state,latent_transformer_z,latent_ar_state,"['batch', 'latent_token', 'hidden_dim']","[1, 49, 1024]",1.1964203724625533,4.309737682342529,-3.7961846828693524e-05,1.2230088710784912,1.0,1,50176,3,molingo,hml_orig100_train_047__full::molingo,True,True,没有两次limp,"a person bends slightly to grab something with his right hand then limps one step to his left, pauses, and limps another step to the left.",upper_body_gesture,,train,human_diagnostic_problem_description,2026-05-26T23:13:57,,True
20260528_182842_molingo_failure_049_sample_trace,MoLingo,failure,hml_orig100_train_050__full,hidden_state,latent_transformer_z,latent_ar_state,"['batch', 'latent_token', 'hidden_dim']","[1, 49, 1024]",1.1812445379101588,4.328571319580078,3.334465509396978e-05,0.48870640993118286,0.16326530612244897,1,50176,3,molingo,hml_orig100_train_050__full::molingo,True,True,用右手摘,a man turns to the left and reaches up to grab something with his left hands.,object_interaction,,train,human_diagnostic_problem_description,2026-05-26T23:24:49,,True
20260528_182842_molingo_failure_063_sample_trace,MoLingo,failure,hml_orig100_train_064__full,hidden_state,latent_transformer_z,latent_ar_state,"['batch', 'latent_token', 'hidden_dim']","[1, 49, 1024]",1.2614134999203848,6.170463562011719,0.00013492541620507836,1.2894463539123535,1.0,1,50176,3,molingo,hml_orig100_train_064__full::molingo,True,True,人物抖动、漂移严重,a man does several cart wheels in a small area.,count_duration_speed,,train,human_diagnostic_problem_description,2026-05-26T23:41:54,,True
20260528_182842_molingo_failure_065_sample_trace,MoLingo,failure,hml_orig100_train_066__full,hidden_state,latent_transformer_z,latent_ar_state,"['batch', 'latent_token', 'hidden_dim']","[1, 49, 1024]",1.2472680761191166,5.7799153327941895,0.00025065880618058145,1.0473562479019165,0.673469387755102,1,50176,3,molingo,hml_orig100_train_066__full::molingo,True,True,第二次跳跃后脚步滑动,this person jump and spin and then balance themselves.,multi_action_composition,,train,human_diagnostic_problem_description,2026-05-26T23:43:25,,True
20260528_182842_molingo_failure_073_sample_trace,MoLingo,failure,hml_orig100_train_074__full,hidden_state,latent_transformer_z,latent_ar_state,"['batch', 'latent_token', 'hidden_dim']","[1, 49, 1024]",1.2785790110773378,4.91348123550415,-0.0003210493305232376,1.3069933652877808,1.0,1,50176,3,molingo,hml_orig100_train_074__full::molingo,True,True,"a man stands facing forward, stretch both hands forward, he turned right walked a little turned left walked a little turned right walked.","a man stands facing forward, stretch both hands forward, he turned right walked a little turned left walked a little turned left walked.",dance_exercise,,train,human_diagnostic_problem_description,2026-05-26T23:55:16,,True
20260528_182842_molingo_failure_074_sample_trace,MoLingo,failure,hml_orig100_train_075__full,hidden_state,latent_transformer_z,latent_ar_state,"['batch', 'latent_token', 'hidden_dim']","[1, 49, 1024]",1.236816789681831,5.379532814025879,0.0001306132908212021,1.2643030881881714,1.0,1,50176,3,molingo,hml_orig100_train_075__full::molingo,True,True,man has two hands on the ground facing downward with the left leg in front and the right leg stretched behind; kicks right leg behind as well and went intp a downward facing dog position.,man has two hands on the ground facing downward with the right leg in front and the left leg stretched behind; kicks right leg behind as well and went intp a downward facing dog position.,dance_exercise,,train,human_diagnostic_problem_description,2026-05-26T23:57:09,,True
20260528_182842_molingo_failure_075_sample_trace,MoLingo,failure,hml_orig100_train_076__full,hidden_state,latent_transformer_z,latent_ar_state,"['batch', 'latent_token', 'hidden_dim']","[1, 49, 1024]",1.154447080007164,4.670500755310059,0.00022995981271378696,1.156705379486084,0.9591836734693877,1,50176,3,molingo,hml_orig100_train_076__full::molingo,True,True,"a man bends foward ,stretches his left hand towards the ground and then followed by the right hand trying to search something.","a man bends foward ,stretches his right hand towards the ground and then followed by the left hand trying to search something.",dance_exercise,,train,human_diagnostic_problem_description,2026-05-26T23:59:14,,True
20260528_182842_molingo_failure_082_sample_trace,MoLingo,failure,hml_orig100_test_003__full,hidden_state,latent_transformer_z,latent_ar_state,"['batch', 'latent_token', 'hidden_dim']","[1, 49, 1024]",1.2136298615172507,4.3368096351623535,0.00010732088412623852,0.869587779045105,0.4897959183673469,1,50176,3,molingo,hml_orig100_test_003__full::molingo,True,True,两只脚轮流单脚跳,a person stands normally then begins hops on their right foot while their left foot is elevated then stops and stands normally.,direction_turn,,test,human_diagnostic_problem_description,2026-05-27T00:03:14,,True
20260528_182842_molingo_failure_085_sample_trace,MoLingo,failure,hml_orig100_test_006__full,hidden_state,latent_transformer_z,latent_ar_state,"['batch', 'latent_token', 'hidden_dim']","[1, 49, 1024]",1.115093805089902,4.593470573425293,0.0001577287184773013,0.8316141366958618,0.5306122448979592,1,50176,3,molingo,hml_orig100_test_006__full::molingo,True,True,this person stands still then lifts his left foot.,this person stands still then lifts his right foot.,stop_go,,test,human_diagnostic_problem_description,2026-05-27T00:04:18,,True
20260528_182842_molingo_failure_099_sample_trace,MoLingo,failure,hml_orig100_test_020__full,hidden_state,latent_transformer_z,latent_ar_state,"['batch', 'latent_token', 'hidden_dim']","[1, 49, 1024]",1.2477076648399703,4.328037261962891,0.0003839099081233144,1.2754358053207397,1.0,1,50176,3,molingo,hml_orig100_test_020__full::molingo,True,True,没有holding the posture for several seconds保持姿势不动数秒,"a man slowly raises both arms high over his head in a stretch, holding the posture for several seconds, with his right arm stretched out to his side.",dance_exercise,,test,human_diagnostic_problem_description,2026-05-27T00:21:34,,True
20260528_182842_molingo_success_000_sample_trace,MoLingo,success,hml_orig100_train_001__full,hidden_state,latent_transformer_z,latent_ar_state,"['batch', 'latent_token', 'hidden_dim']","[1, 49, 1024]",1.125437015236795,4.2056565284729,-9.580458026903216e-07,0.7542943954467773,0.42857142857142855,0,50176,3,molingo,hml_orig100_train_001__full::molingo,True,False,,a person slides from side to side 2 times then takes off running while looking forward the whole time,simple_locomotion,,train,human_diagnostic_problem_description,2026-05-28T18:24:04,,True
20260528_182842_molingo_success_003_sample_trace,MoLingo,success,hml_orig100_train_004__full,hidden_state,latent_transformer_z,latent_ar_state,"['batch', 'latent_token', 'hidden_dim']","[1, 49, 1024]",0.9371429485317361,3.789607286453247,1.6202997358050197e-05,0.7122525572776794,0.5510204081632653,0,50176,3,molingo,hml_orig100_train_004__full::molingo,True,False,,a person walks and turns right.,simple_locomotion,,train,human_diagnostic_problem_description,2026-05-28T18:24:09,,True
20260528_182842_molingo_success_004_sample_trace,MoLingo,success,hml_orig100_train_005__full,hidden_state,latent_transformer_z,latent_ar_state,"['batch', 'latent_token', 'hidden_dim']","[1, 49, 1024]",0.8567250391537607,2.7636241912841797,3.636567635112442e-05,0.56034916639328,0.40816326530612246,0,50176,3,molingo,hml_orig100_train_005__full::molingo,True,False,,the person is stepping forward.,simple_locomotion,,train,human_diagnostic_problem_description,2026-05-28T18:24:10,,True
20260528_182842_molingo_success_006_sample_trace,MoLingo,success,hml_orig100_train_007__full,hidden_state,latent_transformer_z,latent_ar_state,"['batch', 'latent_token', 'hidden_dim']","[1, 49, 1024]",1.0057382418747505,3.810396671295166,-7.030781853245571e-05,0.7500590085983276,0.5306122448979592,0,50176,3,molingo,hml_orig100_train_007__full::molingo,True,False,,a person takes a few steps curving to the left.,simple_locomotion,,train,human_diagnostic_problem_description,2026-05-28T18:24:13,,True
20260528_182842_molingo_success_007_sample_trace,MoLingo,success,hml_orig100_train_008__full,hidden_state,latent_transformer_z,latent_ar_state,"['batch', 'latent_token', 'hidden_dim']","[1, 49, 1024]",1.1283304742823352,3.521657705307007,-3.085196112806443e-06,1.1415750980377197,0.9795918367346939,0,50176,3,molingo,hml_orig100_train_008__full::molingo,True,False,,a man walks forward slowly in a jagged line.,simple_locomotion,,train,human_diagnostic_problem_description,2026-05-28T18:24:14,,True
20260528_182842_molingo_success_008_sample_trace,MoLingo,success,hml_orig100_train_009__full,hidden_state,latent_transformer_z,latent_ar_state,"['batch', 'latent_token', 'hidden_dim']","[1, 49, 1024]",1.0831097631567714,4.973866939544678,-1.704487658571452e-05,0.8530488014221191,0.5918367346938775,0,50176,3,molingo,hml_orig100_train_009__full::molingo,True,False,,"a person steps back, sits down, stands up and steps forward.",direction_turn,,train,human_diagnostic_problem_description,2026-05-28T18:24:16,,True
20260528_182842_molingo_success_009_sample_trace,MoLingo,success,hml_orig100_train_010__full,hidden_state,latent_transformer_z,latent_ar_state,"['batch', 'latent_token', 'hidden_dim']","[1, 49, 1024]",1.1045854596313471,3.6480908393859863,2.734665213210974e-05,0.625718355178833,0.30612244897959184,0,50176,3,molingo,hml_orig100_train_010__full::molingo,True,False,,a person walks at a left bend.,direction_turn,,train,human_diagnostic_problem_description,2026-05-28T18:24:17,,True
20260528_182842_molingo_success_010_sample_trace,MoLingo,success,hml_orig100_train_011__full,hidden_state,latent_transformer_z,latent_ar_state,"['batch', 'latent_token', 'hidden_dim']","[1, 49, 1024]",1.2008393997745574,4.697561264038086,3.239174111513421e-05,1.227526068687439,1.0,0,50176,3,molingo,hml_orig100_train_011__full::molingo,True,False,,someone with outstretched arms spins counterclockwise,direction_turn,,train,human_diagnostic_problem_description,2026-05-28T18:24:18,,True
20260528_182842_molingo_success_011_sample_trace,MoLingo,success,hml_orig100_train_012__full,hidden_state,latent_transformer_z,latent_ar_state,"['batch', 'latent_token', 'hidden_dim']","[1, 49, 1024]",1.123845434488536,4.923219203948975,7.621639724675333e-06,0.9857547283172607,0.7346938775510204,0,50176,3,molingo,hml_orig100_train_012__full::molingo,True,False,,a man throws object with his left hand.,direction_turn,,train,human_diagnostic_problem_description,2026-05-28T18:24:20,,True
20260528_182842_molingo_success_012_sample_trace,MoLingo,success,hml_orig100_train_013__full,hidden_state,latent_transformer_z,latent_ar_state,"['batch', 'latent_token', 'hidden_dim']","[1, 49, 1024]",0.8903117478101594,3.4038453102111816,-3.955965439672582e-05,0.66397625207901,0.5306122448979592,0,50176,3,molingo,hml_orig100_train_013__full::molingo,True,False,,the man walk and turn like a haf sercle and stops.,direction_turn,,train,human_diagnostic_problem_description,2026-05-28T18:24:21,,True
20260528_182842_molingo_success_013_sample_trace,MoLingo,success,hml_orig100_train_014__full,hidden_state,latent_transformer_z,latent_ar_state,"['batch', 'latent_token', 'hidden_dim']","[1, 49, 1024]",1.0710062789564103,3.5449585914611816,-1.108121796278283e-05,0.7005018591880798,0.40816326530612246,0,50176,3,molingo,hml_orig100_train_014__full::molingo,True,False,,a person walks and does a 180 degree turn.,direction_turn,,train,human_diagnostic_problem_description,2026-05-28T18:24:23,,True
20260528_182842_molingo_success_014_sample_trace,MoLingo,success,hml_orig100_train_015__full,hidden_state,latent_transformer_z,latent_ar_state,"['batch', 'latent_token', 'hidden_dim']","[1, 49, 1024]",1.2575176920103268,4.597988605499268,0.00010231707710772753,1.2854639291763306,1.0,0,50176,3,molingo,hml_orig100_train_015__full::molingo,True,False,,"a person standing in place holds a ball with both hands, then throws the ball with left hand and catches the ball with both hands, then throws the ball and catches the ball again.",direction_turn,,train,human_diagnostic_problem_description,2026-05-28T18:24:25,,True
20260528_182842_molingo_success_015_sample_trace,MoLingo,success,hml_orig100_train_016__full,hidden_state,latent_transformer_z,latent_ar_state,"['batch', 'latent_token', 'hidden_dim']","[1, 49, 1024]",1.054060401116442,3.705570697784424,-3.936190842068754e-05,0.911526620388031,0.7142857142857143,0,50176,3,molingo,hml_orig100_train_016__full::molingo,True,False,,a person walks to the right in a partial circle.,direction_turn,,train,human_diagnostic_problem_description,2026-05-28T18:24:26,,True
20260528_182842_molingo_success_016_sample_trace,MoLingo,success,hml_orig100_train_017__full,hidden_state,latent_transformer_z,latent_ar_state,"['batch', 'latent_token', 'hidden_dim']","[1, 49, 1024]",1.1631702910787254,4.356377601623535,0.00012286163109820336,1.189019799232483,1.0,0,50176,3,molingo,hml_orig100_train_017__full::molingo,True,False,,person standing begins moving arms with hands coming together then apart and then raising arms above head,stop_go,,train,human_diagnostic_problem_description,2026-05-28T18:24:27,,True
20260528_182842_molingo_success_017_sample_trace,MoLingo,success,hml_orig100_train_018__full,hidden_state,latent_transformer_z,latent_ar_state,"['batch', 'latent_token', 'hidden_dim']","[1, 49, 1024]",1.1896966921005512,4.665687084197998,0.00014843320241197944,0.8345155715942383,0.46938775510204084,0,50176,3,molingo,hml_orig100_train_018__full::molingo,True,False,,a standing person performs a cartwheel starting with their left hand,stop_go,,train,human_diagnostic_problem_description,2026-05-28T18:24:29,,True
20260528_182842_molingo_success_018_sample_trace,MoLingo,success,hml_orig100_train_019__full,hidden_state,latent_transformer_z,latent_ar_state,"['batch', 'latent_token', 'hidden_dim']","[1, 49, 1024]",1.2573639904031821,5.2200469970703125,-0.0001687553449301049,1.2853069305419922,1.0,0,50176,3,molingo,hml_orig100_train_019__full::molingo,True,False,,"a person quickly sprints in a figure-eight pattern, stopping briefly at each side to carefully turn.",stop_go,,train,human_diagnostic_problem_description,2026-05-28T18:24:31,,True
20260528_182842_molingo_success_019_sample_trace,MoLingo,success,hml_orig100_train_020__full,hidden_state,latent_transformer_z,latent_ar_state,"['batch', 'latent_token', 'hidden_dim']","[1, 49, 1024]",0.8879974410918242,3.4309630393981934,-1.0968470633088145e-05,0.9077317714691162,1.0,0,50176,3,molingo,hml_orig100_train_020__full::molingo,True,False,,the man is standing still like a statue.,stop_go,,train,human_diagnostic_problem_description,2026-05-28T18:24:32,,True
20260528_182842_molingo_success_020_sample_trace,MoLingo,success,hml_orig100_train_021__full,hidden_state,latent_transformer_z,latent_ar_state,"['batch', 'latent_token', 'hidden_dim']","[1, 49, 1024]",0.8921814767414955,3.6155738830566406,1.1480394277896266e-05,0.5053971409797668,0.30612244897959184,0,50176,3,molingo,hml_orig100_train_021__full::molingo,True,False,,a standing person scratches their head.,stop_go,,train,human_diagnostic_problem_description,2026-05-28T18:24:34,,True
20260528_182842_molingo_success_021_sample_trace,MoLingo,success,hml_orig100_train_022__full,hidden_state,latent_transformer_z,latent_ar_state,"['batch', 'latent_token', 'hidden_dim']","[1, 49, 1024]",0.8033864277819167,3.0831780433654785,-5.283338759909384e-05,0.621781587600708,0.5714285714285714,0,50176,3,molingo,hml_orig100_train_022__full::molingo,True,False,,robot walking forward slowly and then stopped.,stop_go,,train,human_diagnostic_problem_description,2026-05-28T18:24:35,,True
20260528_182842_molingo_success_022_sample_trace,MoLingo,success,hml_orig100_train_023__full,hidden_state,latent_transformer_z,latent_ar_state,"['batch', 'latent_token', 'hidden_dim']","[1, 49, 1024]",1.012332304366911,3.734539031982422,3.817363904090598e-05,0.6453750133514404,0.3877551020408163,0,50176,3,molingo,hml_orig100_train_023__full::molingo,True,False,,a person is walking taking big steps across the floor then suddenly stops.,stop_go,,train,human_diagnostic_problem_description,2026-05-28T18:24:36,,True
20260528_182842_molingo_success_023_sample_trace,MoLingo,success,hml_orig100_train_024__full,hidden_state,latent_transformer_z,latent_ar_state,"['batch', 'latent_token', 'hidden_dim']","[1, 49, 1024]",1.21917058132284,5.096920013427734,-7.883223588578403e-05,1.2462646961212158,1.0,0,50176,3,molingo,hml_orig100_train_024__full::molingo,True,False,,"a figure walks in a straight line, turns and sits facing away, then stands and walks away",stop_go,,train,human_diagnostic_problem_description,2026-05-28T18:24:37,,True
20260528_182842_molingo_success_024_sample_trace,MoLingo,success,hml_orig100_train_025__full,hidden_state,latent_transformer_z,latent_ar_state,"['batch', 'latent_token', 'hidden_dim']","[1, 49, 1024]",1.211484418097561,5.21588134765625,-0.000252083467785269,1.2384077310562134,1.0,0,50176,3,molingo,hml_orig100_train_025__full::molingo,True,False,,"a person picks something up, walks forward, sets it down, walks back and squats down.",sit_squat_posture,,train,human_diagnostic_problem_description,2026-05-28T18:24:39,,True
20260528_182842_molingo_success_025_sample_trace,MoLingo,success,hml_orig100_train_026__full,hidden_state,latent_transformer_z,latent_ar_state,"['batch', 'latent_token', 'hidden_dim']","[1, 49, 1024]",1.1426865230700378,4.61399507522583,-0.00019536289619281888,1.0297738313674927,0.7755102040816326,0,50176,3,molingo,hml_orig100_train_026__full::molingo,True,False,,person take a step back then sits down then getting back up and stepping forward.,sit_squat_posture,,train,human_diagnostic_problem_description,2026-05-28T18:24:40,,True
20260528_182842_molingo_success_026_sample_trace,MoLingo,success,hml_orig100_train_027__full,hidden_state,latent_transformer_z,latent_ar_state,"['batch', 'latent_token', 'hidden_dim']","[1, 49, 1024]",1.223407732209734,4.834505558013916,-4.2269235564162955e-05,1.1858570575714111,0.8979591836734694,0,50176,3,molingo,hml_orig100_train_027__full::molingo,True,False,,a person bends and holds their head with their left hand.,sit_squat_posture,,train,human_diagnostic_problem_description,2026-05-28T18:24:41,,True
20260528_182842_molingo_success_027_sample_trace,MoLingo,success,hml_orig100_train_028__full,hidden_state,latent_transformer_z,latent_ar_state,"['batch', 'latent_token', 'hidden_dim']","[1, 49, 1024]",1.1958822531562223,4.7756733894348145,-6.723905971739441e-05,1.222458839416504,1.0,0,50176,3,molingo,hml_orig100_train_028__full::molingo,True,False,,"a persons walks forward, bends down to pick something up, then walks in a circle and sets it back down.",sit_squat_posture,,train,human_diagnostic_problem_description,2026-05-28T18:24:42,,True
20260528_182842_molingo_success_028_sample_trace,MoLingo,success,hml_orig100_train_029__full,hidden_state,latent_transformer_z,latent_ar_state,"['batch', 'latent_token', 'hidden_dim']","[1, 49, 1024]",1.06365575234355,4.435110569000244,-0.000462831201730296,1.0872937440872192,1.0,0,50176,3,molingo,hml_orig100_train_029__full::molingo,True,False,,a person sits down with both hands on his knees.,sit_squat_posture,,train,human_diagnostic_problem_description,2026-05-28T18:24:44,,True
20260528_182842_molingo_success_029_sample_trace,MoLingo,success,hml_orig100_train_030__full,hidden_state,latent_transformer_z,latent_ar_state,"['batch', 'latent_token', 'hidden_dim']","[1, 49, 1024]",1.1681394139326566,4.231142044067383,-0.0002002753462875262,1.0932883024215698,0.8367346938775511,0,50176,3,molingo,hml_orig100_train_030__full::molingo,True,False,,"a man walks over , sits down , then walks back.",sit_squat_posture,,train,human_diagnostic_problem_description,2026-05-28T18:24:45,,True
20260528_182842_molingo_success_030_sample_trace,MoLingo,success,hml_orig100_train_031__full,hidden_state,latent_transformer_z,latent_ar_state,"['batch', 'latent_token', 'hidden_dim']","[1, 49, 1024]",1.0640533437548512,4.263611316680908,-0.0001850883854785934,0.7463827133178711,0.46938775510204084,0,50176,3,molingo,hml_orig100_train_031__full::molingo,True,False,,a man kneels to the ground one leg at a time starting with the right leg,sit_squat_posture,,train,human_diagnostic_problem_description,2026-05-28T18:24:47,,True
20260528_182842_molingo_success_031_sample_trace,MoLingo,success,hml_orig100_train_032__full,hidden_state,latent_transformer_z,latent_ar_state,"['batch', 'latent_token', 'hidden_dim']","[1, 49, 1024]",1.2931557523464778,5.8126397132873535,0.0003355102089699358,1.3218940496444702,1.0,0,50176,3,molingo,hml_orig100_train_032__full::molingo,True,False,,a person sitting quickly reaches around them and grabs objects.,sit_squat_posture,,train,human_diagnostic_problem_description,2026-05-28T18:24:48,,True
20260528_182842_molingo_success_032_sample_trace,MoLingo,success,hml_orig100_train_033__full,hidden_state,latent_transformer_z,latent_ar_state,"['batch', 'latent_token', 'hidden_dim']","[1, 49, 1024]",1.2515921086432888,4.186682224273682,9.302421676693484e-05,1.2794067859649658,1.0,0,50176,3,molingo,hml_orig100_train_033__full::molingo,True,False,,the woman angerily kicked at the ground with her left foot.,jump_kick,,train,human_diagnostic_problem_description,2026-05-28T18:24:53,,True
20260528_182842_molingo_success_033_sample_trace,MoLingo,success,hml_orig100_train_034__full,hidden_state,latent_transformer_z,latent_ar_state,"['batch', 'latent_token', 'hidden_dim']","[1, 49, 1024]",1.0492613647298463,3.9919326305389404,1.3534017853089608e-05,0.7673007845878601,0.5102040816326531,0,50176,3,molingo,hml_orig100_train_034__full::molingo,True,False,,a person kicked something with left leg,jump_kick,,train,human_diagnostic_problem_description,2026-05-28T18:24:52,,True
20260528_182842_molingo_success_034_sample_trace,MoLingo,success,hml_orig100_train_035__full,hidden_state,latent_transformer_z,latent_ar_state,"['batch', 'latent_token', 'hidden_dim']","[1, 49, 1024]",0.95372655822273,3.3884382247924805,-2.178306431233068e-06,0.44118714332580566,0.20408163265306123,0,50176,3,molingo,hml_orig100_train_035__full::molingo,True,False,,a person kicked with the left leg,jump_kick,,train,human_diagnostic_problem_description,2026-05-26T23:08:13,,True
20260528_182842_molingo_success_035_sample_trace,MoLingo,success,hml_orig100_train_036__full,hidden_state,latent_transformer_z,latent_ar_state,"['batch', 'latent_token', 'hidden_dim']","[1, 49, 1024]",1.082064974186194,4.324702262878418,1.6505013263667934e-05,0.8522259593009949,0.5918367346938775,0,50176,3,molingo,hml_orig100_train_036__full::molingo,True,False,,the person took a jump forward.,jump_kick,,train,human_diagnostic_problem_description,2026-05-26T23:08:19,,True
20260528_182842_molingo_success_036_sample_trace,MoLingo,success,hml_orig100_train_037__full,hidden_state,latent_transformer_z,latent_ar_state,"['batch', 'latent_token', 'hidden_dim']","[1, 49, 1024]",1.0418257346409627,3.8548502922058105,8.988600893644616e-05,0.5056612491607666,0.22448979591836735,0,50176,3,molingo,hml_orig100_train_037__full::molingo,True,False,,"a person does a quick wheel-like spin kick with left leg, pivoting on right leg while both arms resume fighting gesture.",jump_kick,,train,human_diagnostic_problem_description,2026-05-26T23:09:38,,True
20260528_182842_molingo_success_037_sample_trace,MoLingo,success,hml_orig100_train_038__full,hidden_state,latent_transformer_z,latent_ar_state,"['batch', 'latent_token', 'hidden_dim']","[1, 49, 1024]",1.038297744333265,3.642979145050049,1.6484636944369413e-05,0.7122902274131775,0.4489795918367347,0,50176,3,molingo,hml_orig100_train_038__full::molingo,True,False,,the man kicks at something with his left leg.,jump_kick,,train,human_diagnostic_problem_description,2026-05-26T23:09:45,,True
20260528_182842_molingo_success_038_sample_trace,MoLingo,success,hml_orig100_train_039__full,hidden_state,latent_transformer_z,latent_ar_state,"['batch', 'latent_token', 'hidden_dim']","[1, 49, 1024]",1.246439953214866,4.654973983764648,-8.096132660284638e-05,1.261070966720581,0.9795918367346939,0,50176,3,molingo,hml_orig100_train_039__full::molingo,True,False,,person is practicing their long jump,jump_kick,,train,human_diagnostic_problem_description,2026-05-26T23:09:53,,True
20260528_182842_molingo_success_039_sample_trace,MoLingo,success,hml_orig100_train_040__full,hidden_state,latent_transformer_z,latent_ar_state,"['batch', 'latent_token', 'hidden_dim']","[1, 49, 1024]",1.2878439230683911,5.106482028961182,0.00023809855338186026,1.3164641857147217,1.0,0,50176,3,molingo,hml_orig100_train_040__full::molingo,True,False,,"someone jumps over something, turns around and jumps back over it, before getting ready to jump over it again.",jump_kick,,train,human_diagnostic_problem_description,2026-05-26T23:10:20,,True
20260528_182842_molingo_success_040_sample_trace,MoLingo,success,hml_orig100_train_041__full,hidden_state,latent_transformer_z,latent_ar_state,"['batch', 'latent_token', 'hidden_dim']","[1, 49, 1024]",1.2604780593986824,4.771946907043457,0.0003995144215878099,1.2884900569915771,1.0,0,50176,3,molingo,hml_orig100_train_041__full::molingo,True,False,,a person acting traumatic throwing his left hand.,upper_body_gesture,,train,human_diagnostic_problem_description,2026-05-26T23:11:14,,True
20260528_182842_molingo_success_041_sample_trace,MoLingo,success,hml_orig100_train_042__full,hidden_state,latent_transformer_z,latent_ar_state,"['batch', 'latent_token', 'hidden_dim']","[1, 49, 1024]",1.2517073434792911,5.170140266418457,1.129272368416423e-05,1.279524564743042,1.0,0,50176,3,molingo,hml_orig100_train_042__full::molingo,True,False,,"the person holds their head, crouches down on their hands and continues to hold their head.",upper_body_gesture,,train,human_diagnostic_problem_description,2026-05-26T23:11:35,,True
20260528_182842_molingo_success_042_sample_trace,MoLingo,success,hml_orig100_train_043__full,hidden_state,latent_transformer_z,latent_ar_state,"['batch', 'latent_token', 'hidden_dim']","[1, 49, 1024]",1.0331261467376347,4.152309417724609,-2.09924291993957e-05,0.33795931935310364,0.10204081632653061,0,50176,3,molingo,hml_orig100_train_043__full::molingo,True,False,,a person sitting down raises its right hand.,upper_body_gesture,,train,human_diagnostic_problem_description,2026-05-26T23:11:50,,True
20260528_182842_molingo_success_043_sample_trace,MoLingo,success,hml_orig100_train_044__full,hidden_state,latent_transformer_z,latent_ar_state,"['batch', 'latent_token', 'hidden_dim']","[1, 49, 1024]",0.92724380918003,3.60518741607666,5.1941628044005483e-05,0.5754169225692749,0.3673469387755102,0,50176,3,molingo,hml_orig100_train_044__full::molingo,True,False,,this person is standing still and lifts the left hand up to the face.,upper_body_gesture,,train,human_diagnostic_problem_description,2026-05-26T23:12:00,,True
20260528_182842_molingo_success_044_sample_trace,MoLingo,success,hml_orig100_train_045__full,hidden_state,latent_transformer_z,latent_ar_state,"['batch', 'latent_token', 'hidden_dim']","[1, 49, 1024]",1.2546592706590711,5.200416088104248,0.00019745012104976922,1.282542109489441,1.0,0,50176,3,molingo,hml_orig100_train_045__full::molingo,True,False,,both arms bent forward chicken wing flaps to left and right,upper_body_gesture,,train,human_diagnostic_problem_description,2026-05-26T23:12:11,,True
20260528_182842_molingo_success_045_sample_trace,MoLingo,success,hml_orig100_train_046__full,hidden_state,latent_transformer_z,latent_ar_state,"['batch', 'latent_token', 'hidden_dim']","[1, 49, 1024]",1.1057578281776543,4.733263969421387,2.735336238401942e-05,0.8246515393257141,0.5306122448979592,0,50176,3,molingo,hml_orig100_train_046__full::molingo,True,False,,a person wave their arm in a straight motion,upper_body_gesture,,train,human_diagnostic_problem_description,2026-05-26T23:12:31,,True
20260528_182842_molingo_success_047_sample_trace,MoLingo,success,hml_orig100_train_048__full,hidden_state,latent_transformer_z,latent_ar_state,"['batch', 'latent_token', 'hidden_dim']","[1, 49, 1024]",1.0295815546935894,3.638406276702881,0.0001840053009800613,1.0524623394012451,1.0,0,50176,3,molingo,hml_orig100_train_048__full::molingo,True,False,,lowering hands then raising hands towards face.,upper_body_gesture,,train,human_diagnostic_problem_description,2026-05-26T23:14:09,,True
20260528_182842_molingo_success_048_sample_trace,MoLingo,success,hml_orig100_train_049__full,hidden_state,latent_transformer_z,latent_ar_state,"['batch', 'latent_token', 'hidden_dim']","[1, 49, 1024]",1.1656047959249813,4.181898593902588,0.0002738927723839879,0.9336556792259216,0.6122448979591837,0,50176,3,molingo,hml_orig100_train_049__full::molingo,True,False,,a person holds up both of their hands in front of their face and then leans back to dodge an obstacle.,object_interaction,,train,human_diagnostic_problem_description,2026-05-26T23:14:20,,True
20260528_182842_molingo_success_050_sample_trace,MoLingo,success,hml_orig100_train_051__full,hidden_state,latent_transformer_z,latent_ar_state,"['batch', 'latent_token', 'hidden_dim']","[1, 49, 1024]",1.2036006485274702,4.285528182983398,-6.488098733825609e-05,1.2303487062454224,1.0,0,50176,3,molingo,hml_orig100_train_051__full::molingo,True,False,,someone walks disoriented looking for something or someone,object_interaction,,train,human_diagnostic_problem_description,2026-05-26T23:25:15,,True
20260528_182842_molingo_success_051_sample_trace,MoLingo,success,hml_orig100_train_052__full,hidden_state,latent_transformer_z,latent_ar_state,"['batch', 'latent_token', 'hidden_dim']","[1, 49, 1024]",1.0276906084703568,4.2625412940979,-0.00010796286369441077,0.6721708178520203,0.40816326530612246,0,50176,3,molingo,hml_orig100_train_052__full::molingo,True,False,,a person does jumping jacks in place.,object_interaction,,train,human_diagnostic_problem_description,2026-05-26T23:25:30,,True
20260528_182842_molingo_success_052_sample_trace,MoLingo,success,hml_orig100_train_053__full,hidden_state,latent_transformer_z,latent_ar_state,"['batch', 'latent_token', 'hidden_dim']","[1, 49, 1024]",1.2129963448643672,4.881155014038086,-3.4730768675217405e-05,1.2399532794952393,1.0,0,50176,3,molingo,hml_orig100_train_053__full::molingo,True,False,,a person slowly walked and touched something with right and left hand,object_interaction,,train,human_diagnostic_problem_description,2026-05-26T23:27:27,,True
20260528_182842_molingo_success_053_sample_trace,MoLingo,success,hml_orig100_train_054__full,hidden_state,latent_transformer_z,latent_ar_state,"['batch', 'latent_token', 'hidden_dim']","[1, 49, 1024]",1.2470862913115643,4.9923295974731445,0.00013043814396951348,1.2748007774353027,1.0,0,50176,3,molingo,hml_orig100_train_054__full::molingo,True,False,,the person is throwing something with both hands overhead.,object_interaction,,train,human_diagnostic_problem_description,2026-05-26T23:27:32,,True
20260528_182842_molingo_success_054_sample_trace,MoLingo,success,hml_orig100_train_055__full,hidden_state,latent_transformer_z,latent_ar_state,"['batch', 'latent_token', 'hidden_dim']","[1, 49, 1024]",1.090007908191362,4.064303874969482,-0.00012208879343234003,0.7129300236701965,0.40816326530612246,0,50176,3,molingo,hml_orig100_train_055__full::molingo,True,False,,this person stands in one place and claps.,object_interaction,,train,human_diagnostic_problem_description,2026-05-26T23:27:35,,True
20260528_182842_molingo_success_055_sample_trace,MoLingo,success,hml_orig100_train_056__full,hidden_state,latent_transformer_z,latent_ar_state,"['batch', 'latent_token', 'hidden_dim']","[1, 49, 1024]",1.1372049345005644,4.7449727058410645,-2.479256727383472e-05,1.0896836519241333,0.8775510204081632,0,50176,3,molingo,hml_orig100_train_056__full::molingo,True,False,,a person is walking while holding onto something.,object_interaction,,train,human_diagnostic_problem_description,2026-05-26T23:27:41,,True
20260528_182842_molingo_success_056_sample_trace,MoLingo,success,hml_orig100_train_057__full,hidden_state,latent_transformer_z,latent_ar_state,"['batch', 'latent_token', 'hidden_dim']","[1, 49, 1024]",0.7968648990567148,2.9566707611083984,-1.4995293895481154e-05,0.5589627623558044,0.46938775510204084,0,50176,3,molingo,hml_orig100_train_057__full::molingo,True,False,,a person walks forward a few steps,count_duration_speed,,train,human_diagnostic_problem_description,2026-05-26T23:27:44,,True
20260528_182842_molingo_success_057_sample_trace,MoLingo,success,hml_orig100_train_058__full,hidden_state,latent_transformer_z,latent_ar_state,"['batch', 'latent_token', 'hidden_dim']","[1, 49, 1024]",0.8968203561045609,3.0250563621520996,5.817477813252481e-06,0.1857001781463623,0.04081632653061224,0,50176,3,molingo,hml_orig100_train_058__full::molingo,True,False,,person quickly raises their left hand,count_duration_speed,,train,human_diagnostic_problem_description,2026-05-26T23:28:02,,True
20260528_182842_molingo_success_058_sample_trace,MoLingo,success,hml_orig100_train_059__full,hidden_state,latent_transformer_z,latent_ar_state,"['batch', 'latent_token', 'hidden_dim']","[1, 49, 1024]",1.2403924109557416,4.719505310058594,0.00012642524961847812,1.1609115600585938,0.8367346938775511,0,50176,3,molingo,hml_orig100_train_059__full::molingo,True,False,,the person makes many gestures in quick succession.,count_duration_speed,,train,human_diagnostic_problem_description,2026-05-26T23:38:48,,True
20260528_182842_molingo_success_059_sample_trace,MoLingo,success,hml_orig100_train_060__full,hidden_state,latent_transformer_z,latent_ar_state,"['batch', 'latent_token', 'hidden_dim']","[1, 49, 1024]",1.2518986242766854,4.541095733642578,7.017686584731564e-05,1.2797199487686157,1.0,0,50176,3,molingo,hml_orig100_train_060__full::molingo,True,False,,"a person slowly straightens, turns back and to the right, picks up an object, walks forward, and wipes something with the object.",count_duration_speed,,train,human_diagnostic_problem_description,2026-05-26T23:39:26,,True
20260528_182842_molingo_success_060_sample_trace,MoLingo,success,hml_orig100_train_061__full,hidden_state,latent_transformer_z,latent_ar_state,"['batch', 'latent_token', 'hidden_dim']","[1, 49, 1024]",1.1414702170304722,4.891318321228027,-0.00010032721911557019,0.9871166944503784,0.7142857142857143,0,50176,3,molingo,hml_orig100_train_061__full::molingo,True,False,,person moves back in a seated position sits then stand up again returning to original position,count_duration_speed,,train,human_diagnostic_problem_description,2026-05-26T23:39:47,,True
20260528_182842_molingo_success_061_sample_trace,MoLingo,success,hml_orig100_train_062__full,hidden_state,latent_transformer_z,latent_ar_state,"['batch', 'latent_token', 'hidden_dim']","[1, 49, 1024]",0.8003978826288117,2.587690830230713,-1.960589906957466e-05,0.4380095601081848,0.2857142857142857,0,50176,3,molingo,hml_orig100_train_062__full::molingo,True,False,,a person slowly walks forward.,count_duration_speed,,train,human_diagnostic_problem_description,2026-05-26T23:40:14,,True
20260528_182842_molingo_success_062_sample_trace,MoLingo,success,hml_orig100_train_063__full,hidden_state,latent_transformer_z,latent_ar_state,"['batch', 'latent_token', 'hidden_dim']","[1, 49, 1024]",0.9945337001133708,3.890580415725708,8.58143248478882e-05,0.7966268658638,0.6122448979591837,0,50176,3,molingo,hml_orig100_train_063__full::molingo,True,False,,a person begins walking then quickly turns around to stand with his back to the viewer.,count_duration_speed,,train,human_diagnostic_problem_description,2026-05-26T23:40:59,,True
20260528_182842_molingo_success_064_sample_trace,MoLingo,success,hml_orig100_train_065__full,hidden_state,latent_transformer_z,latent_ar_state,"['batch', 'latent_token', 'hidden_dim']","[1, 49, 1024]",1.2177269868312997,4.891214370727539,-0.00026114872889593244,1.2447890043258667,1.0,0,50176,3,molingo,hml_orig100_train_065__full::molingo,True,False,,"a man emulates jogging, shuffling around in a couple counterclockwise circles while keeping his body facing forward the whole time.",multi_action_composition,,train,human_diagnostic_problem_description,2026-05-26T23:42:32,,True
20260528_182842_molingo_success_066_sample_trace,MoLingo,success,hml_orig100_train_067__full,hidden_state,latent_transformer_z,latent_ar_state,"['batch', 'latent_token', 'hidden_dim']","[1, 49, 1024]",1.1921224604450442,4.482211589813232,-0.0002747333492152393,1.206115961074829,0.9795918367346939,0,50176,3,molingo,hml_orig100_train_067__full::molingo,True,False,,"a person bends down and crawls forward, then back and then stands up.",multi_action_composition,,train,human_diagnostic_problem_description,2026-05-26T23:43:51,,True
20260528_182842_molingo_success_067_sample_trace,MoLingo,success,hml_orig100_train_068__full,hidden_state,latent_transformer_z,latent_ar_state,"['batch', 'latent_token', 'hidden_dim']","[1, 49, 1024]",1.1806369469053524,4.765259742736816,0.0001717776176519692,1.1944955587387085,0.9795918367346939,0,50176,3,molingo,hml_orig100_train_068__full::molingo,True,False,,a person is standing on his right foot and then his left foot.,multi_action_composition,,train,human_diagnostic_problem_description,2026-05-26T23:44:57,,True
20260528_182842_molingo_success_068_sample_trace,MoLingo,success,hml_orig100_train_069__full,hidden_state,latent_transformer_z,latent_ar_state,"['batch', 'latent_token', 'hidden_dim']","[1, 49, 1024]",1.1203716989199162,4.372833728790283,-0.00018893361266236752,1.1452702283859253,1.0,0,50176,3,molingo,hml_orig100_train_069__full::molingo,True,False,,"a man is standing and reaches down to the left with his left hand then to the right with his right hand, and then the left again.",multi_action_composition,,train,human_diagnostic_problem_description,2026-05-26T23:50:27,,True
20260528_182842_molingo_success_069_sample_trace,MoLingo,success,hml_orig100_train_070__full,hidden_state,latent_transformer_z,latent_ar_state,"['batch', 'latent_token', 'hidden_dim']","[1, 49, 1024]",1.1588585843530064,5.240771770477295,-7.679056579945609e-05,1.1104323863983154,0.8775510204081632,0,50176,3,molingo,hml_orig100_train_070__full::molingo,True,False,,"a person walks forward and steps forward on their right foot, reaching their left arm out before returning to regular.",multi_action_composition,,train,human_diagnostic_problem_description,2026-05-26T23:51:53,,True
20260528_182842_molingo_success_070_sample_trace,MoLingo,success,hml_orig100_train_071__full,hidden_state,latent_transformer_z,latent_ar_state,"['batch', 'latent_token', 'hidden_dim']","[1, 49, 1024]",1.204306237413024,4.2671990394592285,-0.00013982584641780704,1.2310700416564941,1.0,0,50176,3,molingo,hml_orig100_train_071__full::molingo,True,False,,"the person picks up one container with each hand, pours them at the same time, then grabs something with their right hand and mixes the concoction.",multi_action_composition,,train,human_diagnostic_problem_description,2026-05-26T23:52:42,,True
20260528_182842_molingo_success_071_sample_trace,MoLingo,success,hml_orig100_train_072__full,hidden_state,latent_transformer_z,latent_ar_state,"['batch', 'latent_token', 'hidden_dim']","[1, 49, 1024]",1.1566491773629364,4.170286655426025,0.00024651031708344817,1.1702262163162231,0.9795918367346939,0,50176,3,molingo,hml_orig100_train_072__full::molingo,True,False,,"a person is turning something with its left hand, while holding something with its right hand",multi_action_composition,,train,human_diagnostic_problem_description,2026-05-26T23:53:35,,True
20260528_182842_molingo_success_072_sample_trace,MoLingo,success,hml_orig100_train_073__full,hidden_state,latent_transformer_z,latent_ar_state,"['batch', 'latent_token', 'hidden_dim']","[1, 49, 1024]",1.1105286894065411,3.8512377738952637,0.000121157499961555,0.6077255010604858,0.2857142857142857,0,50176,3,molingo,hml_orig100_train_073__full::molingo,True,False,,"a man stands with feet apart left arm stretched and right arm bent, then lunges forward and kicks his right foot into the air.",dance_exercise,,train,human_diagnostic_problem_description,2026-05-26T23:54:06,,True
20260528_182842_molingo_success_076_sample_trace,MoLingo,success,hml_orig100_train_077__full,hidden_state,latent_transformer_z,latent_ar_state,"['batch', 'latent_token', 'hidden_dim']","[1, 49, 1024]",1.1293816318683114,3.9989819526672363,0.00014915195060893893,0.904640793800354,0.6122448979591837,0,50176,3,molingo,hml_orig100_train_077__full::molingo,True,False,,figure appears to be stretching,dance_exercise,,train,human_diagnostic_problem_description,2026-05-26T23:59:20,,True
20260528_182842_molingo_success_077_sample_trace,MoLingo,success,hml_orig100_train_078__full,hidden_state,latent_transformer_z,latent_ar_state,"['batch', 'latent_token', 'hidden_dim']","[1, 49, 1024]",1.2485954174730252,4.485304355621338,4.297578470868757e-06,1.1685889959335327,0.8367346938775511,0,50176,3,molingo,hml_orig100_train_078__full::molingo,True,False,,person dances energetically on screen and throws left arm in the sky repeatedly.,dance_exercise,,train,human_diagnostic_problem_description,2026-05-26T23:59:53,,True
20260528_182842_molingo_success_078_sample_trace,MoLingo,success,hml_orig100_train_079__full,hidden_state,latent_transformer_z,latent_ar_state,"['batch', 'latent_token', 'hidden_dim']","[1, 49, 1024]",1.2541031066336543,5.526271820068359,-0.00020161214342806488,1.2819734811782837,1.0,0,50176,3,molingo,hml_orig100_train_079__full::molingo,True,False,,"a standing  woman gracefully dances forward, from the viewer's right to left, tapping toes and swaying arms in synchrony.",dance_exercise,,train,human_diagnostic_problem_description,2026-05-27T00:00:24,,True
20260528_182842_molingo_success_079_sample_trace,MoLingo,success,hml_orig100_train_080__full,hidden_state,latent_transformer_z,latent_ar_state,"['batch', 'latent_token', 'hidden_dim']","[1, 49, 1024]",0.9265886567278973,3.184926986694336,5.730477278120816e-05,0.48874086141586304,0.2653061224489796,0,50176,3,molingo,hml_orig100_train_080__full::molingo,True,False,,stretching out arms while shaking out left arm,dance_exercise,,train,human_diagnostic_problem_description,2026-05-27T00:00:45,,True
20260528_182842_molingo_success_080_sample_trace,MoLingo,success,hml_orig100_test_001__full,hidden_state,latent_transformer_z,latent_ar_state,"['batch', 'latent_token', 'hidden_dim']","[1, 49, 1024]",1.2138892759021895,4.54661750793457,0.00010162717080675066,1.2408660650253296,1.0,0,50176,3,molingo,hml_orig100_test_001__full::molingo,True,False,,"a person walks forward, swaying their hips.",simple_locomotion,,test,human_diagnostic_problem_description,2026-05-27T00:00:57,,True
20260528_182842_molingo_success_081_sample_trace,MoLingo,success,hml_orig100_test_002__full,hidden_state,latent_transformer_z,latent_ar_state,"['batch', 'latent_token', 'hidden_dim']","[1, 49, 1024]",1.110051148369884,3.747286796569824,2.2420317691285163e-05,0.4871142506599426,0.1836734693877551,0,50176,3,molingo,hml_orig100_test_002__full::molingo,True,False,,a person who is poised to run steps to his right with is right foot and dashes to his left.,simple_locomotion,,test,human_diagnostic_problem_description,2026-05-27T00:02:15,,True
20260528_182842_molingo_success_083_sample_trace,MoLingo,success,hml_orig100_test_004__full,hidden_state,latent_transformer_z,latent_ar_state,"['batch', 'latent_token', 'hidden_dim']","[1, 49, 1024]",0.9580727860398515,4.083907127380371,-0.00012509923544712365,0.7281597852706909,0.5510204081632653,0,50176,3,molingo,hml_orig100_test_004__full::molingo,True,False,,a person slowly walks backward in a straight line.,direction_turn,,test,human_diagnostic_problem_description,2026-05-27T00:03:19,,True
20260528_182842_molingo_success_084_sample_trace,MoLingo,success,hml_orig100_test_005__full,hidden_state,latent_transformer_z,latent_ar_state,"['batch', 'latent_token', 'hidden_dim']","[1, 49, 1024]",1.1364673643781646,4.4904961585998535,0.0004534991749096662,1.1617234945297241,1.0,0,50176,3,molingo,hml_orig100_test_005__full::molingo,True,False,,a person stands on one leg in yoga pose.,stop_go,,test,human_diagnostic_problem_description,2026-05-27T00:03:35,,True
20260528_182842_molingo_success_086_sample_trace,MoLingo,success,hml_orig100_test_007__full,hidden_state,latent_transformer_z,latent_ar_state,"['batch', 'latent_token', 'hidden_dim']","[1, 49, 1024]",1.0280679284925065,3.891720771789551,8.560006244806573e-05,0.8096982836723328,0.5918367346938775,0,50176,3,molingo,hml_orig100_test_007__full::molingo,True,False,,person standing bends forward slightly to left to pick something up with both hands and moves item slightly to the right,sit_squat_posture,,test,human_diagnostic_problem_description,2026-05-27T00:06:41,,True
20260528_182842_molingo_success_087_sample_trace,MoLingo,success,hml_orig100_test_008__full,hidden_state,latent_transformer_z,latent_ar_state,"['batch', 'latent_token', 'hidden_dim']","[1, 49, 1024]",0.9691275143493209,4.212090015411377,7.279567216755822e-05,0.6943974494934082,0.4897959183673469,0,50176,3,molingo,hml_orig100_test_008__full::molingo,True,False,,a person bends slightly at the shoulders and mimics the movements of picking something up with both arms moving it from their right side to their left side.,sit_squat_posture,,test,human_diagnostic_problem_description,2026-05-27T00:07:24,,True
20260528_182842_molingo_success_088_sample_trace,MoLingo,success,hml_orig100_test_009__full,hidden_state,latent_transformer_z,latent_ar_state,"['batch', 'latent_token', 'hidden_dim']","[1, 49, 1024]",1.181565787450056,4.128854751586914,-2.0225930711603723e-05,0.5184963941574097,0.1836734693877551,0,50176,3,molingo,hml_orig100_test_009__full::molingo,True,False,,a person walked forward in right direction adn jumped,jump_kick,,test,human_diagnostic_problem_description,2026-05-27T00:08:36,,True
20260528_182842_molingo_success_089_sample_trace,MoLingo,success,hml_orig100_test_010__full,hidden_state,latent_transformer_z,latent_ar_state,"['batch', 'latent_token', 'hidden_dim']","[1, 49, 1024]",1.002409154546636,3.9335546493530273,-0.00012350598990451545,0.6390488743782043,0.3877551020408163,0,50176,3,molingo,hml_orig100_test_010__full::molingo,True,False,,a person jumps on the spot twice.,jump_kick,,test,human_diagnostic_problem_description,2026-05-27T00:09:02,,True
20260528_182842_molingo_success_090_sample_trace,MoLingo,success,hml_orig100_test_011__full,hidden_state,latent_transformer_z,latent_ar_state,"['batch', 'latent_token', 'hidden_dim']","[1, 49, 1024]",1.140261203186377,3.932086229324341,-9.338557720184326e-05,0.7822389006614685,0.4489795918367347,0,50176,3,molingo,hml_orig100_test_011__full::molingo,True,False,,the person is moving around both arms.,upper_body_gesture,,test,human_diagnostic_problem_description,2026-05-27T00:09:10,,True
20260528_182842_molingo_success_091_sample_trace,MoLingo,success,hml_orig100_test_012__full,hidden_state,latent_transformer_z,latent_ar_state,"['batch', 'latent_token', 'hidden_dim']","[1, 49, 1024]",1.1478663331144578,3.9088335037231445,9.04855114640668e-05,1.0612083673477173,0.8163265306122449,0,50176,3,molingo,hml_orig100_test_012__full::molingo,True,False,,a person twists to the left and picks something up with their left hand.,upper_body_gesture,,test,human_diagnostic_problem_description,2026-05-27T00:10:34,,True
20260528_182842_molingo_success_092_sample_trace,MoLingo,success,hml_orig100_test_013__full,hidden_state,latent_transformer_z,latent_ar_state,"['batch', 'latent_token', 'hidden_dim']","[1, 49, 1024]",1.188327526281772,5.2153401374816895,0.00022240597172640264,1.2147362232208252,1.0,0,50176,3,molingo,hml_orig100_test_013__full::molingo,True,False,,"a person lowers the right hand bending down slightly to examine something, then straightens and raises something to his face with the left hand.",object_interaction,,test,human_diagnostic_problem_description,2026-05-27T00:12:54,,True
20260528_182842_molingo_success_093_sample_trace,MoLingo,success,hml_orig100_test_014__full,hidden_state,latent_transformer_z,latent_ar_state,"['batch', 'latent_token', 'hidden_dim']","[1, 49, 1024]",1.054604347614042,3.889636754989624,-0.00012907625932712108,0.7712079882621765,0.5102040816326531,0,50176,3,molingo,hml_orig100_test_014__full::molingo,True,False,,the sim is jogging in place.,object_interaction,,test,human_diagnostic_problem_description,2026-05-27T00:13:09,,True
20260528_182842_molingo_success_094_sample_trace,MoLingo,success,hml_orig100_test_015__full,hidden_state,latent_transformer_z,latent_ar_state,"['batch', 'latent_token', 'hidden_dim']","[1, 49, 1024]",1.1302555413226845,4.197802543640137,9.667394806456286e-06,1.0050907135009766,0.7551020408163265,0,50176,3,molingo,hml_orig100_test_015__full::molingo,True,False,,a person starts slowly walking forward and then jogs some before coming to a stop.,count_duration_speed,,test,human_diagnostic_problem_description,2026-05-27T00:13:52,,True
20260528_182842_molingo_success_095_sample_trace,MoLingo,success,hml_orig100_test_016__full,hidden_state,latent_transformer_z,latent_ar_state,"['batch', 'latent_token', 'hidden_dim']","[1, 49, 1024]",1.3082176348576637,4.837592124938965,3.1899508030619472e-06,1.337290644645691,1.0,0,50176,3,molingo,hml_orig100_test_016__full::molingo,True,False,,"a person walks up to shake with their left hand, turns slightly left to shake again, and turns left again to shake for a final time.",count_duration_speed,,test,human_diagnostic_problem_description,2026-05-27T00:16:14,,True
20260528_182842_molingo_success_096_sample_trace,MoLingo,success,hml_orig100_test_017__full,hidden_state,latent_transformer_z,latent_ar_state,"['batch', 'latent_token', 'hidden_dim']","[1, 49, 1024]",1.0998190230273508,4.814230918884277,-0.00017945730360224843,1.1019705533981323,0.9591836734693877,0,50176,3,molingo,hml_orig100_test_017__full::molingo,True,False,,a person sits in a  chair then stands back up.,multi_action_composition,,test,human_diagnostic_problem_description,2026-05-27T00:16:24,,True
20260528_182842_molingo_success_097_sample_trace,MoLingo,success,hml_orig100_test_018__full,hidden_state,latent_transformer_z,latent_ar_state,"['batch', 'latent_token', 'hidden_dim']","[1, 49, 1024]",1.2992852934759984,5.3012542724609375,-0.0003410431672818959,1.3281598091125488,1.0,0,50176,3,molingo,hml_orig100_test_018__full::molingo,True,False,,a man lifts each knee to his elbow multiple times and then does a squat.,multi_action_composition,,test,human_diagnostic_problem_description,2026-05-27T00:16:56,,True
20260528_182842_molingo_success_098_sample_trace,MoLingo,success,hml_orig100_test_019__full,hidden_state,latent_transformer_z,latent_ar_state,"['batch', 'latent_token', 'hidden_dim']","[1, 49, 1024]",1.137068992512639,5.194469451904297,6.122438935562968e-05,0.7437108159065247,0.40816326530612246,0,50176,3,molingo,hml_orig100_test_019__full::molingo,True,False,,"a man steps forward, lifts his arms then bends and stretches them.",dance_exercise,,test,human_diagnostic_problem_description,2026-05-27T00:19:24,,True
20260528_182842_momask_original_failure_001_sample_trace,MoMask original,failure,hml_orig100_train_002__full,token_logits,vocab_logits,mask_iteration,"['batch', 'token_time', 'codebook']","[1, 38, 512]",1.1682887727757754,43.590415954589844,3.9328773021698,13.358766555786133,1.0,1,19456,3,momask_original,hml_orig100_train_002__full::momask_original,True,True,没有绕圈走,a person looking to their right walks in a tight circle while continuing to face the same direction. they look to be slightly off balance,simple_locomotion,,train,human_diagnostic_problem_description,2026-05-28T18:24:06,,True
20260528_182842_momask_original_failure_005_sample_trace,MoMask original,failure,hml_orig100_train_006__full,token_logits,vocab_logits,mask_iteration,"['batch', 'token_time', 'codebook']","[1, 49, 512]",1.2285717309149768,52.319679260253906,1.9859166145324707,13.664618492126465,1.0,1,25088,3,momask_original,hml_orig100_train_006__full::momask_original,True,True,左手拿,"a person picks up a cloth/sponge with their right hand, then walks over to an object, lifts it with their left hand and washes/wipes it with the cloth.",simple_locomotion,,train,human_diagnostic_problem_description,2026-05-28T18:24:11,,True
20260528_182842_momask_original_failure_010_sample_trace,MoMask original,failure,hml_orig100_train_011__full,token_logits,vocab_logits,mask_iteration,"['batch', 'token_time', 'codebook']","[1, 49, 512]",1.6007653731945188,47.707454681396484,13.032784461975098,12.403013229370117,1.0,1,25088,3,momask_original,hml_orig100_train_011__full::momask_original,True,True,没有逆时针旋转,someone with outstretched arms spins counterclockwise,direction_turn,,train,human_diagnostic_problem_description,2026-05-28T18:24:18,,True
20260528_182842_momask_original_failure_018_sample_trace,MoMask original,failure,hml_orig100_train_019__full,token_logits,vocab_logits,mask_iteration,"['batch', 'token_time', 'codebook']","[1, 49, 512]",1.4095714878319052,52.365264892578125,9.246570587158203,12.86408805847168,1.0,1,25088,3,momask_original,hml_orig100_train_019__full::momask_original,True,True,轨迹不是8,"a person quickly sprints in a figure-eight pattern, stopping briefly at each side to carefully turn.",stop_go,,train,human_diagnostic_problem_description,2026-05-28T18:24:31,,True
20260528_182842_momask_original_failure_028_sample_trace,MoMask original,failure,hml_orig100_train_029__full,token_logits,vocab_logits,mask_iteration,"['batch', 'token_time', 'codebook']","[1, 49, 512]",1.117920586726148,47.933982849121094,-1.055795431137085,12.520105361938477,1.0,1,25088,3,momask_original,hml_orig100_train_029__full::momask_original,True,True,坐下错误生成为跪下,a person sits down with both hands on his knees.,sit_squat_posture,,train,human_diagnostic_problem_description,2026-05-28T18:24:44,,True
20260528_182842_momask_original_failure_032_sample_trace,MoMask original,failure,hml_orig100_train_033__full,token_logits,vocab_logits,mask_iteration,"['batch', 'token_time', 'codebook']","[1, 49, 512]",1.033422654027746,42.35514831542969,7.628173351287842,8.75875473022461,1.0,1,25088,3,momask_original,hml_orig100_train_033__full::momask_original,True,True,停滞在保持踢的准备动作,the woman angerily kicked at the ground with her left foot.,jump_kick,,train,human_diagnostic_problem_description,2026-05-28T18:24:53,,True
20260528_182842_momask_original_failure_036_sample_trace,MoMask original,failure,hml_orig100_train_037__full,token_logits,vocab_logits,mask_iteration,"['batch', 'token_time', 'codebook']","[1, 11, 512]",1.539455159354617,52.33667755126953,10.303680419921875,14.105810165405273,1.0,1,5632,3,momask_original,hml_orig100_train_037__full::momask_original,True,True,右脚踢，且没有wheel-like spin,"a person does a quick wheel-like spin kick with left leg, pivoting on right leg while both arms resume fighting gesture.",jump_kick,,train,human_diagnostic_problem_description,2026-05-26T23:09:38,,True
20260528_182842_momask_original_failure_049_sample_trace,MoMask original,failure,hml_orig100_train_050__full,token_logits,vocab_logits,mask_iteration,"['batch', 'token_time', 'codebook']","[1, 8, 512]",1.180522014250734,45.119041442871094,0.8838120102882385,13.729085922241211,1.0,1,4096,3,momask_original,hml_orig100_train_050__full::momask_original,True,True,缺少turns to the left,a man turns to the left and reaches up to grab something with his left hands.,object_interaction,,train,human_diagnostic_problem_description,2026-05-26T23:24:49,,True
20260528_182842_momask_original_failure_052_sample_trace,MoMask original,failure,hml_orig100_train_053__full,token_logits,vocab_logits,mask_iteration,"['batch', 'token_time', 'codebook']","[1, 49, 512]",1.1666631709244466,51.69853210449219,-2.0158536434173584,12.956489562988281,1.0,1,25088,3,momask_original,hml_orig100_train_053__full::momask_original,True,True,"a person slowly bentd and touched something with right hand, walking fast and turn and touched something with  left hand",a person slowly walked and touched something with right and left hand,object_interaction,,train,human_diagnostic_problem_description,2026-05-26T23:27:27,,True
20260528_182842_momask_original_failure_063_sample_trace,MoMask original,failure,hml_orig100_train_064__full,token_logits,vocab_logits,mask_iteration,"['batch', 'token_time', 'codebook']","[1, 49, 512]",1.5501279901470608,54.7259635925293,12.48112678527832,12.155448913574219,1.0,1,25088,3,momask_original,hml_orig100_train_064__full::momask_original,True,True,手部触底时飘逸,a man does several cart wheels in a small area.,count_duration_speed,,train,human_diagnostic_problem_description,2026-05-26T23:41:54,,True
20260528_182842_momask_original_failure_064_sample_trace,MoMask original,failure,hml_orig100_train_065__full,token_logits,vocab_logits,mask_iteration,"['batch', 'token_time', 'codebook']","[1, 49, 512]",1.5159898502825053,53.825218200683594,10.368837356567383,13.520302772521973,1.0,1,25088,3,momask_original,hml_orig100_train_065__full::momask_original,True,True,朝向一直在变,"a man emulates jogging, shuffling around in a couple counterclockwise circles while keeping his body facing forward the whole time.",multi_action_composition,,train,human_diagnostic_problem_description,2026-05-26T23:42:32,,True
20260528_182842_momask_original_failure_067_sample_trace,MoMask original,failure,hml_orig100_train_068__full,token_logits,vocab_logits,mask_iteration,"['batch', 'token_time', 'codebook']","[1, 48, 512]",0.9780459695349165,39.726463317871094,-1.243655800819397,10.869461059570312,1.0,1,24576,3,momask_original,hml_orig100_train_068__full::momask_original,True,True,一直右脚站立，且左膝盖弯曲异常,a person is standing on his right foot and then his left foot.,multi_action_composition,,train,human_diagnostic_problem_description,2026-05-26T23:44:57,,True
20260528_182842_momask_original_failure_068_sample_trace,MoMask original,failure,hml_orig100_train_069__full,token_logits,vocab_logits,mask_iteration,"['batch', 'token_time', 'codebook']","[1, 49, 512]",1.1933728978603546,48.95156478881836,-5.0422821044921875,12.428690910339355,1.0,1,25088,3,momask_original,hml_orig100_train_069__full::momask_original,True,True,a man is standing and  reaches  to the front with his left hand then reaches  to the left with his left hand.,"a man is standing and reaches down to the left with his left hand then to the right with his right hand, and then the left again.",multi_action_composition,,train,human_diagnostic_problem_description,2026-05-26T23:50:27,,True
20260528_182842_momask_original_failure_069_sample_trace,MoMask original,failure,hml_orig100_train_070__full,token_logits,vocab_logits,mask_iteration,"['batch', 'token_time', 'codebook']","[1, 43, 512]",1.198147900276465,50.51858901977539,-3.397374391555786,13.95184326171875,1.0,1,22016,3,momask_original,hml_orig100_train_070__full::momask_original,True,True,"a person walks forward and bends down, reaching their right arm out before returning to regular.","a person walks forward and steps forward on their right foot, reaching their left arm out before returning to regular.",multi_action_composition,,train,human_diagnostic_problem_description,2026-05-26T23:51:53,,True
20260528_182842_momask_original_failure_072_sample_trace,MoMask original,failure,hml_orig100_train_073__full,token_logits,vocab_logits,mask_iteration,"['batch', 'token_time', 'codebook']","[1, 14, 512]",1.3684759642088882,51.629844665527344,6.706063270568848,14.41878890991211,1.0,1,7168,3,momask_original,hml_orig100_train_073__full::momask_original,True,True,踢左腿,"a man stands with feet apart left arm stretched and right arm bent, then lunges forward and kicks his right foot into the air.",dance_exercise,,train,human_diagnostic_problem_description,2026-05-26T23:54:06,,True
20260528_182842_momask_original_failure_077_sample_trace,MoMask original,failure,hml_orig100_train_078__full,token_logits,vocab_logits,mask_iteration,"['batch', 'token_time', 'codebook']","[1, 41, 512]",1.0500072718635838,47.67308807373047,6.98531436920166,10.478976249694824,1.0,1,20992,3,momask_original,hml_orig100_train_078__full::momask_original,True,True,person dances energetically on screen and throws both arms in the sky repeatedly.,person dances energetically on screen and throws left arm in the sky repeatedly.,dance_exercise,,train,human_diagnostic_problem_description,2026-05-26T23:59:53,,True
20260528_182842_momask_original_failure_081_sample_trace,MoMask original,failure,hml_orig100_test_002__full,token_logits,vocab_logits,mask_iteration,"['batch', 'token_time', 'codebook']","[1, 9, 512]",1.2984269165809996,48.92229461669922,6.436464309692383,13.490663528442383,1.0,1,4608,3,momask_original,hml_orig100_test_002__full::momask_original,True,True,直线跑，且滑步严重,a person who is poised to run steps to his right with is right foot and dashes to his left.,simple_locomotion,,test,human_diagnostic_problem_description,2026-05-27T00:02:15,,True
20260528_182842_momask_original_failure_082_sample_trace,MoMask original,failure,hml_orig100_test_003__full,token_logits,vocab_logits,mask_iteration,"['batch', 'token_time', 'codebook']","[1, 24, 512]",1.0442312233787745,43.3067512512207,2.145090341567993,12.182741165161133,1.0,1,12288,3,momask_original,hml_orig100_test_003__full::momask_original,True,True,a person stands normally then begins hops on their left foot while their right foot is elevated then stops and stands normally.,a person stands normally then begins hops on their right foot while their left foot is elevated then stops and stands normally.,direction_turn,,test,human_diagnostic_problem_description,2026-05-27T00:03:14,,True
20260528_182842_momask_original_failure_084_sample_trace,MoMask original,failure,hml_orig100_test_005__full,token_logits,vocab_logits,mask_iteration,"['batch', 'token_time', 'codebook']","[1, 49, 512]",1.0441166528485528,43.78166198730469,5.329934120178223,10.454812049865723,1.0,1,25088,3,momask_original,hml_orig100_test_005__full::momask_original,True,True,不是yoga pose,a person stands on one leg in yoga pose.,stop_go,,test,human_diagnostic_problem_description,2026-05-27T00:03:35,,True
20260528_182842_momask_original_failure_092_sample_trace,MoMask original,failure,hml_orig100_test_013__full,token_logits,vocab_logits,mask_iteration,"['batch', 'token_time', 'codebook']","[1, 49, 512]",1.4764571146754002,56.82902145385742,-9.129571914672852,13.85708236694336,1.0,1,25088,3,momask_original,hml_orig100_test_013__full::momask_original,True,True,a person lowers the right hand bending down slightly to examine something,"a person lowers the right hand bending down slightly to examine something, then straightens and raises something to his face with the left hand.",object_interaction,,test,human_diagnostic_problem_description,2026-05-27T00:12:54,,True
20260528_182842_momask_original_failure_095_sample_trace,MoMask original,failure,hml_orig100_test_016__full,token_logits,vocab_logits,mask_iteration,"['batch', 'token_time', 'codebook']","[1, 49, 512]",0.9724981529120693,40.36772918701172,4.3799004554748535,10.014178276062012,1.0,1,25088,3,momask_original,hml_orig100_test_016__full::momask_original,True,True,"a person walks up to shake with their left hand, turns slightly left to shake again, and turns right again to shake for a final time.","a person walks up to shake with their left hand, turns slightly left to shake again, and turns left again to shake for a final time.",count_duration_speed,,test,human_diagnostic_problem_description,2026-05-27T00:16:14,,True
20260528_182842_momask_original_failure_099_sample_trace,MoMask original,failure,hml_orig100_test_020__full,token_logits,vocab_logits,mask_iteration,"['batch', 'token_time', 'codebook']","[1, 49, 512]",0.9690352327727849,43.40749740600586,0.44785648584365845,10.881977081298828,1.0,1,25088,3,momask_original,hml_orig100_test_020__full::momask_original,True,True,没有holding the posture for several seconds保持姿势不动数秒，在左右弯腰,"a man slowly raises both arms high over his head in a stretch, holding the posture for several seconds, with his right arm stretched out to his side.",dance_exercise,,test,human_diagnostic_problem_description,2026-05-27T00:21:34,,True
20260528_182842_momask_original_success_003_sample_trace,MoMask original,success,hml_orig100_train_004__full,token_logits,vocab_logits,mask_iteration,"['batch', 'token_time', 'codebook']","[1, 27, 512]",1.0589709078933198,42.198551177978516,2.1679954528808594,12.312241554260254,1.0,0,13824,3,momask_original,hml_orig100_train_004__full::momask_original,True,False,,a person walks and turns right.,simple_locomotion,,train,human_diagnostic_problem_description,2026-05-28T18:24:09,,True
20260528_182842_momask_original_success_004_sample_trace,MoMask original,success,hml_orig100_train_005__full,token_logits,vocab_logits,mask_iteration,"['batch', 'token_time', 'codebook']","[1, 20, 512]",0.9531748274938339,42.860252380371094,3.0301480293273926,11.270109176635742,1.0,0,10240,3,momask_original,hml_orig100_train_005__full::momask_original,True,False,,the person is stepping forward.,simple_locomotion,,train,human_diagnostic_problem_description,2026-05-28T18:24:10,,True
20260528_182842_momask_original_success_006_sample_trace,MoMask original,success,hml_orig100_train_007__full,token_logits,vocab_logits,mask_iteration,"['batch', 'token_time', 'codebook']","[1, 26, 512]",1.1109943479342617,51.217445373535156,2.0186946392059326,13.167281150817871,1.0,0,13312,3,momask_original,hml_orig100_train_007__full::momask_original,True,False,,a person takes a few steps curving to the left.,simple_locomotion,,train,human_diagnostic_problem_description,2026-05-28T18:24:13,,True
20260528_182842_momask_original_success_007_sample_trace,MoMask original,success,hml_orig100_train_008__full,token_logits,vocab_logits,mask_iteration,"['batch', 'token_time', 'codebook']","[1, 48, 512]",1.111244258012717,45.33218765258789,2.269680976867676,12.221358299255371,1.0,0,24576,3,momask_original,hml_orig100_train_008__full::momask_original,True,False,,a man walks forward slowly in a jagged line.,simple_locomotion,,train,human_diagnostic_problem_description,2026-05-28T18:24:14,,True
20260528_182842_momask_original_success_008_sample_trace,MoMask original,success,hml_orig100_train_009__full,token_logits,vocab_logits,mask_iteration,"['batch', 'token_time', 'codebook']","[1, 29, 512]",1.254469102108268,51.946380615234375,-1.677781581878662,14.293225288391113,1.0,0,14848,3,momask_original,hml_orig100_train_009__full::momask_original,True,False,,"a person steps back, sits down, stands up and steps forward.",direction_turn,,train,human_diagnostic_problem_description,2026-05-28T18:24:16,,True
20260528_182842_momask_original_success_009_sample_trace,MoMask original,success,hml_orig100_train_010__full,token_logits,vocab_logits,mask_iteration,"['batch', 'token_time', 'codebook']","[1, 15, 512]",1.3720723018267453,54.20572280883789,6.551583766937256,14.351783752441406,1.0,0,7680,3,momask_original,hml_orig100_train_010__full::momask_original,True,False,,a person walks at a left bend.,direction_turn,,train,human_diagnostic_problem_description,2026-05-28T18:24:17,,True
20260528_182842_momask_original_success_011_sample_trace,MoMask original,success,hml_orig100_train_012__full,token_logits,vocab_logits,mask_iteration,"['batch', 'token_time', 'codebook']","[1, 36, 512]",0.9982501736427684,49.00627136230469,2.503990888595581,11.992232322692871,1.0,0,18432,3,momask_original,hml_orig100_train_012__full::momask_original,True,False,,a man throws object with his left hand.,direction_turn,,train,human_diagnostic_problem_description,2026-05-28T18:24:20,,True
20260528_182842_momask_original_success_012_sample_trace,MoMask original,success,hml_orig100_train_013__full,token_logits,vocab_logits,mask_iteration,"['batch', 'token_time', 'codebook']","[1, 26, 512]",1.1516285123969727,51.322723388671875,0.7913355231285095,13.785648345947266,1.0,0,13312,3,momask_original,hml_orig100_train_013__full::momask_original,True,False,,the man walk and turn like a haf sercle and stops.,direction_turn,,train,human_diagnostic_problem_description,2026-05-28T18:24:21,,True
20260528_182842_momask_original_success_013_sample_trace,MoMask original,success,hml_orig100_train_014__full,token_logits,vocab_logits,mask_iteration,"['batch', 'token_time', 'codebook']","[1, 20, 512]",1.2784308040083623,52.863372802734375,3.5862231254577637,15.236316680908203,1.0,0,10240,3,momask_original,hml_orig100_train_014__full::momask_original,True,False,,a person walks and does a 180 degree turn.,direction_turn,,train,human_diagnostic_problem_description,2026-05-28T18:24:23,,True
20260528_182842_momask_original_success_014_sample_trace,MoMask original,success,hml_orig100_train_015__full,token_logits,vocab_logits,mask_iteration,"['batch', 'token_time', 'codebook']","[1, 49, 512]",1.1081334046890385,59.92563247680664,-3.6725127696990967,11.900768280029297,1.0,0,25088,3,momask_original,hml_orig100_train_015__full::momask_original,True,False,,"a person standing in place holds a ball with both hands, then throws the ball with left hand and catches the ball with both hands, then throws the ball and catches the ball again.",direction_turn,,train,human_diagnostic_problem_description,2026-05-28T18:24:25,,True
20260528_182842_momask_original_success_015_sample_trace,MoMask original,success,hml_orig100_train_016__full,token_logits,vocab_logits,mask_iteration,"['batch', 'token_time', 'codebook']","[1, 35, 512]",1.3301237336763956,58.42179489135742,6.5385589599609375,15.227694511413574,1.0,0,17920,3,momask_original,hml_orig100_train_016__full::momask_original,True,False,,a person walks to the right in a partial circle.,direction_turn,,train,human_diagnostic_problem_description,2026-05-28T18:24:26,,True
20260528_182842_momask_original_success_016_sample_trace,MoMask original,success,hml_orig100_train_017__full,token_logits,vocab_logits,mask_iteration,"['batch', 'token_time', 'codebook']","[1, 49, 512]",1.292252400567239,50.564735412597656,-6.397084712982178,13.039203643798828,1.0,0,25088,3,momask_original,hml_orig100_train_017__full::momask_original,True,False,,person standing begins moving arms with hands coming together then apart and then raising arms above head,stop_go,,train,human_diagnostic_problem_description,2026-05-28T18:24:27,,True
20260528_182842_momask_original_success_017_sample_trace,MoMask original,success,hml_orig100_train_018__full,token_logits,vocab_logits,mask_iteration,"['batch', 'token_time', 'codebook']","[1, 23, 512]",1.481322350336752,47.796852111816406,11.934357643127441,12.64136028289795,1.0,0,11776,3,momask_original,hml_orig100_train_018__full::momask_original,True,False,,a standing person performs a cartwheel starting with their left hand,stop_go,,train,human_diagnostic_problem_description,2026-05-28T18:24:29,,True
20260528_182842_momask_original_success_019_sample_trace,MoMask original,success,hml_orig100_train_020__full,token_logits,vocab_logits,mask_iteration,"['batch', 'token_time', 'codebook']","[1, 49, 512]",0.768404984859214,30.002330780029297,-4.120912075042725,7.5896735191345215,1.0,0,25088,3,momask_original,hml_orig100_train_020__full::momask_original,True,False,,the man is standing still like a statue.,stop_go,,train,human_diagnostic_problem_description,2026-05-28T18:24:32,,True
20260528_182842_momask_original_success_020_sample_trace,MoMask original,success,hml_orig100_train_021__full,token_logits,vocab_logits,mask_iteration,"['batch', 'token_time', 'codebook']","[1, 15, 512]",0.9126577418705716,50.455101013183594,-0.777115523815155,10.465179443359375,1.0,0,7680,3,momask_original,hml_orig100_train_021__full::momask_original,True,False,,a standing person scratches their head.,stop_go,,train,human_diagnostic_problem_description,2026-05-28T18:24:34,,True
20260528_182842_momask_original_success_021_sample_trace,MoMask original,success,hml_orig100_train_022__full,token_logits,vocab_logits,mask_iteration,"['batch', 'token_time', 'codebook']","[1, 28, 512]",0.8238319635243785,35.90080642700195,1.6060441732406616,9.411470413208008,1.0,0,14336,3,momask_original,hml_orig100_train_022__full::momask_original,True,False,,robot walking forward slowly and then stopped.,stop_go,,train,human_diagnostic_problem_description,2026-05-28T18:24:35,,True
20260528_182842_momask_original_success_022_sample_trace,MoMask original,success,hml_orig100_train_023__full,token_logits,vocab_logits,mask_iteration,"['batch', 'token_time', 'codebook']","[1, 19, 512]",1.1489559827647695,58.5177116394043,1.0616317987442017,13.778801918029785,1.0,0,9728,3,momask_original,hml_orig100_train_023__full::momask_original,True,False,,a person is walking taking big steps across the floor then suddenly stops.,stop_go,,train,human_diagnostic_problem_description,2026-05-28T18:24:36,,True
20260528_182842_momask_original_success_023_sample_trace,MoMask original,success,hml_orig100_train_024__full,token_logits,vocab_logits,mask_iteration,"['batch', 'token_time', 'codebook']","[1, 49, 512]",1.1866487272837491,42.39399337768555,1.0787078142166138,13.29329776763916,1.0,0,25088,3,momask_original,hml_orig100_train_024__full::momask_original,True,False,,"a figure walks in a straight line, turns and sits facing away, then stands and walks away",stop_go,,train,human_diagnostic_problem_description,2026-05-28T18:24:37,,True
20260528_182842_momask_original_success_024_sample_trace,MoMask original,success,hml_orig100_train_025__full,token_logits,vocab_logits,mask_iteration,"['batch', 'token_time', 'codebook']","[1, 49, 512]",1.2959608459310898,67.06156921386719,-4.248163223266602,13.932303428649902,1.0,0,25088,3,momask_original,hml_orig100_train_025__full::momask_original,True,False,,"a person picks something up, walks forward, sets it down, walks back and squats down.",sit_squat_posture,,train,human_diagnostic_problem_description,2026-05-28T18:24:39,,True
20260528_182842_momask_original_success_025_sample_trace,MoMask original,success,hml_orig100_train_026__full,token_logits,vocab_logits,mask_iteration,"['batch', 'token_time', 'codebook']","[1, 38, 512]",1.287020523246866,66.2491683959961,-2.0310754776000977,15.205866813659668,1.0,0,19456,3,momask_original,hml_orig100_train_026__full::momask_original,True,False,,person take a step back then sits down then getting back up and stepping forward.,sit_squat_posture,,train,human_diagnostic_problem_description,2026-05-28T18:24:40,,True
20260528_182842_momask_original_success_026_sample_trace,MoMask original,success,hml_orig100_train_027__full,token_logits,vocab_logits,mask_iteration,"['batch', 'token_time', 'codebook']","[1, 44, 512]",1.2205443836608236,58.45841979980469,-5.4921956062316895,13.473344802856445,1.0,0,22528,3,momask_original,hml_orig100_train_027__full::momask_original,True,False,,a person bends and holds their head with their left hand.,sit_squat_posture,,train,human_diagnostic_problem_description,2026-05-28T18:24:41,,True
20260528_182842_momask_original_success_027_sample_trace,MoMask original,success,hml_orig100_train_028__full,token_logits,vocab_logits,mask_iteration,"['batch', 'token_time', 'codebook']","[1, 49, 512]",1.203829040513542,54.96977233886719,1.3451248407363892,13.463055610656738,1.0,0,25088,3,momask_original,hml_orig100_train_028__full::momask_original,True,False,,"a persons walks forward, bends down to pick something up, then walks in a circle and sets it back down.",sit_squat_posture,,train,human_diagnostic_problem_description,2026-05-28T18:24:42,,True
20260528_182842_momask_original_success_029_sample_trace,MoMask original,success,hml_orig100_train_030__full,token_logits,vocab_logits,mask_iteration,"['batch', 'token_time', 'codebook']","[1, 41, 512]",1.2110779156123461,56.74875259399414,3.21842098236084,14.164636611938477,1.0,0,20992,3,momask_original,hml_orig100_train_030__full::momask_original,True,False,,"a man walks over , sits down , then walks back.",sit_squat_posture,,train,human_diagnostic_problem_description,2026-05-28T18:24:45,,True
20260528_182842_momask_original_success_030_sample_trace,MoMask original,success,hml_orig100_train_031__full,token_logits,vocab_logits,mask_iteration,"['batch', 'token_time', 'codebook']","[1, 23, 512]",1.3659225687389958,63.11614227294922,1.861863136291504,15.92202091217041,1.0,0,11776,3,momask_original,hml_orig100_train_031__full::momask_original,True,False,,a man kneels to the ground one leg at a time starting with the right leg,sit_squat_posture,,train,human_diagnostic_problem_description,2026-05-28T18:24:47,,True
20260528_182842_momask_original_success_031_sample_trace,MoMask original,success,hml_orig100_train_032__full,token_logits,vocab_logits,mask_iteration,"['batch', 'token_time', 'codebook']","[1, 49, 512]",0.8450726361202867,31.91307830810547,-2.0390400886535645,9.276493072509766,1.0,0,25088,3,momask_original,hml_orig100_train_032__full::momask_original,True,False,,a person sitting quickly reaches around them and grabs objects.,sit_squat_posture,,train,human_diagnostic_problem_description,2026-05-28T18:24:48,,True
20260528_182842_momask_original_success_033_sample_trace,MoMask original,success,hml_orig100_train_034__full,token_logits,vocab_logits,mask_iteration,"['batch', 'token_time', 'codebook']","[1, 25, 512]",1.0116624744866711,48.611419677734375,2.2628653049468994,11.948458671569824,1.0,0,12800,3,momask_original,hml_orig100_train_034__full::momask_original,True,False,,a person kicked something with left leg,jump_kick,,train,human_diagnostic_problem_description,2026-05-28T18:24:52,,True
20260528_182842_momask_original_success_034_sample_trace,MoMask original,success,hml_orig100_train_035__full,token_logits,vocab_logits,mask_iteration,"['batch', 'token_time', 'codebook']","[1, 10, 512]",1.4289550713871086,48.94934844970703,8.580835342407227,13.771992683410645,1.0,0,5120,3,momask_original,hml_orig100_train_035__full::momask_original,True,False,,a person kicked with the left leg,jump_kick,,train,human_diagnostic_problem_description,2026-05-26T23:08:13,,True
20260528_182842_momask_original_success_035_sample_trace,MoMask original,success,hml_orig100_train_036__full,token_logits,vocab_logits,mask_iteration,"['batch', 'token_time', 'codebook']","[1, 29, 512]",0.9396762172002882,42.754432678222656,-4.289021015167236,9.890067100524902,1.0,0,14848,3,momask_original,hml_orig100_train_036__full::momask_original,True,False,,the person took a jump forward.,jump_kick,,train,human_diagnostic_problem_description,2026-05-26T23:08:19,,True
20260528_182842_momask_original_success_037_sample_trace,MoMask original,success,hml_orig100_train_038__full,token_logits,vocab_logits,mask_iteration,"['batch', 'token_time', 'codebook']","[1, 22, 512]",1.1013249359800272,46.95520782470703,0.5970191955566406,13.069596290588379,1.0,0,11264,3,momask_original,hml_orig100_train_038__full::momask_original,True,False,,the man kicks at something with his left leg.,jump_kick,,train,human_diagnostic_problem_description,2026-05-26T23:09:45,,True
20260528_182842_momask_original_success_038_sample_trace,MoMask original,success,hml_orig100_train_039__full,token_logits,vocab_logits,mask_iteration,"['batch', 'token_time', 'codebook']","[1, 48, 512]",0.9780936540266594,42.414634704589844,4.44346284866333,9.997958183288574,1.0,0,24576,3,momask_original,hml_orig100_train_039__full::momask_original,True,False,,person is practicing their long jump,jump_kick,,train,human_diagnostic_problem_description,2026-05-26T23:09:53,,True
20260528_182842_momask_original_success_039_sample_trace,MoMask original,success,hml_orig100_train_040__full,token_logits,vocab_logits,mask_iteration,"['batch', 'token_time', 'codebook']","[1, 49, 512]",1.2437469946393385,44.97248077392578,7.751014709472656,11.633002281188965,1.0,0,25088,3,momask_original,hml_orig100_train_040__full::momask_original,True,False,,"someone jumps over something, turns around and jumps back over it, before getting ready to jump over it again.",jump_kick,,train,human_diagnostic_problem_description,2026-05-26T23:10:20,,True
20260528_182842_momask_original_success_040_sample_trace,MoMask original,success,hml_orig100_train_041__full,token_logits,vocab_logits,mask_iteration,"['batch', 'token_time', 'codebook']","[1, 49, 512]",1.0307365161125488,48.763587951660156,0.8945369124412537,11.550074577331543,1.0,0,25088,3,momask_original,hml_orig100_train_041__full::momask_original,True,False,,a person acting traumatic throwing his left hand.,upper_body_gesture,,train,human_diagnostic_problem_description,2026-05-26T23:11:14,,True
20260528_182842_momask_original_success_041_sample_trace,MoMask original,success,hml_orig100_train_042__full,token_logits,vocab_logits,mask_iteration,"['batch', 'token_time', 'codebook']","[1, 49, 512]",1.0949852164000389,46.12349319458008,0.8779640197753906,12.275410652160645,1.0,0,25088,3,momask_original,hml_orig100_train_042__full::momask_original,True,False,,"the person holds their head, crouches down on their hands and continues to hold their head.",upper_body_gesture,,train,human_diagnostic_problem_description,2026-05-26T23:11:35,,True
20260528_182842_momask_original_success_042_sample_trace,MoMask original,success,hml_orig100_train_043__full,token_logits,vocab_logits,mask_iteration,"['batch', 'token_time', 'codebook']","[1, 5, 512]",1.1977568903509148,50.72283172607422,-1.7446130514144897,14.176031112670898,1.0,0,2560,3,momask_original,hml_orig100_train_043__full::momask_original,True,False,,a person sitting down raises its right hand.,upper_body_gesture,,train,human_diagnostic_problem_description,2026-05-26T23:11:50,,True
20260528_182842_momask_original_success_043_sample_trace,MoMask original,success,hml_orig100_train_044__full,token_logits,vocab_logits,mask_iteration,"['batch', 'token_time', 'codebook']","[1, 18, 512]",1.032475439847604,39.273719787597656,-5.009087085723877,10.967896461486816,1.0,0,9216,3,momask_original,hml_orig100_train_044__full::momask_original,True,False,,this person is standing still and lifts the left hand up to the face.,upper_body_gesture,,train,human_diagnostic_problem_description,2026-05-26T23:12:00,,True
20260528_182842_momask_original_success_044_sample_trace,MoMask original,success,hml_orig100_train_045__full,token_logits,vocab_logits,mask_iteration,"['batch', 'token_time', 'codebook']","[1, 49, 512]",1.0852001688481954,40.4886474609375,-5.9206013679504395,10.663405418395996,1.0,0,25088,3,momask_original,hml_orig100_train_045__full::momask_original,True,False,,both arms bent forward chicken wing flaps to left and right,upper_body_gesture,,train,human_diagnostic_problem_description,2026-05-26T23:12:11,,True
20260528_182842_momask_original_success_045_sample_trace,MoMask original,success,hml_orig100_train_046__full,token_logits,vocab_logits,mask_iteration,"['batch', 'token_time', 'codebook']","[1, 26, 512]",1.0198120708715401,56.41565704345703,1.7662372589111328,12.099593162536621,1.0,0,13312,3,momask_original,hml_orig100_train_046__full::momask_original,True,False,,a person wave their arm in a straight motion,upper_body_gesture,,train,human_diagnostic_problem_description,2026-05-26T23:12:31,,True
20260528_182842_momask_original_success_046_sample_trace,MoMask original,success,hml_orig100_train_047__full,token_logits,vocab_logits,mask_iteration,"['batch', 'token_time', 'codebook']","[1, 49, 512]",1.1927197028689702,45.1231689453125,-3.749619245529175,12.870137214660645,1.0,0,25088,3,momask_original,hml_orig100_train_047__full::momask_original,True,False,,"a person bends slightly to grab something with his right hand then limps one step to his left, pauses, and limps another step to the left.",upper_body_gesture,,train,human_diagnostic_problem_description,2026-05-26T23:13:57,,True
20260528_182842_momask_original_success_047_sample_trace,MoMask original,success,hml_orig100_train_048__full,token_logits,vocab_logits,mask_iteration,"['batch', 'token_time', 'codebook']","[1, 49, 512]",1.1706068282540565,52.37140655517578,-5.370861053466797,12.010515213012695,1.0,0,25088,3,momask_original,hml_orig100_train_048__full::momask_original,True,False,,lowering hands then raising hands towards face.,upper_body_gesture,,train,human_diagnostic_problem_description,2026-05-26T23:14:09,,True
20260528_182842_momask_original_success_048_sample_trace,MoMask original,success,hml_orig100_train_049__full,token_logits,vocab_logits,mask_iteration,"['batch', 'token_time', 'codebook']","[1, 30, 512]",1.1431551396645632,45.014163970947266,0.14150670170783997,13.1815767288208,1.0,0,15360,3,momask_original,hml_orig100_train_049__full::momask_original,True,False,,a person holds up both of their hands in front of their face and then leans back to dodge an obstacle.,object_interaction,,train,human_diagnostic_problem_description,2026-05-26T23:14:20,,True
20260528_182842_momask_original_success_050_sample_trace,MoMask original,success,hml_orig100_train_051__full,token_logits,vocab_logits,mask_iteration,"['batch', 'token_time', 'codebook']","[1, 49, 512]",1.3167631238013675,43.13243103027344,7.369699478149414,12.833902359008789,1.0,0,25088,3,momask_original,hml_orig100_train_051__full::momask_original,True,False,,someone walks disoriented looking for something or someone,object_interaction,,train,human_diagnostic_problem_description,2026-05-26T23:25:15,,True
20260528_182842_momask_original_success_051_sample_trace,MoMask original,success,hml_orig100_train_052__full,token_logits,vocab_logits,mask_iteration,"['batch', 'token_time', 'codebook']","[1, 20, 512]",0.9559024851045045,40.24193572998047,-1.4256718158721924,11.616592407226562,1.0,0,10240,3,momask_original,hml_orig100_train_052__full::momask_original,True,False,,a person does jumping jacks in place.,object_interaction,,train,human_diagnostic_problem_description,2026-05-26T23:25:30,,True
20260528_182842_momask_original_success_053_sample_trace,MoMask original,success,hml_orig100_train_054__full,token_logits,vocab_logits,mask_iteration,"['batch', 'token_time', 'codebook']","[1, 49, 512]",1.0239745071306354,46.299903869628906,2.6221296787261963,11.20596981048584,1.0,0,25088,3,momask_original,hml_orig100_train_054__full::momask_original,True,False,,the person is throwing something with both hands overhead.,object_interaction,,train,human_diagnostic_problem_description,2026-05-26T23:27:32,,True
20260528_182842_momask_original_success_054_sample_trace,MoMask original,success,hml_orig100_train_055__full,token_logits,vocab_logits,mask_iteration,"['batch', 'token_time', 'codebook']","[1, 20, 512]",1.0191738982892595,45.84371566772461,-4.590567588806152,11.603350639343262,1.0,0,10240,3,momask_original,hml_orig100_train_055__full::momask_original,True,False,,this person stands in one place and claps.,object_interaction,,train,human_diagnostic_problem_description,2026-05-26T23:27:35,,True
20260528_182842_momask_original_success_055_sample_trace,MoMask original,success,hml_orig100_train_056__full,token_logits,vocab_logits,mask_iteration,"['batch', 'token_time', 'codebook']","[1, 43, 512]",1.163277793753069,48.92162322998047,3.4169156551361084,13.516412734985352,1.0,0,22016,3,momask_original,hml_orig100_train_056__full::momask_original,True,False,,a person is walking while holding onto something.,object_interaction,,train,human_diagnostic_problem_description,2026-05-26T23:27:41,,True
20260528_182842_momask_original_success_056_sample_trace,MoMask original,success,hml_orig100_train_057__full,token_logits,vocab_logits,mask_iteration,"['batch', 'token_time', 'codebook']","[1, 23, 512]",0.9471977582412089,34.82343292236328,2.2282967567443848,10.89072036743164,1.0,0,11776,3,momask_original,hml_orig100_train_057__full::momask_original,True,False,,a person walks forward a few steps,count_duration_speed,,train,human_diagnostic_problem_description,2026-05-26T23:27:44,,True
20260528_182842_momask_original_success_057_sample_trace,MoMask original,success,hml_orig100_train_058__full,token_logits,vocab_logits,mask_iteration,"['batch', 'token_time', 'codebook']","[1, 2, 512]",0.9755094834700335,34.16948699951172,-5.39616584777832,10.26388168334961,1.0,0,1024,3,momask_original,hml_orig100_train_058__full::momask_original,True,False,,person quickly raises their left hand,count_duration_speed,,train,human_diagnostic_problem_description,2026-05-26T23:28:02,,True
20260528_182842_momask_original_success_058_sample_trace,MoMask original,success,hml_orig100_train_059__full,token_logits,vocab_logits,mask_iteration,"['batch', 'token_time', 'codebook']","[1, 41, 512]",1.0659130122140024,53.776161193847656,2.10369610786438,12.610295295715332,1.0,0,20992,3,momask_original,hml_orig100_train_059__full::momask_original,True,False,,the person makes many gestures in quick succession.,count_duration_speed,,train,human_diagnostic_problem_description,2026-05-26T23:38:48,,True
20260528_182842_momask_original_success_059_sample_trace,MoMask original,success,hml_orig100_train_060__full,token_logits,vocab_logits,mask_iteration,"['batch', 'token_time', 'codebook']","[1, 49, 512]",1.2176810468332662,54.362937927246094,0.5595338344573975,13.674328804016113,1.0,0,25088,3,momask_original,hml_orig100_train_060__full::momask_original,True,False,,"a person slowly straightens, turns back and to the right, picks up an object, walks forward, and wipes something with the object.",count_duration_speed,,train,human_diagnostic_problem_description,2026-05-26T23:39:26,,True
20260528_182842_momask_original_success_060_sample_trace,MoMask original,success,hml_orig100_train_061__full,token_logits,vocab_logits,mask_iteration,"['batch', 'token_time', 'codebook']","[1, 35, 512]",1.242648160728682,62.22538375854492,0.6417911052703857,15.468954086303711,1.0,0,17920,3,momask_original,hml_orig100_train_061__full::momask_original,True,False,,person moves back in a seated position sits then stand up again returning to original position,count_duration_speed,,train,human_diagnostic_problem_description,2026-05-26T23:39:47,,True
20260528_182842_momask_original_success_061_sample_trace,MoMask original,success,hml_orig100_train_062__full,token_logits,vocab_logits,mask_iteration,"['batch', 'token_time', 'codebook']","[1, 14, 512]",1.1266083073690814,40.81090545654297,6.165322780609131,11.548770904541016,1.0,0,7168,3,momask_original,hml_orig100_train_062__full::momask_original,True,False,,a person slowly walks forward.,count_duration_speed,,train,human_diagnostic_problem_description,2026-05-26T23:40:14,,True
20260528_182842_momask_original_success_062_sample_trace,MoMask original,success,hml_orig100_train_063__full,token_logits,vocab_logits,mask_iteration,"['batch', 'token_time', 'codebook']","[1, 30, 512]",1.11878330699246,48.499053955078125,-2.060429573059082,12.735695838928223,1.0,0,15360,3,momask_original,hml_orig100_train_063__full::momask_original,True,False,,a person begins walking then quickly turns around to stand with his back to the viewer.,count_duration_speed,,train,human_diagnostic_problem_description,2026-05-26T23:40:59,,True
20260528_182842_momask_original_success_065_sample_trace,MoMask original,success,hml_orig100_train_066__full,token_logits,vocab_logits,mask_iteration,"['batch', 'token_time', 'codebook']","[1, 33, 512]",1.3204941956962848,47.3945198059082,10.024131774902344,12.791671752929688,1.0,0,16896,3,momask_original,hml_orig100_train_066__full::momask_original,True,False,,this person jump and spin and then balance themselves.,multi_action_composition,,train,human_diagnostic_problem_description,2026-05-26T23:43:25,,True
20260528_182842_momask_original_success_066_sample_trace,MoMask original,success,hml_orig100_train_067__full,token_logits,vocab_logits,mask_iteration,"['batch', 'token_time', 'codebook']","[1, 48, 512]",1.6332145088493204,70.53594207763672,9.312898635864258,15.717143058776855,1.0,0,24576,3,momask_original,hml_orig100_train_067__full::momask_original,True,False,,"a person bends down and crawls forward, then back and then stands up.",multi_action_composition,,train,human_diagnostic_problem_description,2026-05-26T23:43:51,,True
20260528_182842_momask_original_success_070_sample_trace,MoMask original,success,hml_orig100_train_071__full,token_logits,vocab_logits,mask_iteration,"['batch', 'token_time', 'codebook']","[1, 49, 512]",1.298002842970322,48.327293395996094,-6.315423011779785,13.150684356689453,1.0,0,25088,3,momask_original,hml_orig100_train_071__full::momask_original,True,False,,"the person picks up one container with each hand, pours them at the same time, then grabs something with their right hand and mixes the concoction.",multi_action_composition,,train,human_diagnostic_problem_description,2026-05-26T23:52:42,,True
20260528_182842_momask_original_success_071_sample_trace,MoMask original,success,hml_orig100_train_072__full,token_logits,vocab_logits,mask_iteration,"['batch', 'token_time', 'codebook']","[1, 48, 512]",1.1999081488256103,51.48756408691406,-5.750613689422607,12.127805709838867,1.0,0,24576,3,momask_original,hml_orig100_train_072__full::momask_original,True,False,,"a person is turning something with its left hand, while holding something with its right hand",multi_action_composition,,train,human_diagnostic_problem_description,2026-05-26T23:53:35,,True
20260528_182842_momask_original_success_073_sample_trace,MoMask original,success,hml_orig100_train_074__full,token_logits,vocab_logits,mask_iteration,"['batch', 'token_time', 'codebook']","[1, 49, 512]",1.3008730716611503,47.2828369140625,7.623094081878662,12.476208686828613,1.0,0,25088,3,momask_original,hml_orig100_train_074__full::momask_original,True,False,,"a man stands facing forward, stretch both hands forward, he turned right walked a little turned left walked a little turned left walked.",dance_exercise,,train,human_diagnostic_problem_description,2026-05-26T23:55:16,,True
20260528_182842_momask_original_success_074_sample_trace,MoMask original,success,hml_orig100_train_075__full,token_logits,vocab_logits,mask_iteration,"['batch', 'token_time', 'codebook']","[1, 49, 512]",1.4225801153223125,59.622833251953125,7.037821292877197,14.356420516967773,1.0,0,25088,3,momask_original,hml_orig100_train_075__full::momask_original,True,False,,man has two hands on the ground facing downward with the right leg in front and the left leg stretched behind; kicks right leg behind as well and went intp a downward facing dog position.,dance_exercise,,train,human_diagnostic_problem_description,2026-05-26T23:57:09,,True
20260528_182842_momask_original_success_075_sample_trace,MoMask original,success,hml_orig100_train_076__full,token_logits,vocab_logits,mask_iteration,"['batch', 'token_time', 'codebook']","[1, 47, 512]",1.2405351496760857,58.977787017822266,0.018728459253907204,14.622148513793945,1.0,0,24064,3,momask_original,hml_orig100_train_076__full::momask_original,True,False,,"a man bends foward ,stretches his right hand towards the ground and then followed by the left hand trying to search something.",dance_exercise,,train,human_diagnostic_problem_description,2026-05-26T23:59:14,,True
20260528_182842_momask_original_success_076_sample_trace,MoMask original,success,hml_orig100_train_077__full,token_logits,vocab_logits,mask_iteration,"['batch', 'token_time', 'codebook']","[1, 30, 512]",1.213320819604898,49.954769134521484,-1.131462812423706,13.945630073547363,1.0,0,15360,3,momask_original,hml_orig100_train_077__full::momask_original,True,False,,figure appears to be stretching,dance_exercise,,train,human_diagnostic_problem_description,2026-05-26T23:59:20,,True
20260528_182842_momask_original_success_078_sample_trace,MoMask original,success,hml_orig100_train_079__full,token_logits,vocab_logits,mask_iteration,"['batch', 'token_time', 'codebook']","[1, 49, 512]",1.3267023469723127,48.13715744018555,9.218019485473633,11.720434188842773,1.0,0,25088,3,momask_original,hml_orig100_train_079__full::momask_original,True,False,,"a standing  woman gracefully dances forward, from the viewer's right to left, tapping toes and swaying arms in synchrony.",dance_exercise,,train,human_diagnostic_problem_description,2026-05-27T00:00:24,,True
20260528_182842_momask_original_success_079_sample_trace,MoMask original,success,hml_orig100_train_080__full,token_logits,vocab_logits,mask_iteration,"['batch', 'token_time', 'codebook']","[1, 13, 512]",1.291430756411679,44.85942459106445,1.6295971870422363,14.92416763305664,1.0,0,6656,3,momask_original,hml_orig100_train_080__full::momask_original,True,False,,stretching out arms while shaking out left arm,dance_exercise,,train,human_diagnostic_problem_description,2026-05-27T00:00:45,,True
20260528_182842_momask_original_success_080_sample_trace,MoMask original,success,hml_orig100_test_001__full,token_logits,vocab_logits,mask_iteration,"['batch', 'token_time', 'codebook']","[1, 49, 512]",1.0549405121900222,43.505714416503906,-0.7135584950447083,11.835206031799316,1.0,0,25088,3,momask_original,hml_orig100_test_001__full::momask_original,True,False,,"a person walks forward, swaying their hips.",simple_locomotion,,test,human_diagnostic_problem_description,2026-05-27T00:00:57,,True
20260528_182842_momask_original_success_083_sample_trace,MoMask original,success,hml_orig100_test_004__full,token_logits,vocab_logits,mask_iteration,"['batch', 'token_time', 'codebook']","[1, 27, 512]",1.0342118069513386,41.815338134765625,-2.0950021743774414,12.02828311920166,1.0,0,13824,3,momask_original,hml_orig100_test_004__full::momask_original,True,False,,a person slowly walks backward in a straight line.,direction_turn,,test,human_diagnostic_problem_description,2026-05-27T00:03:19,,True
20260528_182842_momask_original_success_085_sample_trace,MoMask original,success,hml_orig100_test_006__full,token_logits,vocab_logits,mask_iteration,"['batch', 'token_time', 'codebook']","[1, 26, 512]",1.029844666648168,43.34175491333008,-4.48569917678833,11.504546165466309,1.0,0,13312,3,momask_original,hml_orig100_test_006__full::momask_original,True,False,,this person stands still then lifts his right foot.,stop_go,,test,human_diagnostic_problem_description,2026-05-27T00:04:18,,True
20260528_182842_momask_original_success_086_sample_trace,MoMask original,success,hml_orig100_test_007__full,token_logits,vocab_logits,mask_iteration,"['batch', 'token_time', 'codebook']","[1, 29, 512]",1.082648277740056,53.752044677734375,-3.137932777404785,12.017288208007812,1.0,0,14848,3,momask_original,hml_orig100_test_007__full::momask_original,True,False,,person standing bends forward slightly to left to pick something up with both hands and moves item slightly to the right,sit_squat_posture,,test,human_diagnostic_problem_description,2026-05-27T00:06:41,,True
20260528_182842_momask_original_success_087_sample_trace,MoMask original,success,hml_orig100_test_008__full,token_logits,vocab_logits,mask_iteration,"['batch', 'token_time', 'codebook']","[1, 24, 512]",1.0365507197831434,43.806575775146484,-4.298651695251465,11.502150535583496,1.0,0,12288,3,momask_original,hml_orig100_test_008__full::momask_original,True,False,,a person bends slightly at the shoulders and mimics the movements of picking something up with both arms moving it from their right side to their left side.,sit_squat_posture,,test,human_diagnostic_problem_description,2026-05-27T00:07:24,,True
20260528_182842_momask_original_success_088_sample_trace,MoMask original,success,hml_orig100_test_009__full,token_logits,vocab_logits,mask_iteration,"['batch', 'token_time', 'codebook']","[1, 9, 512]",1.294375227854495,47.924034118652344,7.319623947143555,12.979097366333008,1.0,0,4608,3,momask_original,hml_orig100_test_009__full::momask_original,True,False,,a person walked forward in right direction adn jumped,jump_kick,,test,human_diagnostic_problem_description,2026-05-27T00:08:36,,True
20260528_182842_momask_original_success_089_sample_trace,MoMask original,success,hml_orig100_test_010__full,token_logits,vocab_logits,mask_iteration,"['batch', 'token_time', 'codebook']","[1, 19, 512]",1.1287795770162732,43.0821647644043,-4.837103366851807,12.686063766479492,1.0,0,9728,3,momask_original,hml_orig100_test_010__full::momask_original,True,False,,a person jumps on the spot twice.,jump_kick,,test,human_diagnostic_problem_description,2026-05-27T00:09:02,,True
20260528_182842_momask_original_success_090_sample_trace,MoMask original,success,hml_orig100_test_011__full,token_logits,vocab_logits,mask_iteration,"['batch', 'token_time', 'codebook']","[1, 22, 512]",0.8451764322139541,39.310447692871094,0.4655306935310364,10.029502868652344,1.0,0,11264,3,momask_original,hml_orig100_test_011__full::momask_original,True,False,,the person is moving around both arms.,upper_body_gesture,,test,human_diagnostic_problem_description,2026-05-27T00:09:10,,True
20260528_182842_momask_original_success_091_sample_trace,MoMask original,success,hml_orig100_test_012__full,token_logits,vocab_logits,mask_iteration,"['batch', 'token_time', 'codebook']","[1, 40, 512]",1.071503880167747,49.879486083984375,1.1415281295776367,12.745841026306152,1.0,0,20480,3,momask_original,hml_orig100_test_012__full::momask_original,True,False,,a person twists to the left and picks something up with their left hand.,upper_body_gesture,,test,human_diagnostic_problem_description,2026-05-27T00:10:34,,True
20260528_182842_momask_original_success_093_sample_trace,MoMask original,success,hml_orig100_test_014__full,token_logits,vocab_logits,mask_iteration,"['batch', 'token_time', 'codebook']","[1, 25, 512]",1.4083568601297878,53.50570297241211,-6.935853481292725,15.44336986541748,1.0,0,12800,3,momask_original,hml_orig100_test_014__full::momask_original,True,False,,the sim is jogging in place.,object_interaction,,test,human_diagnostic_problem_description,2026-05-27T00:13:09,,True
20260528_182842_momask_original_success_094_sample_trace,MoMask original,success,hml_orig100_test_015__full,token_logits,vocab_logits,mask_iteration,"['batch', 'token_time', 'codebook']","[1, 37, 512]",0.9640469869035975,49.806392669677734,-3.851982355117798,10.961645126342773,1.0,0,18944,3,momask_original,hml_orig100_test_015__full::momask_original,True,False,,a person starts slowly walking forward and then jogs some before coming to a stop.,count_duration_speed,,test,human_diagnostic_problem_description,2026-05-27T00:13:52,,True
20260528_182842_momask_original_success_096_sample_trace,MoMask original,success,hml_orig100_test_017__full,token_logits,vocab_logits,mask_iteration,"['batch', 'token_time', 'codebook']","[1, 47, 512]",1.0763719856328038,49.405052185058594,-0.3216101825237274,12.683095932006836,1.0,0,24064,3,momask_original,hml_orig100_test_017__full::momask_original,True,False,,a person sits in a  chair then stands back up.,multi_action_composition,,test,human_diagnostic_problem_description,2026-05-27T00:16:24,,True
20260528_182842_momask_original_success_097_sample_trace,MoMask original,success,hml_orig100_test_018__full,token_logits,vocab_logits,mask_iteration,"['batch', 'token_time', 'codebook']","[1, 49, 512]",1.1275361167472988,49.677703857421875,-1.5528669357299805,12.577112197875977,1.0,0,25088,3,momask_original,hml_orig100_test_018__full::momask_original,True,False,,a man lifts each knee to his elbow multiple times and then does a squat.,multi_action_composition,,test,human_diagnostic_problem_description,2026-05-27T00:16:56,,True
20260528_182842_momask_original_success_098_sample_trace,MoMask original,success,hml_orig100_test_019__full,token_logits,vocab_logits,mask_iteration,"['batch', 'token_time', 'codebook']","[1, 20, 512]",1.131274553608987,46.53650665283203,-4.052848815917969,13.24474048614502,1.0,0,10240,3,momask_original,hml_orig100_test_019__full::momask_original,True,False,,"a man steps forward, lifts his arms then bends and stretches them.",dance_exercise,,test,human_diagnostic_problem_description,2026-05-27T00:19:24,,True
20260528_182842_motiongpt_failure_034_sample_trace,MotionGPT,failure,hml_orig100_train_035__full,token_logits,motion_vocab_logits_slice,decoder_prefix,"['batch', 'decoder_step', 'motion_vocab']","[1, 6, 514]",0.548612687219754,38.84193420410156,14.82717514038086,11.295127868652344,1.0,1,3084,3,motiongpt,hml_orig100_train_035__full::motiongpt,True,True,左脚为支点旋转一周,a person kicked with the left leg,jump_kick,,train,human_diagnostic_problem_description,2026-05-26T23:08:13,,True
20260528_182842_motiongpt_failure_046_sample_trace,MotionGPT,failure,hml_orig100_train_047__full,token_logits,motion_vocab_logits_slice,decoder_prefix,"['batch', 'decoder_step', 'motion_vocab']","[1, 6, 514]",0.8813551664601679,89.12487030029297,-14.812237739562988,26.02431297302246,1.0,1,3084,3,motiongpt,hml_orig100_train_047__full::motiongpt,True,True,缺少and limps another step to the left.,"a person bends slightly to grab something with his right hand then limps one step to his left, pauses, and limps another step to the left.",upper_body_gesture,,train,human_diagnostic_problem_description,2026-05-26T23:13:57,,True
20260528_182842_motiongpt_failure_049_sample_trace,MotionGPT,failure,hml_orig100_train_050__full,token_logits,motion_vocab_logits_slice,decoder_prefix,"['batch', 'decoder_step', 'motion_vocab']","[1, 6, 514]",0.6384594249522121,46.29983901977539,-0.8361642360687256,21.675798416137695,1.0,1,3084,3,motiongpt,hml_orig100_train_050__full::motiongpt,True,True,a man walks forward and 左右摇摆,a man turns to the left and reaches up to grab something with his left hands.,object_interaction,,train,human_diagnostic_problem_description,2026-05-26T23:24:49,,True
20260528_182842_motiongpt_failure_057_sample_trace,MotionGPT,failure,hml_orig100_train_058__full,token_logits,motion_vocab_logits_slice,decoder_prefix,"['batch', 'decoder_step', 'motion_vocab']","[1, 6, 514]",0.5587173999787229,36.87617111206055,8.175680160522461,17.13182258605957,1.0,1,3084,3,motiongpt,hml_orig100_train_058__full::motiongpt,True,True,缓慢伸右手,person quickly raises their left hand,count_duration_speed,,train,human_diagnostic_problem_description,2026-05-26T23:28:02,,True
20260528_182842_motiongpt_failure_081_sample_trace,MotionGPT,failure,hml_orig100_test_002__full,token_logits,motion_vocab_logits_slice,decoder_prefix,"['batch', 'decoder_step', 'motion_vocab']","[1, 6, 514]",0.537983760184743,57.47032165527344,-3.3785512447357178,17.963258743286133,1.0,1,3084,3,motiongpt,hml_orig100_test_002__full::motiongpt,True,True,在原地踉跄,a person who is poised to run steps to his right with is right foot and dashes to his left.,simple_locomotion,,test,human_diagnostic_problem_description,2026-05-27T00:02:15,,True
20260528_182842_motiongpt_failure_082_sample_trace,MotionGPT,failure,hml_orig100_test_003__full,token_logits,motion_vocab_logits_slice,decoder_prefix,"['batch', 'decoder_step', 'motion_vocab']","[1, 6, 514]",0.6567548566835433,64.23167419433594,-10.708791732788086,19.57587242126465,1.0,1,3084,3,motiongpt,hml_orig100_test_003__full::motiongpt,True,True,a person stands normally then begins hops on their left foot while their right foot is elevated then stops and stands normally.,a person stands normally then begins hops on their right foot while their left foot is elevated then stops and stands normally.,direction_turn,,test,human_diagnostic_problem_description,2026-05-27T00:03:14,,True
20260528_182842_motiongpt_failure_085_sample_trace,MotionGPT,failure,hml_orig100_test_006__full,token_logits,motion_vocab_logits_slice,decoder_prefix,"['batch', 'decoder_step', 'motion_vocab']","[1, 6, 514]",0.6867750010394019,65.97047424316406,-10.611371040344238,20.780981063842773,1.0,1,3084,3,motiongpt,hml_orig100_test_006__full::motiongpt,True,True,this person stands still then lifts his left foot.,this person stands still then lifts his right foot.,stop_go,,test,human_diagnostic_problem_description,2026-05-27T00:04:18,,True
20260528_182842_motiongpt_failure_088_sample_trace,MotionGPT,failure,hml_orig100_test_009__full,token_logits,motion_vocab_logits_slice,decoder_prefix,"['batch', 'decoder_step', 'motion_vocab']","[1, 6, 514]",0.5216040440439931,39.47660827636719,4.336606979370117,17.182924270629883,1.0,1,3084,3,motiongpt,hml_orig100_test_009__full::motiongpt,True,True,人物沿着8字行走和跑步，这个prompt在别的样本中出现过,a person walked forward in right direction adn jumped,jump_kick,,test,human_diagnostic_problem_description,2026-05-27T00:08:36,,True
20260528_182842_motiongpt_failure_091_sample_trace,MotionGPT,failure,hml_orig100_test_012__full,token_logits,motion_vocab_logits_slice,decoder_prefix,"['batch', 'decoder_step', 'motion_vocab']","[1, 6, 514]",0.8074202056952468,68.56716918945312,-4.228812217712402,27.104528427124023,1.0,1,3084,3,motiongpt,hml_orig100_test_012__full::motiongpt,True,True,the person reaches forward with right hand,a person twists to the left and picks something up with their left hand.,upper_body_gesture,,test,human_diagnostic_problem_description,2026-05-27T00:10:34,,True
20260528_182842_motiongpt_failure_092_sample_trace,MotionGPT,failure,hml_orig100_test_013__full,token_logits,motion_vocab_logits_slice,decoder_prefix,"['batch', 'decoder_step', 'motion_vocab']","[1, 6, 514]",0.8150803022357984,86.2637939453125,-8.171867370605469,26.45950698852539,1.0,1,3084,3,motiongpt,hml_orig100_test_013__full::motiongpt,True,True,"a person lowers the right hand bending down slightly to examine something, then straightens and raises something to his face with the right hand.","a person lowers the right hand bending down slightly to examine something, then straightens and raises something to his face with the left hand.",object_interaction,,test,human_diagnostic_problem_description,2026-05-27T00:12:54,,True
20260528_182842_motiongpt_failure_094_sample_trace,MotionGPT,failure,hml_orig100_test_015__full,token_logits,motion_vocab_logits_slice,decoder_prefix,"['batch', 'decoder_step', 'motion_vocab']","[1, 6, 514]",0.9651342824443156,93.24595642089844,-8.430829048156738,31.688478469848633,1.0,1,3084,3,motiongpt,hml_orig100_test_015__full::motiongpt,True,True,a person starts slowly walking forward and then stands on left leg.,a person starts slowly walking forward and then jogs some before coming to a stop.,count_duration_speed,,test,human_diagnostic_problem_description,2026-05-27T00:13:52,,True
20260528_182842_motiongpt_failure_095_sample_trace,MotionGPT,failure,hml_orig100_test_016__full,token_logits,motion_vocab_logits_slice,decoder_prefix,"['batch', 'decoder_step', 'motion_vocab']","[1, 6, 514]",1.127150821598945,115.08710479736328,-17.13811492919922,34.24651336669922,1.0,1,3084,3,motiongpt,hml_orig100_test_016__full::motiongpt,True,True,"a person walks up to shake with their left hand, turns slightly left and turns fast right and turns left again to shake for a final time.","a person walks up to shake with their left hand, turns slightly left to shake again, and turns left again to shake for a final time.",count_duration_speed,,test,human_diagnostic_problem_description,2026-05-27T00:16:14,,True
20260528_182842_motiongpt_failure_099_sample_trace,MotionGPT,failure,hml_orig100_test_020__full,token_logits,motion_vocab_logits_slice,decoder_prefix,"['batch', 'decoder_step', 'motion_vocab']","[1, 6, 514]",0.7735176551477396,75.76966094970703,-2.775770664215088,26.133577346801758,1.0,1,3084,3,motiongpt,hml_orig100_test_020__full::motiongpt,True,True,没有holding the posture for several seconds保持姿势不动数秒，在将双手举过头顶后收回两侧,"a man slowly raises both arms high over his head in a stretch, holding the posture for several seconds, with his right arm stretched out to his side.",dance_exercise,,test,human_diagnostic_problem_description,2026-05-27T00:21:34,,True
20260528_182842_motiongpt_success_000_sample_trace,MotionGPT,success,hml_orig100_train_001__full,token_logits,motion_vocab_logits_slice,decoder_prefix,"['batch', 'decoder_step', 'motion_vocab']","[1, 6, 514]",0.7011825103015998,56.22629928588867,-4.35234260559082,23.422012329101562,1.0,0,3084,3,motiongpt,hml_orig100_train_001__full::motiongpt,True,False,,a person slides from side to side 2 times then takes off running while looking forward the whole time,simple_locomotion,,train,human_diagnostic_problem_description,2026-05-28T18:24:04,,True
20260528_182842_motiongpt_success_001_sample_trace,MotionGPT,success,hml_orig100_train_002__full,token_logits,motion_vocab_logits_slice,decoder_prefix,"['batch', 'decoder_step', 'motion_vocab']","[1, 6, 514]",0.5404024366967475,45.05786895751953,16.041540145874023,8.9315767288208,1.0,0,3084,3,motiongpt,hml_orig100_train_002__full::motiongpt,True,False,,a person looking to their right walks in a tight circle while continuing to face the same direction. they look to be slightly off balance,simple_locomotion,,train,human_diagnostic_problem_description,2026-05-28T18:24:06,,True
20260528_182842_motiongpt_success_003_sample_trace,MotionGPT,success,hml_orig100_train_004__full,token_logits,motion_vocab_logits_slice,decoder_prefix,"['batch', 'decoder_step', 'motion_vocab']","[1, 6, 514]",1.18733786665771,103.69868469238281,-17.324466705322266,36.430782318115234,1.0,0,3084,3,motiongpt,hml_orig100_train_004__full::motiongpt,True,False,,a person walks and turns right.,simple_locomotion,,train,human_diagnostic_problem_description,2026-05-28T18:24:09,,True
20260528_182842_motiongpt_success_004_sample_trace,MotionGPT,success,hml_orig100_train_005__full,token_logits,motion_vocab_logits_slice,decoder_prefix,"['batch', 'decoder_step', 'motion_vocab']","[1, 6, 514]",0.5158792332484393,36.26783752441406,5.687294960021973,16.578832626342773,1.0,0,3084,3,motiongpt,hml_orig100_train_005__full::motiongpt,True,False,,the person is stepping forward.,simple_locomotion,,train,human_diagnostic_problem_description,2026-05-28T18:24:10,,True
20260528_182842_motiongpt_success_005_sample_trace,MotionGPT,success,hml_orig100_train_006__full,token_logits,motion_vocab_logits_slice,decoder_prefix,"['batch', 'decoder_step', 'motion_vocab']","[1, 6, 514]",0.7353900777931579,84.66751861572266,-11.822439193725586,22.0111141204834,1.0,0,3084,3,motiongpt,hml_orig100_train_006__full::motiongpt,True,False,,"a person picks up a cloth/sponge with their right hand, then walks over to an object, lifts it with their left hand and washes/wipes it with the cloth.",simple_locomotion,,train,human_diagnostic_problem_description,2026-05-28T18:24:11,,True
20260528_182842_motiongpt_success_006_sample_trace,MotionGPT,success,hml_orig100_train_007__full,token_logits,motion_vocab_logits_slice,decoder_prefix,"['batch', 'decoder_step', 'motion_vocab']","[1, 6, 514]",1.033845151421859,80.38906860351562,-11.98621940612793,33.016937255859375,1.0,0,3084,3,motiongpt,hml_orig100_train_007__full::motiongpt,True,False,,a person takes a few steps curving to the left.,simple_locomotion,,train,human_diagnostic_problem_description,2026-05-28T18:24:13,,True
20260528_182842_motiongpt_success_007_sample_trace,MotionGPT,success,hml_orig100_train_008__full,token_logits,motion_vocab_logits_slice,decoder_prefix,"['batch', 'decoder_step', 'motion_vocab']","[1, 6, 514]",0.6798330776413571,58.070465087890625,-8.87175464630127,21.32583999633789,1.0,0,3084,3,motiongpt,hml_orig100_train_008__full::motiongpt,True,False,,a man walks forward slowly in a jagged line.,simple_locomotion,,train,human_diagnostic_problem_description,2026-05-28T18:24:14,,True
20260528_182842_motiongpt_success_008_sample_trace,MotionGPT,success,hml_orig100_train_009__full,token_logits,motion_vocab_logits_slice,decoder_prefix,"['batch', 'decoder_step', 'motion_vocab']","[1, 6, 514]",0.5164549115220072,35.760276794433594,1.437553882598877,17.487781524658203,1.0,0,3084,3,motiongpt,hml_orig100_train_009__full::motiongpt,True,False,,"a person steps back, sits down, stands up and steps forward.",direction_turn,,train,human_diagnostic_problem_description,2026-05-28T18:24:16,,True
20260528_182842_motiongpt_success_009_sample_trace,MotionGPT,success,hml_orig100_train_010__full,token_logits,motion_vocab_logits_slice,decoder_prefix,"['batch', 'decoder_step', 'motion_vocab']","[1, 6, 514]",0.5745433594030491,42.557960510253906,0.6521828770637512,19.50944709777832,1.0,0,3084,3,motiongpt,hml_orig100_train_010__full::motiongpt,True,False,,a person walks at a left bend.,direction_turn,,train,human_diagnostic_problem_description,2026-05-28T18:24:17,,True
20260528_182842_motiongpt_success_010_sample_trace,MotionGPT,success,hml_orig100_train_011__full,token_logits,motion_vocab_logits_slice,decoder_prefix,"['batch', 'decoder_step', 'motion_vocab']","[1, 6, 514]",0.5967739861107698,40.80630111694336,15.491896629333496,13.080623626708984,1.0,0,3084,3,motiongpt,hml_orig100_train_011__full::motiongpt,True,False,,someone with outstretched arms spins counterclockwise,direction_turn,,train,human_diagnostic_problem_description,2026-05-28T18:24:18,,True
20260528_182842_motiongpt_success_011_sample_trace,MotionGPT,success,hml_orig100_train_012__full,token_logits,motion_vocab_logits_slice,decoder_prefix,"['batch', 'decoder_step', 'motion_vocab']","[1, 6, 514]",0.4358000815152378,43.080142974853516,-2.4565069675445557,14.601287841796875,1.0,0,3084,3,motiongpt,hml_orig100_train_012__full::motiongpt,True,False,,a man throws object with his left hand.,direction_turn,,train,human_diagnostic_problem_description,2026-05-28T18:24:20,,True
20260528_182842_motiongpt_success_012_sample_trace,MotionGPT,success,hml_orig100_train_013__full,token_logits,motion_vocab_logits_slice,decoder_prefix,"['batch', 'decoder_step', 'motion_vocab']","[1, 6, 514]",0.6683972091597066,59.54240798950195,-9.653826713562012,20.5549373626709,1.0,0,3084,3,motiongpt,hml_orig100_train_013__full::motiongpt,True,False,,the man walk and turn like a haf sercle and stops.,direction_turn,,train,human_diagnostic_problem_description,2026-05-28T18:24:21,,True
20260528_182842_motiongpt_success_013_sample_trace,MotionGPT,success,hml_orig100_train_014__full,token_logits,motion_vocab_logits_slice,decoder_prefix,"['batch', 'decoder_step', 'motion_vocab']","[1, 6, 514]",0.5855813595872245,61.845558166503906,-5.939150333404541,18.988208770751953,1.0,0,3084,3,motiongpt,hml_orig100_train_014__full::motiongpt,True,False,,a person walks and does a 180 degree turn.,direction_turn,,train,human_diagnostic_problem_description,2026-05-28T18:24:23,,True
20260528_182842_motiongpt_success_014_sample_trace,MotionGPT,success,hml_orig100_train_015__full,token_logits,motion_vocab_logits_slice,decoder_prefix,"['batch', 'decoder_step', 'motion_vocab']","[1, 6, 514]",0.42652248608892357,46.840415954589844,-1.1997026205062866,14.441530227661133,1.0,0,3084,3,motiongpt,hml_orig100_train_015__full::motiongpt,True,False,,"a person standing in place holds a ball with both hands, then throws the ball with left hand and catches the ball with both hands, then throws the ball and catches the ball again.",direction_turn,,train,human_diagnostic_problem_description,2026-05-28T18:24:25,,True
20260528_182842_motiongpt_success_015_sample_trace,MotionGPT,success,hml_orig100_train_016__full,token_logits,motion_vocab_logits_slice,decoder_prefix,"['batch', 'decoder_step', 'motion_vocab']","[1, 6, 514]",0.6565635833687118,59.3922004699707,-2.392246961593628,22.17837142944336,1.0,0,3084,3,motiongpt,hml_orig100_train_016__full::motiongpt,True,False,,a person walks to the right in a partial circle.,direction_turn,,train,human_diagnostic_problem_description,2026-05-28T18:24:26,,True
20260528_182842_motiongpt_success_016_sample_trace,MotionGPT,success,hml_orig100_train_017__full,token_logits,motion_vocab_logits_slice,decoder_prefix,"['batch', 'decoder_step', 'motion_vocab']","[1, 6, 514]",1.069384041588507,105.67622375488281,-13.493789672851562,33.734066009521484,1.0,0,3084,3,motiongpt,hml_orig100_train_017__full::motiongpt,True,False,,person standing begins moving arms with hands coming together then apart and then raising arms above head,stop_go,,train,human_diagnostic_problem_description,2026-05-28T18:24:27,,True
20260528_182842_motiongpt_success_017_sample_trace,MotionGPT,success,hml_orig100_train_018__full,token_logits,motion_vocab_logits_slice,decoder_prefix,"['batch', 'decoder_step', 'motion_vocab']","[1, 6, 514]",0.7003166378272041,49.80022430419922,8.105769157409668,22.370275497436523,1.0,0,3084,3,motiongpt,hml_orig100_train_018__full::motiongpt,True,False,,a standing person performs a cartwheel starting with their left hand,stop_go,,train,human_diagnostic_problem_description,2026-05-28T18:24:29,,True
20260528_182842_motiongpt_success_018_sample_trace,MotionGPT,success,hml_orig100_train_019__full,token_logits,motion_vocab_logits_slice,decoder_prefix,"['batch', 'decoder_step', 'motion_vocab']","[1, 6, 514]",0.4016917317884908,42.65017318725586,4.470290184020996,12.89475154876709,1.0,0,3084,3,motiongpt,hml_orig100_train_019__full::motiongpt,True,False,,"a person quickly sprints in a figure-eight pattern, stopping briefly at each side to carefully turn.",stop_go,,train,human_diagnostic_problem_description,2026-05-28T18:24:31,,True
20260528_182842_motiongpt_success_019_sample_trace,MotionGPT,success,hml_orig100_train_020__full,token_logits,motion_vocab_logits_slice,decoder_prefix,"['batch', 'decoder_step', 'motion_vocab']","[1, 6, 514]",0.823377975804131,99.04080963134766,-9.788734436035156,26.206090927124023,1.0,0,3084,3,motiongpt,hml_orig100_train_020__full::motiongpt,True,False,,the man is standing still like a statue.,stop_go,,train,human_diagnostic_problem_description,2026-05-28T18:24:32,,True
20260528_182842_motiongpt_success_020_sample_trace,MotionGPT,success,hml_orig100_train_021__full,token_logits,motion_vocab_logits_slice,decoder_prefix,"['batch', 'decoder_step', 'motion_vocab']","[1, 6, 514]",0.4307893448724487,33.94118881225586,-3.475975513458252,14.217497825622559,1.0,0,3084,3,motiongpt,hml_orig100_train_021__full::motiongpt,True,False,,a standing person scratches their head.,stop_go,,train,human_diagnostic_problem_description,2026-05-28T18:24:34,,True
20260528_182842_motiongpt_success_021_sample_trace,MotionGPT,success,hml_orig100_train_022__full,token_logits,motion_vocab_logits_slice,decoder_prefix,"['batch', 'decoder_step', 'motion_vocab']","[1, 6, 514]",0.3262481629672128,29.107837677001953,6.484381198883057,8.989830017089844,1.0,0,3084,3,motiongpt,hml_orig100_train_022__full::motiongpt,True,False,,robot walking forward slowly and then stopped.,stop_go,,train,human_diagnostic_problem_description,2026-05-28T18:24:35,,True
20260528_182842_motiongpt_success_022_sample_trace,MotionGPT,success,hml_orig100_train_023__full,token_logits,motion_vocab_logits_slice,decoder_prefix,"['batch', 'decoder_step', 'motion_vocab']","[1, 6, 514]",0.4563845341548173,33.95748519897461,6.121994495391846,14.24614429473877,1.0,0,3084,3,motiongpt,hml_orig100_train_023__full::motiongpt,True,False,,a person is walking taking big steps across the floor then suddenly stops.,stop_go,,train,human_diagnostic_problem_description,2026-05-28T18:24:36,,True
20260528_182842_motiongpt_success_023_sample_trace,MotionGPT,success,hml_orig100_train_024__full,token_logits,motion_vocab_logits_slice,decoder_prefix,"['batch', 'decoder_step', 'motion_vocab']","[1, 6, 514]",0.3326951778757888,28.549348831176758,7.009518623352051,8.867623329162598,1.0,0,3084,3,motiongpt,hml_orig100_train_024__full::motiongpt,True,False,,"a figure walks in a straight line, turns and sits facing away, then stands and walks away",stop_go,,train,human_diagnostic_problem_description,2026-05-28T18:24:37,,True
20260528_182842_motiongpt_success_024_sample_trace,MotionGPT,success,hml_orig100_train_025__full,token_logits,motion_vocab_logits_slice,decoder_prefix,"['batch', 'decoder_step', 'motion_vocab']","[1, 6, 514]",0.5215781173368027,46.93013381958008,5.935276985168457,16.69731330871582,1.0,0,3084,3,motiongpt,hml_orig100_train_025__full::motiongpt,True,False,,"a person picks something up, walks forward, sets it down, walks back and squats down.",sit_squat_posture,,train,human_diagnostic_problem_description,2026-05-28T18:24:39,,True
20260528_182842_motiongpt_success_025_sample_trace,MotionGPT,success,hml_orig100_train_026__full,token_logits,motion_vocab_logits_slice,decoder_prefix,"['batch', 'decoder_step', 'motion_vocab']","[1, 6, 514]",0.451516651960569,42.76102828979492,-8.262455940246582,12.925232887268066,1.0,0,3084,3,motiongpt,hml_orig100_train_026__full::motiongpt,True,False,,person take a step back then sits down then getting back up and stepping forward.,sit_squat_posture,,train,human_diagnostic_problem_description,2026-05-28T18:24:40,,True
20260528_182842_motiongpt_success_026_sample_trace,MotionGPT,success,hml_orig100_train_027__full,token_logits,motion_vocab_logits_slice,decoder_prefix,"['batch', 'decoder_step', 'motion_vocab']","[1, 6, 514]",1.5006519370224927,149.94349670410156,-18.125579833984375,47.65459442138672,1.0,0,3084,3,motiongpt,hml_orig100_train_027__full::motiongpt,True,False,,a person bends and holds their head with their left hand.,sit_squat_posture,,train,human_diagnostic_problem_description,2026-05-28T18:24:41,,True
20260528_182842_motiongpt_success_027_sample_trace,MotionGPT,success,hml_orig100_train_028__full,token_logits,motion_vocab_logits_slice,decoder_prefix,"['batch', 'decoder_step', 'motion_vocab']","[1, 6, 514]",1.1554947855738216,118.06755828857422,-16.5600528717041,35.594764709472656,1.0,0,3084,3,motiongpt,hml_orig100_train_028__full::motiongpt,True,False,,"a persons walks forward, bends down to pick something up, then walks in a circle and sets it back down.",sit_squat_posture,,train,human_diagnostic_problem_description,2026-05-28T18:24:42,,True
20260528_182842_motiongpt_success_028_sample_trace,MotionGPT,success,hml_orig100_train_029__full,token_logits,motion_vocab_logits_slice,decoder_prefix,"['batch', 'decoder_step', 'motion_vocab']","[1, 6, 514]",0.7862312873900423,86.29592895507812,-11.037745475769043,24.32544708251953,1.0,0,3084,3,motiongpt,hml_orig100_train_029__full::motiongpt,True,False,,a person sits down with both hands on his knees.,sit_squat_posture,,train,human_diagnostic_problem_description,2026-05-28T18:24:44,,True
20260528_182842_motiongpt_success_029_sample_trace,MotionGPT,success,hml_orig100_train_030__full,token_logits,motion_vocab_logits_slice,decoder_prefix,"['batch', 'decoder_step', 'motion_vocab']","[1, 6, 514]",0.5681280197906124,51.40330123901367,3.259479284286499,19.025188446044922,1.0,0,3084,3,motiongpt,hml_orig100_train_030__full::motiongpt,True,False,,"a man walks over , sits down , then walks back.",sit_squat_posture,,train,human_diagnostic_problem_description,2026-05-28T18:24:45,,True
20260528_182842_motiongpt_success_030_sample_trace,MotionGPT,success,hml_orig100_train_031__full,token_logits,motion_vocab_logits_slice,decoder_prefix,"['batch', 'decoder_step', 'motion_vocab']","[1, 6, 514]",0.8134442141215562,72.5689926147461,-1.7945798635482788,27.578773498535156,1.0,0,3084,3,motiongpt,hml_orig100_train_031__full::motiongpt,True,False,,a man kneels to the ground one leg at a time starting with the right leg,sit_squat_posture,,train,human_diagnostic_problem_description,2026-05-28T18:24:47,,True
20260528_182842_motiongpt_success_031_sample_trace,MotionGPT,success,hml_orig100_train_032__full,token_logits,motion_vocab_logits_slice,decoder_prefix,"['batch', 'decoder_step', 'motion_vocab']","[1, 6, 514]",0.6207201726952817,68.85480499267578,-2.6792385578155518,20.9183406829834,1.0,0,3084,3,motiongpt,hml_orig100_train_032__full::motiongpt,True,False,,a person sitting quickly reaches around them and grabs objects.,sit_squat_posture,,train,human_diagnostic_problem_description,2026-05-28T18:24:48,,True
20260528_182842_motiongpt_success_032_sample_trace,MotionGPT,success,hml_orig100_train_033__full,token_logits,motion_vocab_logits_slice,decoder_prefix,"['batch', 'decoder_step', 'motion_vocab']","[1, 6, 514]",0.8930103416909386,98.63261413574219,-5.107039451599121,29.907482147216797,1.0,0,3084,3,motiongpt,hml_orig100_train_033__full::motiongpt,True,False,,the woman angerily kicked at the ground with her left foot.,jump_kick,,train,human_diagnostic_problem_description,2026-05-28T18:24:53,,True
20260528_182842_motiongpt_success_033_sample_trace,MotionGPT,success,hml_orig100_train_034__full,token_logits,motion_vocab_logits_slice,decoder_prefix,"['batch', 'decoder_step', 'motion_vocab']","[1, 6, 514]",0.4637728890451686,30.982107162475586,0.8888979554176331,15.731781005859375,1.0,0,3084,3,motiongpt,hml_orig100_train_034__full::motiongpt,True,False,,a person kicked something with left leg,jump_kick,,train,human_diagnostic_problem_description,2026-05-28T18:24:52,,True
20260528_182842_motiongpt_success_035_sample_trace,MotionGPT,success,hml_orig100_train_036__full,token_logits,motion_vocab_logits_slice,decoder_prefix,"['batch', 'decoder_step', 'motion_vocab']","[1, 6, 514]",0.516921312722124,34.6434440612793,0.23004886507987976,17.561105728149414,1.0,0,3084,3,motiongpt,hml_orig100_train_036__full::motiongpt,True,False,,the person took a jump forward.,jump_kick,,train,human_diagnostic_problem_description,2026-05-26T23:08:19,,True
20260528_182842_motiongpt_success_037_sample_trace,MotionGPT,success,hml_orig100_train_038__full,token_logits,motion_vocab_logits_slice,decoder_prefix,"['batch', 'decoder_step', 'motion_vocab']","[1, 6, 514]",0.42847853552786785,32.061767578125,-0.02571551315486431,14.557710647583008,1.0,0,3084,3,motiongpt,hml_orig100_train_038__full::motiongpt,True,False,,the man kicks at something with his left leg.,jump_kick,,train,human_diagnostic_problem_description,2026-05-26T23:09:45,,True
20260528_182842_motiongpt_success_038_sample_trace,MotionGPT,success,hml_orig100_train_039__full,token_logits,motion_vocab_logits_slice,decoder_prefix,"['batch', 'decoder_step', 'motion_vocab']","[1, 6, 514]",0.5813865513494633,44.33262634277344,17.108793258666992,9.872391700744629,1.0,0,3084,3,motiongpt,hml_orig100_train_039__full::motiongpt,True,False,,person is practicing their long jump,jump_kick,,train,human_diagnostic_problem_description,2026-05-26T23:09:53,,True
20260528_182842_motiongpt_success_039_sample_trace,MotionGPT,success,hml_orig100_train_040__full,token_logits,motion_vocab_logits_slice,decoder_prefix,"['batch', 'decoder_step', 'motion_vocab']","[1, 6, 514]",0.6159825242069047,55.63577651977539,-8.131604194641113,19.283905029296875,1.0,0,3084,3,motiongpt,hml_orig100_train_040__full::motiongpt,True,False,,"someone jumps over something, turns around and jumps back over it, before getting ready to jump over it again.",jump_kick,,train,human_diagnostic_problem_description,2026-05-26T23:10:20,,True
20260528_182842_motiongpt_success_040_sample_trace,MotionGPT,success,hml_orig100_train_041__full,token_logits,motion_vocab_logits_slice,decoder_prefix,"['batch', 'decoder_step', 'motion_vocab']","[1, 6, 514]",0.5815820973804613,45.34669876098633,13.235366821289062,14.671828269958496,1.0,0,3084,3,motiongpt,hml_orig100_train_041__full::motiongpt,True,False,,a person acting traumatic throwing his left hand.,upper_body_gesture,,train,human_diagnostic_problem_description,2026-05-26T23:11:14,,True
20260528_182842_motiongpt_success_041_sample_trace,MotionGPT,success,hml_orig100_train_042__full,token_logits,motion_vocab_logits_slice,decoder_prefix,"['batch', 'decoder_step', 'motion_vocab']","[1, 6, 514]",0.40960081324292813,29.104881286621094,12.534533500671387,6.045694351196289,1.0,0,3084,3,motiongpt,hml_orig100_train_042__full::motiongpt,True,False,,"the person holds their head, crouches down on their hands and continues to hold their head.",upper_body_gesture,,train,human_diagnostic_problem_description,2026-05-26T23:11:35,,True
20260528_182842_motiongpt_success_042_sample_trace,MotionGPT,success,hml_orig100_train_043__full,token_logits,motion_vocab_logits_slice,decoder_prefix,"['batch', 'decoder_step', 'motion_vocab']","[1, 6, 514]",0.46919071863984446,53.98207092285156,-3.6025233268737793,15.528541564941406,1.0,0,3084,3,motiongpt,hml_orig100_train_043__full::motiongpt,True,False,,a person sitting down raises its right hand.,upper_body_gesture,,train,human_diagnostic_problem_description,2026-05-26T23:11:50,,True
20260528_182842_motiongpt_success_043_sample_trace,MotionGPT,success,hml_orig100_train_044__full,token_logits,motion_vocab_logits_slice,decoder_prefix,"['batch', 'decoder_step', 'motion_vocab']","[1, 6, 514]",0.6239684047029124,53.11609649658203,-3.7830543518066406,20.85930824279785,1.0,0,3084,3,motiongpt,hml_orig100_train_044__full::motiongpt,True,False,,this person is standing still and lifts the left hand up to the face.,upper_body_gesture,,train,human_diagnostic_problem_description,2026-05-26T23:12:00,,True
20260528_182842_motiongpt_success_044_sample_trace,MotionGPT,success,hml_orig100_train_045__full,token_logits,motion_vocab_logits_slice,decoder_prefix,"['batch', 'decoder_step', 'motion_vocab']","[1, 6, 514]",0.6952005064160119,67.87183380126953,-5.1121110916137695,23.05986976623535,1.0,0,3084,3,motiongpt,hml_orig100_train_045__full::motiongpt,True,False,,both arms bent forward chicken wing flaps to left and right,upper_body_gesture,,train,human_diagnostic_problem_description,2026-05-26T23:12:11,,True
20260528_182842_motiongpt_success_045_sample_trace,MotionGPT,success,hml_orig100_train_046__full,token_logits,motion_vocab_logits_slice,decoder_prefix,"['batch', 'decoder_step', 'motion_vocab']","[1, 6, 514]",1.2689151527177103,123.6309814453125,-22.786632537841797,36.597900390625,1.0,0,3084,3,motiongpt,hml_orig100_train_046__full::motiongpt,True,False,,a person wave their arm in a straight motion,upper_body_gesture,,train,human_diagnostic_problem_description,2026-05-26T23:12:31,,True
20260528_182842_motiongpt_success_047_sample_trace,MotionGPT,success,hml_orig100_train_048__full,token_logits,motion_vocab_logits_slice,decoder_prefix,"['batch', 'decoder_step', 'motion_vocab']","[1, 6, 514]",0.5575527031441877,52.5594482421875,0.3779201805591583,18.939311981201172,1.0,0,3084,3,motiongpt,hml_orig100_train_048__full::motiongpt,True,False,,lowering hands then raising hands towards face.,upper_body_gesture,,train,human_diagnostic_problem_description,2026-05-26T23:14:09,,True
20260528_182842_motiongpt_success_048_sample_trace,MotionGPT,success,hml_orig100_train_049__full,token_logits,motion_vocab_logits_slice,decoder_prefix,"['batch', 'decoder_step', 'motion_vocab']","[1, 6, 514]",0.6340006471360103,71.95127868652344,-9.832863807678223,19.16520118713379,1.0,0,3084,3,motiongpt,hml_orig100_train_049__full::motiongpt,True,False,,a person holds up both of their hands in front of their face and then leans back to dodge an obstacle.,object_interaction,,train,human_diagnostic_problem_description,2026-05-26T23:14:20,,True
20260528_182842_motiongpt_success_050_sample_trace,MotionGPT,success,hml_orig100_train_051__full,token_logits,motion_vocab_logits_slice,decoder_prefix,"['batch', 'decoder_step', 'motion_vocab']","[1, 6, 514]",0.7070231665070089,66.67138671875,2.4271180629730225,23.898468017578125,1.0,0,3084,3,motiongpt,hml_orig100_train_051__full::motiongpt,True,False,,someone walks disoriented looking for something or someone,object_interaction,,train,human_diagnostic_problem_description,2026-05-26T23:25:15,,True
20260528_182842_motiongpt_success_051_sample_trace,MotionGPT,success,hml_orig100_train_052__full,token_logits,motion_vocab_logits_slice,decoder_prefix,"['batch', 'decoder_step', 'motion_vocab']","[1, 6, 514]",0.7854766441586531,49.7348747253418,4.121663570404053,26.366682052612305,1.0,0,3084,3,motiongpt,hml_orig100_train_052__full::motiongpt,True,False,,a person does jumping jacks in place.,object_interaction,,train,human_diagnostic_problem_description,2026-05-26T23:25:30,,True
20260528_182842_motiongpt_success_052_sample_trace,MotionGPT,success,hml_orig100_train_053__full,token_logits,motion_vocab_logits_slice,decoder_prefix,"['batch', 'decoder_step', 'motion_vocab']","[1, 6, 514]",0.7988181461426287,88.56720733642578,-13.841181755065918,23.3454647064209,1.0,0,3084,3,motiongpt,hml_orig100_train_053__full::motiongpt,True,False,,a person slowly walked and touched something with right and left hand,object_interaction,,train,human_diagnostic_problem_description,2026-05-26T23:27:27,,True
20260528_182842_motiongpt_success_053_sample_trace,MotionGPT,success,hml_orig100_train_054__full,token_logits,motion_vocab_logits_slice,decoder_prefix,"['batch', 'decoder_step', 'motion_vocab']","[1, 6, 514]",0.5236105331313053,52.3836555480957,-3.9520809650421143,17.34534454345703,1.0,0,3084,3,motiongpt,hml_orig100_train_054__full::motiongpt,True,False,,the person is throwing something with both hands overhead.,object_interaction,,train,human_diagnostic_problem_description,2026-05-26T23:27:32,,True
20260528_182842_motiongpt_success_054_sample_trace,MotionGPT,success,hml_orig100_train_055__full,token_logits,motion_vocab_logits_slice,decoder_prefix,"['batch', 'decoder_step', 'motion_vocab']","[1, 6, 514]",0.6509343069541496,54.01773452758789,-9.137319564819336,20.139915466308594,1.0,0,3084,3,motiongpt,hml_orig100_train_055__full::motiongpt,True,False,,this person stands in one place and claps.,object_interaction,,train,human_diagnostic_problem_description,2026-05-26T23:27:35,,True
20260528_182842_motiongpt_success_055_sample_trace,MotionGPT,success,hml_orig100_train_056__full,token_logits,motion_vocab_logits_slice,decoder_prefix,"['batch', 'decoder_step', 'motion_vocab']","[1, 6, 514]",0.7786853007557445,68.78565979003906,-7.01106595993042,25.510251998901367,1.0,0,3084,3,motiongpt,hml_orig100_train_056__full::motiongpt,True,False,,a person is walking while holding onto something.,object_interaction,,train,human_diagnostic_problem_description,2026-05-26T23:27:41,,True
20260528_182842_motiongpt_success_056_sample_trace,MotionGPT,success,hml_orig100_train_057__full,token_logits,motion_vocab_logits_slice,decoder_prefix,"['batch', 'decoder_step', 'motion_vocab']","[1, 6, 514]",0.7022548377517212,43.4239501953125,3.006913185119629,23.66916275024414,1.0,0,3084,3,motiongpt,hml_orig100_train_057__full::motiongpt,True,False,,a person walks forward a few steps,count_duration_speed,,train,human_diagnostic_problem_description,2026-05-26T23:27:44,,True
20260528_182842_motiongpt_success_058_sample_trace,MotionGPT,success,hml_orig100_train_059__full,token_logits,motion_vocab_logits_slice,decoder_prefix,"['batch', 'decoder_step', 'motion_vocab']","[1, 6, 514]",0.611711573300094,64.12753295898438,-6.103708267211914,19.866657257080078,1.0,0,3084,3,motiongpt,hml_orig100_train_059__full::motiongpt,True,False,,the person makes many gestures in quick succession.,count_duration_speed,,train,human_diagnostic_problem_description,2026-05-26T23:38:48,,True
20260528_182842_motiongpt_success_059_sample_trace,MotionGPT,success,hml_orig100_train_060__full,token_logits,motion_vocab_logits_slice,decoder_prefix,"['batch', 'decoder_step', 'motion_vocab']","[1, 6, 514]",0.6176774125087992,55.43478012084961,-6.306674957275391,20.015779495239258,1.0,0,3084,3,motiongpt,hml_orig100_train_060__full::motiongpt,True,False,,"a person slowly straightens, turns back and to the right, picks up an object, walks forward, and wipes something with the object.",count_duration_speed,,train,human_diagnostic_problem_description,2026-05-26T23:39:26,,True
20260528_182842_motiongpt_success_060_sample_trace,MotionGPT,success,hml_orig100_train_061__full,token_logits,motion_vocab_logits_slice,decoder_prefix,"['batch', 'decoder_step', 'motion_vocab']","[1, 6, 514]",0.8409960166643768,73.30911254882812,-15.269079208374023,24.151233673095703,1.0,0,3084,3,motiongpt,hml_orig100_train_061__full::motiongpt,True,False,,person moves back in a seated position sits then stand up again returning to original position,count_duration_speed,,train,human_diagnostic_problem_description,2026-05-26T23:39:47,,True
20260528_182842_motiongpt_success_061_sample_trace,MotionGPT,success,hml_orig100_train_062__full,token_logits,motion_vocab_logits_slice,decoder_prefix,"['batch', 'decoder_step', 'motion_vocab']","[1, 6, 514]",0.9218532372281686,61.93528366088867,10.305736541748047,29.576265335083008,1.0,0,3084,3,motiongpt,hml_orig100_train_062__full::motiongpt,True,False,,a person slowly walks forward.,count_duration_speed,,train,human_diagnostic_problem_description,2026-05-26T23:40:14,,True
20260528_182842_motiongpt_success_062_sample_trace,MotionGPT,success,hml_orig100_train_063__full,token_logits,motion_vocab_logits_slice,decoder_prefix,"['batch', 'decoder_step', 'motion_vocab']","[1, 6, 514]",1.0643007934144717,99.65604400634766,-7.574161529541016,35.357906341552734,1.0,0,3084,3,motiongpt,hml_orig100_train_063__full::motiongpt,True,False,,a person begins walking then quickly turns around to stand with his back to the viewer.,count_duration_speed,,train,human_diagnostic_problem_description,2026-05-26T23:40:59,,True
20260528_182842_motiongpt_success_063_sample_trace,MotionGPT,success,hml_orig100_train_064__full,token_logits,motion_vocab_logits_slice,decoder_prefix,"['batch', 'decoder_step', 'motion_vocab']","[1, 6, 514]",0.5465873058481251,43.52033996582031,15.419012069702148,10.349808692932129,1.0,0,3084,3,motiongpt,hml_orig100_train_064__full::motiongpt,True,False,,a man does several cart wheels in a small area.,count_duration_speed,,train,human_diagnostic_problem_description,2026-05-26T23:41:54,,True
20260528_182842_motiongpt_success_064_sample_trace,MotionGPT,success,hml_orig100_train_065__full,token_logits,motion_vocab_logits_slice,decoder_prefix,"['batch', 'decoder_step', 'motion_vocab']","[1, 6, 514]",0.41618460918416267,34.2090950012207,11.153593063354492,8.691269874572754,1.0,0,3084,3,motiongpt,hml_orig100_train_065__full::motiongpt,True,False,,"a man emulates jogging, shuffling around in a couple counterclockwise circles while keeping his body facing forward the whole time.",multi_action_composition,,train,human_diagnostic_problem_description,2026-05-26T23:42:32,,True
20260528_182842_motiongpt_success_065_sample_trace,MotionGPT,success,hml_orig100_train_066__full,token_logits,motion_vocab_logits_slice,decoder_prefix,"['batch', 'decoder_step', 'motion_vocab']","[1, 6, 514]",0.5049768066635636,44.023284912109375,8.955843925476074,14.633810997009277,1.0,0,3084,3,motiongpt,hml_orig100_train_066__full::motiongpt,True,False,,this person jump and spin and then balance themselves.,multi_action_composition,,train,human_diagnostic_problem_description,2026-05-26T23:43:25,,True
20260528_182842_motiongpt_success_066_sample_trace,MotionGPT,success,hml_orig100_train_067__full,token_logits,motion_vocab_logits_slice,decoder_prefix,"['batch', 'decoder_step', 'motion_vocab']","[1, 6, 514]",0.7076362718154172,70.02162170410156,0.517081618309021,24.036670684814453,1.0,0,3084,3,motiongpt,hml_orig100_train_067__full::motiongpt,True,False,,"a person bends down and crawls forward, then back and then stands up.",multi_action_composition,,train,human_diagnostic_problem_description,2026-05-26T23:43:51,,True
20260528_182842_motiongpt_success_067_sample_trace,MotionGPT,success,hml_orig100_train_068__full,token_logits,motion_vocab_logits_slice,decoder_prefix,"['batch', 'decoder_step', 'motion_vocab']","[1, 6, 514]",0.8795793236582301,81.21076965332031,-7.347285270690918,28.96678924560547,1.0,0,3084,3,motiongpt,hml_orig100_train_068__full::motiongpt,True,False,,a person is standing on his right foot and then his left foot.,multi_action_composition,,train,human_diagnostic_problem_description,2026-05-26T23:44:57,,True
20260528_182842_motiongpt_success_068_sample_trace,MotionGPT,success,hml_orig100_train_069__full,token_logits,motion_vocab_logits_slice,decoder_prefix,"['batch', 'decoder_step', 'motion_vocab']","[1, 6, 514]",0.5917109899165556,61.79277038574219,-10.15176773071289,17.352155685424805,1.0,0,3084,3,motiongpt,hml_orig100_train_069__full::motiongpt,True,False,,"a man is standing and reaches down to the left with his left hand then to the right with his right hand, and then the left again.",multi_action_composition,,train,human_diagnostic_problem_description,2026-05-26T23:50:27,,True
20260528_182842_motiongpt_success_069_sample_trace,MotionGPT,success,hml_orig100_train_070__full,token_logits,motion_vocab_logits_slice,decoder_prefix,"['batch', 'decoder_step', 'motion_vocab']","[1, 6, 514]",0.8863811742584793,86.33660888671875,-15.425436973571777,25.864627838134766,1.0,0,3084,3,motiongpt,hml_orig100_train_070__full::motiongpt,True,False,,"a person walks forward and steps forward on their right foot, reaching their left arm out before returning to regular.",multi_action_composition,,train,human_diagnostic_problem_description,2026-05-26T23:51:53,,True
20260528_182842_motiongpt_success_070_sample_trace,MotionGPT,success,hml_orig100_train_071__full,token_logits,motion_vocab_logits_slice,decoder_prefix,"['batch', 'decoder_step', 'motion_vocab']","[1, 6, 514]",0.3530267414202456,51.537933349609375,-4.090061187744141,11.275322914123535,1.0,0,3084,3,motiongpt,hml_orig100_train_071__full::motiongpt,True,False,,"the person picks up one container with each hand, pours them at the same time, then grabs something with their right hand and mixes the concoction.",multi_action_composition,,train,human_diagnostic_problem_description,2026-05-26T23:52:42,,True
20260528_182842_motiongpt_success_071_sample_trace,MotionGPT,success,hml_orig100_train_072__full,token_logits,motion_vocab_logits_slice,decoder_prefix,"['batch', 'decoder_step', 'motion_vocab']","[1, 6, 514]",0.5575366630979631,41.462440490722656,-2.98575758934021,18.705745697021484,1.0,0,3084,3,motiongpt,hml_orig100_train_072__full::motiongpt,True,False,,"a person is turning something with its left hand, while holding something with its right hand",multi_action_composition,,train,human_diagnostic_problem_description,2026-05-26T23:53:35,,True
20260528_182842_motiongpt_success_072_sample_trace,MotionGPT,success,hml_orig100_train_073__full,token_logits,motion_vocab_logits_slice,decoder_prefix,"['batch', 'decoder_step', 'motion_vocab']","[1, 6, 514]",0.40114246993748376,33.078861236572266,5.917022705078125,12.27753734588623,1.0,0,3084,3,motiongpt,hml_orig100_train_073__full::motiongpt,True,False,,"a man stands with feet apart left arm stretched and right arm bent, then lunges forward and kicks his right foot into the air.",dance_exercise,,train,human_diagnostic_problem_description,2026-05-26T23:54:06,,True
20260528_182842_motiongpt_success_073_sample_trace,MotionGPT,success,hml_orig100_train_074__full,token_logits,motion_vocab_logits_slice,decoder_prefix,"['batch', 'decoder_step', 'motion_vocab']","[1, 6, 514]",0.6214353212264829,62.867881774902344,-11.82353687286377,17.492416381835938,1.0,0,3084,3,motiongpt,hml_orig100_train_074__full::motiongpt,True,False,,"a man stands facing forward, stretch both hands forward, he turned right walked a little turned left walked a little turned left walked.",dance_exercise,,train,human_diagnostic_problem_description,2026-05-26T23:55:16,,True
20260528_182842_motiongpt_success_074_sample_trace,MotionGPT,success,hml_orig100_train_075__full,token_logits,motion_vocab_logits_slice,decoder_prefix,"['batch', 'decoder_step', 'motion_vocab']","[1, 6, 514]",0.5599217587831334,48.829402923583984,15.453102111816406,11.094948768615723,1.0,0,3084,3,motiongpt,hml_orig100_train_075__full::motiongpt,True,False,,man has two hands on the ground facing downward with the right leg in front and the left leg stretched behind; kicks right leg behind as well and went intp a downward facing dog position.,dance_exercise,,train,human_diagnostic_problem_description,2026-05-26T23:57:09,,True
20260528_182842_motiongpt_success_075_sample_trace,MotionGPT,success,hml_orig100_train_076__full,token_logits,motion_vocab_logits_slice,decoder_prefix,"['batch', 'decoder_step', 'motion_vocab']","[1, 6, 514]",0.3115987590291654,29.15570831298828,6.164292812347412,8.606951713562012,1.0,0,3084,3,motiongpt,hml_orig100_train_076__full::motiongpt,True,False,,"a man bends foward ,stretches his right hand towards the ground and then followed by the left hand trying to search something.",dance_exercise,,train,human_diagnostic_problem_description,2026-05-26T23:59:14,,True
20260528_182842_motiongpt_success_076_sample_trace,MotionGPT,success,hml_orig100_train_077__full,token_logits,motion_vocab_logits_slice,decoder_prefix,"['batch', 'decoder_step', 'motion_vocab']","[1, 6, 514]",1.3487329015607952,131.6653594970703,-17.163515090942383,42.487998962402344,1.0,0,3084,3,motiongpt,hml_orig100_train_077__full::motiongpt,True,False,,figure appears to be stretching,dance_exercise,,train,human_diagnostic_problem_description,2026-05-26T23:59:20,,True
20260528_182842_motiongpt_success_077_sample_trace,MotionGPT,success,hml_orig100_train_078__full,token_logits,motion_vocab_logits_slice,decoder_prefix,"['batch', 'decoder_step', 'motion_vocab']","[1, 6, 514]",0.3513846745736005,43.05411911010742,1.0436033010482788,11.89273738861084,1.0,0,3084,3,motiongpt,hml_orig100_train_078__full::motiongpt,True,False,,person dances energetically on screen and throws left arm in the sky repeatedly.,dance_exercise,,train,human_diagnostic_problem_description,2026-05-26T23:59:53,,True
20260528_182842_motiongpt_success_078_sample_trace,MotionGPT,success,hml_orig100_train_079__full,token_logits,motion_vocab_logits_slice,decoder_prefix,"['batch', 'decoder_step', 'motion_vocab']","[1, 6, 514]",0.3622066441242408,39.54249954223633,7.694508075714111,9.603911399841309,1.0,0,3084,3,motiongpt,hml_orig100_train_079__full::motiongpt,True,False,,"a standing  woman gracefully dances forward, from the viewer's right to left, tapping toes and swaying arms in synchrony.",dance_exercise,,train,human_diagnostic_problem_description,2026-05-27T00:00:24,,True
20260528_182842_motiongpt_success_079_sample_trace,MotionGPT,success,hml_orig100_train_080__full,token_logits,motion_vocab_logits_slice,decoder_prefix,"['batch', 'decoder_step', 'motion_vocab']","[1, 6, 514]",0.6509853784674138,47.55335998535156,6.350965976715088,21.186052322387695,1.0,0,3084,3,motiongpt,hml_orig100_train_080__full::motiongpt,True,False,,stretching out arms while shaking out left arm,dance_exercise,,train,human_diagnostic_problem_description,2026-05-27T00:00:45,,True
20260528_182842_motiongpt_success_080_sample_trace,MotionGPT,success,hml_orig100_test_001__full,token_logits,motion_vocab_logits_slice,decoder_prefix,"['batch', 'decoder_step', 'motion_vocab']","[1, 6, 514]",0.6387784308712899,42.86274337768555,-0.29802635312080383,21.70071029663086,1.0,0,3084,3,motiongpt,hml_orig100_test_001__full::motiongpt,True,False,,"a person walks forward, swaying their hips.",simple_locomotion,,test,human_diagnostic_problem_description,2026-05-27T00:00:57,,True
20260528_182842_motiongpt_success_083_sample_trace,MotionGPT,success,hml_orig100_test_004__full,token_logits,motion_vocab_logits_slice,decoder_prefix,"['batch', 'decoder_step', 'motion_vocab']","[1, 6, 514]",0.9968067258038668,99.05138397216797,-21.88176918029785,25.848716735839844,1.0,0,3084,3,motiongpt,hml_orig100_test_004__full::motiongpt,True,False,,a person slowly walks backward in a straight line.,direction_turn,,test,human_diagnostic_problem_description,2026-05-27T00:03:19,,True
20260528_182842_motiongpt_success_084_sample_trace,MotionGPT,success,hml_orig100_test_005__full,token_logits,motion_vocab_logits_slice,decoder_prefix,"['batch', 'decoder_step', 'motion_vocab']","[1, 6, 514]",0.5842242442205235,70.75437927246094,-6.680158615112305,18.691402435302734,1.0,0,3084,3,motiongpt,hml_orig100_test_005__full::motiongpt,True,False,,a person stands on one leg in yoga pose.,stop_go,,test,human_diagnostic_problem_description,2026-05-27T00:03:35,,True
20260528_182842_motiongpt_success_086_sample_trace,MotionGPT,success,hml_orig100_test_007__full,token_logits,motion_vocab_logits_slice,decoder_prefix,"['batch', 'decoder_step', 'motion_vocab']","[1, 6, 514]",0.9552841767691265,82.8035659790039,-18.168800354003906,26.894193649291992,1.0,0,3084,3,motiongpt,hml_orig100_test_007__full::motiongpt,True,False,,person standing bends forward slightly to left to pick something up with both hands and moves item slightly to the right,sit_squat_posture,,test,human_diagnostic_problem_description,2026-05-27T00:06:41,,True
20260528_182842_motiongpt_success_087_sample_trace,MotionGPT,success,hml_orig100_test_008__full,token_logits,motion_vocab_logits_slice,decoder_prefix,"['batch', 'decoder_step', 'motion_vocab']","[1, 6, 514]",0.6731739118997194,59.53833770751953,-5.199591159820557,22.272480010986328,1.0,0,3084,3,motiongpt,hml_orig100_test_008__full::motiongpt,True,False,,a person bends slightly at the shoulders and mimics the movements of picking something up with both arms moving it from their right side to their left side.,sit_squat_posture,,test,human_diagnostic_problem_description,2026-05-27T00:07:24,,True
20260528_182842_motiongpt_success_089_sample_trace,MotionGPT,success,hml_orig100_test_010__full,token_logits,motion_vocab_logits_slice,decoder_prefix,"['batch', 'decoder_step', 'motion_vocab']","[1, 6, 514]",0.6651956768208168,44.14466094970703,3.1849021911621094,22.374755859375,1.0,0,3084,3,motiongpt,hml_orig100_test_010__full::motiongpt,True,False,,a person jumps on the spot twice.,jump_kick,,test,human_diagnostic_problem_description,2026-05-27T00:09:02,,True
20260528_182842_motiongpt_success_090_sample_trace,MotionGPT,success,hml_orig100_test_011__full,token_logits,motion_vocab_logits_slice,decoder_prefix,"['batch', 'decoder_step', 'motion_vocab']","[1, 6, 514]",0.45876920500645396,36.484619140625,3.571800470352173,15.172106742858887,1.0,0,3084,3,motiongpt,hml_orig100_test_011__full::motiongpt,True,False,,the person is moving around both arms.,upper_body_gesture,,test,human_diagnostic_problem_description,2026-05-27T00:09:10,,True
20260528_182842_motiongpt_success_093_sample_trace,MotionGPT,success,hml_orig100_test_014__full,token_logits,motion_vocab_logits_slice,decoder_prefix,"['batch', 'decoder_step', 'motion_vocab']","[1, 6, 514]",0.6517179581013316,40.17338180541992,3.430021286010742,21.875102996826172,1.0,0,3084,3,motiongpt,hml_orig100_test_014__full::motiongpt,True,False,,the sim is jogging in place.,object_interaction,,test,human_diagnostic_problem_description,2026-05-27T00:13:09,,True
20260528_182842_motiongpt_success_096_sample_trace,MotionGPT,success,hml_orig100_test_017__full,token_logits,motion_vocab_logits_slice,decoder_prefix,"['batch', 'decoder_step', 'motion_vocab']","[1, 6, 514]",0.565825812810844,42.42113494873047,-5.313854694366455,18.475156784057617,1.0,0,3084,3,motiongpt,hml_orig100_test_017__full::motiongpt,True,False,,a person sits in a  chair then stands back up.,multi_action_composition,,test,human_diagnostic_problem_description,2026-05-27T00:16:24,,True
20260528_182842_motiongpt_success_097_sample_trace,MotionGPT,success,hml_orig100_test_018__full,token_logits,motion_vocab_logits_slice,decoder_prefix,"['batch', 'decoder_step', 'motion_vocab']","[1, 6, 514]",0.6993632526595179,58.054344177246094,-17.87446403503418,15.655538558959961,1.0,0,3084,3,motiongpt,hml_orig100_test_018__full::motiongpt,True,False,,a man lifts each knee to his elbow multiple times and then does a squat.,multi_action_composition,,test,human_diagnostic_problem_description,2026-05-27T00:16:56,,True
20260528_182842_motiongpt_success_098_sample_trace,MotionGPT,success,hml_orig100_test_019__full,token_logits,motion_vocab_logits_slice,decoder_prefix,"['batch', 'decoder_step', 'motion_vocab']","[1, 6, 514]",0.6005436968303639,61.12961959838867,-2.659400701522827,20.229663848876953,1.0,0,3084,3,motiongpt,hml_orig100_test_019__full::motiongpt,True,False,,"a man steps forward, lifts his arms then bends and stretches them.",dance_exercise,,test,human_diagnostic_problem_description,2026-05-27T00:19:24,,True
