path	source_url	title	venue	original_bytes	compressed_bytes	current_bytes
obsidian-vault/paperPDFs/SIGGRAPH_2024/NeurCADRecon_Neural_Representation_for_Reconstructing_CAD_Surfaces_by_Enforcing_Zero_Gaussian_Curvature.pdf	https://doi.org/10.1145/3658171	NeurCADRecon: Neural Representation for Reconstructing CAD Surfaces by Enforcing Zero Gaussian Curvature	SIGGRAPH 2024	124632133	1244546	1244546
obsidian-vault/paperPDFs/SIGGRAPH_2026/Neural_Cellular_Automata_From_Cells_to_Pixels.pdf	https://s2026.conference-schedule.org/?post_type=page&p=15&id=papers_264&sess=sess112	Neural Cellular Automata: From Cells to Pixels	SIGGRAPH 2026	99578217	2883297	2883297
obsidian-vault/paperPDFs/SIGGRAPH_ASIA_2023/Efficient_Graphics_Representation_with_Differentiable_Indirection.pdf	https://asia.siggraph.org/2023/?post_type=page&p=14494&id=papers_602&sess=sess136	Efficient Graphics Representation with Differentiable Indirection	SIGGRAPH ASIA 2023	90866535	1542210	1542210
obsidian-vault/paperPDFs/SIGGRAPH_2024/Controllable_Neural_Style_Transfer_for_Dynamic_Meshes.pdf	https://doi.org/10.1145/3641519.3657474	Controllable Neural Style Transfer for Dynamic Meshes	SIGGRAPH 2024	90198088	1380831	1380831
obsidian-vault/paperPDFs/SIGGRAPH_2024/Seamless_Parametrization_in_Penner_Coordinates.pdf	https://doi.org/10.1145/3658202	Seamless Parametrization in Penner Coordinates	SIGGRAPH 2024	89068284	1333570	1333570
obsidian-vault/paperPDFs/SIGGRAPH_ASIA_2023/Fast_MSX_Fast_Multiple_Scattering_Approximation.pdf	https://doi.org/10.1145/3610548.3618231	Fast-MSX: Fast Multiple Scattering Approximation	SIGGRAPH ASIA 2023	84613113	1000949	1000949
obsidian-vault/paperPDFs/SIGGRAPH_2026/Broadband_Hyperspectral_3D_Imaging_using_Dispersed_Structured_Light.pdf	https://s2026.conference-schedule.org/?post_type=page&p=15&id=papers_463&sess=sess147	Broadband Hyperspectral 3D Imaging using Dispersed Structured Light	SIGGRAPH 2026	82786911	1774851	1774851
obsidian-vault/paperPDFs/SIGGRAPH_ASIA_2024/Architectural_Co_LOD_Generation.pdf	https://vcc.tech/research/2024/CoLOD	Architectural Co-LOD Generation	SIGGRAPH ASIA 2024	82134429	2674272	2674272
obsidian-vault/paperPDFs/SIGGRAPH_2023/Local_Deformation_for_Interactive_Shape_Editing.pdf	https://www.cs.columbia.edu/cg/local-deformation/	Local Deformation for Interactive Shape Editing	SIGGRAPH 2023	81386275	1410043	1410043
obsidian-vault/paperPDFs/SIGGRAPH_2024/TensoSDF_Roughness_aware_Tensorial_Representation_for_Robust_Geometry_and_Material_Reconstruction.pdf	https://doi.org/10.1145/3658211	TensoSDF: Roughness-aware Tensorial Representation for Robust Geometry and Material Reconstruction	SIGGRAPH 2024	81165801	2035773	2035773
obsidian-vault/paperPDFs/SIGGRAPH_2024/Efficient_Position_based_Deformable_Colon_Modeling_for_Endoscopic_Procedures_Simulation.pdf	https://www.inf.ufrgs.br/vislab/sig24/	Efficient Position-based Deformable Colon Modeling for Endoscopic Procedures Simulation	SIGGRAPH 2024	80943807	639250	639250
obsidian-vault/paperPDFs/SIGGRAPH_ASIA_2022/Mixed_Variational_Finite_Elements_for_Implicit_Simulation_of_Deformables.pdf	https://doi.org/10.1145/3550469.3555418	Mixed Variational Finite Elements for Implicit Simulation of Deformables	SIGGRAPH ASIA 2022	80383930	653230	653230
obsidian-vault/paperPDFs/TOG_2022/DeepPhase_periodic_autoencoders_for_learning_motion_phase_manifolds.pdf	https://doi.org/10.1145/3528223.3530178	DeepPhase: periodic autoencoders for learning motion phase manifolds	TOG 2022	78681518	920628	920628
obsidian-vault/paperPDFs/SIGGRAPH_ASIA_2022/MIPNet_Neural_Normal_to_Anisotropic_Roughness_MIP_mapping.pdf	https://perso.telecom-paristech.fr/boubek/papers/MIPNet/	MIPNet: Neural Normal-to-Anisotropic-Roughness MIP mapping	SIGGRAPH ASIA 2022	75044786	2036418	2036418
obsidian-vault/paperPDFs/SIGGRAPH_2024/Proxy_Tracing_Unbiased_Reciprocal_Estimation_for_Optimized_Sampling_in_BDPT.pdf	https://doi.org/10.1145/3658216	Proxy Tracing: Unbiased Reciprocal Estimation for Optimized Sampling in BDPT	SIGGRAPH 2024	74949824	1807583	1807583
obsidian-vault/paperPDFs/SIGGRAPH_2024/Learning_Images_Across_Scales_Using_Adversarial_Training.pdf	https://doi.org/10.1145/3658190	Learning Images Across Scales Using Adversarial Training	SIGGRAPH 2024	74902575	4580202	4580202
obsidian-vault/paperPDFs/SIGGRAPH_2024/LightFormer_Light_oriented_Global_Neural_Rendering_in_Dynamic_Scene.pdf	https://doi.org/10.1145/3658229	LightFormer: Light-oriented Global Neural Rendering in Dynamic Scene	SIGGRAPH 2024	74454711	1528379	1528379
obsidian-vault/paperPDFs/SIGGRAPH_2026/The_Antipodal_Method_Fast_Accurate_and_Robust_3D_Generalized_Winding_Numbers.pdf	https://s2026.conference-schedule.org/?post_type=page&p=15&id=papers_570&sess=sess149	The Antipodal Method: Fast, Accurate, and Robust 3D Generalized Winding Numbers	SIGGRAPH 2026	73623287	3809324	3809324
obsidian-vault/paperPDFs/SIGGRAPH_2026/Complex_Valued_Holographic_Radiance_Fields.pdf	https://s2026.conference-schedule.org/?post_type=page&p=15&id=paperstog_133&sess=sess132	Complex-Valued Holographic Radiance Fields	SIGGRAPH 2026	70892817	4074490	4074490
obsidian-vault/paperPDFs/SIGGRAPH_2023/Deep_Appearance_Prefiltering.pdf	http://civc.ucsb.edu/graphics/Papers/TOG2022_DAP/	Deep Appearance Prefiltering	SIGGRAPH 2023	70716290	2134381	2134381
obsidian-vault/paperPDFs/SIGGRAPH_2022/VEMPIC_Particle_in_polyhedron_Fluid_Simulation_for_Intricate_Solid_Boundaries.pdf	https://www.dgp.toronto.edu/projects/vempic/	VEMPIC: Particle-in-polyhedron Fluid Simulation for Intricate Solid Boundaries	SIGGRAPH 2022	69421561	1287317	1287317
obsidian-vault/paperPDFs/SIGGRAPH_ASIA_2022/Stochastic_Poisson_Surface_Reconstruction.pdf	https://www.dgp.toronto.edu/projects/stochastic-psr/	Stochastic Poisson Surface Reconstruction	SIGGRAPH ASIA 2022	67561254	3060909	3060909
obsidian-vault/paperPDFs/SIGGRAPH_ASIA_2024/BSDF_importance_sampling_using_a_diffusion_model.pdf	https://fzy28.github.io/BSDF_diffusion_sampling_web/	BSDF importance sampling using a diffusion model	SIGGRAPH ASIA 2024	67191202	1461004	1461004
obsidian-vault/paperPDFs/SIGGRAPH_ASIA_2024/Curly_Cue_Geometric_Methods_for_Highly_Coiled_Hair.pdf	https://www.cs.yale.edu/homes/wu-haomiao/publication/curlyCue.html	Curly-Cue: Geometric Methods for Highly Coiled Hair	SIGGRAPH ASIA 2024	66305549	870000	870000
obsidian-vault/paperPDFs/SIGGRAPH_ASIA_2022/Text2Light_Zero_shot_Text_driven_HDR_Panorama_Generation.pdf	https://frozenburning.github.io/projects/text2light/	Text2Light: Zero-shot Text-driven HDR Panorama Generation	SIGGRAPH ASIA 2022	64535435	2334664	2334664
obsidian-vault/paperPDFs/SIGGRAPH_2022/Rendering_Neural_Materials_on_Curved_Surfaces.pdf	https://cseweb.ucsd.edu/~viscomp/projects/CurvedNeuralMaterials/	Rendering Neural Materials on Curved Surfaces	SIGGRAPH 2022	64194792	1083545	1083545
obsidian-vault/paperPDFs/WHITEPAPER_2025/Cosmos_Transfer2_5_World_Simulation_With_Video_Foundation_Models_for_Physical_AI.pdf	https://d1qx31qr3h6wln.cloudfront.net/publications/World_Simulation_with_Video_Foundation_Models_for_Physical_AI.pdf	Cosmos-Transfer2.5: World Simulation With Video Foundation Models for Physical AI	WHITEPAPER 2025	63930434	2025413	2025413
obsidian-vault/paperPDFs/SIGGRAPH_ASIA_2022/Green_Coordinates_for_Triquad_Cages_in_3D.pdf	https://perso.telecom-paristech.fr/boubek/papers/QGC/	Green Coordinates for Triquad Cages in 3D	SIGGRAPH ASIA 2022	63621354	568566	568566
obsidian-vault/paperPDFs/SIGGRAPH_2025/Deformable_Beta_Splatting.pdf	https://openreview.net/pdf?id=676a6a4678	Deformable Beta Splatting	SIGGRAPH 2025	63388082	940706	940706
obsidian-vault/paperPDFs/SIGGRAPH_ASIA_2024/OLAT_Gaussians_for_Generic_Relightable_Appearance_Acquisition.pdf	https://musinghead.github.io/projects/olat_gaussians/	OLAT Gaussians for Generic Relightable Appearance Acquisition	SIGGRAPH ASIA 2024	61981045	431361	431361
obsidian-vault/paperPDFs/SIGGRAPH_2023/Pyramid_Texture_Filtering.pdf	https://rewindl.github.io/pyramid_texture_filtering/	Pyramid Texture Filtering	SIGGRAPH 2023	59931554	2755355	2755355
obsidian-vault/paperPDFs/SIGGRAPH_2022/MatFormer_A_Generative_Model_for_Procedural_Materials.pdf	https://paulguerrero.net/matformer/	MatFormer: A Generative Model for Procedural Materials	SIGGRAPH 2022	59736416	759231	759231
obsidian-vault/paperPDFs/SIGGRAPH_ASIA_2022/UniColor_A_Unified_Framework_for_Multi_Modal_Colorization_with_Transformer.pdf	https://luckyhzt.github.io/unicolor	UniColor: A Unified Framework for Multi-Modal Colorization with Transformer	SIGGRAPH ASIA 2022	57690003	1377952	1377952
obsidian-vault/paperPDFs/SIGGRAPH_2022/Position_free_Multiple_bounce_Computations_for_Smith_Microfacet_BSDFs.pdf	https://wangningbei.github.io/2022/MBBRDF.html	Position-free Multiple-bounce Computations for Smith Microfacet BSDFs	SIGGRAPH 2022	57167674	2206487	2206487
obsidian-vault/paperPDFs/SIGGRAPH_2023/Example_based_Procedural_Modeling_Using_Graph_Grammars.pdf	https://paulmerrell.org/grammar/	Example-based Procedural Modeling Using Graph Grammars	SIGGRAPH 2023	57095114	1217279	1217279
obsidian-vault/paperPDFs/SIGGRAPH_2023/Fluid_Cohomology.pdf	https://yhesper.github.io/fc23/fc23.html	Fluid Cohomology	SIGGRAPH 2023	57084156	1719546	1719546
obsidian-vault/paperPDFs/SIGGRAPH_ASIA_2024/Computational_Design_of_a_Kit_of_Parts_for_Bending_Active_Structures.pdf	https://udaykusupati.github.io/publications/kop/kop/	Computational Design of a Kit of Parts for Bending Active Structures	SIGGRAPH ASIA 2024	57049395	2264075	2264075
obsidian-vault/paperPDFs/SIGGRAPH_2023/Min_Deviation_Flow_in_Bi_directed_Graphs_for_T_Mesh_Quantization.pdf	https://www.algohex.eu/publications/bimdf-quantization/	Min-Deviation-Flow in Bi-directed Graphs for T-Mesh Quantization	SIGGRAPH 2023	56531411	1028426	1028426
obsidian-vault/paperPDFs/SIGGRAPH_ASIA_2024/StableNormal_Reducing_Diffusion_Variance_for_Stable_and_Sharp_Normal.pdf	https://stable-x.github.io/StableNormal/	StableNormal: Reducing Diffusion Variance for Stable and Sharp Normal	SIGGRAPH ASIA 2024	55387464	1765080	1765080
obsidian-vault/paperPDFs/SIGGRAPH_2026/ShapeUP_Scalable_Image_Conditioned_3D_Editing.pdf	https://s2026.conference-schedule.org/?post_type=page&p=15&id=papers_381&sess=sess151	ShapeUP: Scalable Image-Conditioned 3D Editing	SIGGRAPH 2026	54943888	2204039	2204039
obsidian-vault/paperPDFs/SIGGRAPH_2025/TeGA_Texture_Space_Gaussian_Avatars_for_High_Resolution_Dynamic_Head_Modeling.pdf	https://openreview.net/pdf?id=3e70ed34eb	TeGA: Texture Space Gaussian Avatars for High-Resolution Dynamic Head Modeling	SIGGRAPH 2025	54690592	849764	849764
obsidian-vault/paperPDFs/SIGGRAPH_2023/Beyond_Chainmail_Computational_Modeling_of_Discrete_Interlocking_Materials.pdf	https://tangpengbin.github.io/publications/DIM/DIM.html	Beyond Chainmail: Computational Modeling of Discrete Interlocking Materials	SIGGRAPH 2023	54357172	703011	703011
obsidian-vault/paperPDFs/SIGGRAPH_2022/ComplexGen_CAD_Reconstruction_by_B_rep_Chain_Complex_Generation.pdf	https://haopan.github.io/complexgen.html	ComplexGen: CAD Reconstruction by B-rep Chain Complex Generation	SIGGRAPH 2022	54260855	1520581	1520581
obsidian-vault/paperPDFs/SIGGRAPH_2025/Noise_Coded_Illumination_for_Forensic_and_Photometric_Video_Analysis.pdf	https://openreview.net/pdf?id=edb90fdc8e	Noise-Coded Illumination for Forensic and Photometric Video Analysis	SIGGRAPH 2025	54208153	1930588	1930588
obsidian-vault/paperPDFs/SIGGRAPH_2022/Scalable_Neural_Indoor_Scene_Rendering.pdf	https://xchaowu.github.io/papers/scalable-nisr/	Scalable Neural Indoor Scene Rendering	SIGGRAPH 2022	54042866	2037117	2037117
obsidian-vault/paperPDFs/SIGGRAPH_2022/Generalized_Resampled_Importance_Sampling_Foundations_of_ReSTIR.pdf	https://graphics.cs.utah.edu/research/projects/gris/	Generalized Resampled Importance Sampling: Foundations of ReSTIR	SIGGRAPH 2022	53532327	2275133	2275133
obsidian-vault/paperPDFs/SIGGRAPH_2026/Colorful_Noise_Training_Free_Low_Frequency_Noise_Manipulation_for_Color_Based_Conditional_Image_Generation.pdf	https://s2026.conference-schedule.org/?post_type=page&p=15&id=papers_593&sess=sess154	Colorful-Noise: Training-Free Low-Frequency Noise Manipulation for Color-Based Conditional Image Generation	SIGGRAPH 2026	53376025	3468042	3468042
obsidian-vault/paperPDFs/SIGGRAPH_ASIA_2022/ElastoMonolith_A_Monolithic_Optimization_based_Liquid_Solver_for_Contact_Aware_Elastic_Solid_Coupling.pdf	https://tetsuya-takahashi.github.io/ElastoMonolith/	ElastoMonolith: A Monolithic Optimization-based Liquid Solver for Contact-Aware Elastic-Solid Coupling	SIGGRAPH ASIA 2022	53108824	734801	734801
obsidian-vault/paperPDFs/SIGGRAPH_ASIA_2024/Medial_Skeletal_Diagram_A_Generalized_Medial_Axis_Approach_for_3D_Shape_Representation.pdf	https://gmh14.github.io/medial-skeletal-diagram/	Medial Skeletal Diagram: A Generalized Medial Axis Approach for 3D Shape Representation	SIGGRAPH ASIA 2024	52660425	2416562	2416562
obsidian-vault/paperPDFs/SIGGRAPH_2022/Local_Anatomically_Constrained_Facial_Performance_Retargeting.pdf	https://studios.disneyresearch.com/2022/07/24/local-anatomically-constrained-facial-performance-retargeting/	Local Anatomically Constrained Facial Performance Retargeting	SIGGRAPH 2022	52335891	819414	819414
obsidian-vault/paperPDFs/SIGGRAPH_2023/Materialistic_Selecting_Similar_Materials_in_Images.pdf	https://prafullsharma.net/materialistic/	Materialistic: Selecting Similar Materials in Images	SIGGRAPH 2023	51753534	1018873	1018873
obsidian-vault/paperPDFs/SIGGRAPH_2024/Theory_of_Human_Tetrachromatic_Color_Experience_and_Printing.pdf	https://imjal.github.io/theory-of-tetrachromacy/	Theory of Human Tetrachromatic Color Experience and Printing	SIGGRAPH 2024	51462674	994931	994931
obsidian-vault/paperPDFs/SIGGRAPH_2023/Juxtaform_Interactive_Visual_Summarization_for_Exploratory_Shape_Design.pdf	https://www.dgp.toronto.edu/projects/juxtaform/	Juxtaform: Interactive Visual Summarization for Exploratory Shape Design	SIGGRAPH 2023	51366199	686497	686497
obsidian-vault/paperPDFs/SIGGRAPH_2026/Composing_People_Together_Iterative_Pose_Image_Generation_for_Multi_Person_Interaction_Scenes.pdf	https://s2026.conference-schedule.org/?post_type=page&p=15&id=papers_753&sess=sess152	Composing People Together: Iterative Pose-Image Generation for Multi-Person Interaction Scenes	SIGGRAPH 2026	51280129	1464257	1464257
obsidian-vault/paperPDFs/SIGGRAPH_ASIA_2022/Neural_Photo_Finishing.pdf	https://light.princeton.edu/publication/neural-photo-finishing/	Neural Photo-Finishing	SIGGRAPH ASIA 2022	51001082	1475479	1475479
obsidian-vault/paperPDFs/ICLR_2026/Dens3R_A_Foundation_Model_for_3D_Geometry_Prediction.pdf	https://openreview.net/forum?id=kxVjQhkAWz	Dens3R: A Foundation Model for 3D Geometry Prediction	ICLR 2026	50949703	1563784	1563784
obsidian-vault/paperPDFs/ICLR_2026/A_Rich_Knowledge_Space_for_Scalable_Deepfake_Detection.pdf	https://openreview.net/forum?id=hNd5L7WnjC	A Rich Knowledge Space for Scalable Deepfake Detection	ICLR 2026	50875329	1650444	1650444
obsidian-vault/paperPDFs/SIGGRAPH_ASIA_2024/Dynamic_Skeletonization_via_Variational_Medial_Axis_Sampling.pdf	https://huang46u.github.io/VMAS/	Dynamic Skeletonization via Variational Medial Axis Sampling	SIGGRAPH ASIA 2024	50748531	1080675	1080675
obsidian-vault/paperPDFs/ICLR_2026/Trace_Anything_Representing_Any_Video_in_4D_via_Trajectory_Fields_c3173ca21ca2.pdf	https://openreview.net/forum?id=BqaChqppVh	Trace Anything: Representing Any Video in 4D via Trajectory Fields	ICLR 2026	50738339	2391279	2391279
obsidian-vault/paperPDFs/ICLR_2026/PhyWorldBench_A_Comprehensive_Evaluation_of_Physical_Realism_in_Text_to_Video_Models.pdf	https://openreview.net/forum?id=rlZeILv3fm	$PhyWorldBench$: A Comprehensive Evaluation of Physical Realism in Text-to-Video Models	ICLR 2026	50506565	3286085	3286085
obsidian-vault/paperPDFs/SIGGRAPH_2026/VideoNeuMat_Neural_Material_Extraction_from_Generative_Video_Models.pdf	https://s2026.conference-schedule.org/?post_type=page&p=15&id=papers_1134&sess=sess130	VideoNeuMat: Neural Material Extraction from Generative Video Models	SIGGRAPH 2026	50417138	2259038	2259038
obsidian-vault/paperPDFs/ICLR_2026/Distractor_free_Generalizable_3D_Gaussian_Splatting_d5b1fa086266.pdf	https://openreview.net/forum?id=G33Iemmj3Z	Distractor-free Generalizable 3D Gaussian Splatting	ICLR 2026	50358332	1612462	1612462
obsidian-vault/paperPDFs/SIGGRAPH_2024/4D_Rotor_Gaussian_Splatting_Towards_Efficient_Novel_View_Synthesis_for_Dynamic_Scenes.pdf	https://weify627.github.io/4drotorgs/	4D-Rotor Gaussian Splatting: Towards Efficient Novel View Synthesis for Dynamic Scenes	SIGGRAPH 2024	50246105	3406523	3406523
obsidian-vault/paperPDFs/SIGGRAPH_ASIA_2024/GarVerseLOD_High_Fidelity_3D_Garment_Reconstruction_from_a_Single_In_the_Wild_Image_using_a_Dataset_with_Levels_of_Details.pdf	https://garverselod.github.io/	GarVerseLOD: High-Fidelity 3D Garment Reconstruction from a Single In-the-Wild Image using a Dataset with Levels of Details	SIGGRAPH ASIA 2024	50240669	1524057	1524057
obsidian-vault/paperPDFs/SIGGRAPH_ASIA_2023/UVDoc_Neural_Grid_based_Document_Unwarping.pdf	https://asia.siggraph.org/2023/?post_type=page&p=14494&id=papers_433&sess=sess138	UVDoc: Neural Grid-based Document Unwarping	SIGGRAPH ASIA 2023	50222938	1184622	1184622
obsidian-vault/paperPDFs/SIGGRAPH_ASIA_2024/Occupancy_Based_Dual_Contouring.pdf	https://occupancy-based-dual-contouring.github.io/	Occupancy-Based Dual Contouring	SIGGRAPH ASIA 2024	50117942	2257378	2257378
obsidian-vault/paperPDFs/SIGGRAPH_2026/Mat_rn_Noise_for_Triangulation_Agnostic_Flow_Matching_on_Meshes.pdf	https://s2026.conference-schedule.org/?post_type=page&p=15&id=papers_386&sess=sess121	Matérn Noise for Triangulation-Agnostic Flow Matching on Meshes	SIGGRAPH 2026	49911015	1204562	1204562
obsidian-vault/paperPDFs/ICLR_2026/RefAny3D_3D_Asset_Referenced_Diffusion_Models_for_Image_Generation_af40724eea65.pdf	https://openreview.net/forum?id=fUO37EVR7j	RefAny3D: 3D Asset-Referenced Diffusion Models for Image Generation	ICLR 2026	49897856	1199623	1199623
obsidian-vault/paperPDFs/SIGGRAPH_2022/Moving_Level_of_detail_Surfaces.pdf	https://perso.telecom-paristech.fr/boubek/papers/MLoDSurfaces/	Moving Level-of-detail Surfaces	SIGGRAPH 2022	49887990	1858300	1858300
obsidian-vault/paperPDFs/SIGGRAPH_2023/Robust_Low_poly_Meshing_for_General_3D_Models.pdf	https://zhenchen-jay.github.io/publication/robustlowpolymeshing/	Robust Low-poly Meshing for General 3D Models	SIGGRAPH 2023	49858486	1573204	1573204
obsidian-vault/paperPDFs/SIGGRAPH_2024/DiLightNet_Fine_grained_Lighting_Control_for_Diffusion_based_Image_Generation.pdf	https://dilightnet.github.io/	DiLightNet: Fine-grained Lighting Control for Diffusion-based Image Generation	SIGGRAPH 2024	49823187	665436	665436
obsidian-vault/paperPDFs/SIGGRAPH_ASIA_2024/Synchronize_Dual_Hands_for_Physics_Based_Dexterous_Guitar_Playing.pdf	https://pei-xu.github.io/guitar	Synchronize Dual Hands for Physics-Based Dexterous Guitar Playing	SIGGRAPH ASIA 2024	49733401	2086204	2086204
obsidian-vault/paperPDFs/SIGGRAPH_2026/Pixal3D_Pixel_Aligned_3D_Generation_from_Images.pdf	https://s2026.conference-schedule.org/?post_type=page&p=15&id=papers_1056&sess=sess151	Pixal3D: Pixel-Aligned 3D Generation from Images	SIGGRAPH 2026	49667845	1180062	1180062
obsidian-vault/paperPDFs/SIGGRAPH_ASIA_2024/A_Progressive_Embedding_Approach_to_Bijective_Tetrahedral_Maps_driven_by_Cluster_Mesh_Topology.pdf	https://www.algohex.eu/publications/cluster-mesh-sae/	A Progressive Embedding Approach to Bijective Tetrahedral Maps driven by Cluster Mesh Topology	SIGGRAPH ASIA 2024	49491732	1290670	1290670
obsidian-vault/paperPDFs/SIGGRAPH_2026/HairLRM_Strand_based_Hair_Modeling_via_Large_Reconstruction_Models.pdf	https://s2026.conference-schedule.org/?post_type=page&p=15&id=papers_371&sess=sess119	HairLRM: Strand-based Hair Modeling via Large Reconstruction Models	SIGGRAPH 2026	49332166	1117921	1117921
obsidian-vault/paperPDFs/SIGGRAPH_2024/Target_aware_Image_Denoising_for_Inverse_Monte_Carlo_Rendering.pdf	https://cglab.gist.ac.kr/sig24target/	Target-aware Image Denoising for Inverse Monte Carlo Rendering	SIGGRAPH 2024	49244890	1664611	1664611
obsidian-vault/paperPDFs/SIGGRAPH_ASIA_2022/Production_Ready_Face_Re_Aging_for_Visual_Effects.pdf	https://studios.disneyresearch.com/2022/11/30/production-ready-face-re-aging-for-visual-effects/	Production-Ready Face Re-Aging for Visual Effects	SIGGRAPH ASIA 2022	49206372	1432527	1432527
obsidian-vault/paperPDFs/ICLR_2026/Sharp_Monocular_View_Synthesis_in_Less_Than_a_Second_9ff8519e0fec.pdf	https://openreview.net/forum?id=yx3g4sF70y	Sharp Monocular View Synthesis in Less Than a Second	ICLR 2026	49018049	3555453	3555453
obsidian-vault/paperPDFs/SIGGRAPH_2026/M_ABD_Scalable_Efficient_and_Robust_Multi_Affine_Body_Dynamics.pdf	https://s2026.conference-schedule.org/?post_type=page&p=15&id=papers_116&sess=sess102	M-ABD: Scalable, Efficient, and Robust Multi-Affine-Body Dynamics	SIGGRAPH 2026	48946012	2522893	2522893
obsidian-vault/paperPDFs/SIGGRAPH_2022/Facial_Hair_Tracking_for_High_Fidelity_Performance_Capture.pdf	https://studios.disneyresearch.com/2022/07/24/facial-hair-tracking-for-high-fidelity-performance-capture/	Facial Hair Tracking for High Fidelity Performance Capture	SIGGRAPH 2022	48805692	1136347	1136347
obsidian-vault/paperPDFs/SIGGRAPH_2024/Multi_material_Mesh_based_Surface_Tracking_With_Implicit_Topology_Changes.pdf	https://visualcomputing.ist.ac.at/publications/2024/SDTF/	Multi-material Mesh-based Surface Tracking With Implicit Topology Changes	SIGGRAPH 2024	48763368	730390	730390
obsidian-vault/paperPDFs/ICLR_2026/Durian_Dual_Reference_Image_Guided_Portrait_Animation_with_Attribute_Transfer.pdf	https://openreview.net/forum?id=tz5GRv9Vzu	Durian: Dual Reference Image-Guided Portrait Animation with Attribute Transfer	ICLR 2026	48607445	2279179	2279179
obsidian-vault/paperPDFs/SIGGRAPH_ASIA_2025/Harmonic_caching_for_walk_on_spheres.pdf	https://cs.dartmouth.edu/~wjarosz/publications/zhou25harmonic.pdf	Harmonic caching for walk on spheres	SIGGRAPH ASIA 2025	48560803	4524373	4524373
obsidian-vault/paperPDFs/SIGGRAPH_2022/Time_multiplexed_Neural_Holography_A_Flexible_Framework_for_Holographic_Near_eye_Displays_With_Fast_Heavily_Quantized_Spatial_Light_Modulators.pdf	https://www.computationalimaging.org/publications/time-multiplexed-neural-holography/	Time-multiplexed Neural Holography: A Flexible Framework for Holographic Near-eye Displays With Fast Heavily Quantized Spatial Light Modulators	SIGGRAPH 2022	48560559	4792761	4792761
obsidian-vault/paperPDFs/ICLR_2026/Depth_Anything_3_Recovering_the_Visual_Space_from_Any_Views.pdf	https://openreview.net/forum?id=yirunib8l8	Depth Anything 3: Recovering the Visual Space from Any Views	ICLR 2026	48454899	1135966	1135966
obsidian-vault/paperPDFs/ICLR_2026/FlashWorld_High_quality_3D_Scene_Generation_within_Seconds.pdf	https://openreview.net/forum?id=2IftRjRB07	FlashWorld: High-quality 3D Scene Generation within Seconds	ICLR 2026	48392443	1788778	1788778
obsidian-vault/paperPDFs/SIGGRAPH_2026/PureSample_Neural_Materials_Learned_by_Sampling_Microgeometry.pdf	https://s2026.conference-schedule.org/?post_type=page&p=15&id=papers_901&sess=sess130	PureSample: Neural Materials Learned by Sampling Microgeometry	SIGGRAPH 2026	48382099	1500350	1500350
obsidian-vault/paperPDFs/SIGGRAPH_2026/MotionBricks_Scalable_Real_Time_Motions_with_Modular_Latent_Generative_Model_and_Smart_Primitives.pdf	https://doi.org/10.1145/3811334	MotionBricks: Scalable Real-Time Motions with Modular Latent Generative Model and Smart Primitives	SIGGRAPH 2026	48356685	3479585	3479585
obsidian-vault/paperPDFs/ICLR_2026/On_the_Wasserstein_Geodesic_Principal_Component_Analysis_of_probability_measures.pdf	https://openreview.net/forum?id=OJupg4mDjS	On the Wasserstein Geodesic Principal Component Analysis of probability measures	ICLR 2026	48305871	1449364	1449364
obsidian-vault/paperPDFs/SIGGRAPH_ASIA_2022/Efficient_Neural_Style_Transfer_for_Volumetric_Simulations.pdf	https://studios.disneyresearch.com/2022/11/30/efficient-neural-style-transfer-for-volumetric-simulations/	Efficient Neural Style Transfer for Volumetric Simulations	SIGGRAPH ASIA 2022	48213094	568148	568148
obsidian-vault/paperPDFs/SIGGRAPH_2022/Face_Deblurring_Using_Dual_Camera_Fusion_on_Mobile_Phones.pdf	https://www.wslai.net/publications/fusion_deblur/	Face Deblurring Using Dual Camera Fusion on Mobile Phones	SIGGRAPH 2022	48174592	1613670	1613670
obsidian-vault/paperPDFs/SIGGRAPH_2023/VideoDoodles_Hand_drawn_Animations_on_Videos_With_Scene_aware_Canvases.pdf	https://em-yu.github.io/research/videodoodles/	VideoDoodles: Hand-drawn Animations on Videos With Scene-aware Canvases	SIGGRAPH 2023	48172139	1227343	1227343
obsidian-vault/paperPDFs/SIGGRAPH_2025/Cobra_Efficient_Line_Art_COlorization_with_BRoAder_References.pdf	https://openreview.net/pdf?id=0f41fa7df2	Cobra: Efficient Line Art COlorization with BRoAder References	SIGGRAPH 2025	48049985	1853931	1853931
obsidian-vault/paperPDFs/SIGGRAPH_2026/Toward_Richer_Material_Generation_via_Procedural_Data_Enhancement.pdf	https://s2026.conference-schedule.org/?post_type=page&p=15&id=papers_1355&sess=sess106	Toward Richer Material Generation via Procedural Data Enhancement	SIGGRAPH 2026	47846669	799855	799855
obsidian-vault/paperPDFs/SIGGRAPH_ASIA_2024/Customizing_Text_to_Image_Models_with_a_Single_Image_Pair.pdf	https://paircustomization.github.io/	Customizing Text-to-Image Models with a Single Image Pair	SIGGRAPH ASIA 2024	47454818	1972171	1972171
obsidian-vault/paperPDFs/SIGGRAPH_ASIA_2024/SPARK_Self_supervised_Personalized_Real_time_Monocular_Face_Capture.pdf	https://kelianb.github.io/SPARK/static/documents/SPARK_SigAsia2024_Revised_Combined.pdf	SPARK: Self-supervised Personalized Real-time Monocular Face Capture	SIGGRAPH ASIA 2024	47310489	1046369	1046369
obsidian-vault/paperPDFs/SIGGRAPH_2024/Primal_dual_Non_smooth_Friction_for_Rigid_Body_Animation.pdf	https://visualcomputing.ist.ac.at/publications/2024/PDNSF/	Primal-dual Non-smooth Friction for Rigid Body Animation	SIGGRAPH 2024	47309472	722414	722414
obsidian-vault/paperPDFs/SIGGRAPH_2026/Sketch2Arti_Sketch_based_Articulation_Modeling_of_CAD_Objects.pdf	https://s2026.conference-schedule.org/?post_type=page&p=15&id=papers_1157&sess=sess116	Sketch2Arti: Sketch-based Articulation Modeling of CAD Objects	SIGGRAPH 2026	47247627	1288695	1288695
obsidian-vault/paperPDFs/TMLR_2024/Analysis_of_Classifier_Free_Guidance_Weight_Schedulers.pdf	https://openreview.net/forum?id=SUMtDJqicd	Analysis of Classifier-Free Guidance Weight Schedulers	TMLR 2024	47239010	2444836	2444836
obsidian-vault/paperPDFs/SIGGRAPH_2026/A_Generalizable_Light_Transport_3D_Embedding_for_Global_Illumination.pdf	https://s2026.conference-schedule.org/?post_type=page&p=15&id=papers_497&sess=sess131	A Generalizable Light Transport 3D Embedding for Global Illumination	SIGGRAPH 2026	47213529	1162338	1162338
obsidian-vault/paperPDFs/SIGGRAPH_ASIA_2024/GaussianObject_High_Quality_3D_Object_Reconstruction_from_Four_Views_with_Gaussian_Splatting.pdf	https://gaussianobject.github.io/	GaussianObject: High-Quality 3D Object Reconstruction from Four Views with Gaussian Splatting	SIGGRAPH ASIA 2024	47129063	2033756	2033756
obsidian-vault/paperPDFs/ICLR_2026/AC-Sampler_Accelerate_and_Correct_Diffusion_Sampling_with_Metropolis-Hastings_Algorithm.pdf	https://openreview.net/forum?id=kWl13kRJTQ	AC-Sampler: Accelerate and Correct Diffusion Sampling with Metropolis-Hastings Algorithm	ICLR 2026	46984512	1328597	1328597
obsidian-vault/paperPDFs/SIGGRAPH_ASIA_2023/MatFusion_A_Generative_Diffusion_Model_for_SVBRDF_Capture.pdf	https://asia.siggraph.org/2023/?post_type=page&p=14494&id=papers_538&sess=sess133	MatFusion: A Generative Diffusion Model for SVBRDF Capture	SIGGRAPH ASIA 2023	46902160	980691	980691
obsidian-vault/paperPDFs/SIGGRAPH_2026/DualBrep_A_Dual_Field_Continuous_Representation_for_B_rep_Modelling.pdf	https://s2026.conference-schedule.org/?post_type=page&p=15&id=papers_295&sess=sess142	DualBrep: A Dual-Field Continuous Representation for B-rep Modelling	SIGGRAPH 2026	46714291	1463313	1463313
obsidian-vault/paperPDFs/ICLR_2026/Animating_the_Uncaptured_Humanoid_Mesh_Animation_with_Video_Diffusion_Models.pdf	https://openreview.net/forum?id=DIPeQTxpe7	Animating the Uncaptured: Humanoid Mesh Animation with Video Diffusion Models	ICLR 2026	46665703	1434422	1434422
obsidian-vault/paperPDFs/SIGGRAPH_2026/Neural_Particle_Automata_Learning_Self_Organizing_Particle_Dynamics.pdf	https://s2026.conference-schedule.org/?post_type=page&p=15&id=papers_263&sess=sess112	Neural Particle Automata: Learning Self-Organizing Particle Dynamics	SIGGRAPH 2026	46662887	1623010	1623010
obsidian-vault/paperPDFs/SIGGRAPH_2023/Random_access_Neural_Compression_of_Material_Textures.pdf	https://research.nvidia.com/labs/rtr/neural_texture_compression/	Random-access Neural Compression of Material Textures	SIGGRAPH 2023	46501570	983426	983426
obsidian-vault/paperPDFs/SIGGRAPH_ASIA_2024/StyleCrafter_Taming_Stylized_Video_Diffusion_with_Reference_Augmented_Adapter_Learning.pdf	https://gongyeliu.github.io/StyleCrafter.github.io/	StyleCrafter: Taming Stylized Video Diffusion with Reference-Augmented Adapter Learning	SIGGRAPH ASIA 2024	45670001	3310267	3310267
obsidian-vault/paperPDFs/SIGGRAPH_2026/BrepForge_Factorized_B_rep_Synthesis_via_Wireframe_Composition_and_Boundary_Conditioned_Surface_Instantiation.pdf	https://s2026.conference-schedule.org/?post_type=page&p=15&id=papers_1324&sess=sess142	BrepForge: Factorized B-rep Synthesis via Wireframe Composition and Boundary-Conditioned Surface Instantiation	SIGGRAPH 2026	45594191	762371	762371
obsidian-vault/paperPDFs/SIGGRAPH_2023/Masonry_Shell_Structures_With_Discrete_Equivalence_Classes.pdf	https://sutd-cgl.github.io/supp/Publication/projects/2023-SIGGRAPH-TileableShell/index.html	Masonry Shell Structures With Discrete Equivalence Classes	SIGGRAPH 2023	45416343	792136	792136
obsidian-vault/paperPDFs/SIGGRAPH_ASIA_2024/GroomCap_High_Fidelity_Prior_Free_Hair_Capture.pdf	https://syntec-research.github.io/GroomCap/	GroomCap: High-Fidelity Prior-Free Hair Capture	SIGGRAPH ASIA 2024	45193644	953494	953494
obsidian-vault/paperPDFs/SIGGRAPH_2026/DreamActor_M2_Universal_Character_Image_Animation_via_Spatiotemporal_In_Context_Learning.pdf	https://s2026.conference-schedule.org/?post_type=page&p=15&id=papers_650&sess=sess152	DreamActor-M2: Universal Character Image Animation via Spatiotemporal In-Context Learning	SIGGRAPH 2026	45004963	1460814	1460814
obsidian-vault/paperPDFs/SIGGRAPH_ASIA_2024/Content_aware_Tile_Generation_using_Exterior_Boundary_Inpainting.pdf	https://samsartor.com/content-aware-tiles/	Content-aware Tile Generation using Exterior Boundary Inpainting	SIGGRAPH ASIA 2024	44903068	1428170	1428170
obsidian-vault/paperPDFs/SIGGRAPH_ASIA_2024/Still_Moving_Customized_Video_Generation_without_Customized_Video_Data.pdf	https://still-moving.github.io/	Still-Moving: Customized Video Generation without Customized Video Data	SIGGRAPH ASIA 2024	44843729	1615629	1615629
obsidian-vault/paperPDFs/SIGGRAPH_2023/PolyStokes_A_Polynomial_Model_Reduction_Method_for_Viscous_Fluid_Simulation.pdf	https://jpanuelos.com/publications/2023-06-06-PolyStokes.html	PolyStokes: A Polynomial Model Reduction Method for Viscous Fluid Simulation	SIGGRAPH 2023	44821958	573822	573822
obsidian-vault/paperPDFs/SIGGRAPH_2026/On_the_fly_Repulsion_in_the_Contextual_Space_for_Rich_Diversity_in_Diffusion_Transformers.pdf	https://s2026.conference-schedule.org/?post_type=page&p=15&id=papers_383&sess=sess154	On-the-fly Repulsion in the Contextual Space for Rich Diversity in Diffusion Transformers	SIGGRAPH 2026	44709729	2226557	2226557
obsidian-vault/paperPDFs/SIGGRAPH_2026/Robust_Containment_Queries_over_Collections_of_Trimmed_NURBS_Surfaces_via_Generalized_Winding_Numbers.pdf	https://s2026.conference-schedule.org/?post_type=page&p=15&id=paperstog_119&sess=sess149	Robust Containment Queries over Collections of Trimmed NURBS Surfaces via Generalized Winding Numbers	SIGGRAPH 2026	44626064	1918582	1918582
obsidian-vault/paperPDFs/ICLR_2026/Unsupervised_Representation_Learning_for_3D_Mesh_Parameterization_with_Semantic_fb445667e240.pdf	https://openreview.net/forum?id=9LYsvna4Sk	Unsupervised Representation Learning for 3D Mesh Parameterization with Semantic and Visibility Objectives	ICLR 2026	44622888	1509727	1509727
obsidian-vault/paperPDFs/ICLR_2026/TINKER_Diffusions_Gift_to_3D_Multi_View_Consistent_Editing_From_Sparse_Inputs_without_Per_Scene_Optimization.pdf	https://openreview.net/forum?id=j7Vt2lp2jX	TINKER: Diffusion's Gift to 3D--Multi-View Consistent Editing From Sparse Inputs without Per-Scene Optimization	ICLR 2026	44475408	3409497	3409497
obsidian-vault/paperPDFs/SIGGRAPH_ASIA_2024/Learning_Based_Toolpath_Planner_on_Diverse_Graphs_for_3D_Printing.pdf	https://rl-toolpath-planner.github.io/	Learning Based Toolpath Planner on Diverse Graphs for 3D Printing	SIGGRAPH ASIA 2024	44303540	1667839	1667839
obsidian-vault/paperPDFs/ICLR_2026/Navigating_the_Latent_Space_Dynamics_of_Neural_Models.pdf	https://openreview.net/forum?id=Zunww3FHPU	Navigating the Latent Space Dynamics of Neural Models	ICLR 2026	44141527	1330410	1330410
obsidian-vault/paperPDFs/ICLR_2026/GLASS_Flows_Efficient_Inference_for_Reward_Alignment_of_Flow_and_Diffusion_Models.pdf	https://openreview.net/forum?id=vH7OAPZ2dR	GLASS Flows: Efficient Inference for Reward Alignment of Flow and Diffusion Models	ICLR 2026	43115361	3161207	3161207
obsidian-vault/paperPDFs/ICLR_2026/Unified_3D_Scene_Understanding_Through_Physical_World_Modeling.pdf	https://openreview.net/forum?id=NQq9JLMfNN	Unified 3D Scene Understanding Through Physical World Modeling	ICLR 2026	43057976	2248370	2248370
obsidian-vault/paperPDFs/SIGGRAPH_ASIA_2023/A_Hessian_Based_Field_Deformer_for_Real_Time_Topology_Aware_Shape_Editing.pdf	https://asia.siggraph.org/2023/?post_type=page&p=14494&id=papers_534&sess=sess171	A Hessian-Based Field Deformer for Real-Time Topology-Aware Shape Editing	SIGGRAPH ASIA 2023	43013754	951041	951041
obsidian-vault/paperPDFs/ICLR_2026/StreamSplat_Towards_Online_Dynamic_3D_Reconstruction_from_Uncalibrated_Video_Str_ddaf0a5cb355.pdf	https://openreview.net/forum?id=SaiDRQU7Ez	StreamSplat: Towards Online Dynamic 3D Reconstruction from Uncalibrated Video Streams	ICLR 2026	42795615	1944284	1944284
obsidian-vault/paperPDFs/SIGGRAPH_ASIA_2023/Neural_Point_based_Volumetric_Avatar_Surface_guided_Neural_Points_for_Efficient_and_Photorealistic_Volumetric_Head_Avatar.pdf	https://asia.siggraph.org/2023/?post_type=page&p=14494&id=papers_612&sess=sess124	Neural Point-based Volumetric Avatar: Surface-guided Neural Points for Efficient and Photorealistic Volumetric Head Avatar	SIGGRAPH ASIA 2023	42694133	1442417	1442417
obsidian-vault/paperPDFs/SIGGRAPH_2026/VecSet_Edit_Unleashing_Pre_trained_LRM_for_Mesh_Editing_from_Single_Image.pdf	https://s2026.conference-schedule.org/?post_type=page&p=15&id=papers_732&sess=sess151	VecSet-Edit: Unleashing Pre-trained LRM for Mesh Editing from Single Image	SIGGRAPH 2026	42255970	1948010	1948010
obsidian-vault/paperPDFs/SIGGRAPH_ASIA_2024/Efficient_Neural_Path_Guiding_with_4D_Modeling.pdf	https://woaixuexisr.github.io/papers/distributed-guiding/	Efficient Neural Path Guiding with 4D Modeling	SIGGRAPH ASIA 2024	42084652	1283657	1283657
obsidian-vault/paperPDFs/ICLR_2026/A_Step_to_Decouple_Optimization_in_3DGS.pdf	https://openreview.net/forum?id=oapTMDy2Yh	A Step to Decouple Optimization in 3DGS	ICLR 2026	41945329	1333530	1333530
obsidian-vault/paperPDFs/ICLR_2026/3DGEER_3D_Gaussian_Rendering_Made_Exact_and_Efficient_for_Generic_Cameras_ICLR_2026_3dgeer_3d_gaussian_rendering_made_exact_and_efficient_for_generic_cameras.pdf	https://openreview.net/forum?id=4voMNlRWI7	3DGEER: 3D Gaussian Rendering Made Exact and Efficient for Generic Cameras	ICLR 2026	41936344	973052	973052
obsidian-vault/paperPDFs/ICLR_2026/Anchor_Frame_Bridging_for_Coherent_First_Last_Frame_Video_Generation.pdf	https://openreview.net/forum?id=isNjWnVsUR	Anchor Frame Bridging for Coherent First-Last Frame Video Generation	ICLR 2026	41800769	2367625	2367625
obsidian-vault/paperPDFs/ICLR_2026/AutoFly_Vision_Language_Action_Model_for_UAV_Autonomous_Navigation_in_the_Wild.pdf	https://openreview.net/forum?id=88RKxlFUNY	AutoFly: Vision-Language-Action Model for UAV Autonomous Navigation in the Wild	ICLR 2026	41731055	1472807	1472807
obsidian-vault/paperPDFs/ICLR_2026/Diffusion_Fine_Tuning_via_Reparameterized_Policy_Gradient_of_the_Soft_Q_Function.pdf	https://openreview.net/forum?id=8zoxC9e23q	Diffusion Fine-Tuning via Reparameterized Policy Gradient of the Soft Q-Function	ICLR 2026	41722935	2140464	2140464
obsidian-vault/paperPDFs/SIGGRAPH_ASIA_2023/Neural_Stress_Fields_for_Reduced_order_Elastoplasticity_and_Fracture.pdf	https://asia.siggraph.org/2023/?post_type=page&p=14494&id=papers_637&sess=sess151	Neural Stress Fields for Reduced-order Elastoplasticity and Fracture	SIGGRAPH ASIA 2023	41613107	827444	827444
obsidian-vault/paperPDFs/SIGGRAPH_ASIA_2024/Gaussian_Opacity_Fields_Efficient_Adaptive_Surface_Reconstruction_in_Unbounded_Scenes.pdf	https://niujinshuchong.github.io/gaussian-opacity-fields/	Gaussian Opacity Fields: Efficient Adaptive Surface Reconstruction in Unbounded Scenes	SIGGRAPH ASIA 2024	41587448	1760523	1760523
obsidian-vault/paperPDFs/SIGGRAPH_ASIA_2024/Taming_3DGS_High_Quality_Radiance_Fields_with_Limited_Resources.pdf	https://humansensinglab.github.io/taming-3dgs/	Taming 3DGS: High-Quality Radiance Fields with Limited Resources	SIGGRAPH ASIA 2024	41477637	2684737	2684737
obsidian-vault/paperPDFs/SIGGRAPH_ASIA_2024/Polarimetric_BSSRDF_Acquisition_of_Dynamic_Faces.pdf	https://vclab.kaist.ac.kr/siggraphasia2024/	Polarimetric BSSRDF Acquisition of Dynamic Faces	SIGGRAPH ASIA 2024	41467105	847828	847828
obsidian-vault/paperPDFs/SIGGRAPH_ASIA_2023/Animating_Street_View.pdf	https://asia.siggraph.org/2023/?post_type=page&p=14494&id=papers_797&sess=sess131	Animating Street View	SIGGRAPH ASIA 2023	41363423	1373443	1373443
obsidian-vault/paperPDFs/ICLR_2026/BAR_Refactor_the_Basis_of_Autoregressive_Visual_Generation.pdf	https://openreview.net/forum?id=2m9XQq4Dc3	BAR: Refactor the Basis of Autoregressive Visual Generation	ICLR 2026	41294849	1634354	1634354
obsidian-vault/paperPDFs/ICLR_2026/SkyEvents_A_Large_Scale_Event_enhanced_UAV_Dataset_for_Robust_3D_Scene_Reconstru_5f0daf32f322.pdf	https://openreview.net/forum?id=dxHPqQindP	SkyEvents: A Large-Scale Event-enhanced UAV Dataset for Robust 3D Scene Reconstruction	ICLR 2026	41060563	1100191	1100191
obsidian-vault/paperPDFs/SIGGRAPH_2022/Rewriting_Geometric_Rules_of_a_GAN.pdf	https://peterwang512.github.io/GANWarping/	Rewriting Geometric Rules of a GAN	SIGGRAPH 2022	41050762	1778933	1778933
obsidian-vault/paperPDFs/SIGGRAPH_2022/Neural_Layered_BRDFs.pdf	https://wangningbei.github.io/2022/NLBRDF.html	Neural Layered BRDFs	SIGGRAPH 2022	40901888	952756	952756
obsidian-vault/paperPDFs/SIGGRAPH_2026/FreeOrbit4D_Training_Free_Arbitrary_Camera_Redirection_for_Monocular_Videos_via_Foreground_Complete_4D_Reconstruction.pdf	https://s2026.conference-schedule.org/?post_type=page&p=15&id=papers_708&sess=sess150	FreeOrbit4D: Training-Free Arbitrary Camera Redirection for Monocular Videos via Foreground-Complete 4D Reconstruction	SIGGRAPH 2026	40770672	1942985	1942985
obsidian-vault/paperPDFs/SIGGRAPH_2026/See_through_Single_image_Layer_Decomposition_for_Anime_Characters.pdf	https://s2026.conference-schedule.org/?post_type=page&p=15&id=papers_1349&sess=sess109	See-through: Single-image Layer Decomposition for Anime Characters	SIGGRAPH 2026	40715690	1451922	1451922
obsidian-vault/paperPDFs/ICLR_2026/Vid2World_Crafting_Video_Diffusion_Models_to_Interactive_World_Models.pdf	https://openreview.net/forum?id=pFyzqbUiF9	Vid2World: Crafting Video Diffusion Models to Interactive World Models	ICLR 2026	40591703	2571472	2571472
obsidian-vault/paperPDFs/SIGGRAPH_2022/Active_Exploration_for_Neural_Global_Illumination_of_Variable_Scenes.pdf	https://repo-sam.inria.fr/fungraph/active-exploration/	Active Exploration for Neural Global Illumination of Variable Scenes	SIGGRAPH 2022	40438931	1813291	1813291
obsidian-vault/paperPDFs/ICLR_2026/TRACE_Your_Diffusion_Model_is_Secretly_an_Instance_Edge_Detector.pdf	https://openreview.net/forum?id=BjElYlJKMj	TRACE: Your Diffusion Model is Secretly an Instance Edge Detector	ICLR 2026	40404137	3394281	3394281
obsidian-vault/paperPDFs/SIGGRAPH_2022/StyleGAN_NADA_CLIP_guided_Domain_Adaptation_of_Image_Generators.pdf	https://stylegan-nada.github.io/	StyleGAN-NADA: CLIP-guided Domain Adaptation of Image Generators	SIGGRAPH 2022	40378416	3340437	3340437
obsidian-vault/paperPDFs/ICLR_2026/EasyCreator_Empowering_4D_Creation_through_Video_Inpainting_0433338d18d5.pdf	https://openreview.net/forum?id=mU8Ubd8aNK	EasyCreator: Empowering 4D Creation through Video Inpainting	ICLR 2026	40373448	1497063	1497063
obsidian-vault/paperPDFs/SIGGRAPH_2022/DSG_Net_Learning_Disentangled_Structure_and_Geometry_for_3D_Shape_Generation.pdf	http://geometrylearning.com/dsg-net/	DSG-Net: Learning Disentangled Structure and Geometry for 3D Shape Generation	SIGGRAPH 2022	40239957	2167350	2167350
obsidian-vault/paperPDFs/SIGGRAPH_ASIA_2022/Unbiased_Caustics_Rendering_Guided_by_Representative_Specular_Paths.pdf	https://wangningbei.github.io/2022/PathcutGuiding.html	Unbiased Caustics Rendering Guided by Representative Specular Paths	SIGGRAPH ASIA 2022	39769780	2415563	2415563
obsidian-vault/paperPDFs/SIGGRAPH_ASIA_2023/Content_based_Search_for_Deep_Generative_Models.pdf	https://asia.siggraph.org/2023/?post_type=page&p=14494&id=papers_528&sess=sess132	Content-based Search for Deep Generative Models	SIGGRAPH ASIA 2023	39703598	1494069	1494069
obsidian-vault/paperPDFs/SIGGRAPH_2024/Mob_FGSR_Frame_Generation_and_Super_Resolution_for_Mobile_Real_time_Rendering.pdf	http://www.cad.zju.edu.cn/home/jin/Sig20241/Mob-FGSR.htm	Mob-FGSR: Frame Generation and Super Resolution for Mobile Real-time Rendering	SIGGRAPH 2024	39695671	1252201	1252201
obsidian-vault/paperPDFs/ICLR_2026/Diffusion_Blend_Inference_Time_Multi_Preference_Alignment_for_Diffusion_Models.pdf	https://openreview.net/forum?id=M2DXbwO8le	Diffusion Blend: Inference-Time Multi-Preference Alignment for Diffusion Models	ICLR 2026	39585987	1597721	1597721
obsidian-vault/paperPDFs/SIGGRAPH_ASIA_2023/An_Implicit_Physical_Face_Model_Driven_by_Expression_and_Style.pdf	https://asia.siggraph.org/2023/?post_type=page&p=14494&id=papers_327&sess=sess137	An Implicit Physical Face Model Driven by Expression and Style	SIGGRAPH ASIA 2023	39530837	755376	755376
obsidian-vault/paperPDFs/SIGGRAPH_2026/MAROON_A_Dataset_for_the_Joint_Characterization_of_Near_Field_High_Resolution_Radio_Frequency_and_Optical_Depth_Imaging_Techniques.pdf	https://s2026.conference-schedule.org/?post_type=page&p=15&id=paperstog_122&sess=sess147	MAROON: A Dataset for the Joint Characterization of Near-Field High-Resolution Radio-Frequency and Optical Depth Imaging Techniques	SIGGRAPH 2026	39436203	1884837	1884837
obsidian-vault/paperPDFs/SIGGRAPH_ASIA_2022/RFEPS_Reconstructing_Feature_line_Equipped_Polygonal_Surface.pdf	https://xrvitd.github.io/Projects/RFEPS/index.html	RFEPS: Reconstructing Feature-line Equipped Polygonal Surface	SIGGRAPH ASIA 2022	39419437	1493642	1493642
obsidian-vault/paperPDFs/ICLR_2026/Temporal_Sparse_Autoencoders_Leveraging_the_Sequential_Nature_of_Language_for_Interpretability.pdf	https://openreview.net/forum?id=bojVI4l9Kn	Temporal Sparse Autoencoders: Leveraging the Sequential Nature of Language for Interpretability	ICLR 2026	39044382	2932675	2932675
obsidian-vault/paperPDFs/SIGGRAPH_2026/Generative_3D_Gaussians_with_Learned_Density_Control.pdf	https://s2026.conference-schedule.org/?post_type=page&p=15&id=papers_758&sess=sess112	Generative 3D Gaussians with Learned Density Control	SIGGRAPH 2026	38833835	2408716	2408716
obsidian-vault/paperPDFs/SIGGRAPH_2022/Rendering_of_Scratched_Transparent_Materials_Using_Precomputed_SV_BSDFs.pdf	https://doi.org/10.1145/3532719.3543207	Rendering of Scratched Transparent Materials Using Precomputed SV-BSDFs	SIGGRAPH 2022	38761390	161676	161676
obsidian-vault/paperPDFs/SIGGRAPH_ASIA_2024/Quark_Real_time_High_resolution_and_General_Neural_View_Synthesis.pdf	https://quark-3d.github.io/	Quark: Real-time, High-resolution, and General Neural View Synthesis	SIGGRAPH ASIA 2024	38759720	3353158	3353158
obsidian-vault/paperPDFs/SIGGRAPH_2026/InfiniteDiffusion_Bridging_Learned_Fidelity_and_Procedural_Utility_for_Open_World_Terrain_Generation.pdf	https://s2026.conference-schedule.org/?post_type=page&p=15&id=papers_416&sess=sess106	InfiniteDiffusion: Bridging Learned Fidelity and Procedural Utility for Open-World Terrain Generation	SIGGRAPH 2026	38534124	2115113	2115113
obsidian-vault/paperPDFs/SIGGRAPH_ASIA_2022/Force_Aware_Interface_via_Electromyography_for_Natural_VR_AR_Interaction.pdf	https://www.immersivecomputinglab.org/publication/force-aware-interface-via-electromyography-for-natural-vr-ar-interaction/	Force-Aware Interface via Electromyography for Natural VR/AR Interaction	SIGGRAPH ASIA 2022	38289200	1429155	1429155
obsidian-vault/paperPDFs/SIGGRAPH_2023/Rhizomorph_The_Coordinated_Function_of_Shoots_and_Roots.pdf	https://storage.googleapis.com/pirk.io/projects/rhizomorph/index.html	Rhizomorph: The Coordinated Function of Shoots and Roots	SIGGRAPH 2023	38183854	1350766	1350766
obsidian-vault/paperPDFs/SIGGRAPH_2023/Towards_Material_Digitization_With_a_Dual_scale_Optical_System.pdf	https://www.elenagarces.es/projects/SEDDIDome/web/index.html	Towards Material Digitization With a Dual-scale Optical System	SIGGRAPH 2023	38165208	1482604	1482604
obsidian-vault/paperPDFs/SIGGRAPH_ASIA_2022/MoRig_Motion_Aware_Rigging_of_Character_Meshes_from_Point_Clouds.pdf	https://zhan-xu.github.io/motion-rig/	MoRig: Motion-Aware Rigging of Character Meshes from Point Clouds	SIGGRAPH ASIA 2022	38079546	1085300	1085300
obsidian-vault/paperPDFs/SIGGRAPH_ASIA_2024/Filtering_Based_Reconstruction_for_Gradient_Domain_Rendering.pdf	https://cg.cs.tsinghua.edu.cn/people/~kun/	Filtering-Based Reconstruction for Gradient-Domain Rendering	SIGGRAPH ASIA 2024	38062411	983903	983903
obsidian-vault/paperPDFs/SIGGRAPH_2026/MTPano_Multi_Task_Panoramic_Scene_Understanding_via_Label_Free_Integration_of_Dense_Prediction_Priors.pdf	https://s2026.conference-schedule.org/?post_type=page&p=15&id=papers_1152&sess=sess144	MTPano: Multi-Task Panoramic Scene Understanding via Label-Free Integration of Dense Prediction Priors	SIGGRAPH 2026	37982097	1373051	1373051
obsidian-vault/paperPDFs/SIGGRAPH_2026/ComboStoc_Combinatorial_Stochasticity_for_Diffusion_Generative_Models.pdf	https://s2026.conference-schedule.org/?post_type=page&p=15&id=papers_160&sess=sess154	ComboStoc: Combinatorial Stochasticity for Diffusion Generative Models	SIGGRAPH 2026	37910145	1263732	1263732
obsidian-vault/paperPDFs/SIGGRAPH_ASIA_2024/Trust_Region_Eigenvalue_Filtering_for_Projected_Newton.pdf	https://www.cs.columbia.edu/cg/trust-region/	Trust-Region Eigenvalue Filtering for Projected Newton	SIGGRAPH ASIA 2024	37882034	1325461	1325461
obsidian-vault/paperPDFs/SIGGRAPH_ASIA_2024/PersonaTalk_Bring_Attention_to_Your_Persona_in_Visual_Dubbing.pdf	https://grisoon.github.io/PersonaTalk/	PersonaTalk: Bring Attention to Your Persona in Visual Dubbing	SIGGRAPH ASIA 2024	37782605	532155	532155
obsidian-vault/paperPDFs/SIGGRAPH_2026/Forget_Superresolution_Sample_Adaptively_when_Path_Tracing.pdf	https://s2026.conference-schedule.org/?post_type=page&p=15&id=papers_1351&sess=sess141	Forget Superresolution, Sample Adaptively (when Path Tracing)	SIGGRAPH 2026	37696160	1749620	1749620
obsidian-vault/paperPDFs/SIGGRAPH_ASIA_2022/NeuralMarker_A_Framework_for_Learning_General_Marker_Correspondence.pdf	https://drinkingcoder.github.io/publication/neuralmarker/	NeuralMarker: A Framework for Learning General Marker Correspondence	SIGGRAPH ASIA 2022	37444076	802385	802385
obsidian-vault/paperPDFs/SIGGRAPH_ASIA_2022/Efficient_Neural_Radiance_Fields_for_Interactive_Free_viewpoint_Video.pdf	https://zju3dv.github.io/enerf/	Efficient Neural Radiance Fields for Interactive Free-viewpoint Video	SIGGRAPH ASIA 2022	37380028	751084	751084
obsidian-vault/paperPDFs/ICLR_2026/Hallucination_Begins_Where_Saliency_Drops.pdf	https://openreview.net/forum?id=sjnErRHXf3	Hallucination Begins Where Saliency Drops	ICLR 2026	37312549	1410911	1410911
obsidian-vault/paperPDFs/SIGGRAPH_ASIA_2024/DifFRelight_Diffusion_Based_Facial_Performance_Relighting.pdf	https://www.eyelinestudios.com/research/diffrelight.html	DifFRelight: Diffusion-Based Facial Performance Relighting	SIGGRAPH ASIA 2024	37245924	1528309	1528309
obsidian-vault/paperPDFs/SIGGRAPH_ASIA_2024/Controllable_Shape_Modeling_with_Neural_Generalized_Cylinder.pdf	https://uhzoaix.github.io/NeuralGC/	Controllable Shape Modeling with Neural Generalized Cylinder	SIGGRAPH ASIA 2024	37201415	574173	574173
obsidian-vault/paperPDFs/ICLR_2026/FRABench_and_UFEval_Unified_Fine_grained_Evaluation_with_Task_and_Aspect_Generalization.pdf	https://openreview.net/forum?id=7WdY3Cojy9	FRABench and UFEval: Unified Fine-grained Evaluation with Task and Aspect Generalization	ICLR 2026	37142841	2270425	2270425
obsidian-vault/paperPDFs/ICLR_2026/RL_makes_MLLMs_see_better_than_SFT.pdf	https://openreview.net/forum?id=3gM6HwHvnc	RL makes MLLMs see better than SFT	ICLR 2026	37133345	2135197	2135197
obsidian-vault/paperPDFs/SIGGRAPH_ASIA_2022/Progressive_Simulation_for_Cloth_Quasistatics.pdf	https://pcs-sim.github.io/	Progressive Simulation for Cloth Quasistatics	SIGGRAPH ASIA 2022	37026880	1520751	1520751
obsidian-vault/paperPDFs/SIGGRAPH_ASIA_2024/PCO_Precision_Controllable_Offset_Surfaces_with_Sharp_Features.pdf	https://alan-leo-wong.github.io/SIGASIA24-PCO-ProjectPage/	PCO: Precision-Controllable Offset Surfaces with Sharp Features	SIGGRAPH ASIA 2024	36961540	611101	611101
obsidian-vault/paperPDFs/SIGGRAPH_ASIA_2023/Diffusing_Colors_Image_Colorization_with_Text_Guided_Diffusion.pdf	https://asia.siggraph.org/2023/?post_type=page&p=14494&id=papers_473&sess=sess170	Diffusing Colors: Image Colorization with Text Guided Diffusion	SIGGRAPH ASIA 2023	36434470	1520215	1520215
obsidian-vault/paperPDFs/SIGGRAPH_ASIA_2024/DiffCSG_Differentiable_CSG_via_Rasterization.pdf	https://yyyyyhc.github.io/DiffCSG/	DiffCSG: Differentiable CSG via Rasterization	SIGGRAPH ASIA 2024	35900777	1091973	1091973
obsidian-vault/paperPDFs/SIGGRAPH_ASIA_2024/An_Eulerian_Vortex_Method_on_Flow_Maps.pdf	https://evm.sinanw.com/	An Eulerian Vortex Method on Flow Maps	SIGGRAPH ASIA 2024	35700587	1466451	1466451
obsidian-vault/paperPDFs/SIGGRAPH_2026/Efficient_B_Spline_Finite_Elements_for_Cloth_Simulation.pdf	https://s2026.conference-schedule.org/?post_type=page&p=15&id=papers_128&sess=sess102	Efficient B-Spline Finite Elements for Cloth Simulation	SIGGRAPH 2026	35650494	1724147	1724147
obsidian-vault/paperPDFs/ICLR_2026/FingerTip_20K_A_Benchmark_for_Proactive_and_Personalized_Mobile_LLM_Agents.pdf	https://openreview.net/forum?id=n3iFV0gLMc	FingerTip 20K: A Benchmark for Proactive and Personalized Mobile LLM Agents	ICLR 2026	35634717	519939	519939
obsidian-vault/paperPDFs/SIGGRAPH_ASIA_2024/NFPLight_Deep_SVBRDF_Estimation_via_the_Combination_of_Near_and_Far_Field_Point_Lighting.pdf	https://cgliwang.github.io/NFPLight/	NFPLight: Deep SVBRDF Estimation via the Combination of Near and Far Field Point Lighting	SIGGRAPH ASIA 2024	35242106	807651	807651
obsidian-vault/paperPDFs/ICLR_2026/Seeing_Across_Views_Benchmarking_Spatial_Reasoning_of_Vision_Language_Models_in_Robotic_Scenes.pdf	https://openreview.net/forum?id=jXDZJAfRZB	Seeing Across Views: Benchmarking Spatial Reasoning of Vision-Language Models in Robotic Scenes	ICLR 2026	35222567	2790824	2790824
obsidian-vault/paperPDFs/SIGGRAPH_2022/Neural_3D_Reconstruction_in_the_Wild.pdf	https://zju3dv.github.io/neuralrecon-w/	Neural 3D Reconstruction in the Wild	SIGGRAPH 2022	35064518	854544	854544
obsidian-vault/paperPDFs/SIGGRAPH_ASIA_2024/Surface_Reconstruction_Using_Rotation_Systems.pdf	https://cuirq3.github.io/projects/siga_24/	Surface Reconstruction Using Rotation Systems	SIGGRAPH ASIA 2024	34930087	1720171	1720171
obsidian-vault/paperPDFs/SIGGRAPH_2026/Inspiration_Seeds_Learning_Non_Literal_Visual_Combinations_for_Generative_Exploration.pdf	https://s2026.conference-schedule.org/?post_type=page&p=15&id=papers_692&sess=sess154	Inspiration Seeds: Learning Non-Literal Visual Combinations for Generative Exploration	SIGGRAPH 2026	34921092	2897155	2897155
obsidian-vault/paperPDFs/ICLR_2026/DM4CT_Benchmarking_Diffusion_Models_for_Computed_Tomography_Reconstruction.pdf	https://openreview.net/forum?id=YE5scJekg5	DM4CT: Benchmarking Diffusion Models for Computed Tomography Reconstruction	ICLR 2026	34517552	2696264	2696264
obsidian-vault/paperPDFs/SIGGRAPH_ASIA_2024/Portrait_Video_Editing_Empowered_by_Multimodal_Generative_Priors.pdf	https://ustc3dv.github.io/PortraitGen/	Portrait Video Editing Empowered by Multimodal Generative Priors	SIGGRAPH ASIA 2024	34503872	1170937	1170937
obsidian-vault/paperPDFs/ICLR_2026/SARM_Stage_Aware_Reward_Modeling_for_Long_Horizon_Robot_Manipulation.pdf	https://openreview.net/forum?id=aemqAxScl9	SARM: Stage-Aware Reward Modeling for Long Horizon Robot Manipulation	ICLR 2026	34500904	1462070	1462070
obsidian-vault/paperPDFs/ICLR_2026/PhyScensis_Physics_Augmented_LLM_Agents_for_Complex_Physical_Scene_Arrangement.pdf	https://openreview.net/forum?id=aCVfhY4Qen	PhyScensis: Physics-Augmented LLM Agents for Complex Physical Scene Arrangement	ICLR 2026	34405190	1513647	1513647
obsidian-vault/paperPDFs/SIGGRAPH_2025/Sketch3DVE_Sketch_based_3D_Aware_Scene_Video_Editing.pdf	https://openreview.net/pdf?id=a8dfb5c9b9	Sketch3DVE: Sketch-based 3D-Aware Scene Video Editing	SIGGRAPH 2025	34392603	2341978	2341978
obsidian-vault/paperPDFs/ICLR_2026/Visual_symbolic_mechanisms_Emergent_symbol_processing_in_Vision_Language_Models.pdf	https://openreview.net/forum?id=3RQ863cRbx	Visual symbolic mechanisms: Emergent symbol processing in Vision Language Models	ICLR 2026	34333931	1614964	1614964
obsidian-vault/paperPDFs/SIGGRAPH_2022/Covector_Fluids.pdf	https://cseweb.ucsd.edu//~viscomp/projects/SIG22CovectorFluids/	Covector Fluids	SIGGRAPH 2022	34323929	1283564	1283564
obsidian-vault/paperPDFs/ICLR_2026/RFS_Reinforcement_learning_with_Residual_flow_steering_for_dexterous_manipulation.pdf	https://openreview.net/forum?id=Kt9tJeOwjy	RFS: Reinforcement learning with Residual flow steering for dexterous manipulation	ICLR 2026	34173649	522586	522586
obsidian-vault/paperPDFs/SIGGRAPH_2022/Closed_loop_Control_of_Direct_Ink_Writing_via_Reinforcement_Learning.pdf	https://misop.github.io/projects/DirectInkReinforcementLearning/index.html	Closed-loop Control of Direct Ink Writing via Reinforcement Learning	SIGGRAPH 2022	33994829	941793	941793
obsidian-vault/paperPDFs/ICLR_2026/OmniWorld_A_Multi_Domain_and_Multi_Modal_Dataset_for_4D_World_Modeling.pdf	https://openreview.net/forum?id=1y1YFKb9pp	OmniWorld: A Multi-Domain and Multi-Modal Dataset for 4D World Modeling	ICLR 2026	33840811	2026883	2026883
obsidian-vault/paperPDFs/ICLR_2026/CellAgent_LLM_Driven_Multi_Agent_Framework_for_Natural_Language_Based_Single_Cell_Analysis.pdf	https://openreview.net/forum?id=BsA2GNkJhz	CellAgent: LLM-Driven Multi-Agent Framework for Natural Language-Based Single-Cell Analysis	ICLR 2026	33732389	3151534	3151534
obsidian-vault/paperPDFs/SIGGRAPH_ASIA_2024/Representing_Long_Volumetric_Video_with_Temporal_Gaussian_Hierarchy.pdf	https://zju3dv.github.io/longvolcap/	Representing Long Volumetric Video with Temporal Gaussian Hierarchy	SIGGRAPH ASIA 2024	33725821	2555940	2555940
obsidian-vault/paperPDFs/ICLR_2025/Eliminating_Oversaturation_and_Artifacts_of_High_Guidance_Scales_in_Diffusion_Models.pdf	https://openreview.net/forum?id=e2ONKX6qzJ	Eliminating Oversaturation and Artifacts of High Guidance Scales in Diffusion Models	ICLR 2025	33579381	2386413	2386413
obsidian-vault/paperPDFs/SIGGRAPH_ASIA_2023/A_Locality_based_Neural_Solver_for_Optical_Motion_Capture.pdf	https://asia.siggraph.org/2023/?post_type=page&p=14494&id=papers_240&sess=sess139	A Locality-based Neural Solver for Optical Motion Capture	SIGGRAPH ASIA 2023	33545631	2426794	2426794
obsidian-vault/paperPDFs/SIGGRAPH_2023/Orientable_Dense_Cyclic_Infill_for_Anisotropic_Appearance_Fabrication.pdf	https://xavierchermain.github.io/fdm_aa/	Orientable Dense Cyclic Infill for Anisotropic Appearance Fabrication	SIGGRAPH 2023	33542567	1370201	1370201
obsidian-vault/paperPDFs/SIGGRAPH_ASIA_2022/Look_Ahead_Training_with_Learned_Reflectance_Loss_for_Single_Image_SVBRDF_Estimation.pdf	https://people.engr.tamu.edu/nimak/Papers/SIGAsia2022_LookAhead/index.html	Look-Ahead Training with Learned Reflectance Loss for Single-Image SVBRDF Estimation	SIGGRAPH ASIA 2022	33327245	1399497	1399497
obsidian-vault/paperPDFs/ICLR_2026/BindWeave_Subject_Consistent_Video_Generation_via_Cross_Modal_Integration.pdf	https://openreview.net/forum?id=FP2XNyV9WL	BindWeave: Subject-Consistent Video Generation via Cross-Modal Integration	ICLR 2026	33264338	1468088	1468088
obsidian-vault/paperPDFs/ICLR_2026/FieryGS_In_the_Wild_Fire_Synthesis_with_Physics_Integrated_Gaussian_Splatting_d7901a6ed2cd.pdf	https://openreview.net/forum?id=ziKFH7whvy	FieryGS: In-the-Wild Fire Synthesis with Physics-Integrated Gaussian Splatting	ICLR 2026	32901416	1942902	1942902
obsidian-vault/paperPDFs/SIGGRAPH_ASIA_2024/GS_3_Efficient_Relighting_with_Triple_Gaussian_Splatting.pdf	https://asia.siggraph.org/2024/presentation/?id=papers_238&sess=sess223	GS^3: Efficient Relighting with Triple Gaussian Splatting	SIGGRAPH ASIA 2024	32838198	1115959	1115959
obsidian-vault/paperPDFs/SIGGRAPH_ASIA_2022/Metappearance_Meta_Learning_for_Visual_Appearance_Reproduction.pdf	https://mfischer-ucl.github.io/metappearance/	Metappearance: Meta-Learning for Visual Appearance Reproduction	SIGGRAPH ASIA 2022	32799837	1297770	1297770
obsidian-vault/paperPDFs/ICLR_2026/CitySeeker_How_Do_VLMs_Explore_Embodied_Urban_Navigation_with_Implicit_Human_Needs.pdf	https://openreview.net/forum?id=hzf23XSDcs	CitySeeker: How Do VLMs Explore Embodied Urban Navigation with Implicit Human Needs?	ICLR 2026	32716183	1944705	1944705
obsidian-vault/paperPDFs/ICLR_2026/Gradient_Direction_Aware_Density_Control_for_3D_Gaussian_Splatting_c387d81038ca.pdf	https://openreview.net/forum?id=6qDxK4Gz7F	Gradient-Direction-Aware Density Control for 3D Gaussian Splatting	ICLR 2026	32579601	1403670	1403670
obsidian-vault/paperPDFs/ICLR_2026/AVERE_Improving_Audiovisual_Emotion_Reasoning_with_Preference_Optimization.pdf	https://openreview.net/forum?id=td682AAuPr	AVERE: Improving Audiovisual Emotion Reasoning with Preference Optimization	ICLR 2026	32456939	2514064	2514064
obsidian-vault/paperPDFs/SIGGRAPH_ASIA_2024/iSeg_Interactive_3D_Segmentation_via_Interactive_Attention.pdf	https://threedle.github.io/iSeg/	iSeg: Interactive 3D Segmentation via Interactive Attention	SIGGRAPH ASIA 2024	32411634	1647441	1647441
obsidian-vault/paperPDFs/SIGGRAPH_2022/EARS_Efficiency_aware_Russian_Roulette_and_Splitting.pdf	https://graphics.cg.uni-saarland.de/publications/rath-sig2022.html	EARS: Efficiency-aware Russian Roulette and Splitting	SIGGRAPH 2022	32199178	1416028	1416028
obsidian-vault/paperPDFs/SIGGRAPH_2024/Neural_Slicer_for_Multi_axis_3D_Printing.pdf	https://ryantaoliu.github.io/NeuralSlicer/	Neural Slicer for Multi-axis 3D Printing	SIGGRAPH 2024	32181219	961180	961180
obsidian-vault/paperPDFs/SIGGRAPH_2022/GANimator_Neural_Motion_Synthesis_From_a_Single_Sequence.pdf	https://peizhuoli.github.io/ganimator/index.html	GANimator: Neural Motion Synthesis From a Single Sequence	SIGGRAPH 2022	32023115	629257	629257
obsidian-vault/paperPDFs/ICLR_2026/Autoregressive_Image_Generation_with_Randomized_Parallel_Decoding.pdf	https://openreview.net/forum?id=rJdGst0W8s	Autoregressive Image Generation with Randomized Parallel Decoding	ICLR 2026	31987121	1226104	1226104
obsidian-vault/paperPDFs/NeurIPS_2024/Smoothed_Energy_Guidance_Guiding_Diffusion_Models_with_Reduced_Energy_Curvature_of_Attention.pdf	https://openreview.net/forum?id=JK728xy8G7	Smoothed Energy Guidance: Guiding Diffusion Models with Reduced Energy Curvature of Attention	NeurIPS 2024	31785203	1900725	1900725
obsidian-vault/paperPDFs/ICLR_2026/UFO_4D_Unposed_Feedforward_4D_Reconstruction_from_Two_Images_f4891bdea6ab.pdf	https://openreview.net/forum?id=8gDDWqO59H	UFO-4D: Unposed Feedforward 4D Reconstruction from Two Images	ICLR 2026	31718269	1814550	1814550
obsidian-vault/paperPDFs/SIGGRAPH_2026/Strips_as_Tokens_Artist_Mesh_Generation_with_Native_UV_Segmentation.pdf	https://s2026.conference-schedule.org/?post_type=page&p=15&id=papers_164&sess=sess121	Strips as Tokens: Artist Mesh Generation with Native UV Segmentation	SIGGRAPH 2026	31673354	1362025	1362025
obsidian-vault/paperPDFs/SIGGRAPH_ASIA_2024/Online_Neural_Denoising_with_Cross_Regression_for_Interactive_Rendering.pdf	https://cglab.gist.ac.kr/siga24crossdenoiser/	Online Neural Denoising with Cross-Regression for Interactive Rendering	SIGGRAPH ASIA 2024	31597559	1014348	1014348
obsidian-vault/paperPDFs/SIGGRAPH_2024/EyeIR_Single_Eye_Image_Inverse_Rendering_in_the_Wild.pdf	https://doi.org/10.1145/3641519.3657506	EyeIR: Single Eye Image Inverse Rendering in the Wild	SIGGRAPH 2024	31592974	1791199	1791199
obsidian-vault/paperPDFs/SIGGRAPH_2026/B_repLer_Language_guided_Editing_of_CAD_Models.pdf	https://s2026.conference-schedule.org/?post_type=page&p=15&id=papers_959&sess=sess142	B-repLer: Language-guided Editing of CAD Models	SIGGRAPH 2026	31546639	2065601	2065601
obsidian-vault/paperPDFs/SIGGRAPH_2026/SMP_Reusable_Score_Matching_Motion_Priors_for_Physics_Based_Character_Control.pdf	https://s2026.conference-schedule.org/?post_type=page&p=15&id=papers_148&sess=sess104	SMP: Reusable Score-Matching Motion Priors for Physics-Based Character Control	SIGGRAPH 2026	31526225	1794767	1794767
obsidian-vault/paperPDFs/SIGGRAPH_2022/NeuralPassthrough_Learned_Real_time_View_Synthesis_for_VR.pdf	https://research.facebook.com/publications/neural-passthrough/	NeuralPassthrough: Learned Real-time View Synthesis for VR	SIGGRAPH 2022	31515124	560892	560892
obsidian-vault/paperPDFs/ICLR_2026/An_Information_Theoretic_Framework_For_Optimizing_Experimental_Design_To_Distinguish_Probabilistic_Neural_Codes.pdf	https://openreview.net/forum?id=doxBjZ88H3	An Information-Theoretic Framework For Optimizing Experimental Design To Distinguish Probabilistic Neural Codes	ICLR 2026	31511280	903950	903950
obsidian-vault/paperPDFs/SIGGRAPH_2026/CasLayout_Cascaded_3D_Layout_Diffusion_for_Indoor_Scene_Synthesis_with_Implicit_Relation_Modeling.pdf	https://s2026.conference-schedule.org/?post_type=page&p=15&id=papers_839&sess=sess106	CasLayout: Cascaded 3D Layout Diffusion for Indoor Scene Synthesis with Implicit Relation Modeling	SIGGRAPH 2026	31448940	2760497	2760497
obsidian-vault/paperPDFs/SIGGRAPH_2025/DeepMill_Neural_Accessibility_Learning_for_Subtractive_Manufacturing.pdf	https://openreview.net/pdf?id=8ab9fdf00e	DeepMill: Neural Accessibility Learning for Subtractive Manufacturing	SIGGRAPH 2025	31384207	606368	606368
obsidian-vault/paperPDFs/ICLR_2026/Generative_Human_Geometry_Distribution.pdf	https://openreview.net/forum?id=YsQM7sQl0j	Generative Human Geometry Distribution	ICLR 2026	31187667	1976025	1976025
obsidian-vault/paperPDFs/ICLR_2026/SafeFlowMatcher_Safe_and_Fast_Planning_using_Flow_Matching_with_Control_Barrier_Functions.pdf	https://openreview.net/forum?id=refcXHU1Nh	SafeFlowMatcher: Safe and Fast Planning using Flow Matching with Control Barrier Functions	ICLR 2026	31125935	1853410	1853410
obsidian-vault/paperPDFs/ICLR_2026/InfoTok_Adaptive_Discrete_Video_Tokenizer_via_Information_Theoretic_Compression.pdf	https://openreview.net/forum?id=JEYWpFGzvn	InfoTok: Adaptive Discrete Video Tokenizer via Information-Theoretic Compression	ICLR 2026	31046858	873055	873055
obsidian-vault/paperPDFs/SIGGRAPH_ASIA_2025/Robust_Derivative_Estimation_with_Walk_on_Stars.pdf	https://projects.shuangz.com/grad-wost-sa25/grad-wost-sa25.pdf	Robust Derivative Estimation with Walk on Stars	SIGGRAPH ASIA 2025	31026887	2057579	2057579
obsidian-vault/paperPDFs/SIGGRAPH_2023/Skin_Screen_A_Computational_Fabrication_Framework_for_Color_Tattoos.pdf	https://misop.github.io/projects/ComputationalTattoo/index.html	Skin-Screen: A Computational Fabrication Framework for Color Tattoos	SIGGRAPH 2023	30817343	1762100	1762100
obsidian-vault/paperPDFs/SIGGRAPH_2026/Faster_3D_Gaussian_Splatting_Convergence_via_Structure_Aware_Densification.pdf	https://s2026.conference-schedule.org/?post_type=page&p=15&id=papers_1388&sess=sess137	Faster 3D Gaussian Splatting Convergence via Structure-Aware Densification	SIGGRAPH 2026	30554755	1754885	1754885
obsidian-vault/paperPDFs/SIGGRAPH_2022/Unbiased_Inverse_Volume_Rendering_With_Differential_Trackers.pdf	http://rgl.epfl.ch/publications/NimierDavid2022Unbiased	Unbiased Inverse Volume Rendering With Differential Trackers	SIGGRAPH 2022	30538207	2407953	2407953
obsidian-vault/paperPDFs/SIGGRAPH_ASIA_2024/Motion_Driven_Neural_Optimizer_for_Prophylactic_Braces_Made_by_Distributed_Microstructures.pdf	https://cs-people.bu.edu/xjhan/bioDesign.html	Motion-Driven Neural Optimizer for Prophylactic Braces Made by Distributed Microstructures	SIGGRAPH ASIA 2024	30441995	685525	685525
obsidian-vault/paperPDFs/ICLR_2026/Composition_of_Memory_Experts_for_Diffusion_World_Models.pdf	https://openreview.net/forum?id=sUEdpZCHdp	Composition of Memory Experts for Diffusion World Models	ICLR 2026	30340813	1423771	1423771
obsidian-vault/paperPDFs/SIGGRAPH_ASIA_2024/SD_XL_Generating_Low_Resolution_Quantized_Imagery_via_Score_Distillation.pdf	https://igl.ethz.ch/projects/sd-pixl/sd-pixl-generating-low-resolution-quantized-imagery-via-score-distillation-siggraph-asia-2024-binninger-and-sorkine-hornung.pdf	SD-𝜋XL: Generating Low-Resolution Quantized Imagery via Score Distillation	SIGGRAPH ASIA 2024	30243005	1184216	1184216
obsidian-vault/paperPDFs/SIGGRAPH_2026/Gabor_Fields_Orientation_Selective_Level_of_Detail_for_Volume_Rendering.pdf	https://s2026.conference-schedule.org/?post_type=page&p=15&id=papers_1123&sess=sess134	Gabor Fields: Orientation-Selective Level-of-Detail for Volume Rendering	SIGGRAPH 2026	30100166	2788431	2788431
obsidian-vault/paperPDFs/SIGGRAPH_ASIA_2023/A_Parametric_Kinetic_Solver_for_Simulating_Boundary_Dominated_Turbulent_Flow_Phenomena.pdf	https://doi.org/10.1145/3618313	A Parametric Kinetic Solver for Simulating Boundary-Dominated Turbulent Flow Phenomena	SIGGRAPH ASIA 2023	30009645	942404	942404
obsidian-vault/paperPDFs/ICLR_2026/ADEPT_Continual_Pretraining_via_Adaptive_Expansion_and_Dynamic_Decoupled_Tuning.pdf	https://openreview.net/forum?id=vcWDDfA4Ev	ADEPT: Continual Pretraining via Adaptive Expansion and Dynamic Decoupled Tuning	ICLR 2026	29995869	2809341	2809341
obsidian-vault/paperPDFs/SIGGRAPH_2024/TexSliders_Diffusion_based_Texture_Editing_in_CLIP_Space.pdf	https://graphics.unizar.es/projects/TexSliders/	TexSliders: Diffusion-based Texture Editing in CLIP Space	SIGGRAPH 2024	29958651	2034630	2034630
obsidian-vault/paperPDFs/SIGGRAPH_2025/Spatiotemporally_Consistent_Indoor_Lighting_Estimation_with_Diffusion_Priors.pdf	https://openreview.net/pdf?id=ace251f4da	Spatiotemporally Consistent Indoor Lighting Estimation with Diffusion Priors	SIGGRAPH 2025	29586963	1393269	1393269
obsidian-vault/paperPDFs/SIGGRAPH_2026/MACE_Dance_Motion_Appearance_Cascaded_Experts_for_Music_Driven_Dance_Video_Generation.pdf	https://s2026.conference-schedule.org/?post_type=page&p=15&id=papers_1219&sess=sess152	MACE-Dance: Motion-Appearance Cascaded Experts for Music-Driven Dance Video Generation	SIGGRAPH 2026	29549116	1723804	1723804
obsidian-vault/paperPDFs/ICLR_2026/Robust_Fine_tuning_of_Vision_Language_Action_Robot_Policies_via_Parameter_Merging.pdf	https://openreview.net/forum?id=uWJwQ5SZoM	Robust Fine-tuning of Vision-Language-Action Robot Policies via Parameter Merging	ICLR 2026	29536867	1347189	1347189
obsidian-vault/paperPDFs/ICLR_2026/Adaptive_Augmentation_Aware_Latent_Learning_for_Robust_LiDAR_Semantic_Segmentation.pdf	https://openreview.net/forum?id=l7Cwq08AO0	Adaptive Augmentation-Aware Latent Learning for Robust LiDAR Semantic Segmentation	ICLR 2026	29463891	1317269	1317269
obsidian-vault/paperPDFs/SIGGRAPH_ASIA_2024/Customizing_Text_to_Image_Diffusion_with_Object_Viewpoint_Control.pdf	https://customdiffusion360.github.io/	Customizing Text-to-Image Diffusion with Object Viewpoint Control	SIGGRAPH ASIA 2024	29389761	2073147	2073147
obsidian-vault/paperPDFs/ICLR_2026/Omni_View_Unlocking_How_Generation_Facilitates_Understanding_in_Unified_3D_Model_46bff9ed5dad.pdf	https://openreview.net/forum?id=pDu6u9cnEB	Omni-View: Unlocking How Generation Facilitates Understanding in Unified 3D Model based on Multiview images	ICLR 2026	29358103	2148711	2148711
obsidian-vault/paperPDFs/ICLR_2026/Sat3DGen_Comprehensive_Street_Level_3D_Scene_Generation_from_Single_Satellite_Im_d04b4ece93f7.pdf	https://openreview.net/forum?id=E7JzkZCofa	Sat3DGen: Comprehensive Street-Level 3D Scene Generation from Single Satellite Image	ICLR 2026	29204498	1908531	1908531
obsidian-vault/paperPDFs/SIGGRAPH_2026/GPC_Large_Scale_Generative_Pretraining_for_Transferable_Motor_Control.pdf	https://s2026.conference-schedule.org/?post_type=page&p=15&id=papers_145&sess=sess104	GPC: Large-Scale Generative Pretraining for Transferable Motor Control	SIGGRAPH 2026	29153258	902599	902599
obsidian-vault/paperPDFs/ICLR_2026/Test_Time_Mixture_of_World_Models_for_Embodied_Agents_in_Dynamic_Environments.pdf	https://openreview.net/forum?id=LQD1MrnbxH	Test-Time Mixture of World Models for Embodied Agents in Dynamic Environments	ICLR 2026	29060895	893292	893292
obsidian-vault/paperPDFs/SIGGRAPH_ASIA_2022/MyStyle_A_Personalized_Generative_Prior.pdf	https://mystyle-personalized-prior.github.io/	MyStyle: A Personalized Generative Prior	SIGGRAPH ASIA 2022	29037507	1087933	1087933
obsidian-vault/paperPDFs/SIGGRAPH_ASIA_2022/Gloss_management_for_consistent_reproduction_of_real_and_virtual_objects.pdf	https://glossmanager.mpi-inf.mpg.de/	Gloss management for consistent reproduction of real and virtual objects	SIGGRAPH ASIA 2022	29029116	694976	694976
obsidian-vault/paperPDFs/SIGGRAPH_2026/Policy_based_Foveated_Imaging_and_Perception.pdf	https://s2026.conference-schedule.org/?post_type=page&p=15&id=papers_1502&sess=sess147	Policy-based Foveated Imaging and Perception	SIGGRAPH 2026	28948084	979318	979318
obsidian-vault/paperPDFs/SIGGRAPH_2025/Patch_Grid_An_Efficient_and_Feature_Preserving_Neural_Implicit_Surface_Representation.pdf	https://openreview.net/pdf?id=1041a5c3f1	Patch-Grid: An Efficient and Feature-Preserving Neural Implicit Surface Representation	SIGGRAPH 2025	28892705	1927167	1927167
obsidian-vault/paperPDFs/SIGGRAPH_2022/Neural_Rendering_in_a_Room_Amodal_3D_Understanding_and_Free_viewpoint_Rendering_for_the_Closed_Scene_Composed_of_Pre_Captured_Objects.pdf	https://zju3dv.github.io/nr_in_a_room/	Neural Rendering in a Room: Amodal 3D Understanding and Free-viewpoint Rendering for the Closed Scene Composed of Pre-Captured Objects	SIGGRAPH 2022	28891622	1684300	1684300
obsidian-vault/paperPDFs/SIGGRAPH_ASIA_2024/EgoHDM_An_Online_Egocentric_Inertial_Human_Motion_Capture_Localization_and_Dense_Mapping_System.pdf	https://handiyin.github.io/EgoHDM/	EgoHDM: An Online Egocentric-Inertial Human Motion Capture, Localization, and Dense Mapping System	SIGGRAPH ASIA 2024	28630297	894569	894569
obsidian-vault/paperPDFs/SIGGRAPH_2024/Scintilla_Simulating_Combustible_Vegetation_for_Wildfires.pdf	https://wp.faculty.wmi.amu.edu.pl/Scintilla.html	Scintilla: Simulating Combustible Vegetation for Wildfires	SIGGRAPH 2024	28628303	1494105	1494105
obsidian-vault/paperPDFs/3DV_2025/UniMotion_Unifying_3D_Human_Motion_Synthesis_and_Understanding.pdf	https://coral79.github.io/uni-motion/paper/unimotion.pdf	UniMotion: Unifying 3D Human Motion Synthesis and Understanding	3DV 2025	28587684	1081924	1081924
obsidian-vault/paperPDFs/ICLR_2026/AnyUp_Universal_Feature_Upsampling.pdf	https://openreview.net/forum?id=Y9UAgPehqo	AnyUp: Universal Feature Upsampling	ICLR 2026	28309320	1366053	1366053
obsidian-vault/paperPDFs/SIGGRAPH_ASIA_2024/Consolidating_Attention_Features_for_Multi_view_Image_Editing.pdf	https://qnerf-consolidation.github.io/qnerf-consolidation/	Consolidating Attention Features for Multi-view Image Editing	SIGGRAPH ASIA 2024	28078591	1045530	1045530
obsidian-vault/paperPDFs/SIGGRAPH_2023/Simulation_and_Retargeting_of_Complex_Multi_character_Interactions.pdf	https://research.facebook.com/publications/simulation_and_retargeting_of_complex_multi_character_interactions/	Simulation and Retargeting of Complex Multi-character Interactions	SIGGRAPH 2023	27929097	412468	412468
obsidian-vault/paperPDFs/SIGGRAPH_ASIA_2024/MoA_Mixture_of_Attention_for_Subject_Context_Disentanglement_in_Personalized_Image_Generation.pdf	https://snap-research.github.io/mixture-of-attention/	MoA: Mixture-of-Attention for Subject-Context Disentanglement in Personalized Image Generation	SIGGRAPH ASIA 2024	27768535	2348491	2348491
obsidian-vault/paperPDFs/SIGGRAPH_ASIA_2023/Compact_Neural_Graphic_Primitives_with_Learned_Hash_Probing.pdf	https://asia.siggraph.org/2023/?post_type=page&p=14494&id=papers_397&sess=sess159	Compact Neural Graphic Primitives with Learned Hash Probing	SIGGRAPH ASIA 2023	27711245	555840	555840
obsidian-vault/paperPDFs/ICLR_2026/Discrete_Diffusion_for_Reflective_Vision_Language_Action_Models_in_Autonomous_Driving.pdf	https://openreview.net/forum?id=XJxXSMLDoZ	Discrete Diffusion for Reflective Vision-Language-Action Models in Autonomous Driving	ICLR 2026	27693054	964119	964119
obsidian-vault/paperPDFs/SIGGRAPH_2023/NeRO_Neural_Geometry_and_BRDF_Reconstruction_of_Reflective_Objects_From_Multiview_Images.pdf	https://liuyuan-pal.github.io/NeRO/	NeRO: Neural Geometry and BRDF Reconstruction of Reflective Objects From Multiview Images	SIGGRAPH 2023	27635351	2253912	2253912
obsidian-vault/paperPDFs/SIGGRAPH_2024/Interactive_Invigoration_Volumetric_Modeling_of_Trees_With_Strands.pdf	https://storage.googleapis.com/pirk.io/projects/invigoration/index.html	Interactive Invigoration: Volumetric Modeling of Trees With Strands	SIGGRAPH 2024	27629570	1021199	1021199
obsidian-vault/paperPDFs/ICLR_2026/CoNavBench_Collaborative_Long_Horizon_Vision_Language_Navigation_Benchmark.pdf	https://openreview.net/forum?id=bMrH2PFMsi	CoNavBench: Collaborative Long-Horizon Vision-Language Navigation Benchmark	ICLR 2026	27507913	1472548	1472548
obsidian-vault/paperPDFs/SIGGRAPH_ASIA_2024/Robust_Dual_Gaussian_Splatting_for_Immersive_Human_centric_Volumetric_Videos.pdf	https://nowheretrix.github.io/DualGS/	Robust Dual Gaussian Splatting for Immersive Human-centric Volumetric Videos	SIGGRAPH ASIA 2024	27474974	890795	890795
obsidian-vault/paperPDFs/SIGGRAPH_ASIA_2023/Neural_Spectro_polarimetric_Fields.pdf	https://asia.siggraph.org/2023/?post_type=page&p=14494&id=papers_412&sess=sess138	Neural Spectro-polarimetric Fields	SIGGRAPH ASIA 2023	27316050	1344083	1344083
obsidian-vault/paperPDFs/ICLR_2025/No_Training_No_Problem_Rethinking_Classifier_Free_Guidance_for_Diffusion_Models.pdf	https://openreview.net/forum?id=b3CzCCCILJ	No Training, No Problem: Rethinking Classifier-Free Guidance for Diffusion Models	ICLR 2025	27192762	1572894	1572894
obsidian-vault/paperPDFs/SIGGRAPH_2024/ThemeStation_Generating_Theme_aware_3D_Assets_From_Few_Exemplars.pdf	https://3dthemestation.github.io/	ThemeStation: Generating Theme-aware 3D Assets From Few Exemplars	SIGGRAPH 2024	26996326	1013254	1013254
obsidian-vault/paperPDFs/SIGGRAPH_2022/Learning_to_Get_Up.pdf	https://tianxintao.github.io/get_up_control/	Learning to Get Up	SIGGRAPH 2022	26924877	657393	657393
obsidian-vault/paperPDFs/ICLR_2026/BEAT_Visual_Backdoor_Attacks_on_VLM_based_Embodied_Agents_via_Contrastive_Trigger_Learning.pdf	https://openreview.net/forum?id=OwinX7PI83	BEAT: Visual Backdoor Attacks on VLM-based Embodied Agents via Contrastive Trigger Learning	ICLR 2026	26820831	582030	582030
obsidian-vault/paperPDFs/SIGGRAPH_ASIA_2024/Follow_Your_Emoji_Fine_Controllable_and_Expressive_Freestyle_Portrait_Animation.pdf	https://follow-your-emoji.github.io/	Follow-Your-Emoji: Fine-Controllable and Expressive Freestyle Portrait Animation	SIGGRAPH ASIA 2024	26797058	1481718	1481718
obsidian-vault/paperPDFs/SIGGRAPH_2024/Deep_Hybrid_Camera_Deblurring_for_Smartphone_Cameras.pdf	https://cg.postech.ac.kr/research/HCDeblur/	Deep Hybrid Camera Deblurring for Smartphone Cameras	SIGGRAPH 2024	26792950	1666225	1666225
obsidian-vault/paperPDFs/SIGGRAPH_2022/NeuralSound_Learning_based_Modal_Sound_Synthesis_With_Acoustic_Transfer.pdf	https://hellojxt.github.io/NeuralSound/	NeuralSound: Learning-based Modal Sound Synthesis With Acoustic Transfer	SIGGRAPH 2022	26726220	784587	784587
obsidian-vault/paperPDFs/ICLR_2026/HAMLET_Switch_Your_Vision_Language_Action_Model_into_a_History_Aware_Policy.pdf	https://openreview.net/forum?id=KcJ9U0x6kO	HAMLET: Switch Your Vision-Language-Action Model into a History-Aware Policy	ICLR 2026	26627791	1538085	1538085
obsidian-vault/paperPDFs/SIGGRAPH_2026/Topologically_Consistent_Multi_view_3D_Head_Reconstruction_via_Coarse_Guided_Layered_Surface_Sampling.pdf	https://s2026.conference-schedule.org/?post_type=page&p=15&id=papers_1217&sess=sess109	Topologically Consistent Multi-view 3D Head Reconstruction via Coarse-Guided Layered Surface Sampling	SIGGRAPH 2026	26568547	905081	905081
obsidian-vault/paperPDFs/ICLR_2026/Analytica_Soft_Propositional_Reasoning_for_Robust_and_Scalable_LLM_Driven_Analysis.pdf	https://openreview.net/forum?id=9cFT6u82uh	Analytica: Soft Propositional Reasoning for Robust and Scalable LLM-Driven Analysis	ICLR 2026	26384574	2236169	2236169
obsidian-vault/paperPDFs/ICLR_2026/OpenApps_Simulating_Environment_Variations_to_Measure_UI_Agent_Reliability.pdf	https://openreview.net/forum?id=cj1MAx7lKs	OpenApps: Simulating Environment Variations to Measure UI Agent Reliability	ICLR 2026	26334276	766806	766806
obsidian-vault/paperPDFs/ICLR_2026/Latent_Particle_World_Models_Self_supervised_Object_centric_Stochastic_Dynamics_Modeling.pdf	https://openreview.net/forum?id=lTaPtGiUUc	Latent Particle World Models: Self-supervised Object-centric Stochastic Dynamics Modeling	ICLR 2026	26309772	1340017	1340017
obsidian-vault/paperPDFs/ICLR_2026/AudioX_A_Unified_Framework_for_Anything_to_Audio_Generation.pdf	https://openreview.net/forum?id=qjJWxK3yWo	AudioX: A Unified Framework for Anything-to-Audio Generation	ICLR 2026	26271582	1460392	1460392
obsidian-vault/paperPDFs/SIGGRAPH_ASIA_2022/Reconstructing_Hand_Held_Objects_from_Monocular_Video.pdf	https://dihuangdh.github.io/hhor/	Reconstructing Hand-Held Objects from Monocular Video	SIGGRAPH ASIA 2022	26229441	1194104	1194104
obsidian-vault/paperPDFs/SIGGRAPH_2024/A_Differential_Monte_Carlo_Solver_for_the_Poisson_Equation.pdf	https://shuangz.com/projects/diff-wos-sg24/	A Differential Monte Carlo Solver for the Poisson Equation	SIGGRAPH 2024	26124455	1464366	1464366
obsidian-vault/paperPDFs/SIGGRAPH_2023/Gloss_aware_Color_Correction_for_3D_Printing.pdf	https://www.pdf.inf.usi.ch/projects/ColorGlossPrinting/index.html	Gloss-aware Color Correction for 3D Printing	SIGGRAPH 2023	26108494	1960672	1960672
obsidian-vault/paperPDFs/SIGGRAPH_2022/Dark_Stereo_Improving_Depth_Perception_Under_Low_Luminance.pdf	https://dark-stereo.mpi-inf.mpg.de/	Dark Stereo: Improving Depth Perception Under Low Luminance	SIGGRAPH 2022	26104074	1422318	1422318
obsidian-vault/paperPDFs/ICLR_2026/WAFT_Warping_Alone_Field_Transforms_for_Optical_Flow.pdf	https://openreview.net/forum?id=HTqGE0KcuF	WAFT: Warping-Alone Field Transforms for Optical Flow	ICLR 2026	26053807	400728	400728
obsidian-vault/paperPDFs/ICLR_2026/Let_Features_Decide_Their_Own_Solvers_Hybrid_Feature_Caching_for_Diffusion_Transformers.pdf	https://openreview.net/forum?id=URbsHlTK8c	Let Features Decide Their Own Solvers: Hybrid Feature Caching for Diffusion Transformers	ICLR 2026	25945451	1588591	1588591
obsidian-vault/paperPDFs/SIGGRAPH_2023/TEXTure_Text_guided_Texturing_of_3D_Shapes.pdf	https://texturepaper.github.io/TEXTurePaper/	TEXTure: Text-guided Texturing of 3D Shapes	SIGGRAPH 2023	25888954	1116863	1116863
obsidian-vault/paperPDFs/ICLR_2026/Visual_Planning_Lets_Think_Only_with_Images.pdf	https://openreview.net/forum?id=wsnse46kRO	Visual Planning: Let's Think Only with Images	ICLR 2026	25818419	1796296	1796296
obsidian-vault/paperPDFs/ICLR_2026/A_Primer_on_SO3_Action_Representations_in_Deep_Reinforcement_Learning.pdf	https://openreview.net/forum?id=g4ZrpMQL1Z	A Primer on SO(3) Action Representations in Deep Reinforcement Learning	ICLR 2026	25807027	1519529	1519529
obsidian-vault/paperPDFs/SIGGRAPH_ASIA_2024/mpcMech_Multi_Point_Conjugation_Mechanisms.pdf	https://sutd-cgl.github.io/supp/Publication/projects/2024-SIGAsia-mpcMech/index.html	mpcMech: Multi-Point Conjugation Mechanisms	SIGGRAPH ASIA 2024	25693564	616776	616776
obsidian-vault/paperPDFs/SIGGRAPH_2023/Zero_shot_Image_to_image_Translation.pdf	https://pix2pixzero.github.io/	Zero-shot Image-to-image Translation	SIGGRAPH 2023	25575843	2433972	2433972
obsidian-vault/paperPDFs/SIGGRAPH_2026/Subgrid_Marching_Tetrahedra.pdf	https://s2026.conference-schedule.org/?post_type=page&p=15&id=papers_974&sess=sess146	Subgrid Marching Tetrahedra	SIGGRAPH 2026	25497656	2117908	2117908
obsidian-vault/paperPDFs/ICLR_2026/MotionStream_Real_Time_Video_Generation_with_Interactive_Motion_Controls.pdf	https://openreview.net/forum?id=v1DKz5Vxr7	MotionStream: Real-Time Video Generation with Interactive Motion Controls	ICLR 2026	25305040	1502361	1502361
obsidian-vault/paperPDFs/SIGGRAPH_ASIA_2024/I2VEdit_First_Frame_Guided_Video_Editing_via_Image_to_Video_Diffusion_Models.pdf	https://i2vedit.github.io/	I2VEdit: First-Frame-Guided Video Editing via Image-to-Video Diffusion Models	SIGGRAPH ASIA 2024	25273683	2402467	2402467
obsidian-vault/paperPDFs/ICLR_2026/AlphaFlow_Understanding_and_Improving_MeanFlow_Models.pdf	https://openreview.net/forum?id=adacb4JTIv	AlphaFlow: Understanding and Improving MeanFlow Models	ICLR 2026	25140512	2027102	2027102
obsidian-vault/paperPDFs/SIGGRAPH_ASIA_2023/Neural_Gradient_Learning_and_Optimization_for_Oriented_Point_Normal_Estimation.pdf	https://asia.siggraph.org/2023/?post_type=page&p=14494&id=papers_1035&sess=sess159	Neural Gradient Learning and Optimization for Oriented Point Normal Estimation	SIGGRAPH ASIA 2023	25049039	2338436	2338436
obsidian-vault/paperPDFs/ICLR_2026/Activation_Steering_with_a_Feedback_Controller.pdf	https://openreview.net/forum?id=vzkEX2SwFD	Activation Steering with a Feedback Controller	ICLR 2026	24790147	971974	971974
obsidian-vault/paperPDFs/ICLR_2026/ReconViaGen_Towards_Accurate_Multi_view_3D_Object_Reconstruction_via_Generation_bd913d15b45e.pdf	https://openreview.net/forum?id=z0QLeooEEf	ReconViaGen: Towards Accurate Multi-view 3D Object Reconstruction via Generation	ICLR 2026	24779044	730308	730308
obsidian-vault/paperPDFs/ICLR_2026/UrbanGS_Efficient_and_Scalable_Architecture_for_Geometrically_Accurate_Large_Sce_dbeb8df34f9e.pdf	https://openreview.net/forum?id=L3utaw6SD9	UrbanGS: Efficient and Scalable Architecture for Geometrically Accurate Large-Scene Reconstruction	ICLR 2026	24759449	1493416	1493416
obsidian-vault/paperPDFs/SIGGRAPH_2026/Canvas_to_Image_Compositional_Image_Generation_with_Multimodal_Controls.pdf	https://s2026.conference-schedule.org/?post_type=page&p=15&id=papers_1504&sess=sess154	Canvas-to-Image: Compositional Image Generation with Multimodal Controls	SIGGRAPH 2026	24590116	2150204	2150204
obsidian-vault/paperPDFs/SIGGRAPH_2026/CubePart_An_Open_Vocabulary_Part_Controllable_3D_Generator.pdf	https://s2026.conference-schedule.org/?post_type=page&p=15&id=papers_656&sess=sess151	CubePart: An Open-Vocabulary Part-Controllable 3D Generator	SIGGRAPH 2026	24510412	1588526	1588526
obsidian-vault/paperPDFs/SIGGRAPH_2024/Towards_Motion_Metamers_for_Foveated_Rendering.pdf	https://www.pdf.inf.usi.ch/projects/MotionMetamers/index.html	Towards Motion Metamers for Foveated Rendering	SIGGRAPH 2024	24407192	695214	695214
obsidian-vault/paperPDFs/ICLR_2026/Anatomy_aware_Representation_Learning_for_Medical_Ultrasound.pdf	https://openreview.net/forum?id=5ThIWuDkEf	Anatomy-aware Representation Learning for Medical Ultrasound	ICLR 2026	24387096	459263	459263
obsidian-vault/paperPDFs/SIGGRAPH_2023/3D_Gaussian_Splatting_for_Real_time_Radiance_Field_Rendering.pdf	https://repo-sam.inria.fr/fungraph/3d-gaussian-splatting/	3D Gaussian Splatting for Real-time Radiance Field Rendering	SIGGRAPH 2023	24343676	1509241	1509241
obsidian-vault/paperPDFs/SIGGRAPH_2023/Composite_Motion_Learning_With_Task_Control.pdf	https://github.com/xupei0610/CompositeMotion	Composite Motion Learning With Task Control	SIGGRAPH 2023	24336117	1166212	1166212
obsidian-vault/paperPDFs/SIGGRAPH_ASIA_2023/MyStyle_A_Controllable_Personalized_Generative_Prior.pdf	https://asia.siggraph.org/2023/?post_type=page&p=14494&id=papers_407&sess=sess132	MyStyle++: A Controllable Personalized Generative Prior	SIGGRAPH ASIA 2023	24194071	993940	993940
obsidian-vault/paperPDFs/SIGGRAPH_2022/DCT_Net_Domain_calibrated_Translation_for_Portrait_Stylization.pdf	https://menyifang.github.io/projects/DCTNet/DCTNet.html	DCT-Net: Domain-calibrated Translation for Portrait Stylization	SIGGRAPH 2022	24141964	732835	732835
obsidian-vault/paperPDFs/SIGGRAPH_ASIA_2024/Differentiable_Photon_Mapping_using_Generalized_Path_Gradients.pdf	https://jkxing.github.io/academic/publication/DPMG	Differentiable Photon Mapping using Generalized Path Gradients	SIGGRAPH ASIA 2024	24127090	1179830	1179830
obsidian-vault/paperPDFs/SIGGRAPH_ASIA_2023/Controllable_Group_Choreography_using_Contrastive_Diffusion.pdf	https://dl.acm.org/doi/pdf/10.1145/3618356	Controllable Group Choreography using Contrastive Diffusion	SIGGRAPH ASIA 2023	24118493	1194103	1194103
obsidian-vault/paperPDFs/NEURIPS_2025/MOSPA_Human_Motion_Generation_Driven_by_Spatial_Audio.pdf	https://openreview.net/forum?id=X2r9D46kvI	MOSPA: Human Motion Generation Driven by Spatial Audio	NEURIPS 2025	24117591	821619	821619
obsidian-vault/paperPDFs/ICLR_2026/Accelerated_co_design_of_robots_through_morphological_pretraining.pdf	https://openreview.net/forum?id=WVliGyFwZv	Accelerated co-design of robots through morphological pretraining	ICLR 2026	24074888	1478529	1478529
obsidian-vault/paperPDFs/ICLR_2026/RealPDEBench_A_Benchmark_for_Complex_Physical_Systems_with_Real_World_Data.pdf	https://openreview.net/forum?id=y3oHMcoItR	RealPDEBench: A Benchmark for Complex Physical Systems with Real-World Data	ICLR 2026	23994307	2341130	2341130
obsidian-vault/paperPDFs/SIGGRAPH_2022/NeAT_Neural_Adaptive_Tomography.pdf	https://vccimaging.org/Publications/Ruckert2022NeAT/	NeAT: Neural Adaptive Tomography	SIGGRAPH 2022	23944817	1137017	1137017
obsidian-vault/paperPDFs/SIGGRAPH_ASIA_2024/Accelerate_Neural_Subspace_Based_Reduced_Order_Solver_of_Deformable_Simulation_by_Lipschitz_Optimization.pdf	https://lip-neural-subspace.github.io/	Accelerate Neural Subspace-Based Reduced-Order Solver of Deformable Simulation by Lipschitz Optimization	SIGGRAPH ASIA 2024	23872214	1138150	1138150
obsidian-vault/paperPDFs/SIGGRAPH_2022/Holographic_Glasses_for_Virtual_Reality.pdf	https://research.nvidia.com/publication/2022-08_holographic-glasses-virtual-reality	Holographic Glasses for Virtual Reality	SIGGRAPH 2022	23839887	528337	528337
obsidian-vault/paperPDFs/ICLR_2026/ReLi3D_Relightable_Multi_view_3D_Reconstruction_with_Disentangled_Illumination_5eeafb1d146e.pdf	https://openreview.net/forum?id=BlSKgQb3Vd	ReLi3D: Relightable Multi-view 3D Reconstruction with Disentangled Illumination	ICLR 2026	23821700	613457	613457
obsidian-vault/paperPDFs/SIGGRAPH_2022/CCP_Configurable_Crowd_Profiles.pdf	https://github.com/veupnea/CCP	CCP: Configurable Crowd Profiles	SIGGRAPH 2022	23740903	451301	451301
obsidian-vault/paperPDFs/ICLR_2026/Mesh_Splatting_for_End_to_end_Multiview_Surface_Reconstruction_023e28fff1e0.pdf	https://openreview.net/forum?id=PSgps4JXTb	Mesh Splatting for End-to-end Multiview Surface Reconstruction	ICLR 2026	23546464	1335301	1335301
obsidian-vault/paperPDFs/SIGGRAPH_2022/Tailored_Reality_Perception_aware_Scene_Restructuring_for_Adaptive_VR_Navigation.pdf	https://www.immersivecomputinglab.org/publication/tailored-reality-perception-aware-scene-restructuring-for-adaptive-vr-navigation/	Tailored Reality: Perception-aware Scene Restructuring for Adaptive VR Navigation	SIGGRAPH 2022	23518217	1023918	1023918
obsidian-vault/paperPDFs/SIGGRAPH_ASIA_2024/GPU_Coroutines_for_Flexible_Splitting_and_Scheduling_of_Rendering_Tasks.pdf	https://cg.cs.tsinghua.edu.cn/people/~kun/	GPU Coroutines for Flexible Splitting and Scheduling of Rendering Tasks	SIGGRAPH ASIA 2024	23477959	1121843	1121843
obsidian-vault/paperPDFs/NEURIPS_2024/InterDreamer_Zero_Shot_Text_to_3D_Dynamic_Human_Object_Interaction.pdf	https://openreview.net/forum?id=BUpxPo80QP	InterDreamer Zero Shot Text to 3D Dynamic Human Object Interaction	NEURIPS 2024	23369036	1652485	1652485
obsidian-vault/paperPDFs/ICLR_2026/AttriCtrl_A_Generalizable_Framework_for_Controlling_Semantic_Attribute_Intensity_in_Diffusion_Models.pdf	https://openreview.net/forum?id=oyDe8cNXt6	AttriCtrl: A Generalizable Framework for Controlling Semantic Attribute Intensity in Diffusion Models	ICLR 2026	23348919	1452345	1452345
obsidian-vault/paperPDFs/ICLR_2026/JanusVLN_Decoupling_Semantics_and_Spatiality_with_Dual_Implicit_Memory_for_Vision_Language_Navigation.pdf	https://openreview.net/forum?id=RnuB0Nlbd5	JanusVLN: Decoupling Semantics and Spatiality with Dual Implicit Memory for Vision-Language Navigation	ICLR 2026	23338801	1905968	1905968
obsidian-vault/paperPDFs/NeurIPS_2024/Applying_Guidance_in_a_Limited_Interval_Improves_Sample_and_Distribution_Quality_in_Diffusion_Models.pdf	https://openreview.net/forum?id=nAIhvNy15T	Applying Guidance in a Limited Interval Improves Sample and Distribution Quality in Diffusion Models	NeurIPS 2024	23236452	1845364	1845364
obsidian-vault/paperPDFs/ICLR_2026/A_Probabilistic_Hard_Concept_Bottleneck_for_Steerable_Generative_Models.pdf	https://openreview.net/forum?id=Kcb6WufAco	A Probabilistic Hard Concept Bottleneck for Steerable Generative Models	ICLR 2026	23153989	1593499	1593499
obsidian-vault/paperPDFs/SIGGRAPH_2026/ReRoPE_Repurposing_RoPE_for_Relative_Camera_Control.pdf	https://s2026.conference-schedule.org/?post_type=page&p=15&id=papers_1664&sess=sess150	ReRoPE: Repurposing RoPE for Relative Camera Control	SIGGRAPH 2026	23133841	1275062	1275062
obsidian-vault/paperPDFs/ICLR_2026/ShapeGen4D_Towards_High_Quality_4D_Shape_Generation_from_Videos_3a1c93476b93.pdf	https://openreview.net/forum?id=r9AJisFLLo	ShapeGen4D: Towards High Quality 4D Shape Generation from Videos	ICLR 2026	23121203	1320306	1320306
obsidian-vault/paperPDFs/SIGGRAPH_ASIA_2024/Bijective_Volumetric_Mapping_via_Star_Decomposition.pdf	https://github.com/SteffenHinderink/StarDecompositionMaps	Bijective Volumetric Mapping via Star Decomposition	SIGGRAPH ASIA 2024	23117992	877076	877076
obsidian-vault/paperPDFs/SIGGRAPH_2026/Streaming_of_rendered_content_with_adaptive_frame_rate_and_resolution.pdf	https://s2026.conference-schedule.org/?post_type=page&p=15&id=papers_802&sess=sess134	Streaming of rendered content with adaptive frame rate and resolution	SIGGRAPH 2026	23113485	586592	586592
obsidian-vault/paperPDFs/SIGGRAPH_2023/OpenMPD_A_Low_level_Presentation_Engine_for_Multimodal_Particle_based_Displays.pdf	https://discovery.ucl.ac.uk/id/eprint/10169091/	OpenMPD: A Low-level Presentation Engine for Multimodal Particle-based Displays	SIGGRAPH 2023	22995924	885268	885268
obsidian-vault/paperPDFs/ICLR_2026/Seek_CAD_A_Self_refined_Generative_Modeling_for_3D_Parametric_CAD_Using_Local_In_3b6e5b4dcc73.pdf	https://openreview.net/forum?id=PzIc2TxhwN	Seek-CAD: A Self-refined Generative Modeling for 3D Parametric CAD Using Local Inference via DeepSeek	ICLR 2026	22953831	1316448	1316448
obsidian-vault/paperPDFs/SIGGRAPH_2026/UniVidX_A_Unified_Multimodal_Framework_for_Versatile_Video_Generation_via_Diffusion_Priors.pdf	https://s2026.conference-schedule.org/?post_type=page&p=15&id=papers_320&sess=sess156	UniVidX: A Unified Multimodal Framework for Versatile Video Generation via Diffusion Priors	SIGGRAPH 2026	22935632	1997471	1997471
obsidian-vault/paperPDFs/SIGGRAPH_2022/Learning_Soccer_Juggling_Skills_With_Layer_wise_Mixture_of_Experts.pdf	https://www.cs.ubc.ca/~van/papers/2022-SIGGRAPH-juggle/soccer_juggling.pdf	Learning Soccer Juggling Skills With Layer-wise Mixture of Experts	SIGGRAPH 2022	22843509	615617	615617
obsidian-vault/paperPDFs/ICLR_2026/BLADE_Block_Sparse_Attention_Meets_Step_Distillation_for_Efficient_Video_Generation.pdf	https://openreview.net/forum?id=O9J20MsmRl	BLADE: Block-Sparse Attention Meets Step Distillation for Efficient Video Generation	ICLR 2026	22720784	914237	914237
obsidian-vault/paperPDFs/SIGGRAPH_2026/AniGen_Unified_S_3_Fields_for_Animatable_3D_Asset_Generation.pdf	https://s2026.conference-schedule.org/?post_type=page&p=15&id=papers_218&sess=sess121	AniGen: Unified $S^3$ Fields for Animatable 3D Asset Generation	SIGGRAPH 2026	22625466	1523556	1523556
obsidian-vault/paperPDFs/SIGGRAPH_2023/AniFaceDrawing_Anime_Portrait_Exploration_During_Your_Sketching.pdf	http://www.jaist.ac.jp/~xie/AniFaceDrawing.html	AniFaceDrawing: Anime Portrait Exploration During Your Sketching	SIGGRAPH 2023	22569787	1049392	1049392
obsidian-vault/paperPDFs/SIGGRAPH_2022/The_Hierarchical_Subspace_Iteration_Method_for_Laplace_Beltrami_Eigenproblems.pdf	https://s2022.conference-schedule.org/presentation/?id=paperstog_141&sess=sess126	The Hierarchical Subspace Iteration Method for Laplace-Beltrami Eigenproblems	SIGGRAPH 2022	22524966	718634	718634
obsidian-vault/paperPDFs/SIGGRAPH_2025/Data_Efficient_Discovery_of_Hyperelastic_TPMS_Metamaterials_with_Extreme_Energy_Dissipation.pdf	https://openreview.net/pdf?id=f98e60ff30	Data-Efficient Discovery of Hyperelastic TPMS Metamaterials with Extreme Energy Dissipation	SIGGRAPH 2025	22502393	1289666	1289666
obsidian-vault/paperPDFs/SIGGRAPH_2023/Complex_Wrinkle_Field_Evolution.pdf	https://zhenchen-jay.github.io/publication/cwf/	Complex Wrinkle Field Evolution	SIGGRAPH 2023	22469401	1333359	1333359
obsidian-vault/paperPDFs/ICLR_2026/A_Structured_Tagged_and_Localized_Visual_Question_Answering_Dataset_with_Full_Sentence_Answers_and_Scene_Graphs_for_Chest_X_ray_Images.pdf	https://openreview.net/forum?id=LrmyW9JLYq	A Structured, Tagged, and Localized Visual Question Answering Dataset with Full Sentence Answers and Scene Graphs for Chest X-ray Images	ICLR 2026	22438152	1540175	1540175
obsidian-vault/paperPDFs/SIGGRAPH_2026/HoloPathTracer_Fast_and_Accurate_Wave_Path_Tracing_for_Holography.pdf	https://s2026.conference-schedule.org/?post_type=page&p=15&id=papers_877&sess=sess132	HoloPathTracer: Fast and Accurate Wave Path Tracing for Holography	SIGGRAPH 2026	22375669	1661116	1661116
obsidian-vault/paperPDFs/SIGGRAPH_2022/AvatarCLIP_Zero_shot_Text_driven_Generation_and_Animation_of_3D_Avatars.pdf	https://hongfz16.github.io/projects/AvatarCLIP.html	AvatarCLIP: Zero-shot Text-driven Generation and Animation of 3D Avatars	SIGGRAPH 2022	22291356	1969771	1969771
obsidian-vault/paperPDFs/SIGGRAPH_2026/Distributed_Affine_Body_Dynamics_with_Adaptive_Consensus.pdf	https://s2026.conference-schedule.org/?post_type=page&p=15&id=papers_599&sess=sess102	Distributed Affine Body Dynamics with Adaptive Consensus	SIGGRAPH 2026	22203894	604100	604100
obsidian-vault/paperPDFs/SIGGRAPH_ASIA_2024/Look_Ma_no_markers_holistic_performance_capture_without_the_hassle.pdf	https://microsoft.github.io/SynthMoCap/	Look Ma, no markers: holistic performance capture without the hassle	SIGGRAPH ASIA 2024	22102742	1702214	1702214
obsidian-vault/paperPDFs/SIGGRAPH_2022/Volume_Parametrization_Quantization_for_Hexahedral_Meshing.pdf	http://cgg.unibe.ch/publication/011276/	Volume Parametrization Quantization for Hexahedral Meshing	SIGGRAPH 2022	22047239	1161870	1161870
obsidian-vault/paperPDFs/SIGGRAPH_2022/Procedural_Urban_Forestry.pdf	https://storage.googleapis.com/pirk.io/projects/urban_forestry/index.html	Procedural Urban Forestry	SIGGRAPH 2022	22008210	1448135	1448135
obsidian-vault/paperPDFs/ICLR_2026/Slow_Fast_Policy_Optimization_Reposition_Before_Update_for_LLM_Reasoning.pdf	https://openreview.net/forum?id=xBlHiHdXap	Slow-Fast Policy Optimization: Reposition-Before-Update for LLM Reasoning	ICLR 2026	22005704	825097	825097
obsidian-vault/paperPDFs/ICLR_2026/ODE_GS_Latent_ODEs_for_Dynamic_Scene_Extrapolation_with_3D_Gaussian_Splatting_6975a66efdbb.pdf	https://openreview.net/forum?id=XlRbpFj3lJ	ODE-GS: Latent ODEs for Dynamic Scene Extrapolation with 3D Gaussian Splatting	ICLR 2026	21945975	832854	832854
obsidian-vault/paperPDFs/ICLR_2026/Instilling_an_Active_Mind_in_Avatars_via_Cognitive_Simulation.pdf	https://openreview.net/forum?id=80JylHgQn1	Instilling an Active Mind in Avatars via Cognitive Simulation	ICLR 2026	21919829	1478713	1478713
obsidian-vault/paperPDFs/SIGGRAPH_2023/Encoder_based_Domain_Tuning_for_Fast_Personalization_of_Text_to_image_Models.pdf	https://tuning-encoder.github.io/	Encoder-based Domain Tuning for Fast Personalization of Text-to-image Models	SIGGRAPH 2023	21904572	1336515	1336515
obsidian-vault/paperPDFs/ICLR_2026/FantasyWorld_Geometry_Consistent_World_Modeling_via_Unified_Video_and_3D_Prediction.pdf	https://openreview.net/forum?id=3q9vHEqsNx	FantasyWorld: Geometry-Consistent World Modeling via Unified Video and 3D Prediction	ICLR 2026	21747317	1076802	1076802
obsidian-vault/paperPDFs/ICLR_2026/Cosmos_Policy_Fine_Tuning_Video_Models_for_Visuomotor_Control_and_Planning.pdf	https://openreview.net/forum?id=wPEIStHxYH	Cosmos Policy: Fine-Tuning Video Models for Visuomotor Control and Planning	ICLR 2026	21634161	788073	788073
obsidian-vault/paperPDFs/ICLR_2026/Guaranteed_Simply_Connected_Mesh_Reconstruction_from_an_Unorganized_Point_Cloud_5f2be3ee1ede.pdf	https://openreview.net/forum?id=jjEnTBsffi	Guaranteed Simply Connected Mesh Reconstruction from an Unorganized Point Cloud	ICLR 2026	21628896	625804	625804
obsidian-vault/paperPDFs/ICLR_2026/Improving_2D_Diffusion_Models_for_3D_Medical_Imaging_with_InterSlice_Consistent_Stochasticity.pdf	https://openreview.net/forum?id=R5ETdN6ifA	Improving 2D Diffusion Models for 3D Medical Imaging with Inter‑Slice Consistent Stochasticity	ICLR 2026	21605057	1639188	1639188
obsidian-vault/paperPDFs/ICLR_2026/HWC_Loco_A_Hierarchical_Whole_Body_Control_Approach_to_Robust_Humanoid_Locomotion.pdf	https://openreview.net/forum?id=3UE3Aatcjy	HWC-Loco: A Hierarchical Whole-Body Control Approach to Robust Humanoid Locomotion	ICLR 2026	21582168	1321054	1321054
obsidian-vault/paperPDFs/ICLR_2026/MomaGraph_State_Aware_Unified_Scene_Graphs_with_Vision_Language_Models_for_Embodied_Task_Planning.pdf	https://openreview.net/forum?id=3eTr9dGwJv	MomaGraph: State-Aware Unified Scene Graphs with Vision-Language Models for Embodied Task Planning	ICLR 2026	21520168	1924382	1924382
obsidian-vault/paperPDFs/ICLR_2026/SpatialHand_Generative_Object_Manipulation_from_3D_Prespective_ec957f118a1e.pdf	https://openreview.net/forum?id=VpsqfCac2B	SpatialHand: Generative Object Manipulation from 3D Prespective	ICLR 2026	21408700	1612423	1612423
obsidian-vault/paperPDFs/ICLR_2026/RAP_3D_Rasterization_Augmented_End_to_End_Planning.pdf	https://openreview.net/forum?id=a9bOgeqbdB	RAP: 3D Rasterization Augmented End-to-End Planning	ICLR 2026	21315482	517194	517194
obsidian-vault/paperPDFs/SIGGRAPH_ASIA_2023/Reconstructing_Close_Human_Interaction_from_Multiple_Views.pdf	https://asia.siggraph.org/2023/?post_type=page&p=14494&id=papers_313&sess=sess139	Reconstructing Close Human Interaction from Multiple Views	SIGGRAPH ASIA 2023	21263680	1227873	1227873
obsidian-vault/paperPDFs/ICLR_2026/A_Fair_Bayesian_Inference_through_Matched_Gibbs_Posterior.pdf	https://openreview.net/forum?id=sIjFXzEOOH	A Fair Bayesian Inference through Matched Gibbs Posterior	ICLR 2026	21236573	938655	938655
obsidian-vault/paperPDFs/CVPR_2026/Unifying_Precise_Keyframes_and_Semantic_Control_via_Multi_level_Diffusion.pdf	https://cvpr.thecvf.com/virtual/2026/poster/38659	Unifying Precise Keyframes and Semantic Control via Multi-level Diffusion	CVPR 2026	21145150	505341	505341
obsidian-vault/paperPDFs/SIGGRAPH_2026/OmniRoam_World_Wandering_via_Long_Horizon_Panoramic_Video_Generation.pdf	https://s2026.conference-schedule.org/?post_type=page&p=15&id=papers_1067&sess=sess156	OmniRoam: World Wandering via Long-Horizon Panoramic Video Generation	SIGGRAPH 2026	21102369	1456966	1456966
