path	source_url	title	venue	original_bytes	compressed_bytes	current_bytes
obsidian-vault/paperPDFs/SIGGRAPH_2025/Optimal_r_Adaptive_In_Timestep_Remeshing_for_Elastodynamics.pdf	https://dl.acm.org/doi/pdf/10.1145/3731204	Optimal r-Adaptive In-Timestep Remeshing for Elastodynamics	SIGGRAPH 2025	289762206	2486425	2486425
obsidian-vault/paperPDFs/SIGGRAPH_ASIA_2025/PhysiOpt_Physics_Driven_Shape_Optimization_for_3D_Generative_Models.pdf	https://dl.acm.org/doi/pdf/10.1145/3757377.3763884	PhysiOpt: Physics-Driven Shape Optimization for 3D Generative Models	SIGGRAPH ASIA 2025	149362074	1753914	1753914
obsidian-vault/paperPDFs/SIGGRAPH_2023/Computational_Exploration_of_Multistable_Elastic_Knots.pdf	https://dl.acm.org/doi/pdf/10.1145/3592399	Computational Exploration of Multistable Elastic Knots	SIGGRAPH 2023	146118726	2256145	2256145
obsidian-vault/paperPDFs/SIGGRAPH_2025/Field_Smoothness_Controlled_Partition_for_Quadrangulation.pdf	https://dl.acm.org/doi/pdf/10.1145/3730889	Field Smoothness-Controlled Partition for Quadrangulation	SIGGRAPH 2025	145454238	4051374	4051374
obsidian-vault/paperPDFs/SIGGRAPH_2025/Faraday_Cage_Estimation_of_Normals_for_Point_Clouds_and_Ribbon_Sketches.pdf	https://dl.acm.org/doi/pdf/10.1145/3731212	Faraday Cage Estimation of Normals for Point Clouds and Ribbon Sketches	SIGGRAPH 2025	144626170	1936921	1936921
obsidian-vault/paperPDFs/SIGGRAPH_2024/Semantic_Shape_Editing_With_Parametric_Implicit_Templates.pdf	https://doi.org/10.1145/3641519.3657421	Semantic Shape Editing With Parametric Implicit Templates	SIGGRAPH 2024	144357248	1061838	1061838
obsidian-vault/paperPDFs/SIGGRAPH_2024/A_Free_space_Diffraction_BSDF.pdf	https://dl.acm.org/doi/pdf/10.1145/3658166	A Free-space Diffraction BSDF	SIGGRAPH 2024	142070554	3254418	3254418
obsidian-vault/paperPDFs/SIGGRAPH_ASIA_2024/Alignable_Lamella_Gridshells.pdf	https://dl.acm.org/doi/pdf/10.1145/3687898	Alignable Lamella Gridshells	SIGGRAPH ASIA 2024	140926160	985141	985141
obsidian-vault/paperPDFs/SIGGRAPH_2025/Physics_inspired_Estimation_of_Optimal_Cloth_Mesh_Resolution.pdf	https://dl.acm.org/doi/pdf/10.1145/3721238.3730619	Physics-inspired Estimation of Optimal Cloth Mesh Resolution	SIGGRAPH 2025	139680928	879432	879432
obsidian-vault/paperPDFs/SIGGRAPH_ASIA_2022/DeepMVSHair_Deep_Hair_Modeling_from_Sparse_Views.pdf	https://dl.acm.org/doi/pdf/10.1145/3550469.3555385	DeepMVSHair: Deep Hair Modeling from Sparse Views	SIGGRAPH ASIA 2022	139319096	665698	665698
obsidian-vault/paperPDFs/SIGGRAPH_ASIA_2023/An_Adaptive_Fast_Multipole_Accelerated_Hybrid_Boundary_Integral_Equation_Method_for_Accurate_Diffusion_Curves.pdf	https://doi.org/10.1145/3618374	An Adaptive Fast-Multipole-Accelerated Hybrid Boundary Integral Equation Method for Accurate Diffusion Curves	SIGGRAPH ASIA 2023	137247397	1740325	1740325
obsidian-vault/paperPDFs/SIGGRAPH_ASIA_2025/Example_Based_Feature_Painting_on_Textures.pdf	https://dl.acm.org/doi/pdf/10.1145/3763301	Example-Based Feature Painting on Textures	SIGGRAPH ASIA 2025	135587363	7366948	7366948
obsidian-vault/paperPDFs/SIGGRAPH_ASIA_2025/Automatic_Sampling_for_Discontinuities_in_Differentiable_Shaders.pdf	https://dl.acm.org/doi/pdf/10.1145/3763291	Automatic Sampling for Discontinuities in Differentiable Shaders	SIGGRAPH ASIA 2025	133438601	3233657	3233657
obsidian-vault/paperPDFs/SIGGRAPH_2024/RGB_X_Image_Decomposition_and_Synthesis_Using_Material_and_Lighting_aware_Diffusion_Models.pdf	https://dl.acm.org/doi/pdf/10.1145/3641519.3657445	RGB↔X: Image Decomposition and Synthesis Using Material- and Lighting-aware Diffusion Models	SIGGRAPH 2024	132319512	818190	818190
obsidian-vault/paperPDFs/SIGGRAPH_2025/TetWeave_Isosurface_Extraction_using_On_The_Fly_Delaunay_Tetrahedral_Grids_for_Gradient_Based_Mesh_Optimization.pdf	https://dl.acm.org/doi/pdf/10.1145/3730851	TetWeave: Isosurface Extraction using On-The-Fly Delaunay Tetrahedral Grids for Gradient-Based Mesh Optimization	SIGGRAPH 2025	131288689	2034146	2034146
obsidian-vault/paperPDFs/SIGGRAPH_2022/Semantically_Supervised_Appearance_Decomposition_for_Virtual_Staging_From_a_Single_Panorama.pdf	https://arxiv.org/pdf/2205.13150.pdf	Semantically Supervised Appearance Decomposition for Virtual Staging From a Single Panorama	SIGGRAPH 2022	130971584	1069273	1069273
obsidian-vault/paperPDFs/SIGGRAPH_2022/Grid_free_Monte_Carlo_for_PDEs_With_Spatially_Varying_Coefficients.pdf	https://dl.acm.org/doi/pdf/10.1145/3528223.3530134	Grid-free Monte Carlo for PDEs With Spatially Varying Coefficients	SIGGRAPH 2022	130892024	3859585	3859585
obsidian-vault/paperPDFs/SIGGRAPH_ASIA_2022/Interactive_exploration_of_tension_compression_mixed_shells.pdf	https://dl.acm.org/doi/pdf/10.1145/3550454.3555438	Interactive exploration of tension-compression mixed shells	SIGGRAPH ASIA 2022	130078026	1411567	1411567
obsidian-vault/paperPDFs/SIGGRAPH_ASIA_2025/Magic_Fixup_Streamlining_Photo_Editing_by_Watching_Dynamic_Videos.pdf	https://dl.acm.org/doi/pdf/10.1145/3750722	Magic Fixup: Streamlining Photo Editing by Watching Dynamic Videos	SIGGRAPH ASIA 2025	129154788	4200857	4200857
obsidian-vault/paperPDFs/SIGGRAPH_2023/Effect_based_Multi_viewer_Caching_for_Cloud_native_Rendering.pdf	https://doi.org/10.1145/3592431	Effect-based Multi-viewer Caching for Cloud-native Rendering	SIGGRAPH 2023	128995670	2781087	2781087
obsidian-vault/paperPDFs/SIGGRAPH_2023/Micro_Mesh_Construction.pdf	https://dl.acm.org/doi/pdf/10.1145/3592440	Micro-Mesh Construction	SIGGRAPH 2023	128743883	4315210	4315210
obsidian-vault/paperPDFs/SIGGRAPH_2022/Joint_Neural_Phase_Retrieval_and_Compression_for_Energy_and_Computation_efficient_Holography_on_the_Edge.pdf	https://dl.acm.org/doi/pdf/10.1145/3528223.3530070	Joint Neural Phase Retrieval and Compression for Energy- and Computation-efficient Holography on the Edge	SIGGRAPH 2022	127612052	1310548	1310548
obsidian-vault/paperPDFs/SIGGRAPH_2023/In_Timestep_Remeshing_for_Contacting_Elastodynamics.pdf	https://dl.acm.org/doi/pdf/10.1145/3592428	In-Timestep Remeshing for Contacting Elastodynamics	SIGGRAPH 2023	127524276	1197456	1197456
obsidian-vault/paperPDFs/SIGGRAPH_ASIA_2024/Tencers_Tension_Constrained_Elastic_Rods.pdf	https://dl.acm.org/doi/pdf/10.1145/3687967	Tencers: Tension-Constrained Elastic Rods	SIGGRAPH ASIA 2024	126040386	1517788	1517788
obsidian-vault/paperPDFs/SIGGRAPH_2024/MVD_2_Efficient_Multiview_3D_Reconstruction_for_Multiview_Diffusion.pdf	https://doi.org/10.1145/3641519.3657403	MVD^2: Efficient Multiview 3D Reconstruction for Multiview Diffusion	SIGGRAPH 2024	126003156	2018426	2018426
obsidian-vault/paperPDFs/SIGGRAPH_2024/NeurCADRecon_Neural_Representation_for_Reconstructing_CAD_Surfaces_by_Enforcing_Zero_Gaussian_Curvature.pdf	https://doi.org/10.1145/3658171	NeurCADRecon: Neural Representation for Reconstructing CAD Surfaces by Enforcing Zero Gaussian Curvature	SIGGRAPH 2024	124632133	1244546	1244546
obsidian-vault/paperPDFs/SIGGRAPH_ASIA_2025/Differentiable_Light_Transport_with_Gaussian_Surfels_via_Adapted_Radiosity_for_Efficient_Relighting_and_Geometry_Reconstruction.pdf	https://dl.acm.org/doi/pdf/10.1145/3763305	Differentiable Light Transport with Gaussian Surfels via Adapted Radiosity for Efficient Relighting and Geometry Reconstruction	SIGGRAPH ASIA 2025	124042243	1557557	1557557
obsidian-vault/paperPDFs/SGP_2025/The_Affine_Heat_Method.pdf	https://www.yousufsoliman.com/projects/download/AffineHeatMethod.pdf	The Affine Heat Method	SGP 2025	124024903	2431908	2431908
obsidian-vault/paperPDFs/SIGGRAPH_2023/Winding_Numbers_on_Discrete_Surfaces.pdf	https://dl.acm.org/doi/pdf/10.1145/3592401	Winding Numbers on Discrete Surfaces	SIGGRAPH 2023	121565443	1993010	1993010
obsidian-vault/paperPDFs/SIGGRAPH_ASIA_2025/Strands2Cards_Automatic_Generation_of_Hair_Cards_from_Strands.pdf	https://dl.acm.org/doi/pdf/10.1145/3757377.3763864	Strands2Cards: Automatic Generation of Hair Cards from Strands	SIGGRAPH ASIA 2025	121167312	1064013	1064013
obsidian-vault/paperPDFs/SIGGRAPH_2025/Single_Edge_Collapse_Quad_Dominant_Mesh_Reduction.pdf	https://dl.acm.org/doi/pdf/10.1145/3731143	Single Edge Collapse Quad-Dominant Mesh Reduction	SIGGRAPH 2025	120617010	2210552	2210552
obsidian-vault/paperPDFs/SIGGRAPH_2025/NeurCross_A_Neural_Approach_to_Computing_Cross_Fields_for_Quad_Mesh_Generation.pdf	https://dl.acm.org/doi/pdf/10.1145/3731159	NeurCross: A Neural Approach to Computing Cross Fields for Quad Mesh Generation	SIGGRAPH 2025	119545355	2479143	2479143
obsidian-vault/paperPDFs/SIGGRAPH_ASIA_2025/Force_Dual_Modes_Subspace_Design_from_Stochastic_Forces.pdf	https://dl.acm.org/doi/pdf/10.1145/3763310	Force-Dual Modes: Subspace Design from Stochastic Forces	SIGGRAPH ASIA 2025	119069068	1973906	1973906
obsidian-vault/paperPDFs/SIGGRAPH_ASIA_2025/LookUp3D_Data_Driven_3D_Scanning.pdf	https://dl.acm.org/doi/pdf/10.1145/3757377.3763986	LookUp3D: Data-Driven 3D Scanning	SIGGRAPH ASIA 2025	118076069	1503392	1503392
obsidian-vault/paperPDFs/SIGGRAPH_ASIA_2022/Fast_Editing_of_Singularities_in_Field_Aligned_Stripe_Patterns.pdf	https://dl.acm.org/doi/pdf/10.1145/3550469.3555387	Fast Editing of Singularities in Field-Aligned Stripe Patterns	SIGGRAPH ASIA 2022	117552098	1078116	1078116
obsidian-vault/paperPDFs/SIGGRAPH_2023/CT2Hair_High_fidelity_3D_Hair_Modeling_Using_Computed_Tomography.pdf	https://dl.acm.org/doi/pdf/10.1145/3592106	CT2Hair: High-fidelity 3D Hair Modeling Using Computed Tomography	SIGGRAPH 2023	117312116	1253806	1253806
obsidian-vault/paperPDFs/SIGGRAPH_2025/Inverse_Geometric_Locomotion.pdf	https://dl.acm.org/doi/pdf/10.1145/3731187	Inverse Geometric Locomotion	SIGGRAPH 2025	115536236	952665	952665
obsidian-vault/paperPDFs/SIGGRAPH_2024/Deep_Fourier_based_Arbitrary_scale_Super_resolution_for_Real_time_Rendering.pdf	https://dl.acm.org/doi/pdf/10.1145/3641519.3657439	Deep Fourier-based Arbitrary-scale Super-resolution for Real-time Rendering	SIGGRAPH 2024	115531558	1231442	1231442
obsidian-vault/paperPDFs/SIGGRAPH_ASIA_2025/Realistic_Cloth_Rendering_with_a_Ray_Wave_Hybrid_Shading_Model.pdf	https://dl.acm.org/doi/pdf/10.1145/3763359	Realistic Cloth Rendering with a Ray-Wave Hybrid Shading Model	SIGGRAPH ASIA 2025	113092045	6007868	6007868
obsidian-vault/paperPDFs/SIGGRAPH_ASIA_2023/Slippage_Preserving_Reshaping_of_Human_Made_3D_Content.pdf	https://dl.acm.org/doi/pdf/10.1145/3618391	Slippage-Preserving Reshaping of Human-Made 3D Content	SIGGRAPH ASIA 2023	112964356	1538744	1538744
obsidian-vault/paperPDFs/SIGGRAPH_ASIA_2023/Multi_color_Holograms_Improve_Brightness_in_Holographic_Displays.pdf	https://doi.org/10.1145/3610548.3618135	Multi-color Holograms Improve Brightness in Holographic Displays	SIGGRAPH ASIA 2023	112703727	1018961	1018961
obsidian-vault/paperPDFs/SIGGRAPH_ASIA_2025/Fine_Grained_Spatially_Varying_Material_Selection_in_Images.pdf	https://dl.acm.org/doi/pdf/10.1145/3763332	Fine-Grained Spatially Varying Material Selection in Images	SIGGRAPH ASIA 2025	112309517	1660516	1660516
obsidian-vault/paperPDFs/SIGGRAPH_2022/Efficient_Kinetic_Simulation_of_Two_Phase_Flows.pdf	https://dl.acm.org/doi/pdf/10.1145/3528223.3530132	Efficient Kinetic Simulation of Two-Phase Flows	SIGGRAPH 2022	111994794	849129	849129
obsidian-vault/paperPDFs/SIGGRAPH_ASIA_2022/Hydrophobic_and_Hydrophilic_Solid_Fluid_Interaction.pdf	https://dl.acm.org/doi/pdf/10.1145/3550454.3555478	Hydrophobic and Hydrophilic Solid-Fluid Interaction	SIGGRAPH ASIA 2022	110620751	6321638	6321638
obsidian-vault/paperPDFs/SIGGRAPH_2023/A_Practical_Wave_Optics_Reflection_Model_for_Hair_and_Fur.pdf	https://dl.acm.org/doi/pdf/10.1145/3592446	A Practical Wave Optics Reflection Model for Hair and Fur	SIGGRAPH 2023	109732597	1018137	1018137
obsidian-vault/paperPDFs/SIGGRAPH_2023/Second_order_Stencil_Descent_for_Interior_point_Hyperelasticity.pdf	https://dl.acm.org/doi/pdf/10.1145/3592104	Second-order Stencil Descent for Interior-point Hyperelasticity	SIGGRAPH 2023	108351087	1171879	1171879
obsidian-vault/paperPDFs/SIGGRAPH_2024/Real_time_Neural_Woven_Fabric_Rendering.pdf	https://doi.org/10.1145/3641519.3657496	Real-time Neural Woven Fabric Rendering	SIGGRAPH 2024	106388413	1578875	1578875
obsidian-vault/paperPDFs/SIGGRAPH_ASIA_2024/Cafca_High_quality_Novel_View_Synthesis_of_Expressive_Faces_from_Casual_Few_shot_Captures.pdf	https://dl.acm.org/doi/pdf/10.1145/3680528	Cafca: High-quality Novel View Synthesis of Expressive Faces from Casual Few-shot Captures	SIGGRAPH ASIA 2024	105185547	927125	927125
obsidian-vault/paperPDFs/SIGGRAPH_2024/Capacitive_Touch_Sensing_on_General_3D_Surfaces.pdf	https://dl.acm.org/doi/pdf/10.1145/3658185	Capacitive Touch Sensing on General 3D Surfaces	SIGGRAPH 2024	105041964	1194036	1194036
obsidian-vault/paperPDFs/SIGGRAPH_2025/QUASAR_Quad_based_Adaptive_Streaming_And_Rendering.pdf	https://dl.acm.org/doi/pdf/10.1145/3731213	QUASAR: Quad-based Adaptive Streaming And Rendering	SIGGRAPH 2025	104896562	2884803	2884803
obsidian-vault/paperPDFs/SIGGRAPH_2022/ASSET_Autoregressive_Semantic_Scene_Editing_With_Transformers_at_High_Resolutions.pdf	https://dl.acm.org/doi/pdf/10.1145/3528223.3530172	ASSET: Autoregressive Semantic Scene Editing With Transformers at High Resolutions	SIGGRAPH 2022	104665008	969079	969079
obsidian-vault/paperPDFs/SIGGRAPH_2022/SNeRF_Stylized_Neural_Implicit_Representations_for_3D_Scenes.pdf	https://dl.acm.org/doi/pdf/10.1145/3528223.3530107	SNeRF: Stylized Neural Implicit Representations for 3D Scenes	SIGGRAPH 2022	104391252	1605740	1605740
obsidian-vault/paperPDFs/SIGGRAPH_2022/Umbrella_Meshes_Elastic_Mechanisms_for_Freeform_Shape_Deployment.pdf	https://dl.acm.org/doi/pdf/10.1145/3528223.3530089	Umbrella Meshes: Elastic Mechanisms for Freeform Shape Deployment	SIGGRAPH 2022	104383174	1690840	1690840
obsidian-vault/paperPDFs/SIGGRAPH_2025/Monocular_Online_Reconstruction_with_Enhanced_Detail_Preservation.pdf	https://arxiv.org/pdf/2505.07887.pdf	Monocular Online Reconstruction with Enhanced Detail Preservation	SIGGRAPH 2025	103226658	4023625	4023625
obsidian-vault/paperPDFs/SIGGRAPH_ASIA_2024/Large_Scale_Farm_Scene_Modeling_from_Remote_Sensing_Imagery.pdf	https://dl.acm.org/doi/pdf/10.1145/3687918	Large Scale Farm Scene Modeling from Remote Sensing Imagery	SIGGRAPH ASIA 2024	102915737	687042	687042
obsidian-vault/paperPDFs/SIGGRAPH_2023/Variational_Quasi_harmonic_Maps_for_Computing_Diffeomorphisms.pdf	https://dl.acm.org/doi/pdf/10.1145/3592105	Variational Quasi-harmonic Maps for Computing Diffeomorphisms	SIGGRAPH 2023	102597868	4562897	4562897
obsidian-vault/paperPDFs/SIGGRAPH_ASIA_2024/Designing_triangle_meshes_with_controlled_roughness.pdf	https://dl.acm.org/doi/pdf/10.1145/3687940	Designing triangle meshes with controlled roughness	SIGGRAPH ASIA 2024	102339645	1604337	1604337
obsidian-vault/paperPDFs/SIGGRAPH_2022/Penetration_free_Projective_Dynamics_on_the_GPU.pdf	https://dl.acm.org/doi/pdf/10.1145/3528223.3530069	Penetration-free Projective Dynamics on the GPU	SIGGRAPH 2022	101921390	1994362	1994362
obsidian-vault/paperPDFs/SIGGRAPH_2025/Controllable_Complex_Freezing_Dynamics_Simulation_on_Thin_Films.pdf	https://dl.acm.org/doi/pdf/10.1145/3731170	Controllable Complex Freezing Dynamics Simulation on Thin Films	SIGGRAPH 2025	101635151	1022896	1022896
obsidian-vault/paperPDFs/SIGGRAPH_2024/Stochastic_Computation_of_Barycentric_Coordinates.pdf	https://dl.acm.org/doi/pdf/10.1145/3658131	Stochastic Computation of Barycentric Coordinates	SIGGRAPH 2024	101251348	1065361	1065361
obsidian-vault/paperPDFs/SIGGRAPH_ASIA_2025/NESI_Neural_Explicit_Shape_Intersection_Based_Geometry_Representation.pdf	https://dl.acm.org/doi/pdf/10.1145/3742893	NESI: Neural Explicit-Shape-Intersection-Based Geometry Representation	SIGGRAPH ASIA 2025	101027494	3639140	3639140
obsidian-vault/paperPDFs/SIGGRAPH_ASIA_2024/Volume_Scattering_Probability_Guiding.pdf	https://kehanxuuu.github.io/vspg-website/	Volume Scattering Probability Guiding	SIGGRAPH ASIA 2024	100845909	1406716	1406716
obsidian-vault/paperPDFs/SIGGRAPH_ASIA_2023/SOL_NeRF_Sunlight_Modeling_for_Outdoor_Scene_Decomposition_and_Relighting.pdf	https://doi.org/10.1145/3610548.3618143	SOL-NeRF: Sunlight Modeling for Outdoor Scene Decomposition and Relighting	SIGGRAPH ASIA 2023	100695071	2412615	2412615
obsidian-vault/paperPDFs/SIGGRAPH_ASIA_2024/NU_NeRF_Neural_Reconstruction_of_Nested_Transparent_Objects_with_Uncontrolled_Capture_Environment.pdf	https://dl.acm.org/doi/pdf/10.1145/3687757	NU-NeRF: Neural Reconstruction of Nested Transparent Objects with Uncontrolled Capture Environment	SIGGRAPH ASIA 2024	100288693	1278711	1278711
obsidian-vault/paperPDFs/SIGGRAPH_2026/Neural_Cellular_Automata_From_Cells_to_Pixels.pdf	https://s2026.conference-schedule.org/?post_type=page&p=15&id=papers_264&sess=sess112	Neural Cellular Automata: From Cells to Pixels	SIGGRAPH 2026	99578217	2883297	2883297
obsidian-vault/paperPDFs/SIGGRAPH_2024/Variational_Feature_Extraction_in_Scientific_Visualization.pdf	https://doi.org/10.1145/3658219	Variational Feature Extraction in Scientific Visualization	SIGGRAPH 2024	99476363	827841	827841
obsidian-vault/paperPDFs/SIGGRAPH_ASIA_2025/Simplifying_Textured_Triangle_Meshes_in_the_Wild.pdf	https://dl.acm.org/doi/pdf/10.1145/3763277	Simplifying Textured Triangle Meshes in the Wild	SIGGRAPH ASIA 2025	99101854	1836790	1836790
obsidian-vault/paperPDFs/SIGGRAPH_2024/VRMM_A_Volumetric_Relightable_Morphable_Head_Model.pdf	https://doi.org/10.1145/3641519.3657406	VRMM: A Volumetric Relightable Morphable Head Model	SIGGRAPH 2024	98972763	1138631	1138631
obsidian-vault/paperPDFs/SIGGRAPH_ASIA_2023/Efficient_Cone_Singularity_Construction_for_Conformal_Parameterizations.pdf	https://dl.acm.org/doi/pdf/10.1145/3618407	Efficient Cone Singularity Construction for Conformal Parameterizations	SIGGRAPH ASIA 2023	98610047	1657423	1657423
obsidian-vault/paperPDFs/SIGGRAPH_ASIA_2025/PanoDreamer_Optimization_Based_Single_Image_to_360_3D_Scene_With_Diffusion.pdf	https://dl.acm.org/doi/pdf/10.1145/3757377.3763883	PanoDreamer: Optimization-Based Single Image to 360 3D Scene With Diffusion	SIGGRAPH ASIA 2025	98485235	1021034	1021034
obsidian-vault/paperPDFs/SIGGRAPH_2022/Simulation_and_Optimization_of_Magnetoelastic_Thin_Shells.pdf	https://doi.org/10.1145/3528223.3530142	Simulation and Optimization of Magnetoelastic Thin Shells	SIGGRAPH 2022	98435430	1694448	1694448
obsidian-vault/paperPDFs/SIGGRAPH_ASIA_2025/UTDesign_A_Unified_Framework_for_Stylized_Text_Editing_and_Generation_in_Graphic_Design_Images.pdf	https://dl.acm.org/doi/pdf/10.1145/3757377.3763923	UTDesign: A Unified Framework for Stylized Text Editing and Generation in Graphic Design Images	SIGGRAPH ASIA 2025	96970037	1538865	1538865
obsidian-vault/paperPDFs/SIGGRAPH_ASIA_2023/Text_Guided_Synthesis_of_Eulerian_Cinemagraphs.pdf	https://dl.acm.org/doi/pdf/10.1145/3618326	Text-Guided Synthesis of Eulerian Cinemagraphs	SIGGRAPH ASIA 2023	95885511	2352305	2352305
obsidian-vault/paperPDFs/SIGGRAPH_ASIA_2025/Neural_Kinematic_Bases_for_Fluids.pdf	https://dl.acm.org/doi/pdf/10.1145/3757377.3763925	Neural Kinematic Bases for Fluids	SIGGRAPH ASIA 2025	95734392	3227473	3227473
obsidian-vault/paperPDFs/SIGGRAPH_ASIA_2022/Curl_Flow_Boundary_Respecting_Pointwise_Incompressible_Velocity_Interpolation_for_Grid_Based_Fluids.pdf	https://dl.acm.org/doi/pdf/10.1145/3550454.3555498	Curl-Flow: Boundary-Respecting Pointwise Incompressible Velocity Interpolation for Grid-Based Fluids	SIGGRAPH ASIA 2022	95133243	1713934	1713934
obsidian-vault/paperPDFs/SIGGRAPH_2025/Curl_Quantization_for_Automatic_Placement_of_Knit_Singularities.pdf	https://dl.acm.org/doi/pdf/10.1145/3721238.3730715	Curl Quantization for Automatic Placement of Knit Singularities	SIGGRAPH 2025	95010534	556824	556824
obsidian-vault/paperPDFs/SIGGRAPH_2026/ArtiFixer_Enhancing_and_Extending_3D_Reconstruction_with_Auto_Regressive_Diffusion_Models.pdf	https://arxiv.org/abs/2603.00492	ArtiFixer: Enhancing and Extending 3D Reconstruction with Auto-Regressive Diffusion Models	SIGGRAPH 2026	94922908	1286568	1286568
obsidian-vault/paperPDFs/SIGGRAPH_ASIA_2022/A_Biologically_Inspired_Hair_Aging_Model.pdf	https://dl.acm.org/doi/pdf/10.1145/3550454.3555444	A Biologically Inspired Hair Aging Model	SIGGRAPH ASIA 2022	93721761	614459	614459
obsidian-vault/paperPDFs/SIGGRAPH_2024/Lightning_fast_Method_of_Fundamental_Solutions.pdf	https://dl.acm.org/doi/pdf/10.1145/3658199	Lightning-fast Method of Fundamental Solutions	SIGGRAPH 2024	93340012	1112473	1112473
obsidian-vault/paperPDFs/SIGGRAPH_2024/Fabricable_3D_Wire_Art.pdf	https://dl.acm.org/doi/pdf/10.1145/3641519.3657453	Fabricable 3D Wire Art	SIGGRAPH 2024	92857787	1417853	1417853
obsidian-vault/paperPDFs/SIGGRAPH_2023/ColorfulCurves_Palette_aware_Lightness_Control_and_Color_Editing_via_Sparse_Optimization.pdf	https://dl.acm.org/doi/pdf/10.1145/3592405	ColorfulCurves: Palette-aware Lightness Control and Color Editing via Sparse Optimization	SIGGRAPH 2023	92096174	6074577	6074577
obsidian-vault/paperPDFs/SIGGRAPH_ASIA_2025/Fabricable_Discretized_Ruled_Surfaces.pdf	https://dl.acm.org/doi/pdf/10.1145/3734519	Fabricable Discretized Ruled Surfaces	SIGGRAPH ASIA 2025	91919492	2702305	2702305
obsidian-vault/paperPDFs/CVPR_2026/ORV_4D_Occupancy_centric_Robot_Video_Generation.pdf	https://arxiv.org/abs/2506.03079	ORV: 4D Occupancy-centric Robot Video Generation	CVPR 2026	91786411	3731349	3731349
obsidian-vault/paperPDFs/CVPR_2026/PaCo_RL_Advancing_Reinforcement_Learning_for_Consistent_Image_Generation_with_Pairwise_Reward_Modeling.pdf	https://arxiv.org/abs/2512.04784	PaCo-RL: Advancing Reinforcement Learning for Consistent Image Generation with Pairwise Reward Modeling	CVPR 2026	91633917	1458837	1458837
obsidian-vault/paperPDFs/SIGGRAPH_ASIA_2023/Efficient_Graphics_Representation_with_Differentiable_Indirection.pdf	https://asia.siggraph.org/2023/?post_type=page&p=14494&id=papers_602&sess=sess136	Efficient Graphics Representation with Differentiable Indirection	SIGGRAPH ASIA 2023	90866535	1542210	1542210
obsidian-vault/paperPDFs/SIGGRAPH_2025/A_Hybrid_Near_wall_Model_for_Kinetic_Simulation_of_Turbulent_Boundary_Layer_Flows.pdf	https://dl.acm.org/doi/pdf/10.1145/3730829	A Hybrid Near-wall Model for Kinetic Simulation of Turbulent Boundary Layer Flows	SIGGRAPH 2025	90782329	2687556	2687556
obsidian-vault/paperPDFs/SIGGRAPH_ASIA_2025/AniTex_Light_Geometry_Consistent_PBR_Material_Generation_for_Animatable_Objects.pdf	https://dl.acm.org/doi/pdf/10.1145/3757377.3763936	AniTex: Light-Geometry Consistent PBR Material Generation for Animatable Objects	SIGGRAPH ASIA 2025	90541873	1245340	1245340
obsidian-vault/paperPDFs/SIGGRAPH_2025/Diffusing_Winding_Gradients_DWG_A_Parallel_and_Scalable_Method_for_3D_Reconstruction_from_Unoriented_Point_Clouds.pdf	https://dl.acm.org/doi/pdf/10.1145/3727873	Diffusing Winding Gradients (DWG): A Parallel and Scalable Method for 3D Reconstruction from Unoriented Point Clouds	SIGGRAPH 2025	90297051	2448864	2448864
obsidian-vault/paperPDFs/SIGGRAPH_2024/Controllable_Neural_Style_Transfer_for_Dynamic_Meshes.pdf	https://doi.org/10.1145/3641519.3657474	Controllable Neural Style Transfer for Dynamic Meshes	SIGGRAPH 2024	90198088	1380831	1380831
obsidian-vault/paperPDFs/SIGGRAPH_ASIA_2025/Reconfigurable_Hinged_Kirigami_Tessellations.pdf	https://dl.acm.org/doi/pdf/10.1145/3757377.3763895	Reconfigurable Hinged Kirigami Tessellations	SIGGRAPH ASIA 2025	89778128	2363685	2363685
obsidian-vault/paperPDFs/SIGGRAPH_2025/Designing_3D_Anisotropic_Frame_Fields_with_Odeco_Tensors.pdf	https://dl.acm.org/doi/pdf/10.1145/3731181	Designing 3D Anisotropic Frame Fields with Odeco Tensors	SIGGRAPH 2025	89345687	1700875	1700875
obsidian-vault/paperPDFs/SIGGRAPH_2024/A_Construct_optimize_Approach_to_Sparse_View_Synthesis_Without_Camera_Pose.pdf	https://dl.acm.org/doi/pdf/10.1145/3641519.3657427	A Construct-optimize Approach to Sparse View Synthesis Without Camera Pose	SIGGRAPH 2024	89085845	1742695	1742695
obsidian-vault/paperPDFs/SIGGRAPH_2024/Seamless_Parametrization_in_Penner_Coordinates.pdf	https://doi.org/10.1145/3658202	Seamless Parametrization in Penner Coordinates	SIGGRAPH 2024	89068284	1333570	1333570
obsidian-vault/paperPDFs/SIGGRAPH_ASIA_2023/Neural_Stochastic_Poisson_Surface_Reconstruction.pdf	https://dl.acm.org/doi/pdf/10.1145/3610548.3618162	Neural Stochastic Poisson Surface Reconstruction	SIGGRAPH ASIA 2023	87393283	2280788	2280788
obsidian-vault/paperPDFs/SIGGRAPH_ASIA_2025/SMF_Template_free_and_Rig_free_Animation_Transfer_using_Kinetic_Codes.pdf	https://dl.acm.org/doi/pdf/10.1145/3763309	SMF: Template-free and Rig-free Animation Transfer using Kinetic Codes	SIGGRAPH ASIA 2025	87082583	1089893	1089893
obsidian-vault/paperPDFs/SIGGRAPH_ASIA_2024/Fluid_Implicit_Particles_on_Coadjoint_Orbits.pdf	https://dl.acm.org/doi/pdf/10.1145/3687970	Fluid Implicit Particles on Coadjoint Orbits	SIGGRAPH ASIA 2024	86653905	2136674	2136674
obsidian-vault/paperPDFs/SIGGRAPH_ASIA_2023/Doppler_Time_of_Flight_Rendering.pdf	https://dl.acm.org/doi/pdf/10.1145/3618335	Doppler Time-of-Flight Rendering	SIGGRAPH ASIA 2023	85708001	3186757	3186757
obsidian-vault/paperPDFs/SIGGRAPH_ASIA_2025/GenLit_Reformulating_Single_Image_Relighting_as_Video_Generation.pdf	https://dl.acm.org/doi/pdf/10.1145/3757377.3763970	GenLit: Reformulating Single-Image Relighting as Video Generation	SIGGRAPH ASIA 2025	85676029	1042039	1042039
obsidian-vault/paperPDFs/SIGGRAPH_2025/AssetDropper_Asset_Extraction_via_Diffusion_Models_with_Reward-Driven_Optimization.pdf	http://arxiv.org/abs/2506.07738	AssetDropper: Asset Extraction via Diffusion Models with Reward-Driven Optimization	SIGGRAPH 2025	85626541	1226954	1226954
obsidian-vault/paperPDFs/SIGGRAPH_ASIA_2025/PractiLight_Practical_Light_Control_Using_Foundational_Diffusion_Models.pdf	https://dl.acm.org/doi/pdf/10.1145/3763342	PractiLight: Practical Light Control Using Foundational Diffusion Models	SIGGRAPH ASIA 2025	85599609	1241843	1241843
obsidian-vault/paperPDFs/SIGGRAPH_2025/Echoes_of_the_Coliseum_Towards_3D_Live_streaming_of_Sports_Events.pdf	https://dl.acm.org/doi/pdf/10.1145/3731214	Echoes of the Coliseum: Towards 3D Live streaming of Sports Events	SIGGRAPH 2025	84842124	4790810	4790810
obsidian-vault/paperPDFs/SIGGRAPH_2025/Putting_Rigid_Bodies_to_Rest.pdf	https://dl.acm.org/doi/pdf/10.1145/3731203	Putting Rigid Bodies to Rest	SIGGRAPH 2025	84712812	2325737	2325737
obsidian-vault/paperPDFs/SIGGRAPH_ASIA_2023/Fast_MSX_Fast_Multiple_Scattering_Approximation.pdf	https://doi.org/10.1145/3610548.3618231	Fast-MSX: Fast Multiple Scattering Approximation	SIGGRAPH ASIA 2023	84613113	1000949	1000949
obsidian-vault/paperPDFs/SIGGRAPH_ASIA_2023/An_Implicitly_Stable_Mixture_Model_for_Dynamic_Multi_fluid_Simulations.pdf	https://doi.org/10.1145/3610548.3618215	An Implicitly Stable Mixture Model for Dynamic Multi-fluid Simulations	SIGGRAPH ASIA 2023	84511332	586907	586907
obsidian-vault/paperPDFs/SIGGRAPH_2023/Deep_SVBRDF_Estimation_From_Single_Image_Under_Learned_Planar_Lighting.pdf	https://doi.org/10.1145/3588432.3591559	Deep SVBRDF Estimation From Single Image Under Learned Planar Lighting	SIGGRAPH 2023	83960757	548829	548829
obsidian-vault/paperPDFs/SIGGRAPH_ASIA_2025/A_compact_stochastic_representation_for_Monte_Carlo_Path_Traced_images.pdf	https://dl.acm.org/doi/pdf/10.1145/3757377.3763846	A compact stochastic representation for Monte Carlo Path Traced images	SIGGRAPH ASIA 2025	83749606	5129110	5129110
obsidian-vault/paperPDFs/SIGGRAPH_2023/Computational_Long_Exposure_Mobile_Photography.pdf	https://motion-mode.github.io/	Computational Long Exposure Mobile Photography	SIGGRAPH 2023	83665799	3743979	3743979
obsidian-vault/paperPDFs/SIGGRAPH_ASIA_2024/FaceMap_Distortion_Driven_Perceptual_Facial_Saliency_Maps.pdf	https://media.githubusercontent.com/media/facebookresearch/FaceMap/main/paper/FaceMap__Distortion_Driven_Perceptual_Facial_Saliency_Maps.pdf	FaceMap: Distortion-Driven Perceptual Facial Saliency Maps	SIGGRAPH ASIA 2024	83482059	991166	991166
obsidian-vault/paperPDFs/SIGGRAPH_ASIA_2025/Variational_Neural_Surfacing_of_3D_Sketches.pdf	https://dl.acm.org/doi/pdf/10.1145/3757377.3763900	Variational Neural Surfacing of 3D Sketches	SIGGRAPH ASIA 2025	83179053	1346651	1346651
obsidian-vault/paperPDFs/SIGGRAPH_2026/Broadband_Hyperspectral_3D_Imaging_using_Dispersed_Structured_Light.pdf	https://s2026.conference-schedule.org/?post_type=page&p=15&id=papers_463&sess=sess147	Broadband Hyperspectral 3D Imaging using Dispersed Structured Light	SIGGRAPH 2026	82786911	1774851	1774851
obsidian-vault/paperPDFs/SIGGRAPH_2024/Lifting_Directional_Fields_to_Minimal_Sections.pdf	https://doi.org/10.1145/3658198	Lifting Directional Fields to Minimal Sections	SIGGRAPH 2024	82601504	1405352	1405352
obsidian-vault/paperPDFs/SIGGRAPH_ASIA_2023/Computational_Design_of_LEGO_Sketch_Art.pdf	https://dl.acm.org/doi/pdf/10.1145/3618306	Computational Design of LEGO Sketch Art	SIGGRAPH ASIA 2023	82225175	1349992	1349992
obsidian-vault/paperPDFs/SIGGRAPH_ASIA_2025/SOF_Sorted_Opacity_Fields_for_Fast_Unbounded_Surface_Reconstruction.pdf	https://dl.acm.org/doi/pdf/10.1145/3757377.3763933	SOF: Sorted Opacity Fields for Fast Unbounded Surface Reconstruction	SIGGRAPH ASIA 2025	82197851	778567	778567
obsidian-vault/paperPDFs/SIGGRAPH_ASIA_2024/Architectural_Co_LOD_Generation.pdf	https://vcc.tech/research/2024/CoLOD	Architectural Co-LOD Generation	SIGGRAPH ASIA 2024	82134429	2674272	2674272
obsidian-vault/paperPDFs/SIGGRAPH_ASIA_2023/Reconstruction_of_Machine_Made_Shapes_from_Bitmap_Sketches.pdf	https://dl.acm.org/doi/pdf/10.1145/3618361	Reconstruction of Machine-Made Shapes from Bitmap Sketches	SIGGRAPH ASIA 2023	82128319	1795090	1795090
obsidian-vault/paperPDFs/SIGGRAPH_2025/Splat_and_Replace_3D_Reconstruction_with_Repetitive_Elements.pdf	https://dl.acm.org/doi/pdf/10.1145/3721238.3730727	Splat and Replace: 3D Reconstruction with Repetitive Elements	SIGGRAPH 2025	81748169	1349926	1349926
obsidian-vault/paperPDFs/SIGGRAPH_2024/GPU_accelerated_Rendering_of_Vector_Brush_Strokes.pdf	https://dl.acm.org/doi/pdf/10.1145/3641519.3657418	GPU-accelerated Rendering of Vector Brush Strokes	SIGGRAPH 2024	81572299	1114210	1114210
obsidian-vault/paperPDFs/SIGGRAPH_2023/Local_Deformation_for_Interactive_Shape_Editing.pdf	https://www.cs.columbia.edu/cg/local-deformation/	Local Deformation for Interactive Shape Editing	SIGGRAPH 2023	81386275	1410043	1410043
obsidian-vault/paperPDFs/SIGGRAPH_2024/TensoSDF_Roughness_aware_Tensorial_Representation_for_Robust_Geometry_and_Material_Reconstruction.pdf	https://doi.org/10.1145/3658211	TensoSDF: Roughness-aware Tensorial Representation for Robust Geometry and Material Reconstruction	SIGGRAPH 2024	81165801	2035773	2035773
obsidian-vault/paperPDFs/SIGGRAPH_2024/Efficient_Position_based_Deformable_Colon_Modeling_for_Endoscopic_Procedures_Simulation.pdf	https://www.inf.ufrgs.br/vislab/sig24/	Efficient Position-based Deformable Colon Modeling for Endoscopic Procedures Simulation	SIGGRAPH 2024	80943807	639250	639250
obsidian-vault/paperPDFs/SIGGRAPH_ASIA_2024/Dynamic_Neural_Radiosity_with_Multi_grid_Decomposition.pdf	https://dl.acm.org/doi/pdf/10.1145/3680528.3687685	Dynamic Neural Radiosity with Multi-grid Decomposition	SIGGRAPH ASIA 2024	80791119	1069237	1069237
obsidian-vault/paperPDFs/SIGGRAPH_ASIA_2025/Solid_Shell_Labeling_for_Discrete_Surfaces.pdf	https://dl.acm.org/doi/pdf/10.1145/3757377.3763847	Solid-Shell Labeling for Discrete Surfaces	SIGGRAPH ASIA 2025	80568703	1074477	1074477
obsidian-vault/paperPDFs/SIGGRAPH_ASIA_2025/Self_supervised_Underwater_Color_Restoration_via_Wavelet_Diffusion_Model_with_Filtered_Multi_Scale_Feature_Distillation.pdf	https://dl.acm.org/doi/pdf/10.1145/3757377.3763999	Self-supervised Underwater Color Restoration via Wavelet-Diffusion Model with Filtered Multi-Scale Feature Distillation	SIGGRAPH ASIA 2025	80547673	1155708	1155708
obsidian-vault/paperPDFs/SIGGRAPH_2024/Stylized_Rendering_as_a_Function_of_Expectation.pdf	https://dl.acm.org/doi/pdf/10.1145/3658161	Stylized Rendering as a Function of Expectation	SIGGRAPH 2024	80411206	1888186	1888186
obsidian-vault/paperPDFs/SIGGRAPH_ASIA_2022/Mixed_Variational_Finite_Elements_for_Implicit_Simulation_of_Deformables.pdf	https://doi.org/10.1145/3550469.3555418	Mixed Variational Finite Elements for Implicit Simulation of Deformables	SIGGRAPH ASIA 2022	80383930	653230	653230
obsidian-vault/paperPDFs/SIGGRAPH_2025/PS_CAD_Local_Geometry_Guidance_via_Prompting_and_Selection_for_CAD_Reconstruction.pdf	https://dl.acm.org/doi/pdf/10.1145/3733595	PS-CAD: Local Geometry Guidance via Prompting and Selection for CAD Reconstruction	SIGGRAPH 2025	79754120	1325770	1325770
obsidian-vault/paperPDFs/SIGGRAPH_2023/SpongeCake_A_Layered_Microflake_Surface_Appearance_Model.pdf	https://wangningbei.github.io/2022/SpongeCake.html	SpongeCake: A Layered Microflake Surface Appearance Model	SIGGRAPH 2023	79722821	2085323	2085323
obsidian-vault/paperPDFs/SIGGRAPH_2023/PCBend_Light_Up_Your_3D_Shapes_With_Foldable_Circuit_Boards.pdf	https://visualcomputing.ist.ac.at/publications/2023/PLUY3SWFCB/	PCBend: Light Up Your 3D Shapes With Foldable Circuit Boards	SIGGRAPH 2023	79687010	1137352	1137352
obsidian-vault/paperPDFs/SIGGRAPH_ASIA_2023/TwinTex_Geometry_aware_Texture_Generation_for_Abstracted_3D_Architectural_Models.pdf	https://dl.acm.org/doi/pdf/10.1145/3618328	TwinTex: Geometry-aware Texture Generation for Abstracted 3D Architectural Models	SIGGRAPH ASIA 2023	79682881	1186598	1186598
obsidian-vault/paperPDFs/SIGGRAPH_2022/SPCBPT_Subspace_based_Probabilistic_Connections_for_Bidirectional_Path_Tracing.pdf	https://ssufujia.github.io/SPCBPT/	SPCBPT: Subspace-based Probabilistic Connections for Bidirectional Path Tracing	SIGGRAPH 2022	79417288	1053743	1053743
obsidian-vault/paperPDFs/SIGGRAPH_2024/From_Microfacets_to_Participating_Media_A_Unified_Theory_of_Light_Transport_With_Stochastic_Geometry.pdf	https://dl.acm.org/doi/pdf/10.1145/3658121	From Microfacets to Participating Media: A Unified Theory of Light Transport With Stochastic Geometry	SIGGRAPH 2024	79224364	2963723	2963723
obsidian-vault/paperPDFs/SIGGRAPH_ASIA_2023/Neural_Singular_Hessian_Implicit_Neural_Representation_of_Unoriented_Point_Clouds_by_Enforcing_Singular_Hessian.pdf	https://dl.acm.org/doi/pdf/10.1145/3618311	Neural-Singular-Hessian: Implicit Neural Representation of Unoriented Point Clouds by Enforcing Singular Hessian	SIGGRAPH ASIA 2023	79024065	2733357	2733357
obsidian-vault/paperPDFs/TOG_2022/DeepPhase_periodic_autoencoders_for_learning_motion_phase_manifolds.pdf	https://doi.org/10.1145/3528223.3530178	DeepPhase: periodic autoencoders for learning motion phase manifolds	TOG 2022	78681518	920628	920628
obsidian-vault/paperPDFs/SIGGRAPH_2024/StopThePop_Sorted_Gaussian_Splatting_for_View_consistent_Real_time_Rendering.pdf	https://doi.org/10.1145/3658187	StopThePop: Sorted Gaussian Splatting for View-consistent Real-time Rendering	SIGGRAPH 2024	77706922	1712845	1712845
obsidian-vault/paperPDFs/SIGGRAPH_ASIA_2025/S_sup_3_sup_Imagery_u_S_u_pecular_u_S_u_hading_from_u_S_u_cratch_Anisotropy.pdf	https://dl.acm.org/doi/pdf/10.1145/3757377.3763928	"S
                    <sup>3</sup>
                    Imagery:
                    <u>S</u>
                    pecular
                    <u>S</u>
                    hading from
                    <u>S</u>
                    cratch-Anisotropy"	SIGGRAPH ASIA 2025	77661166	1731836	1731836
obsidian-vault/paperPDFs/SIGGRAPH_ASIA_2023/Single_Image_3D_Human_Digitization_with_Shape_guided_Diffusion.pdf	https://dl.acm.org/doi/pdf/10.1145/3610548.3618153	Single-Image 3D Human Digitization with Shape-guided Diffusion	SIGGRAPH ASIA 2023	77062150	1114001	1114001
obsidian-vault/paperPDFs/SIGGRAPH_ASIA_2025/StereoFG_Generating_Stereo_Frames_from_Centered_Feature_Stream.pdf	https://dl.acm.org/doi/pdf/10.1145/3757377.3763965	StereoFG: Generating Stereo Frames from Centered Feature Stream	SIGGRAPH ASIA 2025	76904039	1121805	1121805
obsidian-vault/paperPDFs/SIGGRAPH_2023/Inverse_Global_Illumination_Using_a_Neural_Radiometric_Prior.pdf	https://inverse-neural-radiosity.github.io/	Inverse Global Illumination Using a Neural Radiometric Prior	SIGGRAPH 2023	76623644	2718160	2718160
obsidian-vault/paperPDFs/SIGGRAPH_2023/MesoGen_Designing_Procedural_On_surface_Stranded_Mesostructures.pdf	https://eliemichel.github.io/MesoGen/	MesoGen: Designing Procedural On-surface Stranded Mesostructures	SIGGRAPH 2023	75833750	1791837	1791837
obsidian-vault/paperPDFs/SIGGRAPH_2024/Creating_LEGO_Figurines_From_Single_Images.pdf	https://doi.org/10.1145/3658167	Creating LEGO Figurines From Single Images	SIGGRAPH 2024	75236050	1453166	1453166
obsidian-vault/paperPDFs/SIGGRAPH_ASIA_2022/MIPNet_Neural_Normal_to_Anisotropic_Roughness_MIP_mapping.pdf	https://perso.telecom-paristech.fr/boubek/papers/MIPNet/	MIPNet: Neural Normal-to-Anisotropic-Roughness MIP mapping	SIGGRAPH ASIA 2022	75044786	2036418	2036418
obsidian-vault/paperPDFs/SIGGRAPH_2024/Proxy_Tracing_Unbiased_Reciprocal_Estimation_for_Optimized_Sampling_in_BDPT.pdf	https://doi.org/10.1145/3658216	Proxy Tracing: Unbiased Reciprocal Estimation for Optimized Sampling in BDPT	SIGGRAPH 2024	74949824	1807583	1807583
obsidian-vault/paperPDFs/SIGGRAPH_2024/Learning_Images_Across_Scales_Using_Adversarial_Training.pdf	https://doi.org/10.1145/3658190	Learning Images Across Scales Using Adversarial Training	SIGGRAPH 2024	74902575	4580202	4580202
obsidian-vault/paperPDFs/SIGGRAPH_2023/Polynomial_2D_Green_Coordinates_for_Polygonal_Cages.pdf	https://dl.acm.org/doi/pdf/10.1145/3588432.3591499	Polynomial 2D Green Coordinates for Polygonal Cages	SIGGRAPH 2023	74800020	1177781	1177781
obsidian-vault/paperPDFs/SIGGRAPH_2025/Quadric_Based_Silhouette_Sampling_for_Differentiable_Rendering.pdf	https://dl.acm.org/doi/pdf/10.1145/3731146	Quadric-Based Silhouette Sampling for Differentiable Rendering	SIGGRAPH 2025	74539408	2168065	2168065
obsidian-vault/paperPDFs/SIGGRAPH_2024/LightFormer_Light_oriented_Global_Neural_Rendering_in_Dynamic_Scene.pdf	https://doi.org/10.1145/3658229	LightFormer: Light-oriented Global Neural Rendering in Dynamic Scene	SIGGRAPH 2024	74454711	1528379	1528379
obsidian-vault/paperPDFs/SIGGRAPH_ASIA_2023/Neural_Packing_from_Visual_Sensing_to_Reinforcement_Learning.pdf	https://dl.acm.org/doi/pdf/10.1145/3618354	Neural Packing: from Visual Sensing to Reinforcement Learning	SIGGRAPH ASIA 2023	74172850	1128197	1128197
obsidian-vault/paperPDFs/SIGGRAPH_2022/Stroke_Transfer_Example_based_Synthesis_of_Animatable_Stroke_Styles.pdf	http://www.cg.it.aoyama.ac.jp/yonghao/sig22/abstsig22.html	Stroke Transfer: Example-based Synthesis of Animatable Stroke Styles	SIGGRAPH 2022	74127892	873036	873036
obsidian-vault/paperPDFs/SIGGRAPH_2024/FlexScale_Modeling_and_Characterization_of_Flexible_Scaled_Sheets.pdf	https://doi.org/10.1145/3658175	FlexScale: Modeling and Characterization of Flexible Scaled Sheets	SIGGRAPH 2024	73848353	4629719	4629719
obsidian-vault/paperPDFs/SIGGRAPH_ASIA_2025/ShapeGen_Towards_High_Quality_3D_Shape_Synthesis.pdf	https://dl.acm.org/doi/pdf/10.1145/3757377.3763812	ShapeGen: Towards High-Quality 3D Shape Synthesis	SIGGRAPH ASIA 2025	73841724	1142216	1142216
obsidian-vault/paperPDFs/SIGGRAPH_2025/MiSo_A_DSL_for_robust_and_efficient_MINIMIZE_and_SOLVE_problems.pdf	https://dl.acm.org/doi/pdf/10.1145/3731207	MiSo: A DSL for robust and efficient MINIMIZE and SOLVE problems	SIGGRAPH 2025	73700448	691778	691778
obsidian-vault/paperPDFs/SIGGRAPH_2026/The_Antipodal_Method_Fast_Accurate_and_Robust_3D_Generalized_Winding_Numbers.pdf	https://s2026.conference-schedule.org/?post_type=page&p=15&id=papers_570&sess=sess149	The Antipodal Method: Fast, Accurate, and Robust 3D Generalized Winding Numbers	SIGGRAPH 2026	73623287	3809324	3809324
obsidian-vault/paperPDFs/SIGGRAPH_ASIA_2022/Learning_Reconstructability_for_Drone_Aerial_Path_Planning.pdf	https://dl.acm.org/doi/pdf/10.1145/3550454.3555433	Learning Reconstructability for Drone Aerial Path Planning	SIGGRAPH ASIA 2022	73619730	1566217	1566217
obsidian-vault/paperPDFs/TOG_2019/Neural_State_Machine_for_Character_Scene_Interactions.pdf	https://doi.org/10.1145/3355089.3356505	Neural State Machine for Character-Scene Interactions	TOG 2019	73292879	792872	792872
obsidian-vault/paperPDFs/TOG_2024/Categorical_Codebook_Matching_for_Embodied_Character_Controllers.pdf	https://doi.org/10.1145/3658209	Categorical Codebook Matching for Embodied Character Controllers	TOG 2024	73184948	891106	891106
obsidian-vault/paperPDFs/SIGGRAPH_2023/NeuSample_Importance_Sampling_for_Neural_Materials.pdf	https://dl.acm.org/doi/pdf/10.1145/3588432.3591524	NeuSample: Importance Sampling for Neural Materials	SIGGRAPH 2023	73173389	1423386	1423386
obsidian-vault/paperPDFs/CVPR_2026/Gen3R_3D_Scene_Generation_Meets_Feed_Forward_Reconstruction.pdf	https://arxiv.org/abs/2601.04090	Gen3R: 3D Scene Generation Meets Feed-Forward Reconstruction	CVPR 2026	73015937	1236958	1236958
obsidian-vault/paperPDFs/SIGGRAPH_ASIA_2022/Woven_Fabric_Capture_from_a_Single_Photo.pdf	https://wangningbei.github.io/2022/Fabrics.html	Woven Fabric Capture from a Single Photo	SIGGRAPH ASIA 2022	72585071	3455111	3455111
obsidian-vault/paperPDFs/SIGGRAPH_ASIA_2025/InfiniHuman_Realistic_3D_Human_Creation_with_Precise_Control.pdf	https://dl.acm.org/doi/pdf/10.1145/3757377.3763815	InfiniHuman: Realistic 3D Human Creation with Precise Control	SIGGRAPH ASIA 2025	72569022	4573185	4573185
obsidian-vault/paperPDFs/SIGGRAPH_2024/Self_Supervised_High_Dynamic_Range_Imaging_What_Can_Be_Learned_from_a_Single_8_bit_Video.pdf	https://doi.org/10.1145/3648570	Self-Supervised High Dynamic Range Imaging: What Can Be Learned from a Single 8-bit Video?	SIGGRAPH 2024	72559857	1167803	1167803
obsidian-vault/paperPDFs/SIGGRAPH_ASIA_2025/Spectral_Prefiltering_of_Neural_Fields.pdf	https://dl.acm.org/doi/pdf/10.1145/3757377.3763901	Spectral Prefiltering of Neural Fields	SIGGRAPH ASIA 2025	72520227	3612899	3612899
obsidian-vault/paperPDFs/SIGGRAPH_ASIA_2023/GarmentCode_Programming_Parametric_Sewing_Patterns.pdf	https://doi.org/10.1145/3618351	GarmentCode: Programming Parametric Sewing Patterns	SIGGRAPH ASIA 2023	72485025	986046	986046
obsidian-vault/paperPDFs/SIGGRAPH_2023/The_Visual_Language_of_Fabrics.pdf	https://valentin.deschaintre.fr/text2fabric	The Visual Language of Fabrics	SIGGRAPH 2023	72175081	2364508	2364508
obsidian-vault/paperPDFs/SIGGRAPH_ASIA_2025/Autoregressive_Generation_of_Static_and_Growing_Trees.pdf	https://dl.acm.org/doi/pdf/10.1145/3757377.3763818	Autoregressive Generation of Static and Growing Trees	SIGGRAPH ASIA 2025	71664040	1317394	1317394
obsidian-vault/paperPDFs/SIGGRAPH_2026/Complex_Valued_Holographic_Radiance_Fields.pdf	https://s2026.conference-schedule.org/?post_type=page&p=15&id=paperstog_133&sess=sess132	Complex-Valued Holographic Radiance Fields	SIGGRAPH 2026	70892817	4074490	4074490
obsidian-vault/paperPDFs/SIGGRAPH_ASIA_2025/PoissonNet_A_Local_Global_Approach_for_Learning_on_Surfaces.pdf	https://dl.acm.org/doi/pdf/10.1145/3763298	PoissonNet: A Local-Global Approach for Learning on Surfaces	SIGGRAPH ASIA 2025	70798335	2764600	2764600
obsidian-vault/paperPDFs/SIGGRAPH_2023/Deep_Appearance_Prefiltering.pdf	http://civc.ucsb.edu/graphics/Papers/TOG2022_DAP/	Deep Appearance Prefiltering	SIGGRAPH 2023	70716290	2134381	2134381
obsidian-vault/paperPDFs/SIGGRAPH_2024/Neural_Monte_Carlo_Fluid_Simulation.pdf	https://doi.org/10.1145/3641519.3657438	Neural Monte Carlo Fluid Simulation	SIGGRAPH 2024	70500446	1332525	1332525
obsidian-vault/paperPDFs/SIGGRAPH_ASIA_2023/Multiple_bounce_Smith_Microfacet_BRDFs_using_the_Invariance_Principle.pdf	https://doi.org/10.1145/3610548.3618198	Multiple-bounce Smith Microfacet BRDFs using the Invariance Principle	SIGGRAPH ASIA 2023	70431786	1766195	1766195
obsidian-vault/paperPDFs/SIGGRAPH_2024/A_Fully_correlated_Anisotropic_Micrograin_BSDF_Model.pdf	https://dl.acm.org/doi/pdf/10.1145/3658224	A Fully-correlated Anisotropic Micrograin BSDF Model	SIGGRAPH 2024	70153965	1234817	1234817
obsidian-vault/paperPDFs/SIGGRAPH_2022/MoRF_Morphable_Radiance_Fields_for_Multiview_Neural_Head_Modeling.pdf	https://studios.disneyresearch.com/2022/07/24/morf-morphable-radiance-fields-for-multiview-neural-head-modeling/	MoRF: Morphable Radiance Fields for Multiview Neural Head Modeling	SIGGRAPH 2022	69898651	694497	694497
obsidian-vault/paperPDFs/SIGGRAPH_ASIA_2024/C_0_Generalized_Coons_Patches_for_High_order_Cage_based_Deformation.pdf	https://dl.acm.org/doi/pdf/10.1145/3687972	C^0 Generalized Coons Patches for High-order Cage-based Deformation	SIGGRAPH ASIA 2024	69473155	5043458	5043458
obsidian-vault/paperPDFs/SIGGRAPH_2022/VEMPIC_Particle_in_polyhedron_Fluid_Simulation_for_Intricate_Solid_Boundaries.pdf	https://www.dgp.toronto.edu/projects/vempic/	VEMPIC: Particle-in-polyhedron Fluid Simulation for Intricate Solid Boundaries	SIGGRAPH 2022	69421561	1287317	1287317
obsidian-vault/paperPDFs/SIGGRAPH_ASIA_2023/MetaLayer_A_Meta_learned_BSDF_Model_for_Layered_Materials.pdf	https://doi.org/10.1145/3618365	MetaLayer: A Meta-learned BSDF Model for Layered Materials	SIGGRAPH ASIA 2023	69414814	2784203	2784203
obsidian-vault/paperPDFs/SIGGRAPH_2023/Neural_Partitioning_Pyramids_for_Denoising_Monte_Carlo_Renderings.pdf	https://dl.acm.org/doi/pdf/10.1145/3588432.3591562	Neural Partitioning Pyramids for Denoising Monte Carlo Renderings	SIGGRAPH 2023	69104572	4349346	4349346
obsidian-vault/paperPDFs/SIGGRAPH_ASIA_2024/A_class_of_new_tuned_primal_subdivision_schemes_with_high_quality_limit_surface_in_extraordinary_regions.pdf	https://dl.acm.org/doi/pdf/10.1145/3687987	A class of new tuned primal subdivision schemes with high-quality limit surface in extraordinary regions	SIGGRAPH ASIA 2024	68819980	5757144	5757144
obsidian-vault/paperPDFs/SIGGRAPH_2023/High_order_Incremental_Potential_Contact_for_Elastodynamic_Simulation_on_Curved_Meshes.pdf	https://zferg.us/research/high-order-ipc/	High-order Incremental Potential Contact for Elastodynamic Simulation on Curved Meshes	SIGGRAPH 2023	68534964	666902	666902
obsidian-vault/paperPDFs/SIGGRAPH_ASIA_2025/Computational_Modeling_and_Design_of_Capacitive_Stretch_Sensors.pdf	https://dl.acm.org/doi/pdf/10.1145/3763274	Computational Modeling and Design of Capacitive Stretch Sensors	SIGGRAPH ASIA 2025	68484676	3622331	3622331
obsidian-vault/paperPDFs/SIGGRAPH_ASIA_2025/One_String_to_Pull_Them_All_Fast_Assembly_of_Curved_Structures_from_Flat_Auxetic_Linkages.pdf	https://dl.acm.org/doi/pdf/10.1145/3763357	One String to Pull Them All: Fast Assembly of Curved Structures from Flat Auxetic Linkages	SIGGRAPH ASIA 2025	67961634	1432599	1432599
obsidian-vault/paperPDFs/SIGGRAPH_2022/Regression_based_Monte_Carlo_Integration.pdf	https://sampling.mpi-inf.mpg.de/2022-salaun-regressionmc.html	Regression-based Monte Carlo Integration	SIGGRAPH 2022	67791130	1820781	1820781
obsidian-vault/paperPDFs/SIGGRAPH_ASIA_2022/Efficient_Light_Probes_for_Real_time_Global_Illumination.pdf	https://doi.org/10.1145/3550454.3555452	Efficient Light Probes for Real-time Global Illumination	SIGGRAPH ASIA 2022	67623040	2998680	2998680
obsidian-vault/paperPDFs/SIGGRAPH_ASIA_2022/Stochastic_Poisson_Surface_Reconstruction.pdf	https://www.dgp.toronto.edu/projects/stochastic-psr/	Stochastic Poisson Surface Reconstruction	SIGGRAPH ASIA 2022	67561254	3060909	3060909
obsidian-vault/paperPDFs/SIGGRAPH_ASIA_2024/BSDF_importance_sampling_using_a_diffusion_model.pdf	https://fzy28.github.io/BSDF_diffusion_sampling_web/	BSDF importance sampling using a diffusion model	SIGGRAPH ASIA 2024	67191202	1461004	1461004
obsidian-vault/paperPDFs/SIGGRAPH_ASIA_2024/GFFE_G_buffer_Free_Frame_Extrapolation_for_Low_latency_Real_time_Rendering.pdf	https://dl.acm.org/doi/pdf/10.1145/3687923	GFFE: G-buffer Free Frame Extrapolation for Low-latency Real-time Rendering	SIGGRAPH ASIA 2024	67134045	1081769	1081769
obsidian-vault/paperPDFs/SIGGRAPH_2024/Spatial_and_Surface_Correspondence_Field_for_Interaction_Transfer.pdf	https://doi.org/10.1145/3658169	Spatial and Surface Correspondence Field for Interaction Transfer	SIGGRAPH 2024	66935774	1991341	1991341
obsidian-vault/paperPDFs/SIGGRAPH_ASIA_2023/Manifold_Path_Guiding_for_Importance_Sampling_Specular_Chains.pdf	https://dl.acm.org/doi/pdf/10.1145/3618360	Manifold Path Guiding for Importance Sampling Specular Chains	SIGGRAPH ASIA 2023	66889178	1426418	1426418
obsidian-vault/paperPDFs/SIGGRAPH_ASIA_2025/Gaussian_Integral_Linear_Operators_for_Precomputed_Graphics.pdf	https://dl.acm.org/doi/pdf/10.1145/3763321	Gaussian Integral Linear Operators for Precomputed Graphics	SIGGRAPH ASIA 2025	66311868	2887075	2887075
obsidian-vault/paperPDFs/SIGGRAPH_ASIA_2024/Curly_Cue_Geometric_Methods_for_Highly_Coiled_Hair.pdf	https://www.cs.yale.edu/homes/wu-haomiao/publication/curlyCue.html	Curly-Cue: Geometric Methods for Highly Coiled Hair	SIGGRAPH ASIA 2024	66305549	870000	870000
obsidian-vault/paperPDFs/SIGGRAPH_2025/Lightning_fast_Boundary_Element_Method.pdf	https://dl.acm.org/doi/pdf/10.1145/3731196	Lightning-fast Boundary Element Method	SIGGRAPH 2025	66226381	840843	840843
obsidian-vault/paperPDFs/SIGGRAPH_2025/Stochastic_Preconditioning_for_Neural_Field_Optimization.pdf	https://dl.acm.org/doi/pdf/10.1145/3731161	Stochastic Preconditioning for Neural Field Optimization	SIGGRAPH 2025	65973360	1079967	1079967
obsidian-vault/paperPDFs/SIGGRAPH_ASIA_2025/ASIA_Adaptive_3D_Segmentation_using_Few_Image_Annotations.pdf	https://dl.acm.org/doi/pdf/10.1145/3757377.3763821	ASIA: Adaptive 3D Segmentation using Few Image Annotations	SIGGRAPH ASIA 2025	65918994	932231	932231
obsidian-vault/paperPDFs/SIGGRAPH_ASIA_2025/The_Granule_In_Cell_Method_for_Simulating_Sand_Water_Mixtures.pdf	https://dl.acm.org/doi/pdf/10.1145/3763279	The Granule-In-Cell Method for Simulating Sand-Water Mixtures	SIGGRAPH ASIA 2025	65832858	973482	973482
obsidian-vault/paperPDFs/SIGGRAPH_2023/Real_time_Radiance_Fields_for_Single_image_Portrait_View_Synthesis.pdf	https://doi.org/10.1145/3592460	Real-time Radiance Fields for Single-image Portrait View Synthesis	SIGGRAPH 2023	65689465	1261905	1261905
obsidian-vault/paperPDFs/SIGGRAPH_2024/Versatile_Vision_Foundation_Model_for_Image_and_Video_Colorization.pdf	https://doi.org/10.1145/3641519.3657509	Versatile Vision Foundation Model for Image and Video Colorization	SIGGRAPH 2024	64946146	1043107	1043107
obsidian-vault/paperPDFs/SIGGRAPH_2024/Cyclogenesis_Simulating_Hurricanes_and_Tornadoes.pdf	https://dl.acm.org/doi/pdf/10.1145/3658149	Cyclogenesis: Simulating Hurricanes and Tornadoes	SIGGRAPH 2024	64836073	1602829	1602829
obsidian-vault/paperPDFs/SIGGRAPH_2024/SMERF_Streamable_Memory_Efficient_Radiance_Fields_for_Real_time_Large_scene_Exploration.pdf	https://doi.org/10.1145/3658193	SMERF: Streamable Memory Efficient Radiance Fields for Real-time Large-scene Exploration	SIGGRAPH 2024	64756103	1634476	1634476
obsidian-vault/paperPDFs/SIGGRAPH_ASIA_2022/Text2Light_Zero_shot_Text_driven_HDR_Panorama_Generation.pdf	https://frozenburning.github.io/projects/text2light/	Text2Light: Zero-shot Text-driven HDR Panorama Generation	SIGGRAPH ASIA 2022	64535435	2334664	2334664
obsidian-vault/paperPDFs/SIGGRAPH_2023/Dense_Interlocking_free_and_Scalable_Spectral_Packing_of_Generic_3D_Objects.pdf	https://dl.acm.org/doi/pdf/10.1145/3592126	Dense, Interlocking-free and Scalable Spectral Packing of Generic 3D Objects	SIGGRAPH 2023	64420396	1429090	1429090
obsidian-vault/paperPDFs/SIGGRAPH_ASIA_2025/Consecutive_Frame_Extrapolation_with_Predictive_Sparse_Shading.pdf	https://dl.acm.org/doi/pdf/10.1145/3763363	Consecutive Frame Extrapolation with Predictive Sparse Shading	SIGGRAPH ASIA 2025	64292389	2906897	2906897
obsidian-vault/paperPDFs/SIGGRAPH_2022/Rendering_Neural_Materials_on_Curved_Surfaces.pdf	https://cseweb.ucsd.edu/~viscomp/projects/CurvedNeuralMaterials/	Rendering Neural Materials on Curved Surfaces	SIGGRAPH 2022	64194792	1083545	1083545
obsidian-vault/paperPDFs/SIGGRAPH_ASIA_2025/HiWave_Training_Free_High_Resolution_Image_Generation_via_Wavelet_Based_Diffusion_Sampling.pdf	https://dl.acm.org/doi/pdf/10.1145/3757377.3763979	HiWave: Training-Free High-Resolution Image Generation via Wavelet-Based Diffusion Sampling	SIGGRAPH ASIA 2025	64135962	752515	752515
obsidian-vault/paperPDFs/WHITEPAPER_2025/Cosmos_Transfer2_5_World_Simulation_With_Video_Foundation_Models_for_Physical_AI.pdf	https://d1qx31qr3h6wln.cloudfront.net/publications/World_Simulation_with_Video_Foundation_Models_for_Physical_AI.pdf	Cosmos-Transfer2.5: World Simulation With Video Foundation Models for Physical AI	WHITEPAPER 2025	63930434	2025413	2025413
obsidian-vault/paperPDFs/SIGGRAPH_2024/Conditional_Mixture_Path_Guiding_for_Differentiable_Rendering.pdf	https://dl.acm.org/doi/pdf/10.1145/3658133	Conditional Mixture Path Guiding for Differentiable Rendering	SIGGRAPH 2024	63707974	2648785	2648785
obsidian-vault/paperPDFs/SIGGRAPH_ASIA_2022/Green_Coordinates_for_Triquad_Cages_in_3D.pdf	https://perso.telecom-paristech.fr/boubek/papers/QGC/	Green Coordinates for Triquad Cages in 3D	SIGGRAPH ASIA 2022	63621354	568566	568566
obsidian-vault/paperPDFs/SIGGRAPH_2025/Deformable_Beta_Splatting.pdf	https://openreview.net/pdf?id=676a6a4678	Deformable Beta Splatting	SIGGRAPH 2025	63388082	940706	940706
obsidian-vault/paperPDFs/SIGGRAPH_ASIA_2025/Imperfect_Image_Space_Control_Variates_for_Monte_Carlo_Rendering.pdf	https://dl.acm.org/doi/pdf/10.1145/3763335	Imperfect Image-Space Control Variates for Monte Carlo Rendering	SIGGRAPH ASIA 2025	63253441	2105140	2105140
obsidian-vault/paperPDFs/SIGGRAPH_2024/Toonify3D_StyleGAN_based_3D_Stylized_Face_Generator.pdf	https://dl.acm.org/doi/pdf/10.1145/3641519.3657480	Toonify3D: StyleGAN-based 3D Stylized Face Generator	SIGGRAPH 2024	63183830	1137847	1137847
obsidian-vault/paperPDFs/SIGGRAPH_2023/Motion_From_Shape_Change.pdf	https://dl.acm.org/doi/pdf/10.1145/3592417	Motion From Shape Change	SIGGRAPH 2023	62888014	1112657	1112657
obsidian-vault/paperPDFs/SIGGRAPH_2024/BoostMVSNeRFs_Boosting_MVS_based_NeRFs_to_Generalizable_View_Synthesis_in_Large_scale_Scenes.pdf	https://doi.org/10.1145/3641519.3657416	BoostMVSNeRFs: Boosting MVS-based NeRFs to Generalizable View Synthesis in Large-scale Scenes	SIGGRAPH 2024	62830032	1126438	1126438
obsidian-vault/paperPDFs/SIGGRAPH_2023/A_Realistic_Surface_based_Cloth_Rendering_Model.pdf	https://dl.acm.org/doi/pdf/10.1145/3588432.3591554	A Realistic Surface-based Cloth Rendering Model	SIGGRAPH 2023	62422677	669086	669086
obsidian-vault/paperPDFs/SIGGRAPH_2024/Matting_by_Generation.pdf	https://doi.org/10.1145/3641519.3657519	Matting by Generation	SIGGRAPH 2024	62391668	1124304	1124304
obsidian-vault/paperPDFs/SIGGRAPH_ASIA_2025/Virtually_Being_Customizing_Camera_Controllable_Video_Diffusion_Models_with_Volumetric_Performance_Captures.pdf	https://dl.acm.org/doi/pdf/10.1145/3757377.3763888	Virtually Being: Customizing Camera-Controllable Video Diffusion Models with Volumetric Performance Captures	SIGGRAPH ASIA 2025	62105278	953536	953536
obsidian-vault/paperPDFs/SIGGRAPH_ASIA_2024/OLAT_Gaussians_for_Generic_Relightable_Appearance_Acquisition.pdf	https://musinghead.github.io/projects/olat_gaussians/	OLAT Gaussians for Generic Relightable Appearance Acquisition	SIGGRAPH ASIA 2024	61981045	431361	431361
obsidian-vault/paperPDFs/SIGGRAPH_ASIA_2025/Numerical_Homogenization_of_Sand_from_Grain_level_Simulations.pdf	https://dl.acm.org/doi/pdf/10.1145/3763344	Numerical Homogenization of Sand from Grain-level Simulations	SIGGRAPH ASIA 2025	61709425	6109939	6109939
obsidian-vault/paperPDFs/SIGGRAPH_2024/Singular_Foliations_for_Knit_Graph_Design.pdf	https://dl.acm.org/doi/pdf/10.1145/3641519.3657487	Singular Foliations for Knit Graph Design	SIGGRAPH 2024	61444964	779489	779489
obsidian-vault/paperPDFs/SIGGRAPH_ASIA_2025/Kinetic_Free_Surface_Flows_and_Foams_with_Sharp_Interfaces.pdf	https://dl.acm.org/doi/pdf/10.1145/3763288	Kinetic Free-Surface Flows and Foams with Sharp Interfaces	SIGGRAPH ASIA 2025	61411591	1596150	1596150
obsidian-vault/paperPDFs/CVPR_2026/UARE_A_Unified_Vision_Language_Model_for_Image_Quality_Assessment_Restoration_and_Enhancement.pdf	https://arxiv.org/abs/2512.06750	UARE: A Unified Vision-Language Model for Image Quality Assessment, Restoration, and Enhancement	CVPR 2026	61357585	1859253	1859253
obsidian-vault/paperPDFs/CVPR_2026/VerseCrafter_Dynamic_Realistic_Video_World_Model_with_4D_Geometric_Control.pdf	https://arxiv.org/abs/2601.05138	VerseCrafter: Dynamic Realistic Video World Model with 4D Geometric Control	CVPR 2026	61263792	2685933	2685933
obsidian-vault/paperPDFs/SIGGRAPH_2025/Collaborative_On_Sensor_Array_Cameras.pdf	https://dl.acm.org/doi/pdf/10.1145/3731200	Collaborative On-Sensor Array Cameras	SIGGRAPH 2025	61219884	1298661	1298661
obsidian-vault/paperPDFs/SIGGRAPH_2024/Woven_Fabric_Capture_With_a_Reflection_transmission_Photo_Pair.pdf	https://doi.org/10.1145/3641519.3657410	Woven Fabric Capture With a Reflection-transmission Photo Pair	SIGGRAPH 2024	61001944	1627336	1627336
obsidian-vault/paperPDFs/SIGGRAPH_2024/CWF_Consolidating_Weak_Features_in_High_quality_Mesh_Simplification.pdf	https://doi.org/10.1145/3658159	CWF: Consolidating Weak Features in High-quality Mesh Simplification	SIGGRAPH 2024	60936247	1181726	1181726
obsidian-vault/paperPDFs/SIGGRAPH_ASIA_2025/A_Highly_Efficient_Hybrid_Simulation_System_for_Flight_Controller_Design_and_Evaluation_of_Unmanned_Aerial_Vehicles.pdf	https://dl.acm.org/doi/pdf/10.1145/3763283	A Highly-Efficient Hybrid Simulation System for Flight Controller Design and Evaluation of Unmanned Aerial Vehicles	SIGGRAPH ASIA 2025	60847882	1350549	1350549
obsidian-vault/paperPDFs/SIGGRAPH_ASIA_2023/Scene_aware_Activity_Program_Generation_with_Language_Guidance.pdf	https://dl.acm.org/doi/pdf/10.1145/3618338	Scene-aware Activity Program Generation with Language Guidance	SIGGRAPH ASIA 2023	60706989	2485825	2485825
obsidian-vault/paperPDFs/SIGGRAPH_ASIA_2025/Overlap_Region_Extraction_of_Two_NURBS_Surfaces.pdf	https://dl.acm.org/doi/pdf/10.1145/3763308	Overlap Region Extraction of Two NURBS Surfaces	SIGGRAPH ASIA 2025	60688082	2396308	2396308
obsidian-vault/paperPDFs/SIGGRAPH_ASIA_2022/NeRFFaceEditing_Disentangled_Face_Editing_in_Neural_Radiance_Fields.pdf	https://dl.acm.org/doi/pdf/10.1145/3550469.3555377	NeRFFaceEditing: Disentangled Face Editing in Neural Radiance Fields	SIGGRAPH ASIA 2022	60262886	577097	577097
obsidian-vault/paperPDFs/SIGGRAPH_2022/Alpha_Wrapping_With_an_Offset.pdf	https://dl.acm.org/doi/pdf/10.1145/3528223.3530152	Alpha Wrapping With an Offset	SIGGRAPH 2022	60227285	1598711	1598711
obsidian-vault/paperPDFs/SIGGRAPH_2023/An_Elastic_Basis_for_Spectral_Shape_Correspondence.pdf	https://dl.acm.org/doi/pdf/10.1145/3588432.3591518	An Elastic Basis for Spectral Shape Correspondence	SIGGRAPH 2023	60032992	1059402	1059402
obsidian-vault/paperPDFs/SIGGRAPH_ASIA_2024/Millimetric_Human_Surface_Capture_in_Minutes.pdf	https://dl.acm.org/doi/pdf/10.1145/3680528.3687690	Millimetric Human Surface Capture in Minutes	SIGGRAPH ASIA 2024	60011966	1221970	1221970
obsidian-vault/paperPDFs/SIGGRAPH_2023/NeRF_Texture_Texture_Synthesis_With_Neural_Radiance_Fields.pdf	https://dl.acm.org/doi/pdf/10.1145/3588432.3591484	NeRF-Texture: Texture Synthesis With Neural Radiance Fields	SIGGRAPH 2023	59971918	1048277	1048277
obsidian-vault/paperPDFs/SIGGRAPH_2023/Pyramid_Texture_Filtering.pdf	https://rewindl.github.io/pyramid_texture_filtering/	Pyramid Texture Filtering	SIGGRAPH 2023	59931554	2755355	2755355
obsidian-vault/paperPDFs/SIGGRAPH_2023/Variational_Shape_Reconstruction_via_Quadric_Error_Metrics.pdf	https://dl.acm.org/doi/pdf/10.1145/3588432.3591529	Variational Shape Reconstruction via Quadric Error Metrics	SIGGRAPH 2023	59770723	956945	956945
obsidian-vault/paperPDFs/SIGGRAPH_2022/MatFormer_A_Generative_Model_for_Procedural_Materials.pdf	https://paulguerrero.net/matformer/	MatFormer: A Generative Model for Procedural Materials	SIGGRAPH 2022	59736416	759231	759231
obsidian-vault/paperPDFs/SIGGRAPH_2024/Lite2Relight_3D_aware_Single_Image_Portrait_Relighting.pdf	https://doi.org/10.1145/3641519.3657470	Lite2Relight: 3D-aware Single Image Portrait Relighting	SIGGRAPH 2024	59667108	797479	797479
obsidian-vault/paperPDFs/SIGGRAPH_ASIA_2023/Conditional_Resampled_Importance_Sampling_and_ReSTIR.pdf	https://dl.acm.org/doi/pdf/10.1145/3610548.3618245	Conditional Resampled Importance Sampling and ReSTIR	SIGGRAPH ASIA 2023	59363615	2696627	2696627
obsidian-vault/paperPDFs/SIGGRAPH_ASIA_2024/MiNNIE_a_Mixed_Multigrid_Method_for_Real_time_Simulation_of_Nonlinear_Near_Incompressible_Elastics.pdf	https://dl.acm.org/doi/pdf/10.1145/3687758	MiNNIE: a Mixed Multigrid Method for Real-time Simulation of Nonlinear Near-Incompressible Elastics	SIGGRAPH ASIA 2024	59343684	992665	992665
obsidian-vault/paperPDFs/SIGGRAPH_2025/High_Fidelity_Novel_View_Synthesis_via_Splatting_Guided_Diffusion.pdf	http://arxiv.org/abs/2205.15595	High-Fidelity Novel View Synthesis via Splatting-Guided Diffusion	SIGGRAPH 2025	59341019	4439758	4439758
obsidian-vault/paperPDFs/SIGGRAPH_ASIA_2025/NeuVAS_Neural_Implicit_Surfaces_for_Variational_Shape_Modeling.pdf	https://dl.acm.org/doi/pdf/10.1145/3763331	NeuVAS: Neural Implicit Surfaces for Variational Shape Modeling	SIGGRAPH ASIA 2025	59010103	1017255	1017255
obsidian-vault/paperPDFs/SIGGRAPH_2024/Implicit_Swept_Volume_SDF_Enabling_Continuous_Collision_free_Trajectory_Generation_for_Arbitrary_Shapes.pdf	https://doi.org/10.1145/3658181	Implicit Swept Volume SDF: Enabling Continuous Collision-free Trajectory Generation for Arbitrary Shapes	SIGGRAPH 2024	58883424	1174858	1174858
obsidian-vault/paperPDFs/SIGGRAPH_2024/Neural_Gaussian_Scale_space_Fields.pdf	https://doi.org/10.1145/3658163	Neural Gaussian Scale-space Fields	SIGGRAPH 2024	58641800	2729793	2729793
obsidian-vault/paperPDFs/SIGGRAPH_ASIA_2025/Closed_form_Cauchy_Coordinates_and_Their_Derivatives_for_2D_High_order_Cages.pdf	https://dl.acm.org/doi/pdf/10.1145/3757377.3763886	Closed-form Cauchy Coordinates and Their Derivatives for 2D High-order Cages	SIGGRAPH ASIA 2025	58623588	1857316	1857316
obsidian-vault/paperPDFs/CVPR_2026/Pressure2Motion_Hierarchical_Human_Motion_Reconstruction_from_Ground_Pressure_with_Text_Guidance.pdf	https://arxiv.org/abs/2511.05038	Pressure2Motion: Hierarchical Human Motion Reconstruction from Ground Pressure with Text Guidance	CVPR 2026	58527876	726222	726222
obsidian-vault/paperPDFs/SIGGRAPH_2025/A_Closest_Point_Method_for_PDEs_on_Manifolds_with_Interior_Boundary_Conditions_for_Geometry_Processing.pdf	http://arxiv.org/abs/2305.04711	A Closest Point Method for PDEs on Manifolds with Interior Boundary Conditions for Geometry Processing	SIGGRAPH 2025	58383664	3006113	3006113
obsidian-vault/paperPDFs/SIGGRAPH_ASIA_2025/Viscous_Vortex_Dynamics_on_Surfaces.pdf	https://dl.acm.org/doi/pdf/10.1145/3763320	Viscous Vortex Dynamics on Surfaces	SIGGRAPH ASIA 2025	58366094	1278827	1278827
obsidian-vault/paperPDFs/CVPR_2026/UnicEdit_10M_A_Dataset_and_Benchmark_Breaking_the_Scale_Quality_Barrier_via_Unified_Verification_for_Reasoning_Enriched_Edits.pdf	https://arxiv.org/abs/2512.02790	UnicEdit-10M: A Dataset and Benchmark Breaking the Scale-Quality Barrier via Unified Verification for Reasoning-Enriched Edits	CVPR 2026	58054623	3047694	3047694
obsidian-vault/paperPDFs/SIGGRAPH_ASIA_2023/Interaction_Driven_Active_3D_Reconstruction_with_Object_Interiors.pdf	https://dl.acm.org/doi/pdf/10.1145/3618327	Interaction-Driven Active 3D Reconstruction with Object Interiors	SIGGRAPH ASIA 2023	58024642	1519024	1519024
obsidian-vault/paperPDFs/SIGGRAPH_ASIA_2025/3DPR_Single_Image_3D_Portrait_Relighting_with_Generative_Priors.pdf	https://dl.acm.org/doi/pdf/10.1145/3757377.3763962	3DPR: Single Image 3D Portrait Relighting with Generative Priors	SIGGRAPH ASIA 2025	57802329	940447	940447
obsidian-vault/paperPDFs/SIGGRAPH_2022/True_Seams_Modeling_Seams_in_Digital_Garments.pdf	https://dl.acm.org/doi/pdf/10.1145/3528223.3530128	True Seams: Modeling Seams in Digital Garments	SIGGRAPH 2022	57789936	1847388	1847388
obsidian-vault/paperPDFs/SIGGRAPH_2025/C_Tubes_Design_and_Optimization_of_Tubular_Structures_Composed_of_Developable_Strips.pdf	https://dl.acm.org/doi/pdf/10.1145/3730933	C-Tubes: Design and Optimization of Tubular Structures Composed of Developable Strips	SIGGRAPH 2025	57696554	1696008	1696008
obsidian-vault/paperPDFs/SIGGRAPH_ASIA_2022/UniColor_A_Unified_Framework_for_Multi_Modal_Colorization_with_Transformer.pdf	https://luckyhzt.github.io/unicolor	UniColor: A Unified Framework for Multi-Modal Colorization with Transformer	SIGGRAPH ASIA 2022	57690003	1377952	1377952
obsidian-vault/paperPDFs/SIGGRAPH_ASIA_2025/CFC_Simulating_Character_Fluid_Coupling_using_a_Two_Level_World_Model.pdf	https://dl.acm.org/doi/pdf/10.1145/3763318	CFC: Simulating Character-Fluid Coupling using a Two-Level World Model	SIGGRAPH ASIA 2025	57598677	1124330	1124330
obsidian-vault/paperPDFs/SIGGRAPH_2025/Multi_Dimensional_Procedural_Wave_Noise.pdf	https://dl.acm.org/doi/pdf/10.1145/3730928	Multi-Dimensional Procedural Wave Noise	SIGGRAPH 2025	57582408	1312058	1312058
obsidian-vault/paperPDFs/SIGGRAPH_ASIA_2023/Thin_On_Sensor_Nanophotonic_Array_Cameras.pdf	https://dl.acm.org/doi/pdf/10.1145/3618398	Thin On-Sensor Nanophotonic Array Cameras	SIGGRAPH ASIA 2023	57429398	3026834	3026834
obsidian-vault/paperPDFs/SIGGRAPH_ASIA_2023/FLARE_Fast_Learning_of_Animatable_and_Relightable_Mesh_Avatars.pdf	https://doi.org/10.1145/3618401	FLARE: Fast Learning of Animatable and Relightable Mesh Avatars	SIGGRAPH ASIA 2023	57326201	1247225	1247225
obsidian-vault/paperPDFs/SIGGRAPH_2022/Position_free_Multiple_bounce_Computations_for_Smith_Microfacet_BSDFs.pdf	https://wangningbei.github.io/2022/MBBRDF.html	Position-free Multiple-bounce Computations for Smith Microfacet BSDFs	SIGGRAPH 2022	57167674	2206487	2206487
obsidian-vault/paperPDFs/SIGGRAPH_2023/Procedural_Metamaterials_A_Unified_Procedural_Graph_for_Metamaterial_Design.pdf	https://dl.acm.org/doi/pdf/10.1145/3605389	Procedural Metamaterials: A Unified Procedural Graph for Metamaterial Design	SIGGRAPH 2023	57120094	1928952	1928952
obsidian-vault/paperPDFs/SIGGRAPH_2023/Example_based_Procedural_Modeling_Using_Graph_Grammars.pdf	https://paulmerrell.org/grammar/	Example-based Procedural Modeling Using Graph Grammars	SIGGRAPH 2023	57095114	1217279	1217279
obsidian-vault/paperPDFs/SIGGRAPH_2023/Fluid_Cohomology.pdf	https://yhesper.github.io/fc23/fc23.html	Fluid Cohomology	SIGGRAPH 2023	57084156	1719546	1719546
obsidian-vault/paperPDFs/SIGGRAPH_ASIA_2024/Computational_Design_of_a_Kit_of_Parts_for_Bending_Active_Structures.pdf	https://udaykusupati.github.io/publications/kop/kop/	Computational Design of a Kit of Parts for Bending Active Structures	SIGGRAPH ASIA 2024	57049395	2264075	2264075
obsidian-vault/paperPDFs/SIGGRAPH_2024/Soft_Pneumatic_Actuator_Design_Using_Differentiable_Simulation.pdf	https://dl.acm.org/doi/pdf/10.1145/3641519.3657467	Soft Pneumatic Actuator Design Using Differentiable Simulation	SIGGRAPH 2024	56850203	713016	713016
obsidian-vault/paperPDFs/SIGGRAPH_ASIA_2024/Gaussian_Surfel_Splatting_for_Live_Human_Performance_Capture.pdf	https://dl.acm.org/doi/pdf/10.1145/3687993	Gaussian Surfel Splatting for Live Human Performance Capture	SIGGRAPH ASIA 2024	56766268	3696299	3696299
obsidian-vault/paperPDFs/SIGGRAPH_ASIA_2024/A_Flexible_Mold_for_Facade_Panel_Fabrication.pdf	https://dl.acm.org/doi/pdf/10.1145/3687906	A Flexible Mold for Facade Panel Fabrication	SIGGRAPH ASIA 2024	56764572	937796	937796
obsidian-vault/paperPDFs/SIGGRAPH_ASIA_2025/Evaluating_and_Sampling_Glinty_NDFs_in_Constant_Time.pdf	https://dl.acm.org/doi/pdf/10.1145/3763282	Evaluating and Sampling Glinty NDFs in Constant Time	SIGGRAPH ASIA 2025	56626644	1284089	1284089
obsidian-vault/paperPDFs/SIGGRAPH_2023/Min_Deviation_Flow_in_Bi_directed_Graphs_for_T_Mesh_Quantization.pdf	https://www.algohex.eu/publications/bimdf-quantization/	Min-Deviation-Flow in Bi-directed Graphs for T-Mesh Quantization	SIGGRAPH 2023	56531411	1028426	1028426
obsidian-vault/paperPDFs/SIGGRAPH_2025/Clebsch_Gauge_Fluid_on_Particle_Flow_Maps.pdf	https://dl.acm.org/doi/pdf/10.1145/3731194	Clebsch Gauge Fluid on Particle Flow Maps	SIGGRAPH 2025	56354848	1219123	1219123
obsidian-vault/paperPDFs/SIGGRAPH_ASIA_2022/QuadStream_A_Quad_Based_Scene_Streaming_Architecture_for_Novel_Viewpoint_Reconstruction.pdf	https://dl.acm.org/doi/pdf/10.1145/3550454.3555524	QuadStream: A Quad-Based Scene Streaming Architecture for Novel Viewpoint Reconstruction	SIGGRAPH ASIA 2022	56345340	742224	742224
obsidian-vault/paperPDFs/SIGGRAPH_2023/A_Method_for_Animating_Children_s_Drawings_of_the_Human_Figure.pdf	https://arxiv.org/abs/2303.12741	A Method for Animating Children's Drawings of the Human Figure	SIGGRAPH 2023	56331389	917073	917073
obsidian-vault/paperPDFs/SIGGRAPH_ASIA_2024/Barrier_Augmented_Lagrangian_for_GPU_based_Elastodynamic_Contact.pdf	https://dl.acm.org/doi/pdf/10.1145/3687988	Barrier-Augmented Lagrangian for GPU-based Elastodynamic Contact	SIGGRAPH ASIA 2024	56236862	2344222	2344222
obsidian-vault/paperPDFs/SIGGRAPH_ASIA_2025/RaRa_Clipper_A_Clipper_for_Gaussian_Splatting_Based_on_Ray_Tracer_and_Rasterizer.pdf	https://dl.acm.org/doi/pdf/10.1145/3757377.3763982	RaRa Clipper: A Clipper for Gaussian Splatting Based on Ray Tracer and Rasterizer	SIGGRAPH ASIA 2025	56111400	536344	536344
obsidian-vault/paperPDFs/SIGGRAPH_2025/Progressive_Dynamics_A_Framework_for_Stable_Continuous_and_Consistent_Animation_Across_Resolution_and_Time.pdf	https://dl.acm.org/doi/pdf/10.1145/3731202	Progressive Dynamics++: A Framework for Stable, Continuous, and Consistent Animation Across Resolution and Time	SIGGRAPH 2025	55824821	1485795	1485795
obsidian-vault/paperPDFs/SIGGRAPH_ASIA_2023/Capturing_Animation_Ready_Isotropic_Materials_Using_Systematic_Poking.pdf	https://dl.acm.org/doi/pdf/10.1145/3618406	Capturing Animation-Ready Isotropic Materials Using Systematic Poking	SIGGRAPH ASIA 2023	55651449	1534543	1534543
obsidian-vault/paperPDFs/SIGGRAPH_ASIA_2024/StableNormal_Reducing_Diffusion_Variance_for_Stable_and_Sharp_Normal.pdf	https://stable-x.github.io/StableNormal/	StableNormal: Reducing Diffusion Variance for Stable and Sharp Normal	SIGGRAPH ASIA 2024	55387464	1765080	1765080
obsidian-vault/paperPDFs/SIGGRAPH_ASIA_2025/Audio_Driven_Universal_Gaussian_Head_Avatars.pdf	https://dl.acm.org/doi/pdf/10.1145/3757377.3763939	Audio Driven Universal Gaussian Head Avatars	SIGGRAPH ASIA 2025	55245749	706755	706755
obsidian-vault/paperPDFs/SIGGRAPH_2023/ClipFace_Text_guided_Editing_of_Textured_3D_Morphable_Models.pdf	https://dl.acm.org/doi/pdf/10.1145/3588432.3591566	ClipFace: Text-guided Editing of Textured 3D Morphable Models	SIGGRAPH 2023	55225726	1086834	1086834
obsidian-vault/paperPDFs/SIGGRAPH_ASIA_2025/Chord_Chain_of_Rendering_Decomposition_for_PBR_Material_Estimation_from_Generated_Texture_Images.pdf	https://dl.acm.org/doi/pdf/10.1145/3757377.3763848	Chord: Chain of Rendering Decomposition for PBR Material Estimation from Generated Texture Images	SIGGRAPH ASIA 2025	55153259	981385	981385
obsidian-vault/paperPDFs/SIGGRAPH_ASIA_2023/Towards_Practical_Capture_of_High_Fidelity_Relightable_Avatars.pdf	https://doi.org/10.1145/3610548.3618138	Towards Practical Capture of High-Fidelity Relightable Avatars	SIGGRAPH ASIA 2023	55016549	754901	754901
obsidian-vault/paperPDFs/SIGGRAPH_2026/ShapeUP_Scalable_Image_Conditioned_3D_Editing.pdf	https://s2026.conference-schedule.org/?post_type=page&p=15&id=papers_381&sess=sess151	ShapeUP: Scalable Image-Conditioned 3D Editing	SIGGRAPH 2026	54943888	2204039	2204039
obsidian-vault/paperPDFs/SIGGRAPH_2025/TeGA_Texture_Space_Gaussian_Avatars_for_High_Resolution_Dynamic_Head_Modeling.pdf	https://openreview.net/pdf?id=3e70ed34eb	TeGA: Texture Space Gaussian Avatars for High-Resolution Dynamic Head Modeling	SIGGRAPH 2025	54690592	849764	849764
obsidian-vault/paperPDFs/SIGGRAPH_2022/Procedural_Texturing_of_Solid_Wood_With_Knots.pdf	https://dl.acm.org/doi/pdf/10.1145/3528223.3530081	Procedural Texturing of Solid Wood With Knots	SIGGRAPH 2022	54593014	1349350	1349350
obsidian-vault/paperPDFs/SIGGRAPH_2023/Beyond_Chainmail_Computational_Modeling_of_Discrete_Interlocking_Materials.pdf	https://tangpengbin.github.io/publications/DIM/DIM.html	Beyond Chainmail: Computational Modeling of Discrete Interlocking Materials	SIGGRAPH 2023	54357172	703011	703011
obsidian-vault/paperPDFs/SIGGRAPH_2024/Computational_Illusion_Knitting.pdf	https://doi.org/10.1145/3658231	Computational Illusion Knitting	SIGGRAPH 2024	54349365	1088028	1088028
obsidian-vault/paperPDFs/SIGGRAPH_2022/ComplexGen_CAD_Reconstruction_by_B_rep_Chain_Complex_Generation.pdf	https://haopan.github.io/complexgen.html	ComplexGen: CAD Reconstruction by B-rep Chain Complex Generation	SIGGRAPH 2022	54260855	1520581	1520581
obsidian-vault/paperPDFs/SIGGRAPH_ASIA_2024/Hodge_decomposition_of_vector_fields_in_Cartesian_grids.pdf	https://dl.acm.org/doi/pdf/10.1145/3680528.3687602	Hodge decomposition of vector fields in Cartesian grids	SIGGRAPH ASIA 2024	54239283	584462	584462
obsidian-vault/paperPDFs/SIGGRAPH_2025/Noise_Coded_Illumination_for_Forensic_and_Photometric_Video_Analysis.pdf	https://openreview.net/pdf?id=edb90fdc8e	Noise-Coded Illumination for Forensic and Photometric Video Analysis	SIGGRAPH 2025	54208153	1930588	1930588
obsidian-vault/paperPDFs/SIGGRAPH_2022/Scalable_Neural_Indoor_Scene_Rendering.pdf	https://xchaowu.github.io/papers/scalable-nisr/	Scalable Neural Indoor Scene Rendering	SIGGRAPH 2022	54042866	2037117	2037117
obsidian-vault/paperPDFs/SIGGRAPH_ASIA_2025/NeLiF_Neural_Lighting_Function_Generation_for_Real_Time_Indoor_Rendering.pdf	https://dl.acm.org/doi/pdf/10.1145/3757377.3763958	NeLiF: Neural Lighting Function Generation for Real-Time Indoor Rendering	SIGGRAPH ASIA 2025	53842675	1037634	1037634
obsidian-vault/paperPDFs/SIGGRAPH_2023/End_to_end_Procedural_Material_Capture_With_Proxy_free_Mixed_integer_Optimization.pdf	https://dl.acm.org/doi/pdf/10.1145/3592132	End-to-end Procedural Material Capture With Proxy-free Mixed-integer Optimization	SIGGRAPH 2023	53823296	3122371	3122371
obsidian-vault/paperPDFs/SIGGRAPH_2023/Fluid_solid_Coupling_in_Kinetic_Two_phase_Flow_Simulation.pdf	https://dl.acm.org/doi/pdf/10.1145/3592138	Fluid-solid Coupling in Kinetic Two-phase Flow Simulation	SIGGRAPH 2023	53821189	720916	720916
obsidian-vault/paperPDFs/SIGGRAPH_2025/Generative_Video_Matting.pdf	http://arxiv.org/abs/2508.07905	Generative Video Matting	SIGGRAPH 2025	53812539	941777	941777
obsidian-vault/paperPDFs/SIGGRAPH_ASIA_2025/LEGO_Maker_Autoregressive_Image_Conditioned_LEGO_Model_Creation.pdf	https://dl.acm.org/doi/pdf/10.1145/3763285	LEGO-Maker: Autoregressive Image-Conditioned LEGO Model Creation	SIGGRAPH ASIA 2025	53777523	912919	912919
obsidian-vault/paperPDFs/ICLR_2026/Time_to_Move_Training_Free_Motion_Controlled_Video_Generation_via_Dual_Clock_Denoising.pdf	https://arxiv.org/abs/2511.08633	Time-to-Move: Training-Free Motion Controlled Video Generation via Dual-Clock Denoising	ICLR 2026	53747568	2764444	2764444
obsidian-vault/paperPDFs/SIGGRAPH_ASIA_2025/B4M_Breaking_Low_Rank_Adapter_for_Making_Content_Style_Customization.pdf	https://dl.acm.org/doi/pdf/10.1145/3728461	B4M: Breaking Low-Rank Adapter for Making Content-Style Customization	SIGGRAPH ASIA 2025	53682411	1922270	1922270
obsidian-vault/paperPDFs/EUROVIS_2025/HyperFLINT_Hypernetwork_based_Flow_Estimation_and_Temporal_Interpolation_for_Scientific_Ensemble_Visualization.pdf	https://arxiv.org/abs/2412.04095	HyperFLINT: Hypernetwork-based Flow Estimation and Temporal Interpolation for Scientific Ensemble Visualization	EUROVIS 2025	53641891	1398214	1398214
obsidian-vault/paperPDFs/SIGGRAPH_2022/Shape_Dithering_for_3D_Printing.pdf	https://dl.acm.org/doi/pdf/10.1145/3528223.3530129	Shape Dithering for 3D Printing	SIGGRAPH 2022	53627528	1345079	1345079
obsidian-vault/paperPDFs/SIGGRAPH_ASIA_2022/CAD2Sketch_Generating_Concept_Sketches_from_CAD_Sequences.pdf	https://dl.acm.org/doi/pdf/10.1145/3550454.3555488	CAD2Sketch: Generating Concept Sketches from CAD Sequences	SIGGRAPH ASIA 2022	53548605	2145651	2145651
obsidian-vault/paperPDFs/SIGGRAPH_2022/Generalized_Resampled_Importance_Sampling_Foundations_of_ReSTIR.pdf	https://graphics.cs.utah.edu/research/projects/gris/	Generalized Resampled Importance Sampling: Foundations of ReSTIR	SIGGRAPH 2022	53532327	2275133	2275133
obsidian-vault/paperPDFs/SIGGRAPH_ASIA_2025/Improving_Curl_Noise.pdf	https://dl.acm.org/doi/pdf/10.1145/3757377.3763980	Improving Curl Noise	SIGGRAPH ASIA 2025	53473140	1057361	1057361
obsidian-vault/paperPDFs/SIGGRAPH_ASIA_2022/Isotropic_ARAP_energy_using_Cauchy_Green_invariants.pdf	https://dl.acm.org/doi/pdf/10.1145/3550454.3555507	Isotropic ARAP energy using Cauchy-Green invariants	SIGGRAPH ASIA 2022	53409802	891729	891729
obsidian-vault/paperPDFs/SIGGRAPH_2026/Colorful_Noise_Training_Free_Low_Frequency_Noise_Manipulation_for_Color_Based_Conditional_Image_Generation.pdf	https://s2026.conference-schedule.org/?post_type=page&p=15&id=papers_593&sess=sess154	Colorful-Noise: Training-Free Low-Frequency Noise Manipulation for Color-Based Conditional Image Generation	SIGGRAPH 2026	53376025	3468042	3468042
obsidian-vault/paperPDFs/SIGGRAPH_ASIA_2022/ElastoMonolith_A_Monolithic_Optimization_based_Liquid_Solver_for_Contact_Aware_Elastic_Solid_Coupling.pdf	https://tetsuya-takahashi.github.io/ElastoMonolith/	ElastoMonolith: A Monolithic Optimization-based Liquid Solver for Contact-Aware Elastic-Solid Coupling	SIGGRAPH ASIA 2022	53108824	734801	734801
obsidian-vault/paperPDFs/SIGGRAPH_ASIA_2025/A_Stack_Free_Parallel_h_Adaptation_Algorithm_for_Dynamically_Balanced_Trees_on_GPUs.pdf	https://dl.acm.org/doi/pdf/10.1145/3763349	A Stack-Free Parallel h-Adaptation Algorithm for Dynamically Balanced Trees on GPUs	SIGGRAPH ASIA 2025	52948698	949966	949966
obsidian-vault/paperPDFs/TOG_2021/Neural_animation_layering_for_synthesizing_martial_arts_movements.pdf	https://doi.org/10.1145/3450626.3459881	Neural animation layering for synthesizing martial arts movements	TOG 2021	52907443	820987	820987
obsidian-vault/paperPDFs/SIGGRAPH_ASIA_2025/HRM_2Avatar_High_Fidelity_Real_Time_Mobile_Avatars_from_Monocular_Phone_Scans.pdf	https://dl.acm.org/doi/pdf/10.1145/3757377.3763894	HRM^2Avatar: High-Fidelity Real-Time Mobile Avatars from Monocular Phone Scans	SIGGRAPH ASIA 2025	52848798	1268830	1268830
obsidian-vault/paperPDFs/CVPR_2025/MotiF_Making_Text_Count_in_Image_Animation_with_Motion_Focal_Loss.pdf	https://arxiv.org/abs/2412.16153	MotiF: Making Text Count in Image Animation with Motion Focal Loss	CVPR 2025	52762627	1247398	1247398
obsidian-vault/paperPDFs/SIGGRAPH_ASIA_2024/Medial_Skeletal_Diagram_A_Generalized_Medial_Axis_Approach_for_3D_Shape_Representation.pdf	https://gmh14.github.io/medial-skeletal-diagram/	Medial Skeletal Diagram: A Generalized Medial Axis Approach for 3D Shape Representation	SIGGRAPH ASIA 2024	52660425	2416562	2416562
obsidian-vault/paperPDFs/SIGGRAPH_ASIA_2025/AD_GS_Alternating_Densification_for_Sparse_Input_3D_Gaussian_Splatting.pdf	https://dl.acm.org/doi/pdf/10.1145/3757377.3763993	AD-GS: Alternating Densification for Sparse-Input 3D Gaussian Splatting	SIGGRAPH ASIA 2025	52602473	1026688	1026688
obsidian-vault/paperPDFs/SIGGRAPH_ASIA_2025/Vertex_Features_for_Neural_Global_Illumination.pdf	https://dl.acm.org/doi/pdf/10.1145/3757377.3763826	Vertex Features for Neural Global Illumination	SIGGRAPH ASIA 2025	52463680	933984	933984
obsidian-vault/paperPDFs/SIGGRAPH_2022/Local_Anatomically_Constrained_Facial_Performance_Retargeting.pdf	https://studios.disneyresearch.com/2022/07/24/local-anatomically-constrained-facial-performance-retargeting/	Local Anatomically Constrained Facial Performance Retargeting	SIGGRAPH 2022	52335891	819414	819414
obsidian-vault/paperPDFs/CVPR_2026/Selfi_Self_improving_Reconstruction_Engine_via_3D_Geometric_Feature_Alignment.pdf	https://arxiv.org/abs/2512.08930	Selfi: Self-improving Reconstruction Engine via 3D Geometric Feature Alignment	CVPR 2026	52329513	1863269	1863269
obsidian-vault/paperPDFs/SIGGRAPH_2024/Ray_Tracing_Harmonic_Functions.pdf	https://dl.acm.org/doi/pdf/10.1145/3658201	Ray Tracing Harmonic Functions	SIGGRAPH 2024	52176551	1754617	1754617
obsidian-vault/paperPDFs/SIGGRAPH_ASIA_2025/Generating_360_Video_is_What_You_Need_For_a_3D_Scene.pdf	https://dl.acm.org/doi/pdf/10.1145/3757377.3763876	Generating 360° Video is What You Need For a 3D Scene	SIGGRAPH ASIA 2025	52174981	1307273	1307273
obsidian-vault/paperPDFs/SIGGRAPH_2025/Stroke_Transfer_for_Participating_Media.pdf	https://dl.acm.org/doi/pdf/10.1145/3721238.3730603	Stroke Transfer for Participating Media	SIGGRAPH 2025	52106120	1392721	1392721
obsidian-vault/paperPDFs/SIGGRAPH_ASIA_2025/CrossGen_Learning_and_Generating_Cross_Fields_for_Quad_Meshing.pdf	https://dl.acm.org/doi/pdf/10.1145/3763299	CrossGen: Learning and Generating Cross Fields for Quad Meshing	SIGGRAPH ASIA 2025	52004924	1423813	1423813
obsidian-vault/paperPDFs/SIGGRAPH_2024/A_Vortex_Particle_on_mesh_Method_for_Soap_Film_Simulation.pdf	https://doi.org/10.1145/3658165	A Vortex Particle-on-mesh Method for Soap Film Simulation	SIGGRAPH 2024	51989328	1335225	1335225
obsidian-vault/paperPDFs/SIGGRAPH_2025/Streaming_Aware_Neural_Monte_Carlo_Rendering_Framework_with_Unified_Denoising_Compression_and_Client_Collaboration.pdf	https://dl.acm.org/doi/pdf/10.1145/3730879	Streaming-Aware Neural Monte Carlo Rendering Framework with Unified Denoising-Compression and Client Collaboration	SIGGRAPH 2025	51929261	1160093	1160093
obsidian-vault/paperPDFs/SIGGRAPH_2023/Materialistic_Selecting_Similar_Materials_in_Images.pdf	https://prafullsharma.net/materialistic/	Materialistic: Selecting Similar Materials in Images	SIGGRAPH 2023	51753534	1018873	1018873
obsidian-vault/paperPDFs/SIGGRAPH_2023/Spectral_Coarsening_With_Hodge_Laplacians.pdf	https://doi.org/10.1145/3588432.3591544	Spectral Coarsening With Hodge Laplacians	SIGGRAPH 2023	51730599	5022030	5022030
obsidian-vault/paperPDFs/SIGGRAPH_ASIA_2025/Fast_Galerkin_Multigrid_Method_for_Unstructured_Meshes.pdf	https://dl.acm.org/doi/pdf/10.1145/3763327	Fast Galerkin Multigrid Method for Unstructured Meshes	SIGGRAPH ASIA 2025	51696058	709867	709867
obsidian-vault/paperPDFs/SIGGRAPH_2022/SofGAN_A_Portrait_Image_Generator_With_Dynamic_Styling.pdf	https://doi.org/10.1145/3470848	SofGAN: A Portrait Image Generator With Dynamic Styling	SIGGRAPH 2022	51596071	2674051	2674051
obsidian-vault/paperPDFs/SIGGRAPH_2024/Theory_of_Human_Tetrachromatic_Color_Experience_and_Printing.pdf	https://imjal.github.io/theory-of-tetrachromacy/	Theory of Human Tetrachromatic Color Experience and Printing	SIGGRAPH 2024	51462674	994931	994931
obsidian-vault/paperPDFs/SIGGRAPH_2023/Neural_Parametric_Mixtures_for_Path_Guiding.pdf	https://dl.acm.org/doi/pdf/10.1145/3588432.3591533	Neural Parametric Mixtures for Path Guiding	SIGGRAPH 2023	51459418	1741466	1741466
obsidian-vault/paperPDFs/SIGGRAPH_2024/Adaptive_Grid_Generation_for_Discretizing_Implicit_Complexes.pdf	https://doi.org/10.1145/3658215	Adaptive Grid Generation for Discretizing Implicit Complexes	SIGGRAPH 2024	51427615	1278599	1278599
obsidian-vault/paperPDFs/SIGGRAPH_ASIA_2025/Chapper_Carvable_Hull_and_Pack_for_Subtractive_Manufacturing.pdf	https://dl.acm.org/doi/pdf/10.1145/3763314	Chapper: Carvable Hull-and-Pack for Subtractive Manufacturing	SIGGRAPH ASIA 2025	51384136	1024435	1024435
obsidian-vault/paperPDFs/SIGGRAPH_2023/Juxtaform_Interactive_Visual_Summarization_for_Exploratory_Shape_Design.pdf	https://www.dgp.toronto.edu/projects/juxtaform/	Juxtaform: Interactive Visual Summarization for Exploratory Shape Design	SIGGRAPH 2023	51366199	686497	686497
obsidian-vault/paperPDFs/SIGGRAPH_2026/Composing_People_Together_Iterative_Pose_Image_Generation_for_Multi_Person_Interaction_Scenes.pdf	https://s2026.conference-schedule.org/?post_type=page&p=15&id=papers_753&sess=sess152	Composing People Together: Iterative Pose-Image Generation for Multi-Person Interaction Scenes	SIGGRAPH 2026	51280129	1464257	1464257
obsidian-vault/paperPDFs/SIGGRAPH_2024/Lagrangian_Covector_Fluid_With_Free_Surface.pdf	https://doi.org/10.1145/3641519.3657514	Lagrangian Covector Fluid With Free Surface	SIGGRAPH 2024	51279451	1154966	1154966
obsidian-vault/paperPDFs/SIGGRAPH_ASIA_2024/Appearance_Modeling_of_Iridescent_Feathers_with_Diverse_Nanostructures.pdf	https://dl.acm.org/doi/pdf/10.1145/3687983	Appearance Modeling of Iridescent Feathers with Diverse Nanostructures	SIGGRAPH ASIA 2024	51252525	1518059	1518059
obsidian-vault/paperPDFs/SIGGRAPH_2025/In_Search_of_Empty_Spheres_3D_Apollonius_Diagrams_on_GPU.pdf	https://dl.acm.org/doi/pdf/10.1145/3730868	In Search of Empty Spheres: 3D Apollonius Diagrams on GPU	SIGGRAPH 2025	51028997	1370241	1370241
obsidian-vault/paperPDFs/SIGGRAPH_2023/Differentiable_Heightfield_Path_Tracing_With_Accelerated_Discontinuities.pdf	https://dl.acm.org/doi/pdf/10.1145/3588432.3591530	Differentiable Heightfield Path Tracing With Accelerated Discontinuities	SIGGRAPH 2023	51001231	926683	926683
obsidian-vault/paperPDFs/SIGGRAPH_ASIA_2022/Neural_Photo_Finishing.pdf	https://light.princeton.edu/publication/neural-photo-finishing/	Neural Photo-Finishing	SIGGRAPH ASIA 2022	51001082	1475479	1475479
obsidian-vault/paperPDFs/CVPR_2026/Scaling_View_Synthesis_Transformers.pdf	https://arxiv.org/abs/2602.21341	Scaling View Synthesis Transformers	CVPR 2026	50952424	2211649	2211649
obsidian-vault/paperPDFs/ICLR_2026/Dens3R_A_Foundation_Model_for_3D_Geometry_Prediction.pdf	https://openreview.net/forum?id=kxVjQhkAWz	Dens3R: A Foundation Model for 3D Geometry Prediction	ICLR 2026	50949703	1563784	1563784
obsidian-vault/paperPDFs/CVPR_2026/Do_You_See_What_I_Am_Pointing_At_Gesture_Based_Egocentric_Video_Question_Answering.pdf	https://arxiv.org/abs/2603.12533	Do You See What I Am Pointing At? Gesture-Based Egocentric Video Question Answering	CVPR 2026	50875689	3360283	3360283
obsidian-vault/paperPDFs/ICLR_2026/A_Rich_Knowledge_Space_for_Scalable_Deepfake_Detection.pdf	https://openreview.net/forum?id=hNd5L7WnjC	A Rich Knowledge Space for Scalable Deepfake Detection	ICLR 2026	50875329	1650444	1650444
obsidian-vault/paperPDFs/SIGGRAPH_2024/ConceptLab_Creative_Concept_Generation_using_VLM_Guided_Diffusion_Prior_Constraints.pdf	https://doi.org/10.1145/3659578	ConceptLab: Creative Concept Generation using VLM-Guided Diffusion Prior Constraints	SIGGRAPH 2024	50832495	1993120	1993120
obsidian-vault/paperPDFs/SIGGRAPH_2025/InstanceGen_Image_Generation_with_Instance-level_Instructions.pdf	http://arxiv.org/abs/2505.05678	InstanceGen: Image Generation with Instance-level Instructions	SIGGRAPH 2025	50816708	1157170	1157170
obsidian-vault/paperPDFs/SIGGRAPH_ASIA_2024/Dynamic_Skeletonization_via_Variational_Medial_Axis_Sampling.pdf	https://huang46u.github.io/VMAS/	Dynamic Skeletonization via Variational Medial Axis Sampling	SIGGRAPH ASIA 2024	50748531	1080675	1080675
obsidian-vault/paperPDFs/ICLR_2026/Trace_Anything_Representing_Any_Video_in_4D_via_Trajectory_Fields_c3173ca21ca2.pdf	https://openreview.net/forum?id=BqaChqppVh	Trace Anything: Representing Any Video in 4D via Trajectory Fields	ICLR 2026	50738339	2391279	2391279
obsidian-vault/paperPDFs/SIGGRAPH_ASIA_2025/GS_RoadPatching_Inpainting_Gaussians_via_3D_Searching_and_Placing_for_Driving_Scenes.pdf	https://dl.acm.org/doi/pdf/10.1145/3757377.3763892	GS-RoadPatching: Inpainting Gaussians via 3D Searching and Placing for Driving Scenes	SIGGRAPH ASIA 2025	50717634	2174659	2174659
obsidian-vault/paperPDFs/CVPR_2026/Emergent_Outlier_View_Rejection_in_Visual_Geometry_Grounded_Transformers.pdf	https://arxiv.org/abs/2512.04012	Emergent Outlier View Rejection in Visual Geometry Grounded Transformers	CVPR 2026	50610283	2321814	2321814
obsidian-vault/paperPDFs/SIGGRAPH_ASIA_2025/Gradient_Weighted_Feature_Back_Projection_A_Fast_Alternative_to_Feature_Distillation_in_3D_Gaussian_Splatting.pdf	https://dl.acm.org/doi/pdf/10.1145/3757377.3763926	Gradient-Weighted Feature Back-Projection: A Fast Alternative to Feature Distillation in 3D Gaussian Splatting	SIGGRAPH ASIA 2025	50591145	632268	632268
obsidian-vault/paperPDFs/ICLR_2026/PhyWorldBench_A_Comprehensive_Evaluation_of_Physical_Realism_in_Text_to_Video_Models.pdf	https://openreview.net/forum?id=rlZeILv3fm	$PhyWorldBench$: A Comprehensive Evaluation of Physical Realism in Text-to-Video Models	ICLR 2026	50506565	3286085	3286085
obsidian-vault/paperPDFs/SIGGRAPH_2026/VideoNeuMat_Neural_Material_Extraction_from_Generative_Video_Models.pdf	https://s2026.conference-schedule.org/?post_type=page&p=15&id=papers_1134&sess=sess130	VideoNeuMat: Neural Material Extraction from Generative Video Models	SIGGRAPH 2026	50417138	2259038	2259038
obsidian-vault/paperPDFs/SIGGRAPH_2025/Generative_Neural_Materials.pdf	http://arxiv.org/abs/2602.07272	Generative Neural Materials	SIGGRAPH 2025	50417138	2259038	2259038
obsidian-vault/paperPDFs/ICLR_2026/Distractor_free_Generalizable_3D_Gaussian_Splatting_d5b1fa086266.pdf	https://openreview.net/forum?id=G33Iemmj3Z	Distractor-free Generalizable 3D Gaussian Splatting	ICLR 2026	50358332	1612462	1612462
obsidian-vault/paperPDFs/SIGGRAPH_2024/4D_Rotor_Gaussian_Splatting_Towards_Efficient_Novel_View_Synthesis_for_Dynamic_Scenes.pdf	https://weify627.github.io/4drotorgs/	4D-Rotor Gaussian Splatting: Towards Efficient Novel View Synthesis for Dynamic Scenes	SIGGRAPH 2024	50246105	3406523	3406523
obsidian-vault/paperPDFs/SIGGRAPH_ASIA_2024/GarVerseLOD_High_Fidelity_3D_Garment_Reconstruction_from_a_Single_In_the_Wild_Image_using_a_Dataset_with_Levels_of_Details.pdf	https://garverselod.github.io/	GarVerseLOD: High-Fidelity 3D Garment Reconstruction from a Single In-the-Wild Image using a Dataset with Levels of Details	SIGGRAPH ASIA 2024	50240669	1524057	1524057
obsidian-vault/paperPDFs/SIGGRAPH_ASIA_2023/UVDoc_Neural_Grid_based_Document_Unwarping.pdf	https://asia.siggraph.org/2023/?post_type=page&p=14494&id=papers_433&sess=sess138	UVDoc: Neural Grid-based Document Unwarping	SIGGRAPH ASIA 2023	50222938	1184622	1184622
obsidian-vault/paperPDFs/arxiv_2026/EVA01:_Unified_Native_3D_Understanding_and_Generation_via_Mixture-of-Transformers.pdf	https://arxiv.org/abs/2605.16745	EVA01: Unified Native 3D Understanding and Generation via Mixture-of-Transformers	arXiv 2026	50191172	2817789	2817789
obsidian-vault/paperPDFs/SIGGRAPH_ASIA_2022/Position_Based_Surface_Tension_Flow.pdf	https://dl.acm.org/doi/pdf/10.1145/3550454.3555476	Position-Based Surface Tension Flow	SIGGRAPH ASIA 2022	50177462	1284940	1284940
obsidian-vault/paperPDFs/SIGGRAPH_2022/Accurate_Diffuse_Lighting_From_Spherical_Gaussian_Lights.pdf	https://doi.org/10.1145/3532719.3543209	Accurate Diffuse Lighting From Spherical Gaussian Lights	SIGGRAPH 2022	50143119	199483	199483
obsidian-vault/paperPDFs/CVPR_2026/Endless_World_Real_Time_3D_Aware_Long_Video_Generation.pdf	https://arxiv.org/abs/2512.12430	Endless World: Real-Time 3D-Aware Long Video Generation	CVPR 2026	50135986	1944744	1944744
obsidian-vault/paperPDFs/SIGGRAPH_ASIA_2024/Occupancy_Based_Dual_Contouring.pdf	https://occupancy-based-dual-contouring.github.io/	Occupancy-Based Dual Contouring	SIGGRAPH ASIA 2024	50117942	2257378	2257378
obsidian-vault/paperPDFs/SIGGRAPH_2025/Nested_Attention_Semantic_aware_Attention_Values_for_Concept_Personalization.pdf	https://arxiv.org/pdf/2501.01407.pdf	Nested Attention: Semantic-aware Attention Values for Concept Personalization	SIGGRAPH 2025	50001464	1706254	1706254
obsidian-vault/paperPDFs/SIGGRAPH_2025/The_Mokume_Dataset_and_Inverse_Modeling_of_Solid_Wood_Textures.pdf	https://dl.acm.org/doi/pdf/10.1145/3730874	The Mokume Dataset and Inverse Modeling of Solid Wood Textures	SIGGRAPH 2025	50000265	2157557	2157557
obsidian-vault/paperPDFs/SIGGRAPH_2025/Correct_your_balance_heuristic_Optimizing_balance_style_multiple_importance_sampling_weights.pdf	https://dl.acm.org/doi/pdf/10.1145/3730819	Correct your balance heuristic: Optimizing balance-style multiple importance sampling weights	SIGGRAPH 2025	49973108	1928958	1928958
obsidian-vault/paperPDFs/SIGGRAPH_2026/Mat_rn_Noise_for_Triangulation_Agnostic_Flow_Matching_on_Meshes.pdf	https://s2026.conference-schedule.org/?post_type=page&p=15&id=papers_386&sess=sess121	Matérn Noise for Triangulation-Agnostic Flow Matching on Meshes	SIGGRAPH 2026	49911015	1204562	1204562
obsidian-vault/paperPDFs/ICLR_2026/RefAny3D_3D_Asset_Referenced_Diffusion_Models_for_Image_Generation_af40724eea65.pdf	https://openreview.net/forum?id=fUO37EVR7j	RefAny3D: 3D Asset-Referenced Diffusion Models for Image Generation	ICLR 2026	49897856	1199623	1199623
obsidian-vault/paperPDFs/SIGGRAPH_2022/Moving_Level_of_detail_Surfaces.pdf	https://perso.telecom-paristech.fr/boubek/papers/MLoDSurfaces/	Moving Level-of-detail Surfaces	SIGGRAPH 2022	49887990	1858300	1858300
obsidian-vault/paperPDFs/SIGGRAPH_2023/Robust_Low_poly_Meshing_for_General_3D_Models.pdf	https://zhenchen-jay.github.io/publication/robustlowpolymeshing/	Robust Low-poly Meshing for General 3D Models	SIGGRAPH 2023	49858486	1573204	1573204
obsidian-vault/paperPDFs/ICLR_2026/SimULi_Real_Time_LiDAR_and_Camera_Simulation_with_Unscented_Transforms.pdf	https://arxiv.org/abs/2510.12901	SimULi: Real-Time LiDAR and Camera Simulation with Unscented Transforms	ICLR 2026	49848038	1312847	1312847
obsidian-vault/paperPDFs/SIGGRAPH_2024/DiLightNet_Fine_grained_Lighting_Control_for_Diffusion_based_Image_Generation.pdf	https://dilightnet.github.io/	DiLightNet: Fine-grained Lighting Control for Diffusion-based Image Generation	SIGGRAPH 2024	49823187	665436	665436
obsidian-vault/paperPDFs/CVPR_2026/MeshMosaic_Scaling_Artist_Mesh_Generation_via_Local_to_Global_Assembly.pdf	https://arxiv.org/abs/2509.19995	MeshMosaic: Scaling Artist Mesh Generation via Local-to-Global Assembly	CVPR 2026	49767347	989505	989505
obsidian-vault/paperPDFs/SIGGRAPH_ASIA_2025/Glare_Pattern_Depiction_High_Fidelity_Physical_Computation_and_Physiologically_Inspired_Visual_Response.pdf	https://dl.acm.org/doi/pdf/10.1145/3763356	Glare Pattern Depiction: High-Fidelity Physical Computation and Physiologically-Inspired Visual Response	SIGGRAPH ASIA 2025	49747960	739923	739923
obsidian-vault/paperPDFs/SIGGRAPH_ASIA_2024/Synchronize_Dual_Hands_for_Physics_Based_Dexterous_Guitar_Playing.pdf	https://pei-xu.github.io/guitar	Synchronize Dual Hands for Physics-Based Dexterous Guitar Playing	SIGGRAPH ASIA 2024	49733401	2086204	2086204
obsidian-vault/paperPDFs/SIGGRAPH_2026/Pixal3D_Pixel_Aligned_3D_Generation_from_Images.pdf	https://s2026.conference-schedule.org/?post_type=page&p=15&id=papers_1056&sess=sess151	Pixal3D: Pixel-Aligned 3D Generation from Images	SIGGRAPH 2026	49667845	1180062	1180062
obsidian-vault/paperPDFs/CVPR_2026/RetimeGS_Continuous_Time_Reconstruction_of_4D_Gaussian_Splatting.pdf	https://arxiv.org/abs/2603.13783	RetimeGS: Continuous-Time Reconstruction of 4D Gaussian Splatting	CVPR 2026	49660441	604692	604692
obsidian-vault/paperPDFs/CVPR_2026/Taming_Video_Models_for_3D_and_4D_Generation_via_Zero_Shot_Camera_Control.pdf	https://arxiv.org/abs/2509.15130	Taming Video Models for 3D and 4D Generation via Zero-Shot Camera Control	CVPR 2026	49517488	4029511	4029511
obsidian-vault/paperPDFs/SIGGRAPH_ASIA_2025/Navigating_with_Annealing_Guidance_Scale_in_Diffusion_Space.pdf	https://dl.acm.org/doi/pdf/10.1145/3757377.3763830	Navigating with Annealing Guidance Scale in Diffusion Space	SIGGRAPH ASIA 2025	49504133	3621944	3621944
obsidian-vault/paperPDFs/SIGGRAPH_ASIA_2024/A_Progressive_Embedding_Approach_to_Bijective_Tetrahedral_Maps_driven_by_Cluster_Mesh_Topology.pdf	https://www.algohex.eu/publications/cluster-mesh-sae/	A Progressive Embedding Approach to Bijective Tetrahedral Maps driven by Cluster Mesh Topology	SIGGRAPH ASIA 2024	49491732	1290670	1290670
obsidian-vault/paperPDFs/CVPR_2026/GaussianPile_A_Unified_Sparse_Gaussian_Splatting_Framework_for_Slice_based_Volumetric_Reconstruction.pdf	https://arxiv.org/abs/2603.20611	GaussianPile: A Unified Sparse Gaussian Splatting Framework for Slice-based Volumetric Reconstruction	CVPR 2026	49454725	1003803	1003803
obsidian-vault/paperPDFs/SIGGRAPH_2026/HairLRM_Strand_based_Hair_Modeling_via_Large_Reconstruction_Models.pdf	https://s2026.conference-schedule.org/?post_type=page&p=15&id=papers_371&sess=sess119	HairLRM: Strand-based Hair Modeling via Large Reconstruction Models	SIGGRAPH 2026	49332166	1117921	1117921
obsidian-vault/paperPDFs/SIGGRAPH_2022/An_Inverse_Procedural_Modeling_Pipeline_for_SVBRDF_Maps.pdf	https://doi.org/10.1145/3502431	An Inverse Procedural Modeling Pipeline for SVBRDF Maps	SIGGRAPH 2022	49331243	1817255	1817255
obsidian-vault/paperPDFs/CVPR_2026/FreqEdit_Preserving_High_Frequency_Features_for_Robust_Multi_Turn_Image_Editing.pdf	https://arxiv.org/abs/2512.01755	FreqEdit: Preserving High-Frequency Features for Robust Multi-Turn Image Editing	CVPR 2026	49310865	3063252	3063252
obsidian-vault/paperPDFs/CVPR_2026/Delta_Rectified_Flow_Sampling_for_Text_to_Image_Editing.pdf	https://arxiv.org/abs/2509.05342	Delta Rectified Flow Sampling for Text-to-Image Editing	CVPR 2026	49292730	1404377	1404377
obsidian-vault/paperPDFs/ECCV_2024/InterFusion_Text_Driven_Generation_of_3D_Human_Object_Interaction.pdf	https://arxiv.org/abs/2403.15612	InterFusion Text Driven Generation of 3D Human Object Interaction	ECCV 2024	49273462	1158549	1158549
obsidian-vault/paperPDFs/SIGGRAPH_ASIA_2024/Efficient_Image_Space_Shape_Splatting_for_Monte_Carlo_Rendering.pdf	https://dl.acm.org/doi/pdf/10.1145/3687943	Efficient Image-Space Shape Splatting for Monte Carlo Rendering	SIGGRAPH ASIA 2024	49254773	1481673	1481673
obsidian-vault/paperPDFs/SIGGRAPH_2024/Target_aware_Image_Denoising_for_Inverse_Monte_Carlo_Rendering.pdf	https://cglab.gist.ac.kr/sig24target/	Target-aware Image Denoising for Inverse Monte Carlo Rendering	SIGGRAPH 2024	49244890	1664611	1664611
obsidian-vault/paperPDFs/SIGGRAPH_ASIA_2022/Production_Ready_Face_Re_Aging_for_Visual_Effects.pdf	https://studios.disneyresearch.com/2022/11/30/production-ready-face-re-aging-for-visual-effects/	Production-Ready Face Re-Aging for Visual Effects	SIGGRAPH ASIA 2022	49206372	1432527	1432527
obsidian-vault/paperPDFs/SIGGRAPH_ASIA_2022/Disentangled_Image_Colorization_via_Global_Anchors.pdf	https://doi.org/10.1145/3550454.3555432	Disentangled Image Colorization via Global Anchors	SIGGRAPH ASIA 2022	49152734	2776530	2776530
obsidian-vault/paperPDFs/ICLR_2026/Sharp_Monocular_View_Synthesis_in_Less_Than_a_Second_9ff8519e0fec.pdf	https://openreview.net/forum?id=yx3g4sF70y	Sharp Monocular View Synthesis in Less Than a Second	ICLR 2026	49018049	3555453	3555453
obsidian-vault/paperPDFs/SIGGRAPH_ASIA_2025/Neural_Visibility_of_Point_Sets.pdf	https://dl.acm.org/doi/pdf/10.1145/3757377.3763869	Neural Visibility of Point Sets	SIGGRAPH ASIA 2025	48969440	1562987	1562987
obsidian-vault/paperPDFs/arxiv_2026/Neural_Harmonic_Textures_for_High_Quality_Primitive_Based_Neural_Reconstruction.pdf	https://arxiv.org/abs/2604.01204	Neural Harmonic Textures for High-Quality Primitive Based Neural Reconstruction	arxiv 2026	48958739	1560889	1560889
obsidian-vault/paperPDFs/SIGGRAPH_2026/M_ABD_Scalable_Efficient_and_Robust_Multi_Affine_Body_Dynamics.pdf	https://s2026.conference-schedule.org/?post_type=page&p=15&id=papers_116&sess=sess102	M-ABD: Scalable, Efficient, and Robust Multi-Affine-Body Dynamics	SIGGRAPH 2026	48946012	2522893	2522893
obsidian-vault/paperPDFs/SIGGRAPH_2025/A_Deep_Learning_based_Virtual_Oculoplastic_Surgery_Simulator.pdf	https://dl.acm.org/doi/pdf/10.1145/3731426	A Deep Learning-based Virtual Oculoplastic Surgery Simulator	SIGGRAPH 2025	48895016	920495	920495
obsidian-vault/paperPDFs/SIGGRAPH_2022/Facial_Hair_Tracking_for_High_Fidelity_Performance_Capture.pdf	https://studios.disneyresearch.com/2022/07/24/facial-hair-tracking-for-high-fidelity-performance-capture/	Facial Hair Tracking for High Fidelity Performance Capture	SIGGRAPH 2022	48805692	1136347	1136347
obsidian-vault/paperPDFs/SIGGRAPH_ASIA_2025/DiffTex_Differentiable_Texturing_for_Architectural_Proxy_Models.pdf	https://dl.acm.org/doi/pdf/10.1145/3763312	DiffTex: Differentiable Texturing for Architectural Proxy Models	SIGGRAPH ASIA 2025	48770058	4852140	4852140
obsidian-vault/paperPDFs/SIGGRAPH_2024/Multi_material_Mesh_based_Surface_Tracking_With_Implicit_Topology_Changes.pdf	https://visualcomputing.ist.ac.at/publications/2024/SDTF/	Multi-material Mesh-based Surface Tracking With Implicit Topology Changes	SIGGRAPH 2024	48763368	730390	730390
obsidian-vault/paperPDFs/SIGGRAPH_ASIA_2022/AgileAvatar_Stylized_3D_Avatar_Creation_via_Cascaded_Domain_Bridging.pdf	https://dl.acm.org/doi/pdf/10.1145/3550469.3555402	AgileAvatar: Stylized 3D Avatar Creation via Cascaded Domain Bridging	SIGGRAPH ASIA 2022	48745787	527582	527582
obsidian-vault/paperPDFs/CVPR_2026/NanoSD_Edge_Efficient_Foundation_Model_for_Real_Time_Image_Restoration.pdf	https://arxiv.org/abs/2601.09823	NanoSD: Edge Efficient Foundation Model for Real Time Image Restoration	CVPR 2026	48631494	1766264	1766264
obsidian-vault/paperPDFs/ICLR_2026/Durian_Dual_Reference_Image_Guided_Portrait_Animation_with_Attribute_Transfer.pdf	https://openreview.net/forum?id=tz5GRv9Vzu	Durian: Dual Reference Image-Guided Portrait Animation with Attribute Transfer	ICLR 2026	48607445	2279179	2279179
obsidian-vault/paperPDFs/SIGGRAPH_2025/MonetGPT_Solving_Puzzles_Enhances_MLLMs_Image_Retouching_Skills.pdf	http://arxiv.org/abs/2505.06176	MonetGPT: Solving Puzzles Enhances MLLMs’ Image Retouching Skills	SIGGRAPH 2025	48602712	1560675	1560675
obsidian-vault/paperPDFs/SIGGRAPH_ASIA_2025/ComposeMe_Attribute_Specific_Image_Prompts_for_Controllable_Human_Image_Generation.pdf	https://dl.acm.org/doi/pdf/10.1145/3757377.3763984	ComposeMe: Attribute-Specific Image Prompts for Controllable Human Image Generation	SIGGRAPH ASIA 2025	48564821	1170134	1170134
obsidian-vault/paperPDFs/SIGGRAPH_ASIA_2025/Harmonic_caching_for_walk_on_spheres.pdf	https://cs.dartmouth.edu/~wjarosz/publications/zhou25harmonic.pdf	Harmonic caching for walk on spheres	SIGGRAPH ASIA 2025	48560803	4524373	4524373
obsidian-vault/paperPDFs/SIGGRAPH_2022/Time_multiplexed_Neural_Holography_A_Flexible_Framework_for_Holographic_Near_eye_Displays_With_Fast_Heavily_Quantized_Spatial_Light_Modulators.pdf	https://www.computationalimaging.org/publications/time-multiplexed-neural-holography/	Time-multiplexed Neural Holography: A Flexible Framework for Holographic Near-eye Displays With Fast Heavily Quantized Spatial Light Modulators	SIGGRAPH 2022	48560559	4792761	4792761
obsidian-vault/paperPDFs/CVPR_2026/SparseCam4D_Spatio_Temporally_Consistent_4D_Reconstruction_from_Sparse_Cameras.pdf	https://arxiv.org/abs/2603.26481	SparseCam4D: Spatio-Temporally Consistent 4D Reconstruction from Sparse Cameras	CVPR 2026	48540669	4761662	4761662
obsidian-vault/paperPDFs/ICLR_2026/Depth_Anything_3_Recovering_the_Visual_Space_from_Any_Views.pdf	https://openreview.net/forum?id=yirunib8l8	Depth Anything 3: Recovering the Visual Space from Any Views	ICLR 2026	48454899	1135966	1135966
obsidian-vault/paperPDFs/ICLR_2026/FlashWorld_High_quality_3D_Scene_Generation_within_Seconds.pdf	https://openreview.net/forum?id=2IftRjRB07	FlashWorld: High-quality 3D Scene Generation within Seconds	ICLR 2026	48392443	1788778	1788778
obsidian-vault/paperPDFs/SIGGRAPH_2026/PureSample_Neural_Materials_Learned_by_Sampling_Microgeometry.pdf	https://s2026.conference-schedule.org/?post_type=page&p=15&id=papers_901&sess=sess130	PureSample: Neural Materials Learned by Sampling Microgeometry	SIGGRAPH 2026	48382099	1500350	1500350
obsidian-vault/paperPDFs/SIGGRAPH_ASIA_2023/Variational_Barycentric_Coordinates.pdf	https://dl.acm.org/doi/pdf/10.1145/3618403	Variational Barycentric Coordinates	SIGGRAPH ASIA 2023	48358610	1472020	1472020
obsidian-vault/paperPDFs/SIGGRAPH_2026/MotionBricks_Scalable_Real_Time_Motions_with_Modular_Latent_Generative_Model_and_Smart_Primitives.pdf	https://doi.org/10.1145/3811334	MotionBricks: Scalable Real-Time Motions with Modular Latent Generative Model and Smart Primitives	SIGGRAPH 2026	48356685	3479585	3479585
obsidian-vault/paperPDFs/SIGGRAPH_2025/Polynomial_2D_Biharmonic_Coordinates_for_High_order_Cages.pdf	https://dl.acm.org/doi/pdf/10.1145/3730887	Polynomial 2D Biharmonic Coordinates for High-order Cages	SIGGRAPH 2025	48343613	1308951	1308951
obsidian-vault/paperPDFs/ICLR_2026/On_the_Wasserstein_Geodesic_Principal_Component_Analysis_of_probability_measures.pdf	https://openreview.net/forum?id=OJupg4mDjS	On the Wasserstein Geodesic Principal Component Analysis of probability measures	ICLR 2026	48305871	1449364	1449364
obsidian-vault/paperPDFs/SIGGRAPH_2024/Fluid_Control_With_Laplacian_Eigenfunctions.pdf	https://doi.org/10.1145/3641519.3657468	Fluid Control With Laplacian Eigenfunctions	SIGGRAPH 2024	48237125	1006718	1006718
obsidian-vault/paperPDFs/CVPR_2026/EasyV2V_A_High_quality_Instruction_based_Video_Editing_Framework.pdf	https://arxiv.org/abs/2512.16920	EasyV2V: A High-quality Instruction-based Video Editing Framework	CVPR 2026	48231806	1738834	1738834
obsidian-vault/paperPDFs/SIGGRAPH_ASIA_2022/Efficient_Neural_Style_Transfer_for_Volumetric_Simulations.pdf	https://studios.disneyresearch.com/2022/11/30/efficient-neural-style-transfer-for-volumetric-simulations/	Efficient Neural Style Transfer for Volumetric Simulations	SIGGRAPH ASIA 2022	48213094	568148	568148
obsidian-vault/paperPDFs/SIGGRAPH_2022/Face_Deblurring_Using_Dual_Camera_Fusion_on_Mobile_Phones.pdf	https://www.wslai.net/publications/fusion_deblur/	Face Deblurring Using Dual Camera Fusion on Mobile Phones	SIGGRAPH 2022	48174592	1613670	1613670
obsidian-vault/paperPDFs/SIGGRAPH_ASIA_2025/Sample_Space_Partitioning_and_Spatiotemporal_Resampling_for_Specular_Manifold_Sampling.pdf	https://dl.acm.org/doi/pdf/10.1145/3757377.3763927	Sample Space Partitioning and Spatiotemporal Resampling for Specular Manifold Sampling	SIGGRAPH ASIA 2025	48173019	3226703	3226703
obsidian-vault/paperPDFs/SIGGRAPH_2023/VideoDoodles_Hand_drawn_Animations_on_Videos_With_Scene_aware_Canvases.pdf	https://em-yu.github.io/research/videodoodles/	VideoDoodles: Hand-drawn Animations on Videos With Scene-aware Canvases	SIGGRAPH 2023	48172139	1227343	1227343
obsidian-vault/paperPDFs/CVPR_2026/HAD_Hallucination_Aware_Diffusion_Priors_for_3D_Reconstruction.pdf	https://arxiv.org/abs/2605.16873	HAD: Hallucination-Aware Diffusion Priors for 3D Reconstruction	CVPR 2026	48089456	2127053	2127053
obsidian-vault/paperPDFs/SIGGRAPH_2025/Cobra_Efficient_Line_Art_COlorization_with_BRoAder_References.pdf	https://openreview.net/pdf?id=0f41fa7df2	Cobra: Efficient Line Art COlorization with BRoAder References	SIGGRAPH 2025	48049985	1853931	1853931
obsidian-vault/paperPDFs/CVPR_2026/Layered_4D_Rotor_Gaussian_Splatting_A_Compressed_Representation_for_Long_Dynamic_Scenes.pdf	https://openaccess.thecvf.com/content/CVPR2026/html/Xu_Layered_4D-Rotor_Gaussian_Splatting_A_Compressed_Representation_for_Long_Dynamic_CVPR_2026_paper.html	Layered 4D-Rotor Gaussian Splatting: A Compressed Representation for Long Dynamic Scenes	CVPR 2026	48008181	1802168	3694227
obsidian-vault/paperPDFs/SIGGRAPH_2022/Interactive_Editing_of_Monocular_Depth.pdf	https://doi.org/10.1145/3532719.3543235	Interactive Editing of Monocular Depth	SIGGRAPH 2022	48004208	336428	336428
obsidian-vault/paperPDFs/SIGGRAPH_ASIA_2022/Simulation_of_Hand_Anatomy_Using_Medical_Imaging.pdf	https://dl.acm.org/doi/pdf/10.1145/3550454.3555486	Simulation of Hand Anatomy Using Medical Imaging	SIGGRAPH ASIA 2022	47910069	1397586	1397586
obsidian-vault/paperPDFs/SIGGRAPH_2026/Toward_Richer_Material_Generation_via_Procedural_Data_Enhancement.pdf	https://s2026.conference-schedule.org/?post_type=page&p=15&id=papers_1355&sess=sess106	Toward Richer Material Generation via Procedural Data Enhancement	SIGGRAPH 2026	47846669	799855	799855
obsidian-vault/paperPDFs/SIGGRAPH_ASIA_2023/Shadow_Harmonization_for_Realistic_Compositing.pdf	https://doi.org/10.1145/3610548.3618227	Shadow Harmonization for Realistic Compositing	SIGGRAPH ASIA 2023	47821237	951328	951328
obsidian-vault/paperPDFs/SIGGRAPH_ASIA_2025/RibbonSculpt_Voronoi_Ball_based_3D_Sculpting_from_Sparse_VR_Ribbons.pdf	https://dl.acm.org/doi/pdf/10.1145/3757377.3763994	RibbonSculpt: Voronoi Ball based 3D Sculpting from Sparse VR Ribbons	SIGGRAPH ASIA 2025	47818066	1063809	1063809
obsidian-vault/paperPDFs/CVPR_2026/Just_in_Time_Training_Free_Spatial_Acceleration_for_Diffusion_Transformers.pdf	https://arxiv.org/abs/2603.10744	Just-in-Time: Training-Free Spatial Acceleration for Diffusion Transformers	CVPR 2026	47805016	1230736	1230736
obsidian-vault/paperPDFs/CVPR_2026/NavForesee_A_Unified_Vision_Language_World_Model_for_Hierarchical_Planning_and_Dual_Horizon_Navigation_Prediction.pdf	https://arxiv.org/abs/2512.01550	NavForesee: A Unified Vision-Language World Model for Hierarchical Planning and Dual-Horizon Navigation Prediction	CVPR 2026	47597995	905933	905933
obsidian-vault/paperPDFs/SIGGRAPH_ASIA_2023/Rectifying_Strip_Patterns.pdf	https://dl.acm.org/doi/pdf/10.1145/3618378	Rectifying Strip Patterns	SIGGRAPH ASIA 2023	47557855	1412870	1412870
obsidian-vault/paperPDFs/CVPR_2026/LagerNVS_Latent_Geometry_for_Fully_Neural_Real_time_Novel_View_Synthesis.pdf	https://arxiv.org/abs/2603.20176	LagerNVS: Latent Geometry for Fully Neural Real-time Novel View Synthesis	CVPR 2026	47552938	1431855	1431855
obsidian-vault/paperPDFs/SIGGRAPH_ASIA_2024/Customizing_Text_to_Image_Models_with_a_Single_Image_Pair.pdf	https://paircustomization.github.io/	Customizing Text-to-Image Models with a Single Image Pair	SIGGRAPH ASIA 2024	47454818	1972171	1972171
obsidian-vault/paperPDFs/SIGGRAPH_ASIA_2025/Temporally_Smooth_Mesh_Extraction_for_Procedural_Scenes_with_Long_Range_Camera_Trajectories_using_Spacetime_Octrees.pdf	https://dl.acm.org/doi/pdf/10.1145/3757377.3763832	Temporally Smooth Mesh Extraction for Procedural Scenes with Long-Range Camera Trajectories using Spacetime Octrees	SIGGRAPH ASIA 2025	47421099	1121790	1121790
obsidian-vault/paperPDFs/SIGGRAPH_ASIA_2023/ShaDDR_Interactive_Example_Based_Geometry_and_Texture_Generation_via_3D_Shape_Detailization_and_Differentiable_Rendering.pdf	https://dl.acm.org/doi/pdf/10.1145/3610548.3618201	ShaDDR: Interactive Example-Based Geometry and Texture Generation via 3D Shape Detailization and Differentiable Rendering	SIGGRAPH ASIA 2023	47356659	2172424	2172424
obsidian-vault/paperPDFs/SIGGRAPH_ASIA_2024/SPARK_Self_supervised_Personalized_Real_time_Monocular_Face_Capture.pdf	https://kelianb.github.io/SPARK/static/documents/SPARK_SigAsia2024_Revised_Combined.pdf	SPARK: Self-supervised Personalized Real-time Monocular Face Capture	SIGGRAPH ASIA 2024	47310489	1046369	1046369
obsidian-vault/paperPDFs/SIGGRAPH_2024/Primal_dual_Non_smooth_Friction_for_Rigid_Body_Animation.pdf	https://visualcomputing.ist.ac.at/publications/2024/PDNSF/	Primal-dual Non-smooth Friction for Rigid Body Animation	SIGGRAPH 2024	47309472	722414	722414
obsidian-vault/paperPDFs/SIGGRAPH_2026/Sketch2Arti_Sketch_based_Articulation_Modeling_of_CAD_Objects.pdf	https://s2026.conference-schedule.org/?post_type=page&p=15&id=papers_1157&sess=sess116	Sketch2Arti: Sketch-based Articulation Modeling of CAD Objects	SIGGRAPH 2026	47247627	1288695	1288695
obsidian-vault/paperPDFs/TMLR_2024/Analysis_of_Classifier_Free_Guidance_Weight_Schedulers.pdf	https://openreview.net/forum?id=SUMtDJqicd	Analysis of Classifier-Free Guidance Weight Schedulers	TMLR 2024	47239010	2444836	2444836
obsidian-vault/paperPDFs/SIGGRAPH_2026/A_Generalizable_Light_Transport_3D_Embedding_for_Global_Illumination.pdf	https://s2026.conference-schedule.org/?post_type=page&p=15&id=papers_497&sess=sess131	A Generalizable Light Transport 3D Embedding for Global Illumination	SIGGRAPH 2026	47213529	1162338	1162338
obsidian-vault/paperPDFs/CVPR_2026/NEC_Diff_Noise_Robust_Event_RAW_Complementary_Diffusion_for_Seeing_Motion_in_Extreme_Darkness.pdf	https://arxiv.org/abs/2603.20005	NEC-Diff: Noise-Robust Event-RAW Complementary Diffusion for Seeing Motion in Extreme Darkness	CVPR 2026	47202637	1389081	1389081
obsidian-vault/paperPDFs/SIGGRAPH_ASIA_2024/GaussianObject_High_Quality_3D_Object_Reconstruction_from_Four_Views_with_Gaussian_Splatting.pdf	https://gaussianobject.github.io/	GaussianObject: High-Quality 3D Object Reconstruction from Four Views with Gaussian Splatting	SIGGRAPH ASIA 2024	47129063	2033756	2033756
obsidian-vault/paperPDFs/CVPR_2026/PureCC_Pure_Learning_for_Text_to_Image_Concept_Customization.pdf	https://arxiv.org/abs/2603.07561	PureCC: Pure Learning for Text-to-Image Concept Customization	CVPR 2026	47063959	4550492	4550492
obsidian-vault/paperPDFs/SIGGRAPH_2023/UniTune_Text_driven_Image_Editing_by_Fine_Tuning_a_Diffusion_Model_on_a_Single_Image.pdf	https://arxiv.org/abs/2210.09477	UniTune: Text-driven Image Editing by Fine Tuning a Diffusion Model on a Single Image	SIGGRAPH 2023	47011362	2046518	2046518
obsidian-vault/paperPDFs/CVPR_2026/GDPO_SR_Group_Direct_Preference_Optimization_for_One_Step_Generative_Image_Super_Resolution.pdf	https://arxiv.org/abs/2603.16769	GDPO-SR: Group Direct Preference Optimization for One-Step Generative Image Super-Resolution	CVPR 2026	47001830	1970491	1970491
obsidian-vault/paperPDFs/ICLR_2026/AC-Sampler_Accelerate_and_Correct_Diffusion_Sampling_with_Metropolis-Hastings_Algorithm.pdf	https://openreview.net/forum?id=kWl13kRJTQ	AC-Sampler: Accelerate and Correct Diffusion Sampling with Metropolis-Hastings Algorithm	ICLR 2026	46984512	1328597	1328597
obsidian-vault/paperPDFs/SIGGRAPH_ASIA_2023/K_surfaces_B_zier_Splines_Interpolating_at_Gaussian_Curvature_Extrema.pdf	https://doi.org/10.1145/3618383	K-surfaces: Bézier-Splines Interpolating at Gaussian Curvature Extrema	SIGGRAPH ASIA 2023	46963993	1248017	1248017
obsidian-vault/paperPDFs/CVPR_2026/PhysSkin_Real_Time_and_Generalizable_Physics_Based_Animation_via_Self_Supervised_Neural_Skinning.pdf	https://arxiv.org/abs/2603.23194	PhysSkin: Real-Time and Generalizable Physics-Based Animation via Self-Supervised Neural Skinning	CVPR 2026	46931480	2110748	2110748
obsidian-vault/paperPDFs/CVPR_2026/Diffusion_Sampling_Path_Tells_More_An_Efficient_Plug_and_Play_Strategy_for_Sample_Filtering.pdf	https://arxiv.org/abs/2505.23343	Diffusion Sampling Path Tells More: An Efficient Plug-and-Play Strategy for Sample Filtering	CVPR 2026	46920842	2174248	2174248
obsidian-vault/paperPDFs/SIGGRAPH_2025/CMD_Controllable_Multiview_Diffusion_for_3D_Editing_and_Progressive_Generation.pdf	http://arxiv.org/abs/2505.07003	CMD: Controllable Multiview Diffusion for 3D Editing and Progressive Generation	SIGGRAPH 2025	46917900	1113947	1113947
obsidian-vault/paperPDFs/SIGGRAPH_ASIA_2023/MatFusion_A_Generative_Diffusion_Model_for_SVBRDF_Capture.pdf	https://asia.siggraph.org/2023/?post_type=page&p=14494&id=papers_538&sess=sess133	MatFusion: A Generative Diffusion Model for SVBRDF Capture	SIGGRAPH ASIA 2023	46902160	980691	980691
obsidian-vault/paperPDFs/SIGGRAPH_ASIA_2024/Perspective_Aligned_AR_Mirror_with_Under_Display_Camera.pdf	https://dl.acm.org/doi/pdf/10.1145/3687995	Perspective-Aligned AR Mirror with Under-Display Camera	SIGGRAPH ASIA 2024	46865169	3629401	3629401
obsidian-vault/paperPDFs/CVPR_2026/Vista4D_Video_Reshooting_with_4D_Point_Clouds.pdf	https://arxiv.org/abs/2604.21915	Vista4D: Video Reshooting with 4D Point Clouds	CVPR 2026	46789027	2880806	2880806
obsidian-vault/paperPDFs/SIGGRAPH_ASIA_2024/PC_Planner_Physics_Constrained_Self_Supervised_Learning_for_Robust_Neural_Motion_Planning_with_Shape_Aware_Distance_Function.pdf	https://arxiv.org/pdf/2410.12805.pdf	PC-Planner: Physics-Constrained Self-Supervised Learning for Robust Neural Motion Planning with Shape-Aware Distance Function	SIGGRAPH ASIA 2024	46777930	1325549	1325549
obsidian-vault/paperPDFs/SIGGRAPH_2026/DualBrep_A_Dual_Field_Continuous_Representation_for_B_rep_Modelling.pdf	https://s2026.conference-schedule.org/?post_type=page&p=15&id=papers_295&sess=sess142	DualBrep: A Dual-Field Continuous Representation for B-rep Modelling	SIGGRAPH 2026	46714291	1463313	1463313
obsidian-vault/paperPDFs/SGP_2025/Uniform_Sampling_of_Surfaces_by_Casting_Rays.pdf	https://arxiv.org/abs/2506.05268	Uniform Sampling of Surfaces by Casting Rays	SGP 2025	46694057	1810783	1810783
obsidian-vault/paperPDFs/ICLR_2026/Animating_the_Uncaptured_Humanoid_Mesh_Animation_with_Video_Diffusion_Models.pdf	https://openreview.net/forum?id=DIPeQTxpe7	Animating the Uncaptured: Humanoid Mesh Animation with Video Diffusion Models	ICLR 2026	46665703	1434422	1434422
obsidian-vault/paperPDFs/SIGGRAPH_2026/Neural_Particle_Automata_Learning_Self_Organizing_Particle_Dynamics.pdf	https://s2026.conference-schedule.org/?post_type=page&p=15&id=papers_263&sess=sess112	Neural Particle Automata: Learning Self-Organizing Particle Dynamics	SIGGRAPH 2026	46662887	1623010	1623010
obsidian-vault/paperPDFs/CVPR_2026/ELITE_Efficient_Gaussian_Head_Avatar_from_a_Monocular_Video_via_Learned_Initialization_and_Test_time_Generative_Adaptation.pdf	https://arxiv.org/abs/2601.10200	ELITE: Efficient Gaussian Head Avatar from a Monocular Video via Learned Initialization and Test-time Generative Adaptation	CVPR 2026	46631091	1426693	1426693
obsidian-vault/paperPDFs/arxiv_2026/What_Matters_for_Diffusion_Friendly_Latent_Manifold_Prior_Aligned_Autoencoders_for_Latent_Diffusion.pdf	https://arxiv.org/abs/2605.07915	What Matters for Diffusion-Friendly Latent Manifold? Prior-Aligned Autoencoders for Latent Diffusion	arxiv 2026	46610173	3735881	3735881
obsidian-vault/paperPDFs/CVPR_2026/WorldReel_4D_Video_Generation_with_Consistent_Geometry_and_Motion_Modeling.pdf	https://openaccess.thecvf.com/content/CVPR2026/html/Fang_WorldReel_4D_Video_Generation_with_Consistent_Geometry_and_Motion_Modeling_CVPR_2026_paper.html	WorldReel: 4D Video Generation with Consistent Geometry and Motion Modeling	CVPR 2026	46601787	583025	1679969
obsidian-vault/paperPDFs/SIGGRAPH_ASIA_2025/Transient_LASSO_Transient_Large_Scale_Scene_Reconstruction.pdf	https://dl.acm.org/doi/pdf/10.1145/3757377.3763911	Transient LASSO: Transient Large-Scale Scene Reconstruction	SIGGRAPH ASIA 2025	46586481	1287401	1287401
obsidian-vault/paperPDFs/CVPR_2026/EgoXtreme_A_Dataset_for_Robust_Object_Pose_Estimation_in_Egocentric_Views_under_Extreme_Conditions.pdf	https://arxiv.org/abs/2603.25135	EgoXtreme: A Dataset for Robust Object Pose Estimation in Egocentric Views under Extreme Conditions	CVPR 2026	46580273	686391	686391
obsidian-vault/paperPDFs/SIGGRAPH_2023/Random_access_Neural_Compression_of_Material_Textures.pdf	https://research.nvidia.com/labs/rtr/neural_texture_compression/	Random-access Neural Compression of Material Textures	SIGGRAPH 2023	46501570	983426	983426
obsidian-vault/paperPDFs/SIGGRAPH_2022/ReLU_Fields_The_Little_Non_linearity_That_Could.pdf	https://dl.acm.org/doi/pdf/10.1145/3528233.3530707	ReLU Fields: The Little Non-linearity That Could	SIGGRAPH 2022	46456037	914908	914908
obsidian-vault/paperPDFs/arxiv_2026/FaceCam_Portrait_Video_Generation_with_Camera_Control.pdf	https://arxiv.org/abs/2603.05506	FaceCam: Portrait Video Generation with Camera Control	arxiv 2026	46051548	1387685	1387685
obsidian-vault/paperPDFs/CVPR_2026/PR_MaGIC_Prompt_Refinement_Via_Mask_Decoder_Gradient_Flow_For_In_Context_Segmentation.pdf	https://arxiv.org/abs/2604.12113	PR-MaGIC: Prompt Refinement Via Mask Decoder Gradient Flow For In-Context Segmentation	CVPR 2026	45967895	1918767	1918767
obsidian-vault/paperPDFs/SIGGRAPH_2023/Generating_Procedural_Materials_From_Text_or_Image_Prompts.pdf	https://dl.acm.org/doi/pdf/10.1145/3588432.3591520	Generating Procedural Materials From Text or Image Prompts	SIGGRAPH 2023	45827805	764287	764287
obsidian-vault/paperPDFs/arxiv_2026/SymphoMotion_4D_Dynamic_and_Camera_Control_for_Video_Generation.pdf	https://arxiv.org/abs/2604.03723	SymphoMotion: 4D Dynamic and Camera Control for Video Generation	arxiv 2026	45792655	1638358	1638358
obsidian-vault/paperPDFs/CVPR_2026/EgoControl_Controllable_Egocentric_Video_Generation_via_3D_Full_Body_Poses.pdf	https://arxiv.org/abs/2511.18173	EgoControl: Controllable Egocentric Video Generation via 3D Full-Body Poses	CVPR 2026	45684643	2623836	2623836
obsidian-vault/paperPDFs/SIGGRAPH_ASIA_2024/StyleCrafter_Taming_Stylized_Video_Diffusion_with_Reference_Augmented_Adapter_Learning.pdf	https://gongyeliu.github.io/StyleCrafter.github.io/	StyleCrafter: Taming Stylized Video Diffusion with Reference-Augmented Adapter Learning	SIGGRAPH ASIA 2024	45670001	3310267	3310267
obsidian-vault/paperPDFs/SIGGRAPH_ASIA_2024/Skeleton_Driven_Inbetweening_of_Bitmap_Character_Drawings.pdf	https://dl.acm.org/doi/pdf/10.1145/3687955	Skeleton-Driven Inbetweening of Bitmap Character Drawings	SIGGRAPH ASIA 2024	45663625	2376770	2376770
obsidian-vault/paperPDFs/SIGGRAPH_2026/BrepForge_Factorized_B_rep_Synthesis_via_Wireframe_Composition_and_Boundary_Conditioned_Surface_Instantiation.pdf	https://s2026.conference-schedule.org/?post_type=page&p=15&id=papers_1324&sess=sess142	BrepForge: Factorized B-rep Synthesis via Wireframe Composition and Boundary-Conditioned Surface Instantiation	SIGGRAPH 2026	45594191	762371	762371
obsidian-vault/paperPDFs/SIGGRAPH_2025/3D_Stylization_via_Large_Reconstruction_Model.pdf	http://arxiv.org/abs/2504.21836	3D Stylization via Large Reconstruction Model	SIGGRAPH 2025	45445141	1141968	1141968
obsidian-vault/paperPDFs/SIGGRAPH_2023/Masonry_Shell_Structures_With_Discrete_Equivalence_Classes.pdf	https://sutd-cgl.github.io/supp/Publication/projects/2023-SIGGRAPH-TileableShell/index.html	Masonry Shell Structures With Discrete Equivalence Classes	SIGGRAPH 2023	45416343	792136	792136
obsidian-vault/paperPDFs/SIGGRAPH_2022/Fine_Wrinkling_on_Coarsely_Meshed_Thin_Shells.pdf	https://doi.org/10.1145/3462758	Fine Wrinkling on Coarsely Meshed Thin Shells	SIGGRAPH 2022	45416187	1922968	1922968
obsidian-vault/paperPDFs/SIGGRAPH_ASIA_2022/Neural_Parameterization_for_Dynamic_Human_Head_Editing.pdf	https://arxiv.org/abs/2207.00210	Neural Parameterization for Dynamic Human Head Editing	SIGGRAPH ASIA 2022	45398021	1136454	1136454
obsidian-vault/paperPDFs/SIGGRAPH_ASIA_2024/Volumetric_Homogenization_for_Knitwear_Simulation.pdf	https://arxiv.org/abs/2405.12484	Volumetric Homogenization for Knitwear Simulation	SIGGRAPH ASIA 2024	45393272	1359905	1359905
obsidian-vault/paperPDFs/SIGGRAPH_ASIA_2025/INF_3DP_Implicit_Neural_Fields_for_Collision_Free_Multi_Axis_3D_Printing.pdf	https://dl.acm.org/doi/pdf/10.1145/3763354	INF-3DP: Implicit Neural Fields for Collision-Free Multi-Axis 3D Printing	SIGGRAPH ASIA 2025	45241678	1940202	1940202
obsidian-vault/paperPDFs/SIGGRAPH_ASIA_2024/GroomCap_High_Fidelity_Prior_Free_Hair_Capture.pdf	https://syntec-research.github.io/GroomCap/	GroomCap: High-Fidelity Prior-Free Hair Capture	SIGGRAPH ASIA 2024	45193644	953494	953494
obsidian-vault/paperPDFs/SIGGRAPH_2025/MaterialPicker_Multi-Modal_DiT-Based_Material_Generation.pdf	http://arxiv.org/abs/2412.03225	MaterialPicker: Multi-Modal DiT-Based Material Generation	SIGGRAPH 2025	45124425	3039497	3039497
obsidian-vault/paperPDFs/SIGGRAPH_ASIA_2025/Generalized_Unbiased_Reconstruction_for_Gradient_Domain_Rendering.pdf	https://dl.acm.org/doi/pdf/10.1145/3763297	Generalized Unbiased Reconstruction for Gradient-Domain Rendering	SIGGRAPH ASIA 2025	45013781	1171255	1171255
obsidian-vault/paperPDFs/SIGGRAPH_2026/DreamActor_M2_Universal_Character_Image_Animation_via_Spatiotemporal_In_Context_Learning.pdf	https://s2026.conference-schedule.org/?post_type=page&p=15&id=papers_650&sess=sess152	DreamActor-M2: Universal Character Image Animation via Spatiotemporal In-Context Learning	SIGGRAPH 2026	45004963	1460814	1460814
obsidian-vault/paperPDFs/CVPR_2026/UAVLight_A_Benchmark_for_Illumination_Robust_3D_Reconstruction_in_Unmanned_Aerial_Vehicle_UAV_Scenes.pdf	https://arxiv.org/abs/2511.21565	UAVLight: A Benchmark for Illumination-Robust 3D Reconstruction in Unmanned Aerial Vehicle (UAV) Scenes	CVPR 2026	44989967	2371869	2371869
obsidian-vault/paperPDFs/SIGGRAPH_ASIA_2023/High_Density_Ratio_Multi_fluid_Simulation_with_Peridynamics.pdf	https://doi.org/10.1145/3618347	High Density Ratio Multi-fluid Simulation with Peridynamics	SIGGRAPH ASIA 2023	44921869	729326	729326
obsidian-vault/paperPDFs/SIGGRAPH_ASIA_2024/Content_aware_Tile_Generation_using_Exterior_Boundary_Inpainting.pdf	https://samsartor.com/content-aware-tiles/	Content-aware Tile Generation using Exterior Boundary Inpainting	SIGGRAPH ASIA 2024	44903068	1428170	1428170
obsidian-vault/paperPDFs/SIGGRAPH_ASIA_2022/LuisaRender_A_High_Performance_Rendering_Framework_with_Layered_and_Unified_Interfaces_on_Stream_Architectures.pdf	https://dl.acm.org/doi/pdf/10.1145/3550454.3555463	LuisaRender: A High-Performance Rendering Framework with Layered and Unified Interfaces on Stream Architectures	SIGGRAPH ASIA 2022	44867712	988193	988193
obsidian-vault/paperPDFs/CVPR_2026/GeoRelight_Learning_Joint_Geometrical_Relighting_and_Reconstruction_with_Flexible_Multi_Modal_Diffusion_Transformers.pdf	https://arxiv.org/abs/2604.20715	GeoRelight: Learning Joint Geometrical Relighting and Reconstruction with Flexible Multi-Modal Diffusion Transformers	CVPR 2026	44846563	3152833	3152833
obsidian-vault/paperPDFs/SIGGRAPH_ASIA_2024/Still_Moving_Customized_Video_Generation_without_Customized_Video_Data.pdf	https://still-moving.github.io/	Still-Moving: Customized Video Generation without Customized Video Data	SIGGRAPH ASIA 2024	44843729	1615629	1615629
obsidian-vault/paperPDFs/SIGGRAPH_2023/PolyStokes_A_Polynomial_Model_Reduction_Method_for_Viscous_Fluid_Simulation.pdf	https://jpanuelos.com/publications/2023-06-06-PolyStokes.html	PolyStokes: A Polynomial Model Reduction Method for Viscous Fluid Simulation	SIGGRAPH 2023	44821958	573822	573822
obsidian-vault/paperPDFs/CVPR_2026/SegQuant_A_Semantics_Aware_and_Generalizable_Quantization_Framework_for_Diffusion_Models.pdf	https://arxiv.org/abs/2507.14811	SegQuant: A Semantics-Aware and Generalizable Quantization Framework for Diffusion Models	CVPR 2026	44809286	1947319	1947319
obsidian-vault/paperPDFs/CVPR_2026/Event_Illumination_Collaborative_Low_light_Image_Enhancement_with_a_High_resolution_Real_world_Dataset.pdf	https://arxiv.org/abs/2605.22186	Event-Illumination Collaborative Low-light Image Enhancement with a High-resolution Real-world Dataset	CVPR 2026	44764003	1158210	1158210
obsidian-vault/paperPDFs/SIGGRAPH_2026/On_the_fly_Repulsion_in_the_Contextual_Space_for_Rich_Diversity_in_Diffusion_Transformers.pdf	https://s2026.conference-schedule.org/?post_type=page&p=15&id=papers_383&sess=sess154	On-the-fly Repulsion in the Contextual Space for Rich Diversity in Diffusion Transformers	SIGGRAPH 2026	44709729	2226557	2226557
obsidian-vault/paperPDFs/CVPR_2026/DGGT_Feedforward_4D_Reconstruction_of_Dynamic_Driving_Scenes_using_Unposed_Images.pdf	https://arxiv.org/abs/2512.03004	DGGT: Feedforward 4D Reconstruction of Dynamic Driving Scenes using Unposed Images	CVPR 2026	44644658	839293	839293
obsidian-vault/paperPDFs/SIGGRAPH_2026/Robust_Containment_Queries_over_Collections_of_Trimmed_NURBS_Surfaces_via_Generalized_Winding_Numbers.pdf	https://s2026.conference-schedule.org/?post_type=page&p=15&id=paperstog_119&sess=sess149	Robust Containment Queries over Collections of Trimmed NURBS Surfaces via Generalized Winding Numbers	SIGGRAPH 2026	44626064	1918582	1918582
obsidian-vault/paperPDFs/ICLR_2026/Unsupervised_Representation_Learning_for_3D_Mesh_Parameterization_with_Semantic_fb445667e240.pdf	https://openreview.net/forum?id=9LYsvna4Sk	Unsupervised Representation Learning for 3D Mesh Parameterization with Semantic and Visibility Objectives	ICLR 2026	44622888	1509727	1509727
obsidian-vault/paperPDFs/TOG_2023/AdaptNet_Policy_Adaptation_for_Physics_Based_Character_Control.pdf	https://arxiv.org/abs/2310.00239	AdaptNet: Policy Adaptation for Physics-Based Character Control	TOG 2023	44607950	1755624	1755624
obsidian-vault/paperPDFs/CVPR_2026/Back_to_Basics_Let_Denoising_Generative_Models_Denoise.pdf	https://arxiv.org/abs/2511.13720	Back to Basics: Let Denoising Generative Models Denoise	CVPR 2026	44592209	2424843	2424843
obsidian-vault/paperPDFs/SIGGRAPH_2024/Position_based_Nonlinear_Gauss_Seidel_for_Quasistatic_Hyperelasticity.pdf	https://doi.org/10.1145/3658154	Position-based Nonlinear Gauss-Seidel for Quasistatic Hyperelasticity	SIGGRAPH 2024	44574726	879995	879995
obsidian-vault/paperPDFs/SIGGRAPH_2025/Aerial_Path_Online_Planning_for_Urban_Scene_Updation.pdf	http://arxiv.org/abs/2505.01486	Aerial Path Online Planning for Urban Scene Updation	SIGGRAPH 2025	44552699	2696855	2696855
obsidian-vault/paperPDFs/CVPR_2026/Neighbor_Aware_Localized_Concept_Erasure_in_Text_to_Image_Diffusion_Models.pdf	https://arxiv.org/abs/2603.25994	Neighbor-Aware Localized Concept Erasure in Text-to-Image Diffusion Models	CVPR 2026	44524782	1418270	1418270
obsidian-vault/paperPDFs/ICLR_2026/TINKER_Diffusions_Gift_to_3D_Multi_View_Consistent_Editing_From_Sparse_Inputs_without_Per_Scene_Optimization.pdf	https://openreview.net/forum?id=j7Vt2lp2jX	TINKER: Diffusion's Gift to 3D--Multi-View Consistent Editing From Sparse Inputs without Per-Scene Optimization	ICLR 2026	44475408	3409497	3409497
obsidian-vault/paperPDFs/WHITEPAPER_2025/Isaac_Lab_A_GPU_Accelerated_Simulation_Framework_for_Multi_Modal_Robot_Learning.pdf	https://arxiv.org/abs/2511.04831	Isaac Lab: A GPU-Accelerated Simulation Framework for Multi-Modal Robot Learning	WHITEPAPER 2025	44458996	4212163	4212163
obsidian-vault/paperPDFs/CVPR_2026/FlowDirector_Training_Free_Flow_Steering_for_Precise_Text_to_Video_Editing.pdf	https://arxiv.org/abs/2506.05046	FlowDirector: Training-Free Flow Steering for Precise Text-to-Video Editing	CVPR 2026	44417405	3252075	3252075
obsidian-vault/paperPDFs/CVPR_2026/InstantViR_Real_Time_Video_Inverse_Problem_Solver_with_Distilled_Diffusion_Prior.pdf	https://arxiv.org/abs/2511.14208	InstantViR: Real-Time Video Inverse Problem Solver with Distilled Diffusion Prior	CVPR 2026	44414694	2438690	2438690
obsidian-vault/paperPDFs/SIGGRAPH_2025/GenAnalysis_Joint_Shape_Analysis_by_Learning_Man-Made_Shape_Generators_with_Deformation_Regularizations.pdf	http://arxiv.org/abs/2503.00807	GenAnalysis: Joint Shape Analysis by Learning Man-Made Shape Generators with Deformation Regularizations	SIGGRAPH 2025	44404872	2027843	2027843
obsidian-vault/paperPDFs/SIGGRAPH_ASIA_2025/Artifact_Resilient_Real_Time_Holography.pdf	https://dl.acm.org/doi/pdf/10.1145/3763361	Artifact-Resilient Real-Time Holography	SIGGRAPH ASIA 2025	44361993	4240437	4240437
obsidian-vault/paperPDFs/CVPR_2026/RobotSeg_A_Model_and_Dataset_for_Segmenting_Robots_in_Image_and_Video.pdf	https://arxiv.org/abs/2511.22950	RobotSeg: A Model and Dataset for Segmenting Robots in Image and Video	CVPR 2026	44361635	3212179	3212179
obsidian-vault/paperPDFs/SIGGRAPH_2024/A_Unified_Differentiable_Boolean_Operator_With_Fuzzy_Logic.pdf	https://doi.org/10.1145/3641519.3657484	A Unified Differentiable Boolean Operator With Fuzzy Logic	SIGGRAPH 2024	44345026	537433	537433
obsidian-vault/paperPDFs/SIGGRAPH_2025/Digital_Animation_of_Powder_Snow_Avalanches.pdf	https://dl.acm.org/doi/pdf/10.1145/3730862	Digital Animation of Powder-Snow Avalanches	SIGGRAPH 2025	44316789	1459375	1459375
obsidian-vault/paperPDFs/SIGGRAPH_ASIA_2024/Learning_Based_Toolpath_Planner_on_Diverse_Graphs_for_3D_Printing.pdf	https://rl-toolpath-planner.github.io/	Learning Based Toolpath Planner on Diverse Graphs for 3D Printing	SIGGRAPH ASIA 2024	44303540	1667839	1667839
obsidian-vault/paperPDFs/CVPR_2026/SeeThrough3D_Occlusion_Aware_3D_Control_in_Text_to_Image_Generation.pdf	https://arxiv.org/abs/2602.23359	SeeThrough3D: Occlusion Aware 3D Control in Text-to-Image Generation	CVPR 2026	44267419	3674824	3674824
obsidian-vault/paperPDFs/CVPR_2026/MapReduce_LoRA_Advancing_the_Pareto_Front_in_Multi_Preference_Optimization_for_Generative_Models.pdf	https://arxiv.org/abs/2511.20629	MapReduce LoRA: Advancing the Pareto Front in Multi-Preference Optimization for Generative Models	CVPR 2026	44206604	3418907	3418907
obsidian-vault/paperPDFs/SIGGRAPH_2025/Super_Resolution_for_Humans.pdf	https://dl.acm.org/doi/pdf/10.1145/3721250.3742985	Super Resolution for Humans	SIGGRAPH 2025	44195660	3361374	3361374
obsidian-vault/paperPDFs/SIGGRAPH_2022/Blending_Camera_and_77_GHz_Radar_Sensing_for_Equitable_Robust_Plethysmography.pdf	https://dl.acm.org/doi/pdf/10.1145/3528223.3530161	Blending Camera and 77 GHz Radar Sensing for Equitable, Robust Plethysmography	SIGGRAPH 2022	44147064	864989	864989
obsidian-vault/paperPDFs/ICLR_2026/Navigating_the_Latent_Space_Dynamics_of_Neural_Models.pdf	https://openreview.net/forum?id=Zunww3FHPU	Navigating the Latent Space Dynamics of Neural Models	ICLR 2026	44141527	1330410	1330410
obsidian-vault/paperPDFs/CVPR_2026/Unified_Spherical_Frontend_Learning_Rotation_Equivariant_Representations_of_Spherical_Images_from_Any_Camera.pdf	https://arxiv.org/abs/2511.18174	Unified Spherical Frontend: Learning Rotation-Equivariant Representations of Spherical Images from Any Camera	CVPR 2026	43994801	1452303	1452303
obsidian-vault/paperPDFs/SIGGRAPH_ASIA_2022/Pattern_Based_Cloth_Registration_and_Sparse_View_Animation.pdf	https://dl.acm.org/doi/pdf/10.1145/3550454.3555448	Pattern-Based Cloth Registration and Sparse-View Animation	SIGGRAPH ASIA 2022	43983832	1604509	1604509
obsidian-vault/paperPDFs/CVPR_2026/UltraFlux_Data_Model_Co_Design_for_High_quality_Native_4K_Text_to_Image_Generation_across_Diverse_Aspect_Ratios.pdf	https://arxiv.org/abs/2511.18050	UltraFlux: Data-Model Co-Design for High-quality Native 4K Text-to-Image Generation across Diverse Aspect Ratios	CVPR 2026	43965549	2006495	2006495
obsidian-vault/paperPDFs/CVPR_2026/OccuFly_A_3D_Vision_Benchmark_for_Semantic_Scene_Completion_from_the_Aerial_Perspective.pdf	https://arxiv.org/abs/2512.20770	OccuFly: A 3D Vision Benchmark for Semantic Scene Completion from the Aerial Perspective	CVPR 2026	43948016	1228935	1228935
obsidian-vault/paperPDFs/SIGGRAPH_2022/Face_Extrusion_Quad_Meshes.pdf	https://dl.acm.org/doi/pdf/10.1145/3528233.3530754	Face Extrusion Quad Meshes	SIGGRAPH 2022	43939721	788931	788931
obsidian-vault/paperPDFs/SIGGRAPH_2025/Fast_Subspace_Fluid_Simulation_with_a_Temporally-Aware_Basis.pdf	http://arxiv.org/abs/2502.05339	Fast Subspace Fluid Simulation with a Temporally-Aware Basis	SIGGRAPH 2025	43932767	2034202	2034202
obsidian-vault/paperPDFs/SIGGRAPH_2024/LOOSECONTROL_Lifting_ControlNet_for_Generalized_Depth_Conditioning.pdf	https://doi.org/10.1145/3641519.3657525	LOOSECONTROL: Lifting ControlNet for Generalized Depth Conditioning	SIGGRAPH 2024	43843702	1046351	1046351
obsidian-vault/paperPDFs/CVPR_2026/PhysGaia_A_Physics_aware_Benchmark_with_Multi_Body_Interactions_for_Dynamic_Novel_View_Synthesis.pdf	https://arxiv.org/abs/2506.02794	PhysGaia: A Physics-aware Benchmark with Multi-Body Interactions for Dynamic Novel View Synthesis	CVPR 2026	43736318	1410804	1410804
obsidian-vault/paperPDFs/CVPR_2026/InstructMix2Mix_Consistent_Sparse_View_Editing_Through_Multi_View_Model_Personalization.pdf	https://arxiv.org/abs/2511.14899	InstructMix2Mix: Consistent Sparse-View Editing Through Multi-View Model Personalization	CVPR 2026	43710712	2541517	2541517
obsidian-vault/paperPDFs/SIGGRAPH_ASIA_2025/How_Does_a_Virtual_Agent_Decide_Where_to_Look_Symbolic_Cognitive_Reasoning_for_Embodied_Head_Rotation.pdf	https://dl.acm.org/doi/pdf/10.1145/3757377.3763849	How Does a Virtual Agent Decide Where to Look? Symbolic Cognitive Reasoning for Embodied Head Rotation	SIGGRAPH ASIA 2025	43668693	1006958	1006958
obsidian-vault/paperPDFs/ICLR_2025/OmniRe_Omni_Urban_Scene_Reconstruction.pdf	https://arxiv.org/abs/2408.16760	OmniRe: Omni Urban Scene Reconstruction	ICLR 2025	43667807	903918	903918
obsidian-vault/paperPDFs/SIGGRAPH_ASIA_2024/Actuators_A_La_Mode_Modal_Actuations_for_Soft_Body_Locomotion.pdf	https://arxiv.org/abs/2405.18609	Actuators A La Mode: Modal Actuations for Soft Body Locomotion	SIGGRAPH ASIA 2024	43648335	1730493	1730493
obsidian-vault/paperPDFs/CVPR_2026/TimeRipples_Accelerating_vDiTs_by_Understanding_the_Spatio_Temporal_Correlations_in_Latent_Space.pdf	https://openaccess.thecvf.com/content/CVPR2026/html/Mao_TimeRipples_Accelerating_vDiTs_by_Understanding_the_Spatio-Temporal_Correlations_in_Latent_CVPR_2026_paper.html	TimeRipples: Accelerating vDiTs by Understanding the Spatio-Temporal Correlations in Latent Space	CVPR 2026	43616041	1210012	3360478
obsidian-vault/paperPDFs/SIGGRAPH_2024/Into_the_Portal_Directable_Fractal_Self_Similarity.pdf	https://dl.acm.org/doi/pdf/10.1145/3641519.3657466	Into the Portal: Directable Fractal Self-Similarity	SIGGRAPH 2024	43604771	787904	787904
obsidian-vault/paperPDFs/SIGGRAPH_ASIA_2025/Progressive_Outfit_Assembly_and_Instantaneous_Pose_Transfer.pdf	https://dl.acm.org/doi/pdf/10.1145/3757377.3763868	Progressive Outfit Assembly and Instantaneous Pose Transfer	SIGGRAPH ASIA 2025	43601623	1156956	1156956
obsidian-vault/paperPDFs/CVPR_2026/CUPID_Generative_3D_Reconstruction_via_Joint_Object_and_Pose_Modeling.pdf	https://arxiv.org/abs/2510.20776	CUPID: Generative 3D Reconstruction via Joint Object and Pose Modeling	CVPR 2026	43547599	1210661	1210661
obsidian-vault/paperPDFs/WHITEPAPER_2025/Cosmos_World_Foundation_Model_Platform_for_Physical_AI.pdf	https://arxiv.org/abs/2501.03575	Cosmos World Foundation Model Platform for Physical AI	WHITEPAPER 2025	43473963	3184337	3184337
obsidian-vault/paperPDFs/SIGGRAPH_ASIA_2025/Lifted_Surfacing_of_Generalized_Sweep_Volumes.pdf	https://dl.acm.org/doi/pdf/10.1145/3763360	Lifted Surfacing of Generalized Sweep Volumes	SIGGRAPH ASIA 2025	43402066	1110070	1110070
obsidian-vault/paperPDFs/SIGGRAPH_2022/Accommodative_Holography_Improving_Accommodation_Response_for_Perceptually_Realistic_Holographic_Displays.pdf	https://dl.acm.org/doi/pdf/10.1145/3528223.3530147	Accommodative Holography: Improving Accommodation Response for Perceptually Realistic Holographic Displays	SIGGRAPH 2022	43349720	953783	953783
obsidian-vault/paperPDFs/TOG_2020/Local_motion_phases_for_learning_multi_contact_character_movements.pdf	https://doi.org/10.1145/3386569.3392450	Local motion phases for learning multi-contact character movements	TOG 2020	43307540	868247	868247
obsidian-vault/paperPDFs/SIGGRAPH_ASIA_2024/NASM_Neural_Anisotropic_Surface_Meshing.pdf	https://arxiv.org/abs/2410.23109	NASM: Neural Anisotropic Surface Meshing	SIGGRAPH ASIA 2024	43287105	4241932	4241932
obsidian-vault/paperPDFs/SIGGRAPH_2025/Be_Decisive_Noise-Induced_Layouts_for_Multi-Subject_Generation.pdf	http://arxiv.org/abs/2505.21488	Be Decisive: Noise-Induced Layouts for Multi-Subject Generation	SIGGRAPH 2025	43275654	1557200	1557200
obsidian-vault/paperPDFs/ICLR_2026/GLASS_Flows_Efficient_Inference_for_Reward_Alignment_of_Flow_and_Diffusion_Models.pdf	https://openreview.net/forum?id=vH7OAPZ2dR	GLASS Flows: Efficient Inference for Reward Alignment of Flow and Diffusion Models	ICLR 2026	43115361	3161207	3161207
obsidian-vault/paperPDFs/SIGGRAPH_ASIA_2022/Globally_Injective_Flattening_via_a_Reduced_Harmonic_Subspace.pdf	https://dl.acm.org/doi/pdf/10.1145/3550454.3555449	Globally Injective Flattening via a Reduced Harmonic Subspace	SIGGRAPH ASIA 2022	43114621	2175571	2175571
obsidian-vault/paperPDFs/ICLR_2026/Unified_3D_Scene_Understanding_Through_Physical_World_Modeling.pdf	https://openreview.net/forum?id=NQq9JLMfNN	Unified 3D Scene Understanding Through Physical World Modeling	ICLR 2026	43057976	2248370	2248370
obsidian-vault/paperPDFs/SIGGRAPH_ASIA_2025/Aerial_Path_Planning_for_Urban_Geometry_and_Texture_Co_Capture.pdf	https://dl.acm.org/doi/pdf/10.1145/3763292	Aerial Path Planning for Urban Geometry and Texture Co-Capture	SIGGRAPH ASIA 2025	43040481	1981039	1981039
obsidian-vault/paperPDFs/SIGGRAPH_ASIA_2023/A_Hessian_Based_Field_Deformer_for_Real_Time_Topology_Aware_Shape_Editing.pdf	https://asia.siggraph.org/2023/?post_type=page&p=14494&id=papers_534&sess=sess171	A Hessian-Based Field Deformer for Real-Time Topology-Aware Shape Editing	SIGGRAPH ASIA 2023	43013754	951041	951041
obsidian-vault/paperPDFs/SIGGRAPH_2025/Practical_Inverse_Rendering_of_Textured_and_Translucent_Appearance.pdf	https://dl.acm.org/doi/pdf/10.1145/3730855	Practical Inverse Rendering of Textured and Translucent Appearance	SIGGRAPH 2025	43009016	1987780	1987780
obsidian-vault/paperPDFs/SIGGRAPH_2025/Creating_Fluid_Interactive_Virtual_Agents_by_an_Efficient_Simulator_with_Local_domain_Control.pdf	https://dl.acm.org/doi/pdf/10.1145/3730848	Creating Fluid-Interactive Virtual Agents by an Efficient Simulator with Local-domain Control	SIGGRAPH 2025	42984195	1308351	1308351
obsidian-vault/paperPDFs/ICLR_2026/StreamSplat_Towards_Online_Dynamic_3D_Reconstruction_from_Uncalibrated_Video_Str_ddaf0a5cb355.pdf	https://openreview.net/forum?id=SaiDRQU7Ez	StreamSplat: Towards Online Dynamic 3D Reconstruction from Uncalibrated Video Streams	ICLR 2026	42795615	1944284	1944284
obsidian-vault/paperPDFs/SIGGRAPH_2025/Multiple_Importance_Reweighting_for_Path_Guiding.pdf	https://dl.acm.org/doi/pdf/10.1145/3731144	Multiple Importance Reweighting for Path Guiding	SIGGRAPH 2025	42770590	2604741	2604741
obsidian-vault/paperPDFs/CVPR_2026/4D_RGPT_Toward_Region_level_4D_Understanding_via_Perceptual_Distillation.pdf	https://arxiv.org/abs/2512.17012	4D-RGPT: Toward Region-level 4D Understanding via Perceptual Distillation	CVPR 2026	42769260	3442152	3442152
obsidian-vault/paperPDFs/SIGGRAPH_2025/Kinematic_Motion_Retargeting_for_Contact-Rich_Anthropomorphic_Manipulations.pdf	http://arxiv.org/abs/2402.04820	Kinematic Motion Retargeting for Contact-Rich Anthropomorphic Manipulations	SIGGRAPH 2025	42764656	1241085	1241085
obsidian-vault/paperPDFs/CVPR_2026/SwiftTailor_Efficient_3D_Garment_Generation_with_Geometry_Image_Representation.pdf	https://arxiv.org/abs/2603.19053	SwiftTailor: Efficient 3D Garment Generation with Geometry Image Representation	CVPR 2026	42724141	1346128	1346128
obsidian-vault/paperPDFs/SIGGRAPH_ASIA_2023/Neural_Point_based_Volumetric_Avatar_Surface_guided_Neural_Points_for_Efficient_and_Photorealistic_Volumetric_Head_Avatar.pdf	https://asia.siggraph.org/2023/?post_type=page&p=14494&id=papers_612&sess=sess124	Neural Point-based Volumetric Avatar: Surface-guided Neural Points for Efficient and Photorealistic Volumetric Head Avatar	SIGGRAPH ASIA 2023	42694133	1442417	1442417
obsidian-vault/paperPDFs/SIGGRAPH_ASIA_2025/Neighbor_Aware_Data_Driven_Relaxation_of_Stitch_Mesh_Models_for_Knits.pdf	https://dl.acm.org/doi/pdf/10.1145/3757377.3763890	Neighbor-Aware Data-Driven Relaxation of Stitch Mesh Models for Knits	SIGGRAPH ASIA 2025	42628046	1084384	1084384
obsidian-vault/paperPDFs/SIGGRAPH_2023/Nerfstudio_A_Modular_Framework_for_Neural_Radiance_Field_Development.pdf	https://arxiv.org/abs/2302.04264	Nerfstudio: A Modular Framework for Neural Radiance Field Development	SIGGRAPH 2023	42620609	1703705	1703705
obsidian-vault/paperPDFs/SIGGRAPH_2024/Self_supervised_Video_Defocus_Deblurring_With_Atlas_Learning.pdf	https://dl.acm.org/doi/pdf/10.1145/3641519.3657524	Self-supervised Video Defocus Deblurring With Atlas Learning	SIGGRAPH 2024	42552949	1479280	1479280
obsidian-vault/paperPDFs/SIGGRAPH_ASIA_2025/QMF_Blend_Quantized_Matrix_Factorization_for_Efficient_Blendshape_Compression.pdf	https://dl.acm.org/doi/pdf/10.1145/3757377.3763961	QMF-Blend: Quantized Matrix Factorization for Efficient Blendshape Compression	SIGGRAPH ASIA 2025	42518723	1316710	1316710
obsidian-vault/paperPDFs/SIGGRAPH_2022/Hogel_free_Holography.pdf	https://dl.acm.org/doi/pdf/10.1145/3516428	Hogel-free Holography	SIGGRAPH 2022	42389741	1489385	1489385
obsidian-vault/paperPDFs/ICLR_2026/VoMP_Predicting_Volumetric_Mechanical_Property_Fields.pdf	https://arxiv.org/abs/2510.22975	VoMP: Predicting Volumetric Mechanical Property Fields	ICLR 2026	42384337	3864722	3864722
obsidian-vault/paperPDFs/SIGGRAPH_ASIA_2025/Waste_to_Value_Reutilized_Material_Maximization_for_Additive_and_Subtractive_Hybrid_Remanufacturing.pdf	https://dl.acm.org/doi/pdf/10.1145/3763313	Waste-to-Value: Reutilized Material Maximization for Additive and Subtractive Hybrid Remanufacturing	SIGGRAPH ASIA 2025	42370251	814107	814107
obsidian-vault/paperPDFs/SIGGRAPH_ASIA_2024/SGEdit_Bridging_LLM_with_Text2Image_Generative_Model_for_Scene_Graph_based_Image_Editing.pdf	https://dl.acm.org/doi/pdf/10.1145/3687957	SGEdit: Bridging LLM with Text2Image Generative Model for Scene Graph-based Image Editing	SIGGRAPH ASIA 2024	42357952	1018016	1018016
obsidian-vault/paperPDFs/SIGGRAPH_2023/Language_based_Photo_Color_Adjustment_for_Graphic_Designs.pdf	https://arxiv.org/abs/2308.03059	Language-based Photo Color Adjustment for Graphic Designs	SIGGRAPH 2023	42348386	1221302	1221302
obsidian-vault/paperPDFs/SIGGRAPH_2022/High_Dynamic_Range_and_Super_resolution_From_Raw_Image_Bursts.pdf	https://dl.acm.org/doi/pdf/10.1145/3528223.3530180	High Dynamic Range and Super-resolution From Raw Image Bursts	SIGGRAPH 2022	42271432	3511381	3511381
obsidian-vault/paperPDFs/SIGGRAPH_2026/VecSet_Edit_Unleashing_Pre_trained_LRM_for_Mesh_Editing_from_Single_Image.pdf	https://s2026.conference-schedule.org/?post_type=page&p=15&id=papers_732&sess=sess151	VecSet-Edit: Unleashing Pre-trained LRM for Mesh Editing from Single Image	SIGGRAPH 2026	42255970	1948010	1948010
obsidian-vault/paperPDFs/SIGGRAPH_2025/Learning_to_Assemble_with_Alternative_Plans.pdf	https://dl.acm.org/doi/pdf/10.1145/3730824	Learning to Assemble with Alternative Plans	SIGGRAPH 2025	42253266	633256	633256
obsidian-vault/paperPDFs/CVPR_2026/I2I_Bench_A_Comprehensive_Benchmark_Suite_for_Image_to_Image_Editing_Models.pdf	https://arxiv.org/abs/2512.04660	I2I-Bench: A Comprehensive Benchmark Suite for Image-to-Image Editing Models	CVPR 2026	42209874	3446200	3446200
obsidian-vault/paperPDFs/SIGGRAPH_ASIA_2024/Neural_Kernel_Regression_for_Consistent_Monte_Carlo_Denoising.pdf	https://dl.acm.org/doi/pdf/10.1145/3687949	Neural Kernel Regression for Consistent Monte Carlo Denoising	SIGGRAPH ASIA 2024	42107654	1192192	1192192
obsidian-vault/paperPDFs/ICLR_2024/EmerDiff_Emerging_Pixel_level_Semantic_Knowledge_in_Diffusion_Models.pdf	https://arxiv.org/abs/2401.11739	EmerDiff: Emerging Pixel-level Semantic Knowledge in Diffusion Models	ICLR 2024	42095734	1303533	1303533
obsidian-vault/paperPDFs/SIGGRAPH_2025/Boolean_Operation_for_CAD_Models_Using_a_Hybrid_Representation.pdf	https://dl.acm.org/doi/pdf/10.1145/3730908	Boolean Operation for CAD Models Using a Hybrid Representation	SIGGRAPH 2025	42090108	2520966	2520966
obsidian-vault/paperPDFs/SIGGRAPH_ASIA_2024/Efficient_Neural_Path_Guiding_with_4D_Modeling.pdf	https://woaixuexisr.github.io/papers/distributed-guiding/	Efficient Neural Path Guiding with 4D Modeling	SIGGRAPH ASIA 2024	42084652	1283657	1283657
obsidian-vault/paperPDFs/SIGGRAPH_ASIA_2025/Adaptive_Neural_Kernels_for_Gradient_domain_Rendering.pdf	https://dl.acm.org/doi/pdf/10.1145/3757377.3763920	Adaptive Neural Kernels for Gradient-domain Rendering	SIGGRAPH ASIA 2025	42080218	3090551	3090551
obsidian-vault/paperPDFs/CVPR_2026/MARCO_Navigating_the_Unseen_Space_of_Semantic_Correspondence.pdf	https://arxiv.org/abs/2604.18267	MARCO: Navigating the Unseen Space of Semantic Correspondence	CVPR 2026	42076355	1003985	1003985
obsidian-vault/paperPDFs/SIGGRAPH_ASIA_2024/Camera_Settings_as_Tokens_Modeling_Photography_on_Latent_Diffusion_Models.pdf	https://dl.acm.org/doi/pdf/10.1145/3680528.3687635	Camera Settings as Tokens: Modeling Photography on Latent Diffusion Models	SIGGRAPH ASIA 2024	42073084	1238590	1238590
obsidian-vault/paperPDFs/SIGGRAPH_ASIA_2025/Sparse_SVBRDF_Acquisition_via_Importance_Aware_Illumination_Multiplexing.pdf	https://dl.acm.org/doi/pdf/10.1145/3763324	Sparse SVBRDF Acquisition via Importance-Aware Illumination Multiplexing	SIGGRAPH ASIA 2025	42011288	1052663	1052663
obsidian-vault/paperPDFs/SIGGRAPH_2024/Generative_Escher_Meshes.pdf	https://doi.org/10.1145/3641519.3657452	Generative Escher Meshes	SIGGRAPH 2024	41973356	1341704	1341704
obsidian-vault/paperPDFs/SIGGRAPH_2025/Image-GS_Content-Adaptive_Image_Representation_via_2D_Gaussians.pdf	http://arxiv.org/abs/2407.01866	Image-GS: Content-Adaptive Image Representation via 2D Gaussians	SIGGRAPH 2025	41971596	3396277	3396277
obsidian-vault/paperPDFs/SIGGRAPH_2023/UrbanBIS_A_Large_scale_Benchmark_for_Fine_grained_Urban_Building_Instance_Segmentation.pdf	https://dl.acm.org/doi/pdf/10.1145/3588432.3591508	UrbanBIS: A Large-scale Benchmark for Fine-grained Urban Building Instance Segmentation	SIGGRAPH 2023	41949383	870081	870081
obsidian-vault/paperPDFs/ICLR_2026/A_Step_to_Decouple_Optimization_in_3DGS.pdf	https://openreview.net/forum?id=oapTMDy2Yh	A Step to Decouple Optimization in 3DGS	ICLR 2026	41945329	1333530	1333530
obsidian-vault/paperPDFs/CVPR_2026/FlashVSR_Towards_Real_time_Diffusion_Based_Streaming_Video_Super_Resolution.pdf	https://arxiv.org/abs/2510.12747	FlashVSR: Towards Real-time Diffusion-Based Streaming Video Super Resolution	CVPR 2026	41940643	1056682	1056682
obsidian-vault/paperPDFs/ICLR_2026/3DGEER_3D_Gaussian_Rendering_Made_Exact_and_Efficient_for_Generic_Cameras_ICLR_2026_3dgeer_3d_gaussian_rendering_made_exact_and_efficient_for_generic_cameras.pdf	https://openreview.net/forum?id=4voMNlRWI7	3DGEER: 3D Gaussian Rendering Made Exact and Efficient for Generic Cameras	ICLR 2026	41936344	973052	973052
obsidian-vault/paperPDFs/ICLR_2026/Anchor_Frame_Bridging_for_Coherent_First_Last_Frame_Video_Generation.pdf	https://openreview.net/forum?id=isNjWnVsUR	Anchor Frame Bridging for Coherent First-Last Frame Video Generation	ICLR 2026	41800769	2367625	2367625
obsidian-vault/paperPDFs/SIGGRAPH_ASIA_2025/Spectral_Reconstruction_with_Uncertainty_Quantification_via_Differentiable_Rendering_and_Null_Space_Sampling.pdf	https://dl.acm.org/doi/pdf/10.1145/3757377.3763918	Spectral Reconstruction with Uncertainty Quantification via Differentiable Rendering and Null-Space Sampling	SIGGRAPH ASIA 2025	41795176	1680153	1680153
obsidian-vault/paperPDFs/ICLR_2026/AutoFly_Vision_Language_Action_Model_for_UAV_Autonomous_Navigation_in_the_Wild.pdf	https://openreview.net/forum?id=88RKxlFUNY	AutoFly: Vision-Language-Action Model for UAV Autonomous Navigation in the Wild	ICLR 2026	41731055	1472807	1472807
obsidian-vault/paperPDFs/ICLR_2026/Diffusion_Fine_Tuning_via_Reparameterized_Policy_Gradient_of_the_Soft_Q_Function.pdf	https://openreview.net/forum?id=8zoxC9e23q	Diffusion Fine-Tuning via Reparameterized Policy Gradient of the Soft Q-Function	ICLR 2026	41722935	2140464	2140464
obsidian-vault/paperPDFs/SIGGRAPH_ASIA_2022/FDNeRF_Few_shot_Dynamic_Neural_Radiance_Fields_for_Face_Reconstruction_and_Expression_Editing.pdf	https://dl.acm.org/doi/pdf/10.1145/3550469.3555404	FDNeRF: Few-shot Dynamic Neural Radiance Fields for Face Reconstruction and Expression Editing	SIGGRAPH ASIA 2022	41683917	777584	777584
obsidian-vault/paperPDFs/SIGGRAPH_ASIA_2023/Neural_Stress_Fields_for_Reduced_order_Elastoplasticity_and_Fracture.pdf	https://asia.siggraph.org/2023/?post_type=page&p=14494&id=papers_637&sess=sess151	Neural Stress Fields for Reduced-order Elastoplasticity and Fracture	SIGGRAPH ASIA 2023	41613107	827444	827444
obsidian-vault/paperPDFs/SIGGRAPH_ASIA_2024/Gaussian_Opacity_Fields_Efficient_Adaptive_Surface_Reconstruction_in_Unbounded_Scenes.pdf	https://niujinshuchong.github.io/gaussian-opacity-fields/	Gaussian Opacity Fields: Efficient Adaptive Surface Reconstruction in Unbounded Scenes	SIGGRAPH ASIA 2024	41587448	1760523	1760523
obsidian-vault/paperPDFs/CVPR_2026/DiffusionHarmonizer_Bridging_Neural_Reconstruction_and_Photorealistic_Simulation_with_Online_Diffusion_Enhancer.pdf	https://arxiv.org/abs/2602.24096	DiffusionHarmonizer: Bridging Neural Reconstruction and Photorealistic Simulation with Online Diffusion Enhancer	CVPR 2026	41560668	1660387	1660387
obsidian-vault/paperPDFs/SIGGRAPH_ASIA_2024/Taming_3DGS_High_Quality_Radiance_Fields_with_Limited_Resources.pdf	https://humansensinglab.github.io/taming-3dgs/	Taming 3DGS: High-Quality Radiance Fields with Limited Resources	SIGGRAPH ASIA 2024	41477637	2684737	2684737
obsidian-vault/paperPDFs/SIGGRAPH_ASIA_2024/Polarimetric_BSSRDF_Acquisition_of_Dynamic_Faces.pdf	https://vclab.kaist.ac.kr/siggraphasia2024/	Polarimetric BSSRDF Acquisition of Dynamic Faces	SIGGRAPH ASIA 2024	41467105	847828	847828
obsidian-vault/paperPDFs/SIGGRAPH_ASIA_2023/Neural_Field_Convolutions_by_Repeated_Differentiation.pdf	https://doi.org/10.1145/3618340	Neural Field Convolutions by Repeated Differentiation	SIGGRAPH ASIA 2023	41458931	942631	942631
obsidian-vault/paperPDFs/SIGGRAPH_ASIA_2022/Depth_of_Field_Aware_Differentiable_Rendering.pdf	https://doi.org/10.1145/3550454.3555521	Depth of Field Aware Differentiable Rendering	SIGGRAPH ASIA 2022	41455431	2055301	2055301
obsidian-vault/paperPDFs/SIGGRAPH_ASIA_2023/Animating_Street_View.pdf	https://asia.siggraph.org/2023/?post_type=page&p=14494&id=papers_797&sess=sess131	Animating Street View	SIGGRAPH ASIA 2023	41363423	1373443	1373443
obsidian-vault/paperPDFs/SIGGRAPH_2024/DeadWood_Including_disturbance_and_decay_in_the_depiction_of_digital_nature.pdf	https://doi.org/10.1145/3641816	DeadWood: Including disturbance and decay in the depiction of digital nature	SIGGRAPH 2024	41327381	1877532	1877532
obsidian-vault/paperPDFs/arxiv_2026/PPISP_Physically_Plausible_Compensation_and_Control_of_Photometric_Variations_in_Radiance_Field_Reconstruction.pdf	https://arxiv.org/abs/2601.18336	PPISP: Physically-Plausible Compensation and Control of Photometric Variations in Radiance Field Reconstruction	arxiv 2026	41303777	1388301	1388301
obsidian-vault/paperPDFs/ICLR_2026/BAR_Refactor_the_Basis_of_Autoregressive_Visual_Generation.pdf	https://openreview.net/forum?id=2m9XQq4Dc3	BAR: Refactor the Basis of Autoregressive Visual Generation	ICLR 2026	41294849	1634354	1634354
obsidian-vault/paperPDFs/CVPR_2026/GLINT_Modeling_Scene_Scale_Transparency_via_Gaussian_Radiance_Transport.pdf	https://arxiv.org/abs/2603.26181	GLINT: Modeling Scene-Scale Transparency via Gaussian Radiance Transport	CVPR 2026	41252755	1522009	1522009
obsidian-vault/paperPDFs/SIGGRAPH_ASIA_2025/Voost_A_Unified_and_Scalable_Diffusion_Transformer_for_Bidirectional_Virtual_Try_On_and_Try_Off.pdf	https://dl.acm.org/doi/pdf/10.1145/3757377.3763940	Voost: A Unified and Scalable Diffusion Transformer for Bidirectional Virtual Try-On and Try-Off	SIGGRAPH ASIA 2025	41188572	874893	874893
obsidian-vault/paperPDFs/SIGGRAPH_2024/MaPa_Text_driven_Photorealistic_Material_Painting_for_3D_Shapes.pdf	https://doi.org/10.1145/3641519.3657504	MaPa: Text-driven Photorealistic Material Painting for 3D Shapes	SIGGRAPH 2024	41103945	1305989	1305989
obsidian-vault/paperPDFs/ICLR_2026/SkyEvents_A_Large_Scale_Event_enhanced_UAV_Dataset_for_Robust_3D_Scene_Reconstru_5f0daf32f322.pdf	https://openreview.net/forum?id=dxHPqQindP	SkyEvents: A Large-Scale Event-enhanced UAV Dataset for Robust 3D Scene Reconstruction	ICLR 2026	41060563	1100191	1100191
obsidian-vault/paperPDFs/SIGGRAPH_2022/Rewriting_Geometric_Rules_of_a_GAN.pdf	https://peterwang512.github.io/GANWarping/	Rewriting Geometric Rules of a GAN	SIGGRAPH 2022	41050762	1778933	1778933
obsidian-vault/paperPDFs/SIGGRAPH_2023/B_rep_Matching_for_Collaborating_Across_CAD_Systems.pdf	https://dl.acm.org/doi/pdf/10.1145/3592125	B-rep Matching for Collaborating Across CAD Systems	SIGGRAPH 2023	41013307	941304	941304
obsidian-vault/paperPDFs/SIGGRAPH_2025/AMOR_Adaptive_Character_Control_through_Multi-Objective_Reinforcement_Learning.pdf	http://arxiv.org/abs/2505.23708	AMOR: Adaptive Character Control through Multi-Objective Reinforcement Learning	SIGGRAPH 2025	40991723	733384	733384
obsidian-vault/paperPDFs/SIGGRAPH_2022/Character_Articulation_Through_Profile_Curves.pdf	https://dl.acm.org/doi/pdf/10.1145/3528223.3530060	Character Articulation Through Profile Curves	SIGGRAPH 2022	40973667	819267	819267
obsidian-vault/paperPDFs/SIGGRAPH_2024/Importance_Sampling_BRDF_Derivatives.pdf	https://doi.org/10.1145/3648611	Importance Sampling BRDF Derivatives	SIGGRAPH 2024	40908718	2317751	2317751
obsidian-vault/paperPDFs/SIGGRAPH_2022/Neural_Layered_BRDFs.pdf	https://wangningbei.github.io/2022/NLBRDF.html	Neural Layered BRDFs	SIGGRAPH 2022	40901888	952756	952756
obsidian-vault/paperPDFs/SIGGRAPH_2022/Disentangling_Random_and_Cyclic_Effects_in_Time_lapse_Sequences.pdf	https://arxiv.org/abs/2207.01413	Disentangling Random and Cyclic Effects in Time-lapse Sequences	SIGGRAPH 2022	40890298	1518931	1518931
obsidian-vault/paperPDFs/SIGGRAPH_ASIA_2022/Computing_Medial_Axis_Transform_with_Feature_Preservation_via_Restricted_Power_Diagram.pdf	https://dl.acm.org/doi/pdf/10.1145/3550454.3555465	Computing Medial Axis Transform with Feature Preservation via Restricted Power Diagram	SIGGRAPH ASIA 2022	40829560	2067281	2067281
obsidian-vault/paperPDFs/arxiv_2025/LAMP_Language_Assisted_Motion_Planning_for_Controllable_Video_Generation.pdf	https://arxiv.org/abs/2512.03619	LAMP: Language-Assisted Motion Planning for Controllable Video Generation	arxiv 2025	40792107	1052886	1052886
obsidian-vault/paperPDFs/SIGGRAPH_2026/FreeOrbit4D_Training_Free_Arbitrary_Camera_Redirection_for_Monocular_Videos_via_Foreground_Complete_4D_Reconstruction.pdf	https://s2026.conference-schedule.org/?post_type=page&p=15&id=papers_708&sess=sess150	FreeOrbit4D: Training-Free Arbitrary Camera Redirection for Monocular Videos via Foreground-Complete 4D Reconstruction	SIGGRAPH 2026	40770672	1942985	1942985
obsidian-vault/paperPDFs/SIGGRAPH_2026/See_through_Single_image_Layer_Decomposition_for_Anime_Characters.pdf	https://s2026.conference-schedule.org/?post_type=page&p=15&id=papers_1349&sess=sess109	See-through: Single-image Layer Decomposition for Anime Characters	SIGGRAPH 2026	40715690	1451922	1451922
obsidian-vault/paperPDFs/ICLR_2026/Vid2World_Crafting_Video_Diffusion_Models_to_Interactive_World_Models.pdf	https://openreview.net/forum?id=pFyzqbUiF9	Vid2World: Crafting Video Diffusion Models to Interactive World Models	ICLR 2026	40591703	2571472	2571472
obsidian-vault/paperPDFs/arxiv_2025/WorldPlay_Towards_Long_Term_Geometric_Consistency_for_Real_Time_Interactive_World_Modeling.pdf	https://arxiv.org/abs/2512.14614	WorldPlay: Towards Long-Term Geometric Consistency for Real-Time Interactive World Modeling	arxiv 2025	40577609	1738070	1738070
obsidian-vault/paperPDFs/CVPR_2026/PhyGaP_Physically_Grounded_Gaussians_with_Polarization_Cues.pdf	https://arxiv.org/abs/2603.14001	PhyGaP: Physically-Grounded Gaussians with Polarization Cues	CVPR 2026	40496494	1924093	1924093
obsidian-vault/paperPDFs/SIGGRAPH_2022/Active_Exploration_for_Neural_Global_Illumination_of_Variable_Scenes.pdf	https://repo-sam.inria.fr/fungraph/active-exploration/	Active Exploration for Neural Global Illumination of Variable Scenes	SIGGRAPH 2022	40438931	1813291	1813291
obsidian-vault/paperPDFs/ICLR_2026/TRACE_Your_Diffusion_Model_is_Secretly_an_Instance_Edge_Detector.pdf	https://openreview.net/forum?id=BjElYlJKMj	TRACE: Your Diffusion Model is Secretly an Instance Edge Detector	ICLR 2026	40404137	3394281	3394281
obsidian-vault/paperPDFs/SIGGRAPH_2022/StyleGAN_NADA_CLIP_guided_Domain_Adaptation_of_Image_Generators.pdf	https://stylegan-nada.github.io/	StyleGAN-NADA: CLIP-guided Domain Adaptation of Image Generators	SIGGRAPH 2022	40378416	3340437	3340437
obsidian-vault/paperPDFs/ICLR_2026/EasyCreator_Empowering_4D_Creation_through_Video_Inpainting_0433338d18d5.pdf	https://openreview.net/forum?id=mU8Ubd8aNK	EasyCreator: Empowering 4D Creation through Video Inpainting	ICLR 2026	40373448	1497063	1497063
obsidian-vault/paperPDFs/SIGGRAPH_2022/DSG_Net_Learning_Disentangled_Structure_and_Geometry_for_3D_Shape_Generation.pdf	http://geometrylearning.com/dsg-net/	DSG-Net: Learning Disentangled Structure and Geometry for 3D Shape Generation	SIGGRAPH 2022	40239957	2167350	2167350
obsidian-vault/paperPDFs/arxiv_2024/Structured_3D_Latents_for_Scalable_and_Versatile_3D_Generation.pdf	https://arxiv.org/abs/2412.01506	Structured 3D Latents for Scalable and Versatile 3D Generation	arxiv 2024	40166803	2747664	2747664
obsidian-vault/paperPDFs/SIGGRAPH_ASIA_2024/DreamUDF_Generating_Unsigned_Distance_Fields_from_A_Single_Image.pdf	https://dl.acm.org/doi/pdf/10.1145/3687769	DreamUDF: Generating Unsigned Distance Fields from A Single Image	SIGGRAPH ASIA 2024	40152682	2389924	2389924
obsidian-vault/paperPDFs/SIGGRAPH_ASIA_2022/Pupil_aware_Holography.pdf	https://arxiv.org/abs/2203.14939	Pupil-aware Holography	SIGGRAPH ASIA 2022	40110397	2378590	2378590
obsidian-vault/paperPDFs/SIGGRAPH_2023/SketchFaceNeRF_Sketch_based_Facial_Generation_and_Editing_in_Neural_Radiance_Fields.pdf	https://dl.acm.org/doi/pdf/10.1145/3592100	SketchFaceNeRF: Sketch-based Facial Generation and Editing in Neural Radiance Fields	SIGGRAPH 2023	39960814	2006683	2006683
obsidian-vault/paperPDFs/AAAI_2026/DREAMRUNNER_Fine_Grained_Compositional_Story_to_Video_Generation_with_Retrieval_Augmented_Motion_Adaptation.pdf	https://arxiv.org/abs/2411.16657	DREAMRUNNER: Fine-Grained Compositional Story-to-Video Generation with Retrieval-Augmented Motion Adaptation	AAAI 2026	39834194	3693828	3693828
obsidian-vault/paperPDFs/SIGGRAPH_2025/Manu_Grid_UI_for_Parameter_Estimation_of_Tilt_Angle_Extended_Generalized_Projection_Function_in_Illustrations.pdf	https://dl.acm.org/doi/pdf/10.1145/3721250.3743003	Manu-Grid: UI for Parameter Estimation of Tilt Angle Extended Generalized Projection Function in Illustrations	SIGGRAPH 2025	39788429	232345	232345
obsidian-vault/paperPDFs/SIGGRAPH_ASIA_2022/Unbiased_Caustics_Rendering_Guided_by_Representative_Specular_Paths.pdf	https://wangningbei.github.io/2022/PathcutGuiding.html	Unbiased Caustics Rendering Guided by Representative Specular Paths	SIGGRAPH ASIA 2022	39769780	2415563	2415563
obsidian-vault/paperPDFs/SIGGRAPH_ASIA_2023/Content_based_Search_for_Deep_Generative_Models.pdf	https://asia.siggraph.org/2023/?post_type=page&p=14494&id=papers_528&sess=sess132	Content-based Search for Deep Generative Models	SIGGRAPH ASIA 2023	39703598	1494069	1494069
obsidian-vault/paperPDFs/SIGGRAPH_2024/Mob_FGSR_Frame_Generation_and_Super_Resolution_for_Mobile_Real_time_Rendering.pdf	http://www.cad.zju.edu.cn/home/jin/Sig20241/Mob-FGSR.htm	Mob-FGSR: Frame Generation and Super Resolution for Mobile Real-time Rendering	SIGGRAPH 2024	39695671	1252201	1252201
obsidian-vault/paperPDFs/CVPR_2026/Synthetic_Curriculum_Reinforces_Compositional_Text_to_Image_Generation.pdf	https://arxiv.org/abs/2511.18378	Synthetic Curriculum Reinforces Compositional Text-to-Image Generation	CVPR 2026	39644833	1841139	1841139
obsidian-vault/paperPDFs/ICLR_2026/Diffusion_Blend_Inference_Time_Multi_Preference_Alignment_for_Diffusion_Models.pdf	https://openreview.net/forum?id=M2DXbwO8le	Diffusion Blend: Inference-Time Multi-Preference Alignment for Diffusion Models	ICLR 2026	39585987	1597721	1597721
obsidian-vault/paperPDFs/SIGGRAPH_ASIA_2023/An_Implicit_Physical_Face_Model_Driven_by_Expression_and_Style.pdf	https://asia.siggraph.org/2023/?post_type=page&p=14494&id=papers_327&sess=sess137	An Implicit Physical Face Model Driven by Expression and Style	SIGGRAPH ASIA 2023	39530837	755376	755376
obsidian-vault/paperPDFs/SIGGRAPH_ASIA_2024/Text_Guided_Texturing_by_Synchronized_Multi_View_Diffusion.pdf	https://arxiv.org/abs/2311.12891	Text-Guided Texturing by Synchronized Multi-View Diffusion	SIGGRAPH ASIA 2024	39523184	953546	953546
obsidian-vault/paperPDFs/SIGGRAPH_ASIA_2023/Neural_Metamaterial_Networks_for_Nonlinear_Material_Design.pdf	https://dl.acm.org/doi/pdf/10.1145/3618325	Neural Metamaterial Networks for Nonlinear Material Design	SIGGRAPH ASIA 2023	39514912	1450229	1450229
obsidian-vault/paperPDFs/ICCV_2025/Global_Motion_Corresponder_for_3D_Point_Based_Scene_Interpolation_under_Large_Motion.pdf	https://arxiv.org/abs/2508.20136	Global Motion Corresponder for 3D Point-Based Scene Interpolation under Large Motion	ICCV 2025	39438133	964686	964686
obsidian-vault/paperPDFs/SIGGRAPH_2026/MAROON_A_Dataset_for_the_Joint_Characterization_of_Near_Field_High_Resolution_Radio_Frequency_and_Optical_Depth_Imaging_Techniques.pdf	https://s2026.conference-schedule.org/?post_type=page&p=15&id=paperstog_122&sess=sess147	MAROON: A Dataset for the Joint Characterization of Near-Field High-Resolution Radio-Frequency and Optical Depth Imaging Techniques	SIGGRAPH 2026	39436203	1884837	1884837
obsidian-vault/paperPDFs/SIGGRAPH_ASIA_2022/RFEPS_Reconstructing_Feature_line_Equipped_Polygonal_Surface.pdf	https://xrvitd.github.io/Projects/RFEPS/index.html	RFEPS: Reconstructing Feature-line Equipped Polygonal Surface	SIGGRAPH ASIA 2022	39419437	1493642	1493642
obsidian-vault/paperPDFs/arxiv_2026/Motion-Adapter:_A_Diffusion_Model_Adapter_for_Text-to-Motion_Generation_of_Compound_Actions.pdf	https://arxiv.org/abs/2604.16135	Motion-Adapter: A Diffusion Model Adapter for Text-to-Motion Generation of Compound Actions	arXiv 2026	39374088	1149014	1149014
obsidian-vault/paperPDFs/SIGGRAPH_2025/Variational_Surface_Reconstruction_Using_Natural_Neighbors.pdf	https://dl.acm.org/doi/pdf/10.1145/3731191	Variational Surface Reconstruction Using Natural Neighbors	SIGGRAPH 2025	39366139	1412984	1412984
obsidian-vault/paperPDFs/SIGGRAPH_2022/Learning_to_Use_Chopsticks_in_Diverse_Gripping_Styles.pdf	https://doi.org/10.1145/3528223.3530057	Learning to Use Chopsticks in Diverse Gripping Styles	SIGGRAPH 2022	39281822	873016	873016
obsidian-vault/paperPDFs/SIGGRAPH_ASIA_2022/Learning_to_Generate_3D_Shapes_from_a_Single_Example.pdf	https://dl.acm.org/doi/pdf/10.1145/3550454.3555480	Learning to Generate 3D Shapes from a Single Example	SIGGRAPH ASIA 2022	39280252	3002680	3002680
obsidian-vault/paperPDFs/SIGGRAPH_2022/NIMBLE_A_Non_rigid_Hand_Model_With_Bones_and_Muscles.pdf	https://arxiv.org/abs/2202.04533v2	NIMBLE: A Non-rigid Hand Model With Bones and Muscles	SIGGRAPH 2022	39272894	1650310	1650310
obsidian-vault/paperPDFs/CVPR_2026/PoseGAM_Robust_Unseen_Object_Pose_Estimation_via_Geometry_Aware_Multi_View_Reasoning.pdf	https://arxiv.org/abs/2512.10840	PoseGAM: Robust Unseen Object Pose Estimation via Geometry-Aware Multi-View Reasoning	CVPR 2026	39240419	1001112	1001112
obsidian-vault/paperPDFs/CVPR_2026/Customized_Fusion_A_Closed_Loop_Dynamic_Network_for_Adaptive_Multi_Task_Aware_Infrared_Visible_Image_Fusion.pdf	https://arxiv.org/abs/2604.08924	Customized Fusion: A Closed-Loop Dynamic Network for Adaptive Multi-Task-Aware Infrared-Visible Image Fusion	CVPR 2026	39227717	793021	793021
obsidian-vault/paperPDFs/CVPR_2024/Shape_of_Motion_4D_Reconstruction_from_a_Single_Video.pdf	https://arxiv.org/abs/2407.13764	Shape of Motion: 4D Reconstruction from a Single Video	CVPR 2024	39220458	651375	651375
obsidian-vault/paperPDFs/CVPR_2026/Cloning_Deterministic_Worlds_The_Critical_Role_of_Latent_Geometry_in_Long_Horizon_World_Models.pdf	https://arxiv.org/abs/2510.26782	Cloning Deterministic Worlds: The Critical Role of Latent Geometry in Long-Horizon World Models	CVPR 2026	39050815	956976	956976
obsidian-vault/paperPDFs/ICLR_2026/Temporal_Sparse_Autoencoders_Leveraging_the_Sequential_Nature_of_Language_for_Interpretability.pdf	https://openreview.net/forum?id=bojVI4l9Kn	Temporal Sparse Autoencoders: Leveraging the Sequential Nature of Language for Interpretability	ICLR 2026	39044382	2932675	2932675
obsidian-vault/paperPDFs/arxiv_2026/ArtisanGS_Interactive_Tools_for_Gaussian_Splat_Selection_with_AI_and_Human_in_the_Loop.pdf	https://arxiv.org/abs/2602.10173	ArtisanGS: Interactive Tools for Gaussian Splat Selection with AI and Human in the Loop	arxiv 2026	38971510	915503	915503
obsidian-vault/paperPDFs/SIGGRAPH_2023/Temporal_Set_Inversion_for_Animated_Implicits.pdf	https://dl.acm.org/doi/pdf/10.1145/3592448	Temporal Set Inversion for Animated Implicits	SIGGRAPH 2023	38931372	1150409	1150409
obsidian-vault/paperPDFs/CVPR_2026/DreamStereo_Towards_Real_Time_Stereo_Inpainting_for_HD_Videos.pdf	https://arxiv.org/abs/2604.12270	DreamStereo: Towards Real-Time Stereo Inpainting for HD Videos	CVPR 2026	38897282	1787802	1787802
obsidian-vault/paperPDFs/SIGGRAPH_2026/Generative_3D_Gaussians_with_Learned_Density_Control.pdf	https://s2026.conference-schedule.org/?post_type=page&p=15&id=papers_758&sess=sess112	Generative 3D Gaussians with Learned Density Control	SIGGRAPH 2026	38833835	2408716	2408716
obsidian-vault/paperPDFs/CVPR_2026/INSID3_Training_Free_In_Context_Segmentation_with_DINOv3.pdf	https://arxiv.org/abs/2603.28480	INSID3: Training-Free In-Context Segmentation with DINOv3	CVPR 2026	38792117	1658841	1658841
obsidian-vault/paperPDFs/SIGGRAPH_2022/Rendering_of_Scratched_Transparent_Materials_Using_Precomputed_SV_BSDFs.pdf	https://doi.org/10.1145/3532719.3543207	Rendering of Scratched Transparent Materials Using Precomputed SV-BSDFs	SIGGRAPH 2022	38761390	161676	161676
obsidian-vault/paperPDFs/SIGGRAPH_ASIA_2024/Quark_Real_time_High_resolution_and_General_Neural_View_Synthesis.pdf	https://quark-3d.github.io/	Quark: Real-time, High-resolution, and General Neural View Synthesis	SIGGRAPH ASIA 2024	38759720	3353158	3353158
obsidian-vault/paperPDFs/SIGGRAPH_ASIA_2025/X_UniMotion_Animating_Human_Images_with_Expressive_Unified_and_Identity_Agnostic_Motion_Latents.pdf	https://dl.acm.org/doi/pdf/10.1145/3757377.3763952	X-UniMotion: Animating Human Images with Expressive, Unified and Identity-Agnostic Motion Latents	SIGGRAPH ASIA 2025	38756738	812391	812391
obsidian-vault/paperPDFs/SIGGRAPH_2024/Transparent_Image_Layer_Diffusion_Using_Latent_Transparency.pdf	https://doi.org/10.1145/3658150	Transparent Image Layer Diffusion Using Latent Transparency	SIGGRAPH 2024	38675923	2034809	2034809
obsidian-vault/paperPDFs/SIGGRAPH_2026/InfiniteDiffusion_Bridging_Learned_Fidelity_and_Procedural_Utility_for_Open_World_Terrain_Generation.pdf	https://s2026.conference-schedule.org/?post_type=page&p=15&id=papers_416&sess=sess106	InfiniteDiffusion: Bridging Learned Fidelity and Procedural Utility for Open-World Terrain Generation	SIGGRAPH 2026	38534124	2115113	2115113
obsidian-vault/paperPDFs/SIGGRAPH_ASIA_2025/Split4D_Decomposed_4D_Scene_Reconstruction_Without_Video_Segmentation.pdf	https://dl.acm.org/doi/pdf/10.1145/3763343	Split4D: Decomposed 4D Scene Reconstruction Without Video Segmentation	SIGGRAPH ASIA 2025	38501147	1502967	1502967
obsidian-vault/paperPDFs/CVPR_2026/Selectively_Extracting_and_Injecting_Visual_Attributes_into_Text_to_Image_Models.pdf	https://openaccess.thecvf.com/content/CVPR2026/html/Choi_Selectively_Extracting_and_Injecting_Visual_Attributes_into_Text-to-Image_Models_CVPR_2026_paper.html	Selectively Extracting and Injecting Visual Attributes into Text-to-Image Models	CVPR 2026	38472658	755210	3683944
obsidian-vault/paperPDFs/SIGGRAPH_2025/Order_Matters_Learning_Element_Ordering_for_Graphic_Design_Generation.pdf	https://dl.acm.org/doi/pdf/10.1145/3730858	Order Matters: Learning Element Ordering for Graphic Design Generation	SIGGRAPH 2025	38350446	1284542	1284542
obsidian-vault/paperPDFs/CVPR_2026/See_and_Fix_the_Flaws_Enabling_VLMs_and_Diffusion_Models_to_Comprehend_Visual_Artifacts_via_Agentic_Data_Synthesis.pdf	https://arxiv.org/abs/2602.20951	See and Fix the Flaws: Enabling VLMs and Diffusion Models to Comprehend Visual Artifacts via Agentic Data Synthesis	CVPR 2026	38331409	2503661	2503661
obsidian-vault/paperPDFs/SIGGRAPH_2025/VideoPainter_Any_length_Video_Inpainting_and_Editing_with_Plug_and_Play_Context_Control.pdf	http://arxiv.org/abs/2503.05639v3	VideoPainter: Any-length Video Inpainting and Editing with Plug-and-Play Context Control	SIGGRAPH 2025	38327481	2268050	2268050
obsidian-vault/paperPDFs/SIGGRAPH_ASIA_2025/Practical_Gaussian_process_implicit_surfaces_with_sparse_convolutions.pdf	https://dl.acm.org/doi/pdf/10.1145/3763329	Practical Gaussian process implicit surfaces with sparse convolutions	SIGGRAPH ASIA 2025	38325167	2311212	2311212
obsidian-vault/paperPDFs/SIGGRAPH_ASIA_2022/Force_Aware_Interface_via_Electromyography_for_Natural_VR_AR_Interaction.pdf	https://www.immersivecomputinglab.org/publication/force-aware-interface-via-electromyography-for-natural-vr-ar-interaction/	Force-Aware Interface via Electromyography for Natural VR/AR Interaction	SIGGRAPH ASIA 2022	38289200	1429155	1429155
obsidian-vault/paperPDFs/SIGGRAPH_2025/WishGI_Lightweight_Static_Global_Illumination_Baking_via_Spherical_Harmonics_Fitting.pdf	https://dl.acm.org/doi/pdf/10.1145/3730935	WishGI: Lightweight Static Global Illumination Baking via Spherical Harmonics Fitting	SIGGRAPH 2025	38274349	887261	887261
obsidian-vault/paperPDFs/CVPR_2026/AREA3D_Active_Reconstruction_Agent_with_Unified_Feed_Forward_3D_Perception_and_Vision_Language_Guidance.pdf	https://arxiv.org/abs/2512.05131	AREA3D: Active Reconstruction Agent with Unified Feed-Forward 3D Perception and Vision-Language Guidance	CVPR 2026	38274325	1232599	1232599
obsidian-vault/paperPDFs/SIGGRAPH_ASIA_2023/Power_Plastics_A_Hybrid_Lagrangian_Eulerian_Solver_for_Mesoscale_Inelastic_Flows.pdf	https://dl.acm.org/doi/pdf/10.1145/3618344	Power Plastics: A Hybrid Lagrangian/Eulerian Solver for Mesoscale Inelastic Flows	SIGGRAPH ASIA 2023	38269354	691603	691603
obsidian-vault/paperPDFs/SIGGRAPH_2022/The_Power_Particle_in_Cell_Method.pdf	https://dl.acm.org/doi/pdf/10.1145/3528223.3530066	The Power Particle-in-Cell Method	SIGGRAPH 2022	38231786	618875	618875
obsidian-vault/paperPDFs/CVPR_2026/Differentiable_Adaptive_4D_Structured_Illumination_for_Joint_Capture_of_Shape_and_Reflectance.pdf	https://arxiv.org/abs/2605.06214	Differentiable Adaptive 4D Structured Illumination for Joint Capture of Shape and Reflectance	CVPR 2026	38184669	649407	649407
obsidian-vault/paperPDFs/SIGGRAPH_2023/Rhizomorph_The_Coordinated_Function_of_Shoots_and_Roots.pdf	https://storage.googleapis.com/pirk.io/projects/rhizomorph/index.html	Rhizomorph: The Coordinated Function of Shoots and Roots	SIGGRAPH 2023	38183854	1350766	1350766
obsidian-vault/paperPDFs/SIGGRAPH_ASIA_2023/Diffusion_Posterior_Illumination_for_Ambiguity_aware_Inverse_Rendering.pdf	https://dl.acm.org/doi/pdf/10.1145/3618357	Diffusion Posterior Illumination for Ambiguity-aware Inverse Rendering	SIGGRAPH ASIA 2023	38176817	1521570	1521570
obsidian-vault/paperPDFs/SIGGRAPH_2023/Towards_Material_Digitization_With_a_Dual_scale_Optical_System.pdf	https://www.elenagarces.es/projects/SEDDIDome/web/index.html	Towards Material Digitization With a Dual-scale Optical System	SIGGRAPH 2023	38165208	1482604	1482604
obsidian-vault/paperPDFs/CVPR_2026/MorphAny3D_Unleashing_the_Power_of_Structured_Latent_in_3D_Morphing.pdf	https://arxiv.org/abs/2601.00204	MorphAny3D: Unleashing the Power of Structured Latent in 3D Morphing	CVPR 2026	38144664	3085113	3085113
obsidian-vault/paperPDFs/SIGGRAPH_ASIA_2023/SAILOR_Synergizing_Radiance_and_Occupancy_Fields_for_Live_Human_Performance_Capture.pdf	https://doi.org/10.1145/3618370	SAILOR: Synergizing Radiance and Occupancy Fields for Live Human Performance Capture	SIGGRAPH ASIA 2023	38089996	3393294	3393294
obsidian-vault/paperPDFs/SIGGRAPH_ASIA_2022/MoRig_Motion_Aware_Rigging_of_Character_Meshes_from_Point_Clouds.pdf	https://zhan-xu.github.io/motion-rig/	MoRig: Motion-Aware Rigging of Character Meshes from Point Clouds	SIGGRAPH ASIA 2022	38079546	1085300	1085300
obsidian-vault/paperPDFs/SIGGRAPH_2023/HACK_Learning_a_Parametric_Head_and_Neck_Model_for_High_fidelity_Animation.pdf	https://arxiv.org/abs/2305.04469	HACK: Learning a Parametric Head and Neck Model for High-fidelity Animation	SIGGRAPH 2023	38071211	1184608	1184608
obsidian-vault/paperPDFs/SIGGRAPH_ASIA_2024/Filtering_Based_Reconstruction_for_Gradient_Domain_Rendering.pdf	https://cg.cs.tsinghua.edu.cn/people/~kun/	Filtering-Based Reconstruction for Gradient-Domain Rendering	SIGGRAPH ASIA 2024	38062411	983903	983903
obsidian-vault/paperPDFs/SIGGRAPH_2026/MTPano_Multi_Task_Panoramic_Scene_Understanding_via_Label_Free_Integration_of_Dense_Prediction_Priors.pdf	https://s2026.conference-schedule.org/?post_type=page&p=15&id=papers_1152&sess=sess144	MTPano: Multi-Task Panoramic Scene Understanding via Label-Free Integration of Dense Prediction Priors	SIGGRAPH 2026	37982097	1373051	1373051
obsidian-vault/paperPDFs/SIGGRAPH_2026/ComboStoc_Combinatorial_Stochasticity_for_Diffusion_Generative_Models.pdf	https://s2026.conference-schedule.org/?post_type=page&p=15&id=papers_160&sess=sess154	ComboStoc: Combinatorial Stochasticity for Diffusion Generative Models	SIGGRAPH 2026	37910145	1263732	1263732
obsidian-vault/paperPDFs/SIGGRAPH_ASIA_2024/Trust_Region_Eigenvalue_Filtering_for_Projected_Newton.pdf	https://www.cs.columbia.edu/cg/trust-region/	Trust-Region Eigenvalue Filtering for Projected Newton	SIGGRAPH ASIA 2024	37882034	1325461	1325461
obsidian-vault/paperPDFs/SIGGRAPH_2023/A_Temporal_Coherent_Topology_Optimization_Approach_for_Assembly_Planning_of_Bespoke_Frame_Structures.pdf	https://dl.acm.org/doi/pdf/10.1145/3592102	A Temporal Coherent Topology Optimization Approach for Assembly Planning of Bespoke Frame Structures	SIGGRAPH 2023	37823814	965517	965517
obsidian-vault/paperPDFs/SIGGRAPH_2022/Photo_to_shape_Material_Transfer_for_Diverse_Structures.pdf	https://arxiv.org/abs/2205.04018	Photo-to-shape Material Transfer for Diverse Structures	SIGGRAPH 2022	37790872	1255419	1255419
obsidian-vault/paperPDFs/SIGGRAPH_ASIA_2024/PersonaTalk_Bring_Attention_to_Your_Persona_in_Visual_Dubbing.pdf	https://grisoon.github.io/PersonaTalk/	PersonaTalk: Bring Attention to Your Persona in Visual Dubbing	SIGGRAPH ASIA 2024	37782605	532155	532155
obsidian-vault/paperPDFs/SIGGRAPH_ASIA_2025/ART_DECO_Arbitrary_Text_Guidance_for_3D_Detailizer_Construction.pdf	https://dl.acm.org/doi/pdf/10.1145/3757377.3763877	ART-DECO: Arbitrary Text Guidance for 3D Detailizer Construction	SIGGRAPH ASIA 2025	37763011	1770346	1770346
obsidian-vault/paperPDFs/CVPR_2026/MultiBanana_A_Challenging_Benchmark_for_Multi_Reference_Text_to_Image_Generation.pdf	https://arxiv.org/abs/2511.22989	MultiBanana: A Challenging Benchmark for Multi-Reference Text-to-Image Generation	CVPR 2026	37703514	3262516	3262516
obsidian-vault/paperPDFs/SIGGRAPH_2026/Forget_Superresolution_Sample_Adaptively_when_Path_Tracing.pdf	https://s2026.conference-schedule.org/?post_type=page&p=15&id=papers_1351&sess=sess141	Forget Superresolution, Sample Adaptively (when Path Tracing)	SIGGRAPH 2026	37696160	1749620	1749620
obsidian-vault/paperPDFs/SIGGRAPH_2023/Textured_Mesh_Quality_Assessment_Large_scale_Dataset_and_Deep_Learning_based_Quality_Metric.pdf	https://arxiv.org/abs/2202.02397	Textured Mesh Quality Assessment: Large-scale Dataset and Deep Learning-based Quality Metric	SIGGRAPH 2023	37652860	1153348	1153348
obsidian-vault/paperPDFs/CVPR_2026/DCoAR_Deep_Concept_Injection_into_Unified_Autoregressive_Models_for_Personalized_Text_to_Image_Generation.pdf	https://arxiv.org/abs/2508.07341	DCoAR: Deep Concept Injection into Unified Autoregressive Models for Personalized Text-to-Image Generation	CVPR 2026	37599518	1830721	1830721
obsidian-vault/paperPDFs/arxiv_2025/Matrix-Game_2.0:_An_Open-Source,_Real-Time,_and_Streaming_Interactive_World_Model.pdf	https://arxiv.org/abs/2508.13009	Matrix-Game 2.0: An Open-Source, Real-Time, and Streaming Interactive World Model	arXiv 2025	37452352	1358609	1358609
obsidian-vault/paperPDFs/SIGGRAPH_ASIA_2022/NeuralMarker_A_Framework_for_Learning_General_Marker_Correspondence.pdf	https://drinkingcoder.github.io/publication/neuralmarker/	NeuralMarker: A Framework for Learning General Marker Correspondence	SIGGRAPH ASIA 2022	37444076	802385	802385
obsidian-vault/paperPDFs/SIGGRAPH_2024/Real_Time_Neural_Appearance_Models.pdf	https://doi.org/10.1145/3659577	Real-Time Neural Appearance Models	SIGGRAPH 2024	37439289	1711610	1711610
obsidian-vault/paperPDFs/SIGGRAPH_ASIA_2022/SurfaceVoronoi_Efficiently_Computing_Voronoi_Diagrams_Over_Mesh_Surfaces_with_Arbitrary_Distance_Solvers.pdf	https://arxiv.org/abs/2212.09029	SurfaceVoronoi: Efficiently Computing Voronoi Diagrams Over Mesh Surfaces with Arbitrary Distance Solvers	SIGGRAPH ASIA 2022	37409422	810340	810340
obsidian-vault/paperPDFs/SIGGRAPH_ASIA_2022/Efficient_Neural_Radiance_Fields_for_Interactive_Free_viewpoint_Video.pdf	https://zju3dv.github.io/enerf/	Efficient Neural Radiance Fields for Interactive Free-viewpoint Video	SIGGRAPH ASIA 2022	37380028	751084	751084
obsidian-vault/paperPDFs/CVPR_2026/ARC_Is_a_Vision_Problem.pdf	https://arxiv.org/abs/2511.14761	ARC Is a Vision Problem!	CVPR 2026	37375312	2128802	2128802
obsidian-vault/paperPDFs/SIGGRAPH_ASIA_2025/Voyager_Long_Range_and_World_Consistent_Video_Diffusion_for_Explorable_3D_Scene_Generation.pdf	https://dl.acm.org/doi/pdf/10.1145/3763330	Voyager: Long-Range and World-Consistent Video Diffusion for Explorable 3D Scene Generation	SIGGRAPH ASIA 2025	37315733	2450409	2450409
obsidian-vault/paperPDFs/ICLR_2026/Hallucination_Begins_Where_Saliency_Drops.pdf	https://openreview.net/forum?id=sjnErRHXf3	Hallucination Begins Where Saliency Drops	ICLR 2026	37312549	1410911	1410911
obsidian-vault/paperPDFs/SIGGRAPH_ASIA_2024/DifFRelight_Diffusion_Based_Facial_Performance_Relighting.pdf	https://www.eyelinestudios.com/research/diffrelight.html	DifFRelight: Diffusion-Based Facial Performance Relighting	SIGGRAPH ASIA 2024	37245924	1528309	1528309
obsidian-vault/paperPDFs/SIGGRAPH_ASIA_2024/Controllable_Shape_Modeling_with_Neural_Generalized_Cylinder.pdf	https://uhzoaix.github.io/NeuralGC/	Controllable Shape Modeling with Neural Generalized Cylinder	SIGGRAPH ASIA 2024	37201415	574173	574173
obsidian-vault/paperPDFs/CVPR_2026/Mesh_Pro_Asynchronous_Advantage_guided_Ranking_Preference_Optimization_for_Artist_style_Quadrilateral_Mesh_Generation.pdf	https://arxiv.org/abs/2603.00526	Mesh-Pro: Asynchronous Advantage-guided Ranking Preference Optimization for Artist-style Quadrilateral Mesh Generation	CVPR 2026	37151491	2092197	2092197
obsidian-vault/paperPDFs/ICLR_2026/FRABench_and_UFEval_Unified_Fine_grained_Evaluation_with_Task_and_Aspect_Generalization.pdf	https://openreview.net/forum?id=7WdY3Cojy9	FRABench and UFEval: Unified Fine-grained Evaluation with Task and Aspect Generalization	ICLR 2026	37142841	2270425	2270425
obsidian-vault/paperPDFs/ICLR_2026/RL_makes_MLLMs_see_better_than_SFT.pdf	https://openreview.net/forum?id=3gM6HwHvnc	RL makes MLLMs see better than SFT	ICLR 2026	37133345	2135197	2135197
obsidian-vault/paperPDFs/SIGGRAPH_ASIA_2024/AdR_Gaussian_Accelerating_Gaussian_Splatting_with_Adaptive_Radius.pdf	https://arxiv.org/abs/2409.08669	AdR-Gaussian: Accelerating Gaussian Splatting with Adaptive Radius	SIGGRAPH ASIA 2024	37124218	882737	882737
obsidian-vault/paperPDFs/SIGGRAPH_2023/Stealth_Shaper_Reflectivity_Optimization_as_Surface_Stylization.pdf	https://dl.acm.org/doi/pdf/10.1145/3588432.3591542	Stealth Shaper: Reflectivity Optimization as Surface Stylization	SIGGRAPH 2023	37122639	1249022	1249022
obsidian-vault/paperPDFs/arxiv_2026/Rhythm_Learning_Interactive_Whole_Body_Control_for_Dual_Humanoids.pdf	https://arxiv.org/abs/2603.02856	Rhythm Learning Interactive Whole Body Control for Dual Humanoids	arxiv 2026	37119794	778512	778512
obsidian-vault/paperPDFs/SIGGRAPH_ASIA_2023/Shrink_Morph_3D_printed_self_shaping_shells_actuated_by_a_shape_memory_effect.pdf	https://doi.org/10.1145/3618386	Shrink & Morph: 3D-printed self-shaping shells actuated by a shape memory effect	SIGGRAPH ASIA 2023	37046236	1037342	1037342
obsidian-vault/paperPDFs/CVPR_2026/ARM_Thinker_Reinforcing_Multimodal_Generative_Reward_Models_with_Agentic_Tool_Use_and_Visual_Reasoning.pdf	https://arxiv.org/abs/2512.05111	ARM-Thinker: Reinforcing Multimodal Generative Reward Models with Agentic Tool Use and Visual Reasoning	CVPR 2026	37030368	1027340	1027340
obsidian-vault/paperPDFs/SIGGRAPH_ASIA_2022/Progressive_Simulation_for_Cloth_Quasistatics.pdf	https://pcs-sim.github.io/	Progressive Simulation for Cloth Quasistatics	SIGGRAPH ASIA 2022	37026880	1520751	1520751
obsidian-vault/paperPDFs/CVPR_2026/CoordSpeaker_Exploiting_Gesture_Captioning_for_Coordinated_Caption_Empowered_Co_Speech_Gesture_Generation.pdf	https://arxiv.org/abs/2511.22863	CoordSpeaker: Exploiting Gesture Captioning for Coordinated Caption-Empowered Co-Speech Gesture Generation	CVPR 2026	36966426	1428829	1428829
obsidian-vault/paperPDFs/SIGGRAPH_ASIA_2024/PCO_Precision_Controllable_Offset_Surfaces_with_Sharp_Features.pdf	https://alan-leo-wong.github.io/SIGASIA24-PCO-ProjectPage/	PCO: Precision-Controllable Offset Surfaces with Sharp Features	SIGGRAPH ASIA 2024	36961540	611101	611101
obsidian-vault/paperPDFs/SIGGRAPH_2025/Cirrus_Adaptive_Hybrid_Particle_Grid_Flow_Maps_on_GPU.pdf	https://dl.acm.org/doi/pdf/10.1145/3731190	Cirrus: Adaptive Hybrid Particle-Grid Flow Maps on GPU	SIGGRAPH 2025	36928939	914666	914666
obsidian-vault/paperPDFs/SIGGRAPH_ASIA_2022/CLIP_Mesh_Generating_textured_meshes_from_text_using_pretrained_image_text_models.pdf	https://arxiv.org/abs/2203.13333	CLIP-Mesh: Generating textured meshes from text using pretrained image-text models	SIGGRAPH ASIA 2022	36912504	406039	406039
obsidian-vault/paperPDFs/SIGGRAPH_2022/Predicting_Loose_fitting_Garment_Deformations_Using_Bone_driven_Motion_Networks.pdf	https://arxiv.org/abs/2205.01355	Predicting Loose-fitting Garment Deformations Using Bone-driven Motion Networks	SIGGRAPH 2022	36909852	1011934	1011934
obsidian-vault/paperPDFs/SIGGRAPH_2025/MIND_Microstructure_INverse_Design_with_Generative_Hybrid_Neural_Representation.pdf	http://arxiv.org/abs/2502.02607	MIND: Microstructure INverse Design with Generative Hybrid Neural Representation	SIGGRAPH 2025	36854405	1418215	1418215
obsidian-vault/paperPDFs/SIGGRAPH_2025/FLoD_Integrating_Flexible_Level_of_Detail_into_3D_Gaussian_Splatting_for_Customizable_Rendering.pdf	http://arxiv.org/abs/2408.12894	FLoD: Integrating Flexible Level of Detail into 3D Gaussian Splatting for Customizable Rendering	SIGGRAPH 2025	36780216	3090571	3090571
obsidian-vault/paperPDFs/arxiv_2025/SSOMotion_HumanMotion_Synthesis_in_3D_Scenes_via_Unified_Scene_Semantic_Occupancy.pdf	https://arxiv.org/abs/2511.07819	SSOMotion HumanMotion Synthesis in 3D Scenes via Unified Scene Semantic Occupancy	arxiv 2025	36618221	930142	930142
obsidian-vault/paperPDFs/SIGGRAPH_2022/Automatic_Quantization_for_Physics_based_Simulation.pdf	https://arxiv.org/abs/2207.04658	Automatic Quantization for Physics-based Simulation	SIGGRAPH 2022	36539690	842654	842654
obsidian-vault/paperPDFs/SIGGRAPH_ASIA_2024/SRIF_Semantic_Shape_Registration_Empowered_by_Diffusion_based_Image_Morphing_and_Flow_Estimation.pdf	https://arxiv.org/abs/2409.11682	SRIF: Semantic Shape Registration Empowered by Diffusion-based Image Morphing and Flow Estimation	SIGGRAPH ASIA 2024	36533490	1786173	1786173
obsidian-vault/paperPDFs/SIGGRAPH_2025/PhysicsFC_Learning_User_Controlled_Skills_for_a_Physics_Based_Football_Player_Controller.pdf	https://dl.acm.org/doi/pdf/10.1145/3731425	PhysicsFC: Learning User-Controlled Skills for a Physics-Based Football Player Controller	SIGGRAPH 2025	36493312	1077331	1077331
obsidian-vault/paperPDFs/SIGGRAPH_ASIA_2022/Motion_In_betweening_via_Two_stage_Transformers.pdf	https://dl.acm.org/doi/pdf/10.1145/3550454.3555454	Motion In-betweening via Two-stage Transformers	SIGGRAPH ASIA 2022	36485149	884240	884240
obsidian-vault/paperPDFs/SIGGRAPH_ASIA_2024/ParSEL_Parameterized_Shape_Editing_with_Language.pdf	https://arxiv.org/abs/2405.20319	ParSEL: Parameterized Shape Editing with Language	SIGGRAPH ASIA 2024	36476233	701167	701167
obsidian-vault/paperPDFs/SIGGRAPH_ASIA_2023/Diffusing_Colors_Image_Colorization_with_Text_Guided_Diffusion.pdf	https://asia.siggraph.org/2023/?post_type=page&p=14494&id=papers_473&sess=sess170	Diffusing Colors: Image Colorization with Text Guided Diffusion	SIGGRAPH ASIA 2023	36434470	1520215	1520215
obsidian-vault/paperPDFs/SIGGRAPH_2022/Computational_Pattern_Making_From_3D_Garment_Models.pdf	https://arxiv.org/abs/2202.10272	Computational Pattern Making From 3D Garment Models	SIGGRAPH 2022	36334354	1004590	1004590
obsidian-vault/paperPDFs/SIGGRAPH_ASIA_2025/Hyperspectral_Polarimetric_BRDFs_of_Real_world_Materials.pdf	https://dl.acm.org/doi/pdf/10.1145/3757377.3763853	Hyperspectral Polarimetric BRDFs of Real-world Materials	SIGGRAPH ASIA 2025	36278818	2139596	2139596
obsidian-vault/paperPDFs/SIGGRAPH_ASIA_2022/NeuLighting_Neural_Lighting_for_Free_Viewpoint_Outdoor_Scene_Relighting_with_Unconstrained_Photo_Collections.pdf	https://doi.org/10.1145/3550469.3555384	NeuLighting: Neural Lighting for Free Viewpoint Outdoor Scene Relighting with Unconstrained Photo Collections	SIGGRAPH ASIA 2022	36246018	765658	765658
obsidian-vault/paperPDFs/SIGGRAPH_2025/Piecewise_Ruled_Approximation_for_Freeform_Mesh_Surfaces.pdf	https://dl.acm.org/doi/pdf/10.1145/3730866	Piecewise Ruled Approximation for Freeform Mesh Surfaces	SIGGRAPH 2025	36064705	2151088	2151088
obsidian-vault/paperPDFs/SIGGRAPH_2024/Flexible_Motion_In_betweening_With_Diffusion_Models.pdf	https://doi.org/10.1145/3641519.3657414	Flexible Motion In-betweening With Diffusion Models	SIGGRAPH 2024	36060180	430346	430346
obsidian-vault/paperPDFs/SIGGRAPH_2024/IntrinsicDiffusion_Joint_Intrinsic_Layers_From_Latent_Diffusion_Models.pdf	https://dl.acm.org/doi/pdf/10.1145/3641519.3657472	IntrinsicDiffusion: Joint Intrinsic Layers From Latent Diffusion Models	SIGGRAPH 2024	36032986	1049965	1049965
obsidian-vault/paperPDFs/Uncategorized/arXiv_2026/2026_PiD_Fast_and_High_Resolution_Latent_Decoding_with_Pixel_Diffusion.pdf	https://arxiv.org/abs/2605.23902	PiD: Fast and High-Resolution Latent Decoding with Pixel Diffusion	arXiv 2026	35949602	2054556	2054556
obsidian-vault/paperPDFs/SIGGRAPH_2025/MASH_Masked_Anchored_SpHerical_Distances_for_3D_Shape_Representation_and_Generation.pdf	http://arxiv.org/abs/2504.09149	MASH: Masked Anchored SpHerical Distances for 3D Shape Representation and Generation	SIGGRAPH 2025	35901440	613455	613455
obsidian-vault/paperPDFs/SIGGRAPH_ASIA_2024/DiffCSG_Differentiable_CSG_via_Rasterization.pdf	https://yyyyyhc.github.io/DiffCSG/	DiffCSG: Differentiable CSG via Rasterization	SIGGRAPH ASIA 2024	35900777	1091973	1091973
obsidian-vault/paperPDFs/SIGGRAPH_ASIA_2025/Proteus_ID_ID_Consistent_and_Motion_Coherent_Video_Customization.pdf	https://dl.acm.org/doi/pdf/10.1145/3757377.3763949	Proteus-ID: ID-Consistent and Motion-Coherent Video Customization	SIGGRAPH ASIA 2025	35889830	948614	948614
obsidian-vault/paperPDFs/arxiv_2026/AnyMo_Scaling_Any_Modality_Conditional_Motion_Generation_with_Masked_Modeling.pdf	https://arxiv.org/abs/2605.29488	AnyMo: Scaling Any-Modality Conditional Motion Generation with Masked Modeling	arXiv 2026	35815093	1333365	1333365
obsidian-vault/paperPDFs/arxiv_2026/Lance:_Unified_Multimodal_Modeling_by_Multi-Task_Synergy.pdf	https://arxiv.org/abs/2605.18678	Lance: Unified Multimodal Modeling by Multi-Task Synergy	arXiv 2026	35807040	2481528	2481528
obsidian-vault/paperPDFs/CVPR_2026/Neural_Field_Based_3D_Surface_Reconstruction_of_Microstructures_from_Multi_Detector_Signals_in_Scanning_Electron_Microscopy.pdf	https://arxiv.org/abs/2508.04728	Neural Field-Based 3D Surface Reconstruction of Microstructures from Multi-Detector Signals in Scanning Electron Microscopy	CVPR 2026	35785299	2945762	2945762
obsidian-vault/paperPDFs/ICLR_2026/ChronoEdit_Towards_Temporal_Reasoning_for_Image_Editing_and_World_Simulation.pdf	https://arxiv.org/abs/2510.04290	ChronoEdit: Towards Temporal Reasoning for Image Editing and World Simulation	ICLR 2026	35768042	1150787	1150787
obsidian-vault/paperPDFs/SIGGRAPH_ASIA_2024/An_Eulerian_Vortex_Method_on_Flow_Maps.pdf	https://evm.sinanw.com/	An Eulerian Vortex Method on Flow Maps	SIGGRAPH ASIA 2024	35700587	1466451	1466451
obsidian-vault/paperPDFs/SIGGRAPH_ASIA_2025/TrackerSplat_Exploiting_Point_Tracking_for_Fast_and_Robust_Dynamic_3D_Gaussians_Reconstruction.pdf	https://dl.acm.org/doi/pdf/10.1145/3757377.3763829	TrackerSplat: Exploiting Point Tracking for Fast and Robust Dynamic 3D Gaussians Reconstruction	SIGGRAPH ASIA 2025	35673146	873011	873011
obsidian-vault/paperPDFs/CVPR_2026/NimbusGS_Unified_3D_Scene_Reconstruction_under_Hybrid_Weather.pdf	https://arxiv.org/abs/2603.27228	NimbusGS: Unified 3D Scene Reconstruction under Hybrid Weather	CVPR 2026	35669839	1434310	1434310
obsidian-vault/paperPDFs/SIGGRAPH_2026/Efficient_B_Spline_Finite_Elements_for_Cloth_Simulation.pdf	https://s2026.conference-schedule.org/?post_type=page&p=15&id=papers_128&sess=sess102	Efficient B-Spline Finite Elements for Cloth Simulation	SIGGRAPH 2026	35650494	1724147	1724147
obsidian-vault/paperPDFs/ICLR_2026/FingerTip_20K_A_Benchmark_for_Proactive_and_Personalized_Mobile_LLM_Agents.pdf	https://openreview.net/forum?id=n3iFV0gLMc	FingerTip 20K: A Benchmark for Proactive and Personalized Mobile LLM Agents	ICLR 2026	35634717	519939	519939
obsidian-vault/paperPDFs/CVPR_2026/VAR_RL_Done_Right_Tackling_Asynchronous_Policy_Conflicts_in_Visual_Autoregressive_Generation.pdf	https://arxiv.org/abs/2601.02256	VAR RL Done Right: Tackling Asynchronous Policy Conflicts in Visual Autoregressive Generation	CVPR 2026	35570308	1125503	1125503
obsidian-vault/paperPDFs/SIGGRAPH_2024/ZeroGrads_Learning_Local_Surrogates_for_Non_differentiable_Graphics.pdf	https://doi.org/10.1145/3658173	ZeroGrads: Learning Local Surrogates for Non-differentiable Graphics	SIGGRAPH 2024	35538952	1274621	1274621
obsidian-vault/paperPDFs/SIGGRAPH_ASIA_2025/Large_Area_Fabrication_Aware_Computational_Diffractive_Optics.pdf	https://dl.acm.org/doi/pdf/10.1145/3763358	Large-Area Fabrication-Aware Computational Diffractive Optics	SIGGRAPH ASIA 2025	35506990	2228772	2228772
obsidian-vault/paperPDFs/arxiv_2026/AnyAct_Towards_Human_Reenactment_of_Character_Motion_From_Video.pdf	https://arxiv.org/abs/2605.15497	AnyAct: Towards Human Reenactment of Character Motion From Video	arxiv 2026	35463999	981310	981310
obsidian-vault/paperPDFs/SIGGRAPH_ASIA_2025/Robust_Single_shot_Structured_Light_3D_Imaging_via_Neural_Feature_Decoding.pdf	https://dl.acm.org/doi/pdf/10.1145/3757377.3763924	Robust Single-shot Structured Light 3D Imaging via Neural Feature Decoding	SIGGRAPH ASIA 2025	35426396	1281178	1281178
obsidian-vault/paperPDFs/CVPR_2026/FHAvatar_Fast_and_High_Fidelity_Reconstruction_of_Face_and_Hair_Composable_3D_Head_Avatar_from_Few_Casual_Captures.pdf	https://arxiv.org/abs/2603.23345	FHAvatar: Fast and High-Fidelity Reconstruction of Face-and-Hair Composable 3D Head Avatar from Few Casual Captures	CVPR 2026	35424752	962327	962327
obsidian-vault/paperPDFs/CVPR_2026/ProgressiveAvatars_Progressive_Animatable_3D_Gaussian_Avatars.pdf	https://arxiv.org/abs/2603.16447	ProgressiveAvatars: Progressive Animatable 3D Gaussian Avatars	CVPR 2026	35381684	822655	822655
obsidian-vault/paperPDFs/SIGGRAPH_2025/3DGH_3D_Head_Generation_with_Composable_Hair_and_Face.pdf	http://arxiv.org/abs/2506.20875	3DGH: 3D Head Generation with Composable Hair and Face	SIGGRAPH 2025	35343825	795303	795303
obsidian-vault/paperPDFs/SIGGRAPH_2025/A_Divide-and-Conquer_Approach_for_Global_Orientation_of_Non-Watertight_Scene-Level_Point_Clouds_with_0-1_Integer_Optimization.pdf	http://arxiv.org/abs/2505.23469	A Divide-and-Conquer Approach for Global Orientation of Non-Watertight Scene-Level Point Clouds with 0-1 Integer Optimization	SIGGRAPH 2025	35318932	1092000	1092000
obsidian-vault/paperPDFs/SIGGRAPH_2025/CAST_Component-Aligned_3D_Scene_Reconstruction_from_an_RGB_Image.pdf	http://arxiv.org/abs/2502.12894	CAST: Component-Aligned 3D Scene Reconstruction from an RGB Image	SIGGRAPH 2025	35268265	1019971	1019971
obsidian-vault/paperPDFs/SIGGRAPH_ASIA_2024/NFPLight_Deep_SVBRDF_Estimation_via_the_Combination_of_Near_and_Far_Field_Point_Lighting.pdf	https://cgliwang.github.io/NFPLight/	NFPLight: Deep SVBRDF Estimation via the Combination of Near and Far Field Point Lighting	SIGGRAPH ASIA 2024	35242106	807651	807651
obsidian-vault/paperPDFs/SIGGRAPH_ASIA_2022/Stitch_it_in_Time_GAN_Based_Facial_Editing_of_Real_Videos.pdf	https://arxiv.org/abs/2201.08361	Stitch it in Time: GAN-Based Facial Editing of Real Videos	SIGGRAPH ASIA 2022	35223077	735117	735117
obsidian-vault/paperPDFs/ICLR_2026/Seeing_Across_Views_Benchmarking_Spatial_Reasoning_of_Vision_Language_Models_in_Robotic_Scenes.pdf	https://openreview.net/forum?id=jXDZJAfRZB	Seeing Across Views: Benchmarking Spatial Reasoning of Vision-Language Models in Robotic Scenes	ICLR 2026	35222567	2790824	2790824
obsidian-vault/paperPDFs/arxiv_2025/Cross-Modal_Instructions_for_Robot_Motion_Generation.pdf	https://arxiv.org/abs/2509.21107	Cross-Modal Instructions for Robot Motion Generation	arXiv 2025	35210724	527914	527914
obsidian-vault/paperPDFs/SIGGRAPH_2025/Variable_Shared_Template_for_Consistent_Non_rigid_ICP.pdf	https://dl.acm.org/doi/pdf/10.1145/3731428	Variable Shared Template for Consistent Non-rigid ICP	SIGGRAPH 2025	35177552	1432249	1432249
obsidian-vault/paperPDFs/SIGGRAPH_ASIA_2022/TileGen_Tileable_Controllable_Material_Generation_and_Capture.pdf	https://arxiv.org/abs/2206.05649	TileGen: Tileable, Controllable Material Generation and Capture	SIGGRAPH ASIA 2022	35152306	3199208	3199208
obsidian-vault/paperPDFs/SIGGRAPH_2024/Modal_Folding_Discovering_Smooth_Folding_Patterns_for_Sheet_Materials_Using_Strain_space_Modes.pdf	https://doi.org/10.1145/3641519.3657401	Modal Folding: Discovering Smooth Folding Patterns for Sheet Materials Using Strain-space Modes	SIGGRAPH 2024	35146770	451342	451342
obsidian-vault/paperPDFs/SIGGRAPH_2022/Neural_3D_Reconstruction_in_the_Wild.pdf	https://zju3dv.github.io/neuralrecon-w/	Neural 3D Reconstruction in the Wild	SIGGRAPH 2022	35064518	854544	854544
obsidian-vault/paperPDFs/SIGGRAPH_ASIA_2023/A_Micrograin_BSDF_Model_for_the_Rendering_of_Porous_Layers.pdf	https://doi.org/10.1145/3610548.3618241	A Micrograin BSDF Model for the Rendering of Porous Layers	SIGGRAPH ASIA 2023	35019282	1406591	1406591
obsidian-vault/paperPDFs/SIGGRAPH_ASIA_2025/Editable_Physically_based_Reflections_in_Raytraced_Gaussian_Radiance_Fields.pdf	https://dl.acm.org/doi/pdf/10.1145/3757377.3763971	Editable Physically-based Reflections in Raytraced Gaussian Radiance Fields	SIGGRAPH ASIA 2025	34999298	1350546	1350546
obsidian-vault/paperPDFs/CVPR_2026/Taming_Preference_Mode_Collapse_via_Directional_Decoupling_Alignment_in_Diffusion_Reinforcement_Learning.pdf	https://arxiv.org/abs/2512.24146	Taming Preference Mode Collapse via Directional Decoupling Alignment in Diffusion Reinforcement Learning	CVPR 2026	34997606	3212243	3212243
obsidian-vault/paperPDFs/TMLR_2024/Semi_Supervised_Semantic_Segmentation_via_Marginal_Contextual_Information.pdf	https://arxiv.org/abs/2308.13900	Semi-Supervised Semantic Segmentation via Marginal Contextual Information	TMLR 2024	34962239	834898	834898
obsidian-vault/paperPDFs/Uncategorized/ICLR_2025/2025_REPA_Representation_Alignment_for_Generation_Training_Diffusion_Transformers_Is_Easier_Than_You_Think.pdf	https://arxiv.org/abs/2410.06940	REPA: Representation Alignment for Generation: Training Diffusion Transformers Is Easier Than You Think	ICLR 2025	34940112	2264510	2264510
obsidian-vault/paperPDFs/CVPR_2026/FlashIn_Fast_and_Accurate_Image_Inversion_for_Real_time_Image_Editing.pdf	https://openaccess.thecvf.com/content/CVPR2026/html/Wang_FlashIn_Fast_and_Accurate_Image_Inversion_for_Real-time_Image_Editing_CVPR_2026_paper.html	FlashIn: Fast and Accurate Image Inversion for Real-time Image Editing	CVPR 2026	34932993	625626	2103576
obsidian-vault/paperPDFs/CVPR_2026/Expand_and_Prune_Maximizing_Trajectory_Diversity_for_Effective_GRPO_in_Generative_Models.pdf	https://arxiv.org/abs/2512.15347	Expand and Prune: Maximizing Trajectory Diversity for Effective GRPO in Generative Models	CVPR 2026	34930112	566590	566590
obsidian-vault/paperPDFs/SIGGRAPH_ASIA_2024/Surface_Reconstruction_Using_Rotation_Systems.pdf	https://cuirq3.github.io/projects/siga_24/	Surface Reconstruction Using Rotation Systems	SIGGRAPH ASIA 2024	34930087	1720171	1720171
obsidian-vault/paperPDFs/SIGGRAPH_2026/Inspiration_Seeds_Learning_Non_Literal_Visual_Combinations_for_Generative_Exploration.pdf	https://s2026.conference-schedule.org/?post_type=page&p=15&id=papers_692&sess=sess154	Inspiration Seeds: Learning Non-Literal Visual Combinations for Generative Exploration	SIGGRAPH 2026	34921092	2897155	2897155
obsidian-vault/paperPDFs/SIGGRAPH_ASIA_2022/VIINTER_View_Interpolation_With_Implicit_Neural_Representations_of_Images.pdf	https://arxiv.org/abs/2211.00722	VIINTER: View Interpolation With Implicit Neural Representations of Images	SIGGRAPH ASIA 2022	34900883	3297522	3297522
obsidian-vault/paperPDFs/CVPR_2026/Geometry_as_context_Modulating_Explicit_3D_in_Scene_consistent_Video_Generation_to_Geometry_Context.pdf	https://arxiv.org/abs/2602.21929	Geometry-as-context: Modulating Explicit 3D in Scene-consistent Video Generation to Geometry Context	CVPR 2026	34878209	1224616	1224616
obsidian-vault/paperPDFs/CVPR_2026/VIVA_VLM_Guided_Instruction_Based_Video_Editing_with_Reward_Optimization.pdf	https://arxiv.org/abs/2512.16906	VIVA: VLM-Guided Instruction-Based Video Editing with Reward Optimization	CVPR 2026	34802385	2201786	2201786
obsidian-vault/paperPDFs/SIGGRAPH_2022/HRBF_Fusion_Accurate_3D_Reconstruction_From_RGB_D_Data_Using_On_the_fly_Implicits.pdf	https://dl.acm.org/doi/pdf/10.1145/3516521	HRBF-Fusion: Accurate 3D Reconstruction From RGB-D Data Using On-the-fly Implicits	SIGGRAPH 2022	34625287	1630078	1630078
obsidian-vault/paperPDFs/NEURIPS_2024/Director3D_Real_world_Camera_Trajectory_and_3D_Scene_Generation_from_Text.pdf	https://arxiv.org/abs/2406.17601	Director3D: Real-world Camera Trajectory and 3D Scene Generation from Text	NEURIPS 2024	34576801	1645172	1645172
obsidian-vault/paperPDFs/SIGGRAPH_ASIA_2025/MALeR_Improving_Compositional_Fidelity_in_Layout_Guided_Generation.pdf	https://dl.acm.org/doi/pdf/10.1145/3763341	MALeR: Improving Compositional Fidelity in Layout-Guided Generation	SIGGRAPH ASIA 2025	34528270	947650	947650
obsidian-vault/paperPDFs/CVPR_2026/Med_CMR_A_Fine_Grained_Benchmark_Integrating_Visual_Evidence_and_Clinical_Logic_for_Medical_Complex_Multimodal_Reasoning.pdf	https://arxiv.org/abs/2512.00818	Med-CMR: A Fine-Grained Benchmark Integrating Visual Evidence and Clinical Logic for Medical Complex Multimodal Reasoning	CVPR 2026	34527735	902607	902607
obsidian-vault/paperPDFs/ICLR_2026/DM4CT_Benchmarking_Diffusion_Models_for_Computed_Tomography_Reconstruction.pdf	https://openreview.net/forum?id=YE5scJekg5	DM4CT: Benchmarking Diffusion Models for Computed Tomography Reconstruction	ICLR 2026	34517552	2696264	2696264
obsidian-vault/paperPDFs/SIGGRAPH_ASIA_2024/Portrait_Video_Editing_Empowered_by_Multimodal_Generative_Priors.pdf	https://ustc3dv.github.io/PortraitGen/	Portrait Video Editing Empowered by Multimodal Generative Priors	SIGGRAPH ASIA 2024	34503872	1170937	1170937
obsidian-vault/paperPDFs/ICLR_2026/SARM_Stage_Aware_Reward_Modeling_for_Long_Horizon_Robot_Manipulation.pdf	https://openreview.net/forum?id=aemqAxScl9	SARM: Stage-Aware Reward Modeling for Long Horizon Robot Manipulation	ICLR 2026	34500904	1462070	1462070
obsidian-vault/paperPDFs/SIGGRAPH_2024/X_SLAM_Scalable_Dense_SLAM_for_Task_aware_Optimization_Using_CSFD.pdf	https://doi.org/10.1145/3658233	X-SLAM: Scalable Dense SLAM for Task-aware Optimization Using CSFD	SIGGRAPH 2024	34492013	956465	956465
obsidian-vault/paperPDFs/CVPR_2026/FACE_A_Face_based_Autoregressive_Representation_for_High_Fidelity_and_Efficient_Mesh_Generation.pdf	https://arxiv.org/abs/2603.01515	FACE: A Face-based Autoregressive Representation for High-Fidelity and Efficient Mesh Generation	CVPR 2026	34419610	914330	914330
obsidian-vault/paperPDFs/ICLR_2026/PhyScensis_Physics_Augmented_LLM_Agents_for_Complex_Physical_Scene_Arrangement.pdf	https://openreview.net/forum?id=aCVfhY4Qen	PhyScensis: Physics-Augmented LLM Agents for Complex Physical Scene Arrangement	ICLR 2026	34405190	1513647	1513647
obsidian-vault/paperPDFs/SIGGRAPH_2025/Sketch3DVE_Sketch_based_3D_Aware_Scene_Video_Editing.pdf	https://openreview.net/pdf?id=a8dfb5c9b9	Sketch3DVE: Sketch-based 3D-Aware Scene Video Editing	SIGGRAPH 2025	34392603	2341978	2341978
obsidian-vault/paperPDFs/arxiv_2025/ReDi_Boosting_Generative_Image_Modeling_via_Joint_Image_Feature_Synthesis.pdf	https://arxiv.org/abs/2504.16064	ReDi: Boosting Generative Image Modeling via Joint Image-Feature Synthesis	NEURIPS 2025	34376286	2154980	2154980
obsidian-vault/paperPDFs/ICLR_2026/Visual_symbolic_mechanisms_Emergent_symbol_processing_in_Vision_Language_Models.pdf	https://openreview.net/forum?id=3RQ863cRbx	Visual symbolic mechanisms: Emergent symbol processing in Vision Language Models	ICLR 2026	34333931	1614964	1614964
obsidian-vault/paperPDFs/SIGGRAPH_2022/Covector_Fluids.pdf	https://cseweb.ucsd.edu//~viscomp/projects/SIG22CovectorFluids/	Covector Fluids	SIGGRAPH 2022	34323929	1283564	1283564
obsidian-vault/paperPDFs/arxiv_2025/Hunyuan3D_2_1_From_Images_to_High_Fidelity_3D_Assets_with_Production_Ready_PBR_Material.pdf	https://arxiv.org/abs/2506.15442	Hunyuan3D 2.1: From Images to High-Fidelity 3D Assets with Production-Ready PBR Material	arxiv 2025	34270652	835283	835283
obsidian-vault/paperPDFs/ICLR_2026/RFS_Reinforcement_learning_with_Residual_flow_steering_for_dexterous_manipulation.pdf	https://openreview.net/forum?id=Kt9tJeOwjy	RFS: Reinforcement learning with Residual flow steering for dexterous manipulation	ICLR 2026	34173649	522586	522586
obsidian-vault/paperPDFs/SIGGRAPH_ASIA_2024/TEXGen_a_Generative_Diffusion_Model_for_Mesh_Textures.pdf	https://arxiv.org/abs/2411.14740	TEXGen: a Generative Diffusion Model for Mesh Textures	SIGGRAPH ASIA 2024	34153437	2827047	2827047
obsidian-vault/paperPDFs/SIGGRAPH_ASIA_2022/Interactive_and_Robust_Mesh_Booleans.pdf	https://dl.acm.org/doi/pdf/10.1145/3550454.3555460	Interactive and Robust Mesh Booleans	SIGGRAPH ASIA 2022	34105003	436302	436302
obsidian-vault/paperPDFs/SIGGRAPH_ASIA_2024/Neural_Light_Spheres_for_Implicit_Image_Stitching_and_View_Synthesis.pdf	https://dl.acm.org/doi/pdf/10.1145/3680528.3687660	Neural Light Spheres for Implicit Image Stitching and View Synthesis	SIGGRAPH ASIA 2024	34102141	3311841	3311841
obsidian-vault/paperPDFs/SIGGRAPH_2022/DEF_Deep_Estimation_of_Sharp_Geometric_Features_in_3D_Shapes.pdf	https://arxiv.org/abs/2011.15081	DEF: Deep Estimation of Sharp Geometric Features in 3D Shapes	SIGGRAPH 2022	34004656	1970093	1970093
obsidian-vault/paperPDFs/SIGGRAPH_2025/Fast_Physics_Based_Modeling_of_Knots_and_Ties_using_Templates.pdf	https://dl.acm.org/doi/pdf/10.1145/3721238.3730622	Fast Physics-Based Modeling of Knots and Ties using Templates	SIGGRAPH 2025	33998666	626984	626984
obsidian-vault/paperPDFs/SIGGRAPH_2022/Closed_loop_Control_of_Direct_Ink_Writing_via_Reinforcement_Learning.pdf	https://misop.github.io/projects/DirectInkReinforcementLearning/index.html	Closed-loop Control of Direct Ink Writing via Reinforcement Learning	SIGGRAPH 2022	33994829	941793	941793
obsidian-vault/paperPDFs/CVPR_2026/Thermal_is_Always_Wild_Characterizing_and_Addressing_Challenges_in_Thermal_Only_Novel_View_Synthesis.pdf	https://arxiv.org/abs/2603.20448	Thermal is Always Wild: Characterizing and Addressing Challenges in Thermal-Only Novel View Synthesis	CVPR 2026	33966458	2297972	2297972
obsidian-vault/paperPDFs/arxiv_2026/Geometrically_Consistent_Multi_View_Scene_Generation_from_Freehand_Sketches.pdf	https://arxiv.org/abs/2604.14302	Geometrically Consistent Multi-View Scene Generation from Freehand Sketches	arxiv 2026	33906582	1115465	1115465
obsidian-vault/paperPDFs/ICLR_2026/OmniWorld_A_Multi_Domain_and_Multi_Modal_Dataset_for_4D_World_Modeling.pdf	https://openreview.net/forum?id=1y1YFKb9pp	OmniWorld: A Multi-Domain and Multi-Modal Dataset for 4D World Modeling	ICLR 2026	33840811	2026883	2026883
obsidian-vault/paperPDFs/CVPR_2026/Text_Driven_3D_Hand_Motion_Generation_from_Sign_Language_Data.pdf	https://arxiv.org/abs/2508.15902	Text-Driven 3D Hand Motion Generation from Sign Language Data	CVPR 2026	33766345	1277358	1277358
obsidian-vault/paperPDFs/ICLR_2026/CellAgent_LLM_Driven_Multi_Agent_Framework_for_Natural_Language_Based_Single_Cell_Analysis.pdf	https://openreview.net/forum?id=BsA2GNkJhz	CellAgent: LLM-Driven Multi-Agent Framework for Natural Language-Based Single-Cell Analysis	ICLR 2026	33732389	3151534	3151534
obsidian-vault/paperPDFs/SIGGRAPH_ASIA_2023/Online_Scene_CAD_Recomposition_via_Autonomous_Scanning.pdf	https://dl.acm.org/doi/pdf/10.1145/3618339	Online Scene CAD Recomposition via Autonomous Scanning	SIGGRAPH ASIA 2023	33732242	1348655	1348655
obsidian-vault/paperPDFs/SIGGRAPH_ASIA_2024/Representing_Long_Volumetric_Video_with_Temporal_Gaussian_Hierarchy.pdf	https://zju3dv.github.io/longvolcap/	Representing Long Volumetric Video with Temporal Gaussian Hierarchy	SIGGRAPH ASIA 2024	33725821	2555940	2555940
obsidian-vault/paperPDFs/SIGGRAPH_2024/EASI_Tex_Edge_Aware_Mesh_Texturing_from_Single_Image.pdf	https://doi.org/10.1145/3658222	EASI-Tex: Edge-Aware Mesh Texturing from Single Image	SIGGRAPH 2024	33710559	1343289	1343289
obsidian-vault/paperPDFs/SIGGRAPH_ASIA_2023/Stable_Discrete_Bending_by_Analytic_Eigensystem_and_Adaptive_Orthotropic_Geometric_Stiffness.pdf	https://doi.org/10.1145/3618372	Stable Discrete Bending by Analytic Eigensystem and Adaptive Orthotropic Geometric Stiffness	SIGGRAPH ASIA 2023	33692545	2504261	2504261
obsidian-vault/paperPDFs/CVPR_2026/InterPrior_Scaling_Generative_Control_for_Physics_Based_Human_Object_Interactions.pdf	https://arxiv.org/abs/2602.06035	InterPrior: Scaling Generative Control for Physics-Based Human-Object Interactions	CVPR 2026	33629559	1958260	1958260
obsidian-vault/paperPDFs/SIGGRAPH_2024/ColorVideoVDP_A_Visual_Difference_Predictor_for_Image_Video_and_Display_Distortions.pdf	https://dl.acm.org/doi/pdf/10.1145/3658144	ColorVideoVDP: A Visual Difference Predictor for Image, Video, and Display Distortions	SIGGRAPH 2024	33583901	1450726	1450726
obsidian-vault/paperPDFs/CVPR_2026/SeeU_Seeing_the_Unseen_World_via_4D_Dynamics_aware_Generation.pdf	https://arxiv.org/abs/2512.03350	SeeU: Seeing the Unseen World via 4D Dynamics-aware Generation	CVPR 2026	33581133	2214881	2214881
obsidian-vault/paperPDFs/ICLR_2025/Eliminating_Oversaturation_and_Artifacts_of_High_Guidance_Scales_in_Diffusion_Models.pdf	https://openreview.net/forum?id=e2ONKX6qzJ	Eliminating Oversaturation and Artifacts of High Guidance Scales in Diffusion Models	ICLR 2025	33579381	2386413	2386413
obsidian-vault/paperPDFs/SIGGRAPH_ASIA_2023/A_Locality_based_Neural_Solver_for_Optical_Motion_Capture.pdf	https://asia.siggraph.org/2023/?post_type=page&p=14494&id=papers_240&sess=sess139	A Locality-based Neural Solver for Optical Motion Capture	SIGGRAPH ASIA 2023	33545631	2426794	2426794
obsidian-vault/paperPDFs/SIGGRAPH_2023/Orientable_Dense_Cyclic_Infill_for_Anisotropic_Appearance_Fabrication.pdf	https://xavierchermain.github.io/fdm_aa/	Orientable Dense Cyclic Infill for Anisotropic Appearance Fabrication	SIGGRAPH 2023	33542567	1370201	1370201
obsidian-vault/paperPDFs/SIGGRAPH_ASIA_2022/Sprite_from_Sprite_Cartoon_Animation_Decomposition_with_Self_supervised_Sprite_Estimation.pdf	https://dl.acm.org/doi/pdf/10.1145/3550454.3555439	Sprite-from-Sprite: Cartoon Animation Decomposition with Self-supervised Sprite Estimation	SIGGRAPH ASIA 2022	33461485	1308274	1308274
obsidian-vault/paperPDFs/SIGGRAPH_ASIA_2022/Look_Ahead_Training_with_Learned_Reflectance_Loss_for_Single_Image_SVBRDF_Estimation.pdf	https://people.engr.tamu.edu/nimak/Papers/SIGAsia2022_LookAhead/index.html	Look-Ahead Training with Learned Reflectance Loss for Single-Image SVBRDF Estimation	SIGGRAPH ASIA 2022	33327245	1399497	1399497
obsidian-vault/paperPDFs/ICLR_2026/BindWeave_Subject_Consistent_Video_Generation_via_Cross_Modal_Integration.pdf	https://openreview.net/forum?id=FP2XNyV9WL	BindWeave: Subject-Consistent Video Generation via Cross-Modal Integration	ICLR 2026	33264338	1468088	1468088
obsidian-vault/paperPDFs/SGP_2025/FRIDU_Functional_Map_Refinement_with_Guided_Image_Diffusion.pdf	https://arxiv.org/abs/2506.14322	FRIDU: Functional Map Refinement with Guided Image Diffusion	SGP 2025	33196015	2236624	2236624
obsidian-vault/paperPDFs/SIGGRAPH_2024/Cross_image_Attention_for_Zero_shot_Appearance_Transfer.pdf	https://doi.org/10.1145/3641519.3657423	Cross-image Attention for Zero-shot Appearance Transfer	SIGGRAPH 2024	33132262	1381345	1381345
obsidian-vault/paperPDFs/SIGGRAPH_ASIA_2025/PartUV_Part_Based_UV_Unwrapping_of_3D_Meshes.pdf	https://dl.acm.org/doi/pdf/10.1145/3757377.3763843	PartUV: Part-Based UV Unwrapping of 3D Meshes	SIGGRAPH ASIA 2025	32913906	1318186	1318186
obsidian-vault/paperPDFs/arxiv_2026/UniMo:_Unified_Motion_Generation_and_Understanding_with_Chain_of_Thought.pdf	https://arxiv.org/abs/2601.12126	UniMo: Unified Motion Generation and Understanding with Chain of Thought	arXiv 2026	32907986	1573176	1573176
obsidian-vault/paperPDFs/ICLR_2026/FieryGS_In_the_Wild_Fire_Synthesis_with_Physics_Integrated_Gaussian_Splatting_d7901a6ed2cd.pdf	https://openreview.net/forum?id=ziKFH7whvy	FieryGS: In-the-Wild Fire Synthesis with Physics-Integrated Gaussian Splatting	ICLR 2026	32901416	1942902	1942902
obsidian-vault/paperPDFs/PACM_CGIT_2023/Motion_In_Betweening_with_Phase_Manifolds.pdf	https://doi.org/10.1145/3606921	Motion In-Betweening with Phase Manifolds	PACM CGIT 2023	32900905	712741	712741
obsidian-vault/paperPDFs/arxiv_2025/Native_and_Compact_Structured_Latents_for_3D_Generation.pdf	https://arxiv.org/abs/2512.14692	Native and Compact Structured Latents for 3D Generation	arxiv 2025	32886191	1788920	1788920
obsidian-vault/paperPDFs/SIGGRAPH_ASIA_2024/GS_3_Efficient_Relighting_with_Triple_Gaussian_Splatting.pdf	https://asia.siggraph.org/2024/presentation/?id=papers_238&sess=sess223	GS^3: Efficient Relighting with Triple Gaussian Splatting	SIGGRAPH ASIA 2024	32838198	1115959	1115959
obsidian-vault/paperPDFs/SIGGRAPH_2024/Neural_Bounding.pdf	https://dl.acm.org/doi/pdf/10.1145/3641519.3657442	Neural Bounding	SIGGRAPH 2024	32827707	902067	902067
obsidian-vault/paperPDFs/SIGGRAPH_2023/A_Hybrid_Generator_Architecture_for_Controllable_Face_Synthesis.pdf	https://dl.acm.org/doi/pdf/10.1145/3588432.3591563	A Hybrid Generator Architecture for Controllable Face Synthesis	SIGGRAPH 2023	32822041	896204	896204
obsidian-vault/paperPDFs/SIGGRAPH_ASIA_2022/Metappearance_Meta_Learning_for_Visual_Appearance_Reproduction.pdf	https://mfischer-ucl.github.io/metappearance/	Metappearance: Meta-Learning for Visual Appearance Reproduction	SIGGRAPH ASIA 2022	32799837	1297770	1297770
obsidian-vault/paperPDFs/ICLR_2026/CitySeeker_How_Do_VLMs_Explore_Embodied_Urban_Navigation_with_Implicit_Human_Needs.pdf	https://openreview.net/forum?id=hzf23XSDcs	CitySeeker: How Do VLMs Explore Embodied Urban Navigation with Implicit Human Needs?	ICLR 2026	32716183	1944705	1944705
obsidian-vault/paperPDFs/ICLR_2026/Gradient_Direction_Aware_Density_Control_for_3D_Gaussian_Splatting_c387d81038ca.pdf	https://openreview.net/forum?id=6qDxK4Gz7F	Gradient-Direction-Aware Density Control for 3D Gaussian Splatting	ICLR 2026	32579601	1403670	1403670
obsidian-vault/paperPDFs/CVPR_2026/UnReflectAnything_RGB_Only_Highlight_Removal_by_Rendering_Synthetic_Specular_Supervision.pdf	https://arxiv.org/abs/2512.09583	UnReflectAnything: RGB-Only Highlight Removal by Rendering Synthetic Specular Supervision	CVPR 2026	32563040	785314	785314
obsidian-vault/paperPDFs/CVPR_2026/Evidential_Neural_Radiance_Fields.pdf	https://arxiv.org/abs/2602.23574	Evidential Neural Radiance Fields	CVPR 2026	32500432	1742399	1742399
obsidian-vault/paperPDFs/SIGGRAPH_2022/Mixed_Integer_Neural_Inverse_Design.pdf	https://arxiv.org/abs/2109.12888	Mixed Integer Neural Inverse Design	SIGGRAPH 2022	32467744	1020396	1020396
obsidian-vault/paperPDFs/SIGGRAPH_2024/Surface_filling_Curve_Flows_via_Implicit_Medial_Axes.pdf	https://doi.org/10.1145/3658158	Surface-filling Curve Flows via Implicit Medial Axes	SIGGRAPH 2024	32464712	1596950	1596950
obsidian-vault/paperPDFs/ICLR_2026/AVERE_Improving_Audiovisual_Emotion_Reasoning_with_Preference_Optimization.pdf	https://openreview.net/forum?id=td682AAuPr	AVERE: Improving Audiovisual Emotion Reasoning with Preference Optimization	ICLR 2026	32456939	2514064	2514064
obsidian-vault/paperPDFs/SIGGRAPH_ASIA_2024/iSeg_Interactive_3D_Segmentation_via_Interactive_Attention.pdf	https://threedle.github.io/iSeg/	iSeg: Interactive 3D Segmentation via Interactive Attention	SIGGRAPH ASIA 2024	32411634	1647441	1647441
obsidian-vault/paperPDFs/SIGGRAPH_2025/Bernstein_Bounds_for_Caustics.pdf	http://arxiv.org/abs/2504.19163	Bernstein Bounds for Caustics	SIGGRAPH 2025	32343507	1290323	1290323
obsidian-vault/paperPDFs/SIGGRAPH_2022/Implicit_Neural_Representation_for_Physics_driven_Actuated_Soft_Bodies.pdf	https://dl.acm.org/doi/pdf/10.1145/3528223.3530156	Implicit Neural Representation for Physics-driven Actuated Soft Bodies	SIGGRAPH 2022	32278155	853146	853146
obsidian-vault/paperPDFs/SIGGRAPH_2022/EARS_Efficiency_aware_Russian_Roulette_and_Splitting.pdf	https://graphics.cg.uni-saarland.de/publications/rath-sig2022.html	EARS: Efficiency-aware Russian Roulette and Splitting	SIGGRAPH 2022	32199178	1416028	1416028
obsidian-vault/paperPDFs/SIGGRAPH_2024/Neural_Slicer_for_Multi_axis_3D_Printing.pdf	https://ryantaoliu.github.io/NeuralSlicer/	Neural Slicer for Multi-axis 3D Printing	SIGGRAPH 2024	32181219	961180	961180
obsidian-vault/paperPDFs/SIGGRAPH_2023/Differentiable_Stripe_Patterns_for_Inverse_Design_of_Structured_Surfaces.pdf	https://dl.acm.org/doi/pdf/10.1145/3592114	Differentiable Stripe Patterns for Inverse Design of Structured Surfaces	SIGGRAPH 2023	32153314	1137142	1137142
obsidian-vault/paperPDFs/CVPR_2026/Large_scale_Codec_Avatars_The_Unreasonable_Effectiveness_of_Large_scale_Avatar_Pretraining.pdf	https://arxiv.org/abs/2604.02320	Large-scale Codec Avatars: The Unreasonable Effectiveness of Large-scale Avatar Pretraining	CVPR 2026	32064633	2437969	2437969
obsidian-vault/paperPDFs/SIGGRAPH_2024/Mesh_Neural_Cellular_Automata.pdf	https://doi.org/10.1145/3658127	Mesh Neural Cellular Automata	SIGGRAPH 2024	32037835	1352704	1352704
obsidian-vault/paperPDFs/SIGGRAPH_ASIA_2025/From_Rigging_to_Waving_3D_Guided_Diffusion_for_Natural_Animation_of_Hand_Drawn_Characters.pdf	https://dl.acm.org/doi/pdf/10.1145/3763280	From Rigging to Waving: 3D-Guided Diffusion for Natural Animation of Hand-Drawn Characters	SIGGRAPH ASIA 2025	32025769	1944208	1944208
obsidian-vault/paperPDFs/SIGGRAPH_2022/GANimator_Neural_Motion_Synthesis_From_a_Single_Sequence.pdf	https://peizhuoli.github.io/ganimator/index.html	GANimator: Neural Motion Synthesis From a Single Sequence	SIGGRAPH 2022	32023115	629257	629257
obsidian-vault/paperPDFs/ICLR_2026/Autoregressive_Image_Generation_with_Randomized_Parallel_Decoding.pdf	https://openreview.net/forum?id=rJdGst0W8s	Autoregressive Image Generation with Randomized Parallel Decoding	ICLR 2026	31987121	1226104	1226104
obsidian-vault/paperPDFs/CVPR_2026/ZOO_Prune_Training_Free_Token_Pruning_via_Zeroth_Order_Gradient_Estimation_in_Vision_Language_Models.pdf	https://arxiv.org/abs/2509.24837	ZOO-Prune: Training-Free Token Pruning via Zeroth-Order Gradient Estimation in Vision-Language Models	CVPR 2026	31981999	1397505	1397505
obsidian-vault/paperPDFs/SIGGRAPH_ASIA_2025/EGG_Fusion_Efficient_3D_Reconstruction_with_Geometry_aware_Gaussian_Surfel_on_the_Fly.pdf	https://dl.acm.org/doi/pdf/10.1145/3757377.3763878	EGG-Fusion: Efficient 3D Reconstruction with Geometry-aware Gaussian Surfel on the Fly	SIGGRAPH ASIA 2025	31892048	1132468	1132468
obsidian-vault/paperPDFs/CVPR_2026/MotionCrafter_Dense_Geometry_and_Motion_Reconstruction_with_a_4D_VAE.pdf	https://arxiv.org/abs/2602.08961	MotionCrafter: Dense Geometry and Motion Reconstruction with a 4D VAE	CVPR 2026	31871401	1271666	1271666
obsidian-vault/paperPDFs/SIGGRAPH_2025/AlignTex_Pixel_Precise_Texture_Generation_from_Multi_view_Artwork.pdf	https://dl.acm.org/doi/pdf/10.1145/3731158	AlignTex: Pixel-Precise Texture Generation from Multi-view Artwork	SIGGRAPH 2025	31852133	1460286	1460286
obsidian-vault/paperPDFs/CVPR_2026/Flash_DMD_Towards_High_Fidelity_Few_Step_Image_Generation_with_Efficient_Distillation_and_Joint_Reinforcement_Learning.pdf	https://arxiv.org/abs/2511.20549	Flash-DMD: Towards High-Fidelity Few-Step Image Generation with Efficient Distillation and Joint Reinforcement Learning	CVPR 2026	31800268	3037175	3037175
obsidian-vault/paperPDFs/NeurIPS_2024/Smoothed_Energy_Guidance_Guiding_Diffusion_Models_with_Reduced_Energy_Curvature_of_Attention.pdf	https://openreview.net/forum?id=JK728xy8G7	Smoothed Energy Guidance: Guiding Diffusion Models with Reduced Energy Curvature of Attention	NeurIPS 2024	31785203	1900725	1900725
obsidian-vault/paperPDFs/ICLR_2026/UFO_4D_Unposed_Feedforward_4D_Reconstruction_from_Two_Images_f4891bdea6ab.pdf	https://openreview.net/forum?id=8gDDWqO59H	UFO-4D: Unposed Feedforward 4D Reconstruction from Two Images	ICLR 2026	31718269	1814550	1814550
obsidian-vault/paperPDFs/SIGGRAPH_2026/Strips_as_Tokens_Artist_Mesh_Generation_with_Native_UV_Segmentation.pdf	https://s2026.conference-schedule.org/?post_type=page&p=15&id=papers_164&sess=sess121	Strips as Tokens: Artist Mesh Generation with Native UV Segmentation	SIGGRAPH 2026	31673354	1362025	1362025
obsidian-vault/paperPDFs/SIGGRAPH_2022/Drivable_Volumetric_Avatars_Using_Texel_aligned_Features.pdf	https://arxiv.org/abs/2207.09774	Drivable Volumetric Avatars Using Texel-aligned Features	SIGGRAPH 2022	31644821	608405	608405
obsidian-vault/paperPDFs/SIGGRAPH_ASIA_2025/Reliable_Iterative_Dynamics_A_Versatile_Method_for_Fast_and_Robust_Simulation.pdf	https://dl.acm.org/doi/pdf/10.1145/3734518	Reliable Iterative Dynamics: A Versatile Method for Fast and Robust Simulation	SIGGRAPH ASIA 2025	31604200	708228	708228
obsidian-vault/paperPDFs/SIGGRAPH_ASIA_2024/Online_Neural_Denoising_with_Cross_Regression_for_Interactive_Rendering.pdf	https://cglab.gist.ac.kr/siga24crossdenoiser/	Online Neural Denoising with Cross-Regression for Interactive Rendering	SIGGRAPH ASIA 2024	31597559	1014348	1014348
obsidian-vault/paperPDFs/SIGGRAPH_2024/EyeIR_Single_Eye_Image_Inverse_Rendering_in_the_Wild.pdf	https://doi.org/10.1145/3641519.3657506	EyeIR: Single Eye Image Inverse Rendering in the Wild	SIGGRAPH 2024	31592974	1791199	1791199
obsidian-vault/paperPDFs/SIGGRAPH_2024/Modeling_Ambient_Scene_Dynamics_for_Free-view_Synthesis.pdf	https://doi.org/10.1145/3641519.3657488	Modeling Ambient Scene Dynamics for Free-view Synthesis	SIGGRAPH 2024	31568254	1298637	1298637
obsidian-vault/paperPDFs/SIGGRAPH_2026/B_repLer_Language_guided_Editing_of_CAD_Models.pdf	https://s2026.conference-schedule.org/?post_type=page&p=15&id=papers_959&sess=sess142	B-repLer: Language-guided Editing of CAD Models	SIGGRAPH 2026	31546639	2065601	2065601
obsidian-vault/paperPDFs/SIGGRAPH_2026/SMP_Reusable_Score_Matching_Motion_Priors_for_Physics_Based_Character_Control.pdf	https://s2026.conference-schedule.org/?post_type=page&p=15&id=papers_148&sess=sess104	SMP: Reusable Score-Matching Motion Priors for Physics-Based Character Control	SIGGRAPH 2026	31526225	1794767	1794767
obsidian-vault/paperPDFs/SIGGRAPH_2022/NeuralPassthrough_Learned_Real_time_View_Synthesis_for_VR.pdf	https://research.facebook.com/publications/neural-passthrough/	NeuralPassthrough: Learned Real-time View Synthesis for VR	SIGGRAPH 2022	31515124	560892	560892
obsidian-vault/paperPDFs/ICLR_2026/An_Information_Theoretic_Framework_For_Optimizing_Experimental_Design_To_Distinguish_Probabilistic_Neural_Codes.pdf	https://openreview.net/forum?id=doxBjZ88H3	An Information-Theoretic Framework For Optimizing Experimental Design To Distinguish Probabilistic Neural Codes	ICLR 2026	31511280	903950	903950
obsidian-vault/paperPDFs/SIGGRAPH_ASIA_2024/All_you_need_is_rotation_Construction_of_developable_strips.pdf	https://dl.acm.org/doi/pdf/10.1145/3687947	All you need is rotation: Construction of developable strips	SIGGRAPH ASIA 2024	31499637	968778	968778
obsidian-vault/paperPDFs/SIGGRAPH_2024/Terrain_Amplification_Using_Multi_Scale_Erosion.pdf	https://doi.org/10.1145/3658200	Terrain Amplification Using Multi Scale Erosion	SIGGRAPH 2024	31495195	1325559	1325559
obsidian-vault/paperPDFs/SIGGRAPH_2026/CasLayout_Cascaded_3D_Layout_Diffusion_for_Indoor_Scene_Synthesis_with_Implicit_Relation_Modeling.pdf	https://s2026.conference-schedule.org/?post_type=page&p=15&id=papers_839&sess=sess106	CasLayout: Cascaded 3D Layout Diffusion for Indoor Scene Synthesis with Implicit Relation Modeling	SIGGRAPH 2026	31448940	2760497	2760497
obsidian-vault/paperPDFs/SIGGRAPH_2025/DeepMill_Neural_Accessibility_Learning_for_Subtractive_Manufacturing.pdf	https://openreview.net/pdf?id=8ab9fdf00e	DeepMill: Neural Accessibility Learning for Subtractive Manufacturing	SIGGRAPH 2025	31384207	606368	606368
obsidian-vault/paperPDFs/SIGGRAPH_ASIA_2023/VASCO_Volume_and_Surface_Co_Decomposition_for_Hybrid_Manufacturing.pdf	https://doi.org/10.1145/3618324	VASCO: Volume and Surface Co-Decomposition for Hybrid Manufacturing	SIGGRAPH ASIA 2023	31320581	867152	867152
obsidian-vault/paperPDFs/CVPR_2026/GIFSplat_Generative_Prior_Guided_Iterative_Feed_Forward_3D_Gaussian_Splatting_from_Sparse_Views.pdf	https://arxiv.org/abs/2602.22571	GIFSplat: Generative Prior-Guided Iterative Feed-Forward 3D Gaussian Splatting from Sparse Views	CVPR 2026	31316777	570612	570612
obsidian-vault/paperPDFs/CVPR_2026/ReMoGen_Real_time_Human_Interaction_to_Reaction_Generation_via_Modular_Learning_from_Diverse_Data.pdf	https://arxiv.org/abs/2604.01082	ReMoGen: Real-time Human Interaction-to-Reaction Generation via Modular Learning from Diverse Data	CVPR 2026	31285048	1771815	1771815
obsidian-vault/paperPDFs/ICLR_2026/Generative_Human_Geometry_Distribution.pdf	https://openreview.net/forum?id=YsQM7sQl0j	Generative Human Geometry Distribution	ICLR 2026	31187667	1976025	1976025
obsidian-vault/paperPDFs/arxiv_2024/RefFusion_Reference_Adapted_Diffusion_Models_for_3D_Scene_Inpainting.pdf	https://arxiv.org/abs/2404.10765	RefFusion: Reference Adapted Diffusion Models for 3D Scene Inpainting	arxiv 2024	31130545	2219178	2219178
obsidian-vault/paperPDFs/ICLR_2026/SafeFlowMatcher_Safe_and_Fast_Planning_using_Flow_Matching_with_Control_Barrier_Functions.pdf	https://openreview.net/forum?id=refcXHU1Nh	SafeFlowMatcher: Safe and Fast Planning using Flow Matching with Control Barrier Functions	ICLR 2026	31125935	1853410	1853410
obsidian-vault/paperPDFs/SIGGRAPH_ASIA_2025/Generative_Head_Mounted_Camera_Captures_for_Photorealistic_Avatars.pdf	https://dl.acm.org/doi/pdf/10.1145/3763300	Generative Head-Mounted Camera Captures for Photorealistic Avatars	SIGGRAPH ASIA 2025	31108788	1301565	1301565
obsidian-vault/paperPDFs/SIGGRAPH_ASIA_2025/Shoot_Bounce_3D_Single_Shot_Occlusion_Aware_3D_from_Lidar_by_Decomposing_Two_Bounce_Light.pdf	https://dl.acm.org/doi/pdf/10.1145/3757377.3763945	Shoot-Bounce-3D: Single-Shot Occlusion-Aware 3D from Lidar by Decomposing Two-Bounce Light	SIGGRAPH ASIA 2025	31089157	761854	761854
obsidian-vault/paperPDFs/CVPR_2026/Bridging_the_Perception_Gap_in_Image_Super_Resolution_Evaluation.pdf	https://arxiv.org/abs/2503.13074	Bridging the Perception Gap in Image Super-Resolution Evaluation	CVPR 2026	31084893	1694594	1694594
obsidian-vault/paperPDFs/ICLR_2026/InfoTok_Adaptive_Discrete_Video_Tokenizer_via_Information_Theoretic_Compression.pdf	https://openreview.net/forum?id=JEYWpFGzvn	InfoTok: Adaptive Discrete Video Tokenizer via Information-Theoretic Compression	ICLR 2026	31046858	873055	873055
obsidian-vault/paperPDFs/SIGGRAPH_ASIA_2025/Robust_Derivative_Estimation_with_Walk_on_Stars.pdf	https://projects.shuangz.com/grad-wost-sa25/grad-wost-sa25.pdf	Robust Derivative Estimation with Walk on Stars	SIGGRAPH ASIA 2025	31026887	2057579	2057579
obsidian-vault/paperPDFs/SIGGRAPH_2024/Diffusion_Illusions_Hiding_Images_in_Plain_Sight.pdf	https://doi.org/10.1145/3641519.3657500	Diffusion Illusions: Hiding Images in Plain Sight	SIGGRAPH 2024	31026672	1068573	1068573
obsidian-vault/paperPDFs/CVPR_2026/POLAR_A_Portrait_OLAT_Dataset_and_Generative_Framework_for_Illumination_Aware_Face_Modeling.pdf	https://arxiv.org/abs/2512.13192	POLAR: A Portrait OLAT Dataset and Generative Framework for Illumination-Aware Face Modeling	CVPR 2026	31022736	1260747	1260747
obsidian-vault/paperPDFs/SIGGRAPH_2025/Radiance_Surfaces_Optimizing_Surface_Representations_with_a_5D_Radiance_Field_Loss.pdf	https://dl.acm.org/doi/pdf/10.1145/3721238.3730713	Radiance Surfaces: Optimizing Surface Representations with a 5D Radiance Field Loss	SIGGRAPH 2025	30977832	1791838	1791838
obsidian-vault/paperPDFs/SIGGRAPH_ASIA_2025/Marching_Neurons_Accurate_Surface_Extraction_for_Neural_Implicit_Shapes.pdf	https://dl.acm.org/doi/pdf/10.1145/3763328	Marching Neurons: Accurate Surface Extraction for Neural Implicit Shapes	SIGGRAPH ASIA 2025	30954907	1636831	1636831
obsidian-vault/paperPDFs/CVPR_2026/SVBench_Evaluation_of_Video_Generation_Models_on_Social_Reasoning.pdf	https://arxiv.org/abs/2512.21507	SVBench: Evaluation of Video Generation Models on Social Reasoning	CVPR 2026	30885388	501198	501198
obsidian-vault/paperPDFs/SIGGRAPH_2024/Consistent_Point_Orientation_for_Manifold_Surfaces_via_Boundary_Integration.pdf	https://doi.org/10.1145/3641519.3657475	Consistent Point Orientation for Manifold Surfaces via Boundary Integration	SIGGRAPH 2024	30834440	1556940	1556940
obsidian-vault/paperPDFs/SIGGRAPH_2023/Skin_Screen_A_Computational_Fabrication_Framework_for_Color_Tattoos.pdf	https://misop.github.io/projects/ComputationalTattoo/index.html	Skin-Screen: A Computational Fabrication Framework for Color Tattoos	SIGGRAPH 2023	30817343	1762100	1762100
obsidian-vault/paperPDFs/SIGGRAPH_2025/LayerPano3D_Layered_3D_Panorama_for_Hyper-Immersive_Scene_Generation.pdf	http://arxiv.org/abs/2408.13252	LayerPano3D: Layered 3D Panorama for Hyper-Immersive Scene Generation	SIGGRAPH 2025	30791496	1470843	1470843
obsidian-vault/paperPDFs/CVPR_2026/Revisiting_Geometric_Obfuscation_with_Dual_Convergent_Lines_for_Privacy_Preserving_Image_Queries_in_Visual_Localization.pdf	https://arxiv.org/abs/2604.22310	Revisiting Geometric Obfuscation with Dual Convergent Lines for Privacy-Preserving Image Queries in Visual Localization	CVPR 2026	30673753	1185307	1185307
obsidian-vault/paperPDFs/SIGGRAPH_ASIA_2025/Fast_Stable_Control_of_Coupled_Solid_Fluid_Dynamic_Systems.pdf	https://dl.acm.org/doi/pdf/10.1145/3757377.3763997	Fast &amp; Stable Control of Coupled Solid-Fluid Dynamic Systems	SIGGRAPH ASIA 2025	30657297	1447252	1447252
obsidian-vault/paperPDFs/SIGGRAPH_2024/NeLT_Object_oriented_Neural_Light_Transfer.pdf	https://doi.org/10.1145/3596491	NeLT: Object-oriented Neural Light Transfer	SIGGRAPH 2024	30562250	1458257	1458257
obsidian-vault/paperPDFs/SIGGRAPH_2026/Faster_3D_Gaussian_Splatting_Convergence_via_Structure_Aware_Densification.pdf	https://s2026.conference-schedule.org/?post_type=page&p=15&id=papers_1388&sess=sess137	Faster 3D Gaussian Splatting Convergence via Structure-Aware Densification	SIGGRAPH 2026	30554755	1754885	1754885
obsidian-vault/paperPDFs/arxiv_2025/OneCat.pdf	https://arxiv.org/abs/2509.03498	OneCAT: Decoder-Only Auto-Regressive Model for Unified Understanding and Generation	arxiv 2025	30538582	2610210	2610210
obsidian-vault/paperPDFs/SIGGRAPH_2022/Unbiased_Inverse_Volume_Rendering_With_Differential_Trackers.pdf	http://rgl.epfl.ch/publications/NimierDavid2022Unbiased	Unbiased Inverse Volume Rendering With Differential Trackers	SIGGRAPH 2022	30538207	2407953	2407953
obsidian-vault/paperPDFs/CVPR_2026/LDP_Slicing_Local_Differential_Privacy_for_Images_via_Randomized_Bit_Plane_Slicing.pdf	https://arxiv.org/abs/2603.03711	LDP-Slicing: Local Differential Privacy for Images via Randomized Bit-Plane Slicing	CVPR 2026	30490227	528889	528889
obsidian-vault/paperPDFs/SIGGRAPH_2025/One_Model_to_Rig_Them_All_Diverse_Skeleton_Rigging_with_UniRig.pdf	https://dl.acm.org/doi/pdf/10.1145/3730930	One Model to Rig Them All: Diverse Skeleton Rigging with UniRig	SIGGRAPH 2025	30479621	1647853	1647853
obsidian-vault/paperPDFs/SIGGRAPH_2024/CNS_Edit_3D_Shape_Editing_via_Coupled_Neural_Shape_Optimization.pdf	https://arxiv.org/abs/2402.02313	CNS-Edit: 3D Shape Editing via Coupled Neural Shape Optimization	SIGGRAPH 2024	30468505	544630	544630
obsidian-vault/paperPDFs/SIGGRAPH_ASIA_2024/Motion_Driven_Neural_Optimizer_for_Prophylactic_Braces_Made_by_Distributed_Microstructures.pdf	https://cs-people.bu.edu/xjhan/bioDesign.html	Motion-Driven Neural Optimizer for Prophylactic Braces Made by Distributed Microstructures	SIGGRAPH ASIA 2024	30441995	685525	685525
obsidian-vault/paperPDFs/CVPR_2026/Edge_Focused_Super_Resolution_for_Omnidirectional_Images_with_Spherical_Geometric_Augmentation.pdf	https://openaccess.thecvf.com/content/CVPR2026/html/Wang_Edge-Focused_Super-Resolution_for_Omnidirectional_Images_with_Spherical_Geometric_Augmentation_CVPR_2026_paper.html	Edge-Focused Super-Resolution for Omnidirectional Images with Spherical Geometric Augmentation	CVPR 2026	30431271	387120	2272279
obsidian-vault/paperPDFs/SIGGRAPH_2025/Facial_Appearance_Capture_at_Home_with_Patch-Level_Reflectance_Prior.pdf	http://arxiv.org/abs/2506.03478	Facial Appearance Capture at Home with Patch-Level Reflectance Prior	SIGGRAPH 2025	30408328	2480903	2480903
obsidian-vault/paperPDFs/ICLR_2026/Composition_of_Memory_Experts_for_Diffusion_World_Models.pdf	https://openreview.net/forum?id=sUEdpZCHdp	Composition of Memory Experts for Diffusion World Models	ICLR 2026	30340813	1423771	1423771
obsidian-vault/paperPDFs/SIGGRAPH_ASIA_2025/AutoBrep_Autoregressive_B_Rep_Generation_with_Unified_Topology_and_Geometry.pdf	https://dl.acm.org/doi/pdf/10.1145/3757377.3763814	AutoBrep : Autoregressive B-Rep Generation with Unified Topology and Geometry	SIGGRAPH ASIA 2025	30303222	1964852	1964852
obsidian-vault/paperPDFs/CVPR_2026/VideoNet_A_Large_Scale_Dataset_for_Domain_Specific_Action_Recognition.pdf	https://arxiv.org/abs/2605.02834	VideoNet: A Large-Scale Dataset for Domain-Specific Action Recognition	CVPR 2026	30257468	1722492	1722492
obsidian-vault/paperPDFs/CVPR_2026/StreamDiT_Real_Time_Streaming_Text_to_Video_Generation.pdf	https://arxiv.org/abs/2507.03745	StreamDiT: Real-Time Streaming Text-to-Video Generation	CVPR 2026	30257172	1152036	1152036
obsidian-vault/paperPDFs/SIGGRAPH_ASIA_2024/SD_XL_Generating_Low_Resolution_Quantized_Imagery_via_Score_Distillation.pdf	https://igl.ethz.ch/projects/sd-pixl/sd-pixl-generating-low-resolution-quantized-imagery-via-score-distillation-siggraph-asia-2024-binninger-and-sorkine-hornung.pdf	SD-𝜋XL: Generating Low-Resolution Quantized Imagery via Score Distillation	SIGGRAPH ASIA 2024	30243005	1184216	1184216
obsidian-vault/paperPDFs/arxiv_2024/CamI2V_Camera_Controlled_Image_to_Video_Diffusion_Model.pdf	https://arxiv.org/abs/2410.15957	CamI2V: Camera-Controlled Image-to-Video Diffusion Model	arxiv 2024	30207533	1134822	1134822
obsidian-vault/paperPDFs/SIGGRAPH_2024/Subject_Diffusion_Open_Domain_Personalized_Text_to_image_Generation_Without_Test_time_Fine_tuning.pdf	https://doi.org/10.1145/3641519.3657469	Subject-Diffusion: Open Domain Personalized Text-to-image Generation Without Test-time Fine-tuning	SIGGRAPH 2024	30200356	1110333	1110333
obsidian-vault/paperPDFs/CVPR_2026/Adaptive_Auxiliary_Prompt_Blending_for_Target_Faithful_Diffusion_Generation.pdf	https://arxiv.org/abs/2603.19158	Adaptive Auxiliary Prompt Blending for Target-Faithful Diffusion Generation	CVPR 2026	30191165	1994098	1994098
obsidian-vault/paperPDFs/SIGGRAPH_ASIA_2025/One_shot_Embroidery_Customization_via_Contrastive_LoRA_Modulation.pdf	https://dl.acm.org/doi/pdf/10.1145/3763290	One-shot Embroidery Customization via Contrastive LoRA Modulation	SIGGRAPH ASIA 2025	30145837	1357714	1357714
obsidian-vault/paperPDFs/SIGGRAPH_ASIA_2022/Fluidic_Topology_Optimization_with_an_Anisotropic_Mixture_Model.pdf	https://dl.acm.org/doi/pdf/10.1145/3550454.3555429	Fluidic Topology Optimization with an Anisotropic Mixture Model	SIGGRAPH ASIA 2022	30141394	676950	676950
obsidian-vault/paperPDFs/SIGGRAPH_2023/Neural_Face_Rigging_for_Animating_and_Retargeting_Facial_Meshes_in_the_Wild.pdf	https://arxiv.org/abs/2305.08296	Neural Face Rigging for Animating and Retargeting Facial Meshes in the Wild	SIGGRAPH 2023	30140949	734078	734078
obsidian-vault/paperPDFs/arxiv_2026/WorldStereo_Bridging_3D_Reconstruction_and_Video_Generation_for_Scalable_Real_World_Stereo_Video_Generation.pdf	https://arxiv.org/abs/2603.02049	WorldStereo: Bridging 3D Reconstruction and Video Generation for Scalable Real-World Stereo Video Generation	arxiv 2026	30133423	1315732	1315732
obsidian-vault/paperPDFs/SIGGRAPH_2026/Gabor_Fields_Orientation_Selective_Level_of_Detail_for_Volume_Rendering.pdf	https://s2026.conference-schedule.org/?post_type=page&p=15&id=papers_1123&sess=sess134	Gabor Fields: Orientation-Selective Level-of-Detail for Volume Rendering	SIGGRAPH 2026	30100166	2788431	2788431
obsidian-vault/paperPDFs/CVPR_2026/Text_Image_Conditioned_3D_Generation.pdf	https://arxiv.org/abs/2603.21295	Text-Image Conditioned 3D Generation	CVPR 2026	30047475	790554	790554
obsidian-vault/paperPDFs/SIGGRAPH_ASIA_2023/A_Parametric_Kinetic_Solver_for_Simulating_Boundary_Dominated_Turbulent_Flow_Phenomena.pdf	https://doi.org/10.1145/3618313	A Parametric Kinetic Solver for Simulating Boundary-Dominated Turbulent Flow Phenomena	SIGGRAPH ASIA 2023	30009645	942404	942404
obsidian-vault/paperPDFs/ICLR_2026/ADEPT_Continual_Pretraining_via_Adaptive_Expansion_and_Dynamic_Decoupled_Tuning.pdf	https://openreview.net/forum?id=vcWDDfA4Ev	ADEPT: Continual Pretraining via Adaptive Expansion and Dynamic Decoupled Tuning	ICLR 2026	29995869	2809341	2809341
obsidian-vault/paperPDFs/SIGGRAPH_2024/TexSliders_Diffusion_based_Texture_Editing_in_CLIP_Space.pdf	https://graphics.unizar.es/projects/TexSliders/	TexSliders: Diffusion-based Texture Editing in CLIP Space	SIGGRAPH 2024	29958651	2034630	2034630
obsidian-vault/paperPDFs/SIGGRAPH_ASIA_2023/Perceptual_Requirements_for_World_Locked_Rendering_in_AR_and_VR.pdf	https://dl.acm.org/doi/pdf/10.1145/3610548.3618134	Perceptual Requirements for World-Locked Rendering in AR and VR	SIGGRAPH ASIA 2023	29934348	555677	555677
obsidian-vault/paperPDFs/CVPR_2026/SocialNav_Training_Human_Inspired_Foundation_Model_for_Socially_Aware_Embodied_Navigation.pdf	https://arxiv.org/abs/2511.21135	SocialNav: Training Human-Inspired Foundation Model for Socially-Aware Embodied Navigation	CVPR 2026	29932348	991748	991748
obsidian-vault/paperPDFs/SIGGRAPH_2025/Transforming_Unstructured_Hair_Strands_into_Procedural_Hair_Grooms.pdf	https://dl.acm.org/doi/pdf/10.1145/3731168	Transforming Unstructured Hair Strands into Procedural Hair Grooms	SIGGRAPH 2025	29838798	1689561	1689561
obsidian-vault/paperPDFs/CVPR_2026/NOWA_Null_space_Optical_Watermark_for_Invisible_Capture_Fingerprinting_and_Tamper_Localization.pdf	https://arxiv.org/abs/2512.22501	NOWA: Null-space Optical Watermark for Invisible Capture Fingerprinting and Tamper Localization	CVPR 2026	29812781	784568	784568
obsidian-vault/paperPDFs/SIGGRAPH_ASIA_2025/Hierarchical_Neural_Semantic_Representation_for_3D_Semantic_Correspondence.pdf	https://dl.acm.org/doi/pdf/10.1145/3757377.3763921	Hierarchical Neural Semantic Representation for 3D Semantic Correspondence	SIGGRAPH ASIA 2025	29757994	663778	663778
obsidian-vault/paperPDFs/SIGGRAPH_ASIA_2023/High_Fidelity_and_Real_Time_Novel_View_Synthesis_for_Dynamic_Scenes.pdf	https://doi.org/10.1145/3610548.3618142	High-Fidelity and Real-Time Novel View Synthesis for Dynamic Scenes	SIGGRAPH ASIA 2023	29708302	745961	745961
obsidian-vault/paperPDFs/CVPR_2026/FlashPortrait_6x_Faster_Infinite_Portrait_Animation_with_Adaptive_Latent_Prediction.pdf	https://arxiv.org/abs/2512.16900	FlashPortrait: 6x Faster Infinite Portrait Animation with Adaptive Latent Prediction	CVPR 2026	29703719	2815993	2815993
obsidian-vault/paperPDFs/arxiv_2025/Hunyuan3D_2_5_Towards_High_Fidelity_3D_Assets_Generation_with_Ultimate_Details.pdf	https://arxiv.org/abs/2506.16504	Hunyuan3D 2.5: Towards High-Fidelity 3D Assets Generation with Ultimate Details	arxiv 2025	29639158	1122669	1122669
obsidian-vault/paperPDFs/SIGGRAPH_2025/Spatiotemporally_Consistent_Indoor_Lighting_Estimation_with_Diffusion_Priors.pdf	https://openreview.net/pdf?id=ace251f4da	Spatiotemporally Consistent Indoor Lighting Estimation with Diffusion Priors	SIGGRAPH 2025	29586963	1393269	1393269
obsidian-vault/paperPDFs/SIGGRAPH_ASIA_2023/GroomGen_A_High_Quality_Generative_Hair_Model_Using_Hierarchical_Latent_Representations.pdf	https://dl.acm.org/doi/pdf/10.1145/3618309	GroomGen: A High-Quality Generative Hair Model Using Hierarchical Latent Representations	SIGGRAPH ASIA 2023	29584789	971136	971136
obsidian-vault/paperPDFs/SIGGRAPH_2026/MACE_Dance_Motion_Appearance_Cascaded_Experts_for_Music_Driven_Dance_Video_Generation.pdf	https://s2026.conference-schedule.org/?post_type=page&p=15&id=papers_1219&sess=sess152	MACE-Dance: Motion-Appearance Cascaded Experts for Music-Driven Dance Video Generation	SIGGRAPH 2026	29549116	1723804	1723804
obsidian-vault/paperPDFs/ICLR_2026/Robust_Fine_tuning_of_Vision_Language_Action_Robot_Policies_via_Parameter_Merging.pdf	https://openreview.net/forum?id=uWJwQ5SZoM	Robust Fine-tuning of Vision-Language-Action Robot Policies via Parameter Merging	ICLR 2026	29536867	1347189	1347189
obsidian-vault/paperPDFs/SIGGRAPH_ASIA_2024/Stripe_Embedding_Efficient_Maps_with_Exact_Numeric_Computation.pdf	https://dl.acm.org/doi/pdf/10.1145/3687915	Stripe Embedding: Efficient Maps with Exact Numeric Computation	SIGGRAPH ASIA 2024	29535209	586713	586713
obsidian-vault/paperPDFs/SIGGRAPH_2024/Neural_Geometry_Fields_for_Meshes.pdf	https://dl.acm.org/doi/pdf/10.1145/3641519.3657399	Neural Geometry Fields for Meshes	SIGGRAPH 2024	29532312	919241	919241
obsidian-vault/paperPDFs/ICLR_2026/Adaptive_Augmentation_Aware_Latent_Learning_for_Robust_LiDAR_Semantic_Segmentation.pdf	https://openreview.net/forum?id=l7Cwq08AO0	Adaptive Augmentation-Aware Latent Learning for Robust LiDAR Semantic Segmentation	ICLR 2026	29463891	1317269	1317269
obsidian-vault/paperPDFs/SIGGRAPH_ASIA_2025/PowerGS_Display_Rendering_Power_Co_Optimization_for_Neural_Rendering_in_Power_Constrained_XR_Systems.pdf	https://dl.acm.org/doi/pdf/10.1145/3757377.3763851	PowerGS: Display-Rendering Power Co-Optimization for Neural Rendering in Power-Constrained XR Systems	SIGGRAPH ASIA 2025	29450251	749456	749456
obsidian-vault/paperPDFs/CVPR_2026/MetaSpectra_A_Compact_Broadband_Metasurface_Camera_for_Snapshot_Hyperspectral_Imaging.pdf	https://arxiv.org/abs/2603.09116	MetaSpectra+: A Compact Broadband Metasurface Camera for Snapshot Hyperspectral+ Imaging	CVPR 2026	29396472	2199538	2199538
obsidian-vault/paperPDFs/SIGGRAPH_ASIA_2024/Customizing_Text_to_Image_Diffusion_with_Object_Viewpoint_Control.pdf	https://customdiffusion360.github.io/	Customizing Text-to-Image Diffusion with Object Viewpoint Control	SIGGRAPH ASIA 2024	29389761	2073147	2073147
obsidian-vault/paperPDFs/CVPR_2026/GeoDiff4D_Geometry_Aware_Diffusion_for_4D_Head_Avatar_Reconstruction.pdf	https://arxiv.org/abs/2602.24161	GeoDiff4D: Geometry-Aware Diffusion for 4D Head Avatar Reconstruction	CVPR 2026	29385408	1164833	1164833
obsidian-vault/paperPDFs/CVPR_2026/Landscape_Awareness_for_Geometric_View_Diffusion_Model.pdf	https://arxiv.org/abs/2605.19865	Landscape-Awareness for Geometric View Diffusion Model	CVPR 2026	29362774	1130902	1130902
obsidian-vault/paperPDFs/ICLR_2026/Omni_View_Unlocking_How_Generation_Facilitates_Understanding_in_Unified_3D_Model_46bff9ed5dad.pdf	https://openreview.net/forum?id=pDu6u9cnEB	Omni-View: Unlocking How Generation Facilitates Understanding in Unified 3D Model based on Multiview images	ICLR 2026	29358103	2148711	2148711
obsidian-vault/paperPDFs/arxiv_2026/HumanX_Toward_Agile_and_Generalizable_Humanoid_Interaction_Skills_from_Human_Videos.pdf	https://arxiv.org/abs/2602.02473	HumanX Toward Agile and Generalizable Humanoid Interaction Skills from Human Videos	arxiv 2026	29325729	662862	662862
obsidian-vault/paperPDFs/SIGGRAPH_2025/RELATE3D_REfocusing_Latent_Adapter_for_Targeted_local_Enhancement_and_Editing_in_3D_Generation.pdf	https://dl.acm.org/doi/pdf/10.1145/3721238.3730648	RELATE3D: REfocusing Latent Adapter for Targeted local Enhancement and Editing in 3D Generation	SIGGRAPH 2025	29321403	1928760	1928760
obsidian-vault/paperPDFs/SIGGRAPH_ASIA_2022/Fast_Stabilization_of_Inducible_Magnet_Simulation.pdf	https://doi.org/10.1145/3550469.3555410	Fast Stabilization of Inducible Magnet Simulation	SIGGRAPH ASIA 2022	29312598	926787	926787
obsidian-vault/paperPDFs/CVPR_2026/Ar2Can_An_Architect_and_an_Artist_Leveraging_a_Canvas_for_Multi_Human_Generation.pdf	https://arxiv.org/abs/2511.22690	Ar2Can: An Architect and an Artist Leveraging a Canvas for Multi-Human Generation	CVPR 2026	29295911	1302641	1302641
obsidian-vault/paperPDFs/ICLR_2026/Sat3DGen_Comprehensive_Street_Level_3D_Scene_Generation_from_Single_Satellite_Im_d04b4ece93f7.pdf	https://openreview.net/forum?id=E7JzkZCofa	Sat3DGen: Comprehensive Street-Level 3D Scene Generation from Single Satellite Image	ICLR 2026	29204498	1908531	1908531
obsidian-vault/paperPDFs/CVPR_2026/LottieGPT_Tokenizing_Vector_Animation_for_Autoregressive_Generation.pdf	https://arxiv.org/abs/2604.11792	LottieGPT: Tokenizing Vector Animation for Autoregressive Generation	CVPR 2026	29160232	1833154	1833154
obsidian-vault/paperPDFs/SIGGRAPH_2026/GPC_Large_Scale_Generative_Pretraining_for_Transferable_Motor_Control.pdf	https://s2026.conference-schedule.org/?post_type=page&p=15&id=papers_145&sess=sess104	GPC: Large-Scale Generative Pretraining for Transferable Motor Control	SIGGRAPH 2026	29153258	902599	902599
obsidian-vault/paperPDFs/CVPR_2026/Attack_for_Defense_Adversarial_Agents_for_Point_Prompt_Optimization_Empowering_Segment_Anything_Model.pdf	https://arxiv.org/abs/2509.18891	Attack for Defense: Adversarial Agents for Point Prompt Optimization Empowering Segment Anything Model	CVPR 2026	29123843	431171	431171
obsidian-vault/paperPDFs/ICLR_2026/Test_Time_Mixture_of_World_Models_for_Embodied_Agents_in_Dynamic_Environments.pdf	https://openreview.net/forum?id=LQD1MrnbxH	Test-Time Mixture of World Models for Embodied Agents in Dynamic Environments	ICLR 2026	29060895	893292	893292
obsidian-vault/paperPDFs/SIGGRAPH_ASIA_2024/Differentiable_Modeling_of_Material_Spreading_in_Inkjet_Printing_for_Appearance_Prediction.pdf	https://dl.acm.org/doi/pdf/10.1145/3528223.3530083	Differentiable Modeling of Material Spreading in Inkjet Printing for Appearance Prediction	SIGGRAPH ASIA 2024	29059007	1851006	1851006
obsidian-vault/paperPDFs/CVPR_2026/VIRAL_Visual_Sim_to_Real_at_Scale_for_Humanoid_Loco_Manipulation.pdf	https://arxiv.org/abs/2511.15200	VIRAL: Visual Sim-to-Real at Scale for Humanoid Loco-Manipulation	CVPR 2026	29046418	974570	974570
obsidian-vault/paperPDFs/SIGGRAPH_ASIA_2022/MyStyle_A_Personalized_Generative_Prior.pdf	https://mystyle-personalized-prior.github.io/	MyStyle: A Personalized Generative Prior	SIGGRAPH ASIA 2022	29037507	1087933	1087933
obsidian-vault/paperPDFs/SIGGRAPH_ASIA_2022/Gloss_management_for_consistent_reproduction_of_real_and_virtual_objects.pdf	https://glossmanager.mpi-inf.mpg.de/	Gloss management for consistent reproduction of real and virtual objects	SIGGRAPH ASIA 2022	29029116	694976	694976
obsidian-vault/paperPDFs/ICCV_2025/MCBLT_Multi_Camera_Multi_Object_3D_Tracking_in_Long_Videos.pdf	https://arxiv.org/abs/2412.00692	MCBLT: Multi-Camera Multi-Object 3D Tracking in Long Videos	ICCV 2025	28950079	607697	607697
obsidian-vault/paperPDFs/SIGGRAPH_2026/Policy_based_Foveated_Imaging_and_Perception.pdf	https://s2026.conference-schedule.org/?post_type=page&p=15&id=papers_1502&sess=sess147	Policy-based Foveated Imaging and Perception	SIGGRAPH 2026	28948084	979318	979318
obsidian-vault/paperPDFs/CVPR_2026/SparseWorld_TC_Trajectory_Conditioned_Sparse_Occupancy_World_Model.pdf	https://arxiv.org/abs/2511.22039	SparseWorld-TC: Trajectory-Conditioned Sparse Occupancy World Model	CVPR 2026	28937683	1463282	1463282
obsidian-vault/paperPDFs/SIGGRAPH_2023/Recursive_Control_Variates_for_Inverse_Rendering.pdf	https://dl.acm.org/doi/pdf/10.1145/3592139	Recursive Control Variates for Inverse Rendering	SIGGRAPH 2023	28924018	1639774	1639774
obsidian-vault/paperPDFs/SIGGRAPH_ASIA_2023/ART_Owen_Scrambling.pdf	https://dl.acm.org/doi/pdf/10.1145/3618307	ART-Owen Scrambling	SIGGRAPH ASIA 2023	28902549	2185295	2185295
obsidian-vault/paperPDFs/SIGGRAPH_2025/Patch_Grid_An_Efficient_and_Feature_Preserving_Neural_Implicit_Surface_Representation.pdf	https://openreview.net/pdf?id=1041a5c3f1	Patch-Grid: An Efficient and Feature-Preserving Neural Implicit Surface Representation	SIGGRAPH 2025	28892705	1927167	1927167
obsidian-vault/paperPDFs/SIGGRAPH_2022/Neural_Rendering_in_a_Room_Amodal_3D_Understanding_and_Free_viewpoint_Rendering_for_the_Closed_Scene_Composed_of_Pre_Captured_Objects.pdf	https://zju3dv.github.io/nr_in_a_room/	Neural Rendering in a Room: Amodal 3D Understanding and Free-viewpoint Rendering for the Closed Scene Composed of Pre-Captured Objects	SIGGRAPH 2022	28891622	1684300	1684300
obsidian-vault/paperPDFs/SIGGRAPH_ASIA_2022/Video_driven_Neural_Physically_based_Facial_Asset_for_Production.pdf	https://dl.acm.org/doi/pdf/10.1145/3550454.3555445	Video-driven Neural Physically-based Facial Asset for Production	SIGGRAPH ASIA 2022	28866831	1218720	1218720
obsidian-vault/paperPDFs/SIGGRAPH_2025/A_Neural_Particle_Level_Set_Method_for_Dynamic_Interface_Tracking.pdf	https://dl.acm.org/doi/pdf/10.1145/3730399	A Neural Particle Level Set Method for Dynamic Interface Tracking	SIGGRAPH 2025	28859660	2591983	2591983
obsidian-vault/paperPDFs/SIGGRAPH_2022/Spelunking_the_Deep_Guaranteed_Queries_on_General_Neural_Implicit_Surfaces_via_Range_Analysis.pdf	https://dl.acm.org/doi/pdf/10.1145/3528223.3530155	Spelunking the Deep: Guaranteed Queries on General Neural Implicit Surfaces via Range Analysis	SIGGRAPH 2022	28842187	1205694	1205694
obsidian-vault/paperPDFs/CVPR_2026/Lighting_grounded_Video_Generation_with_Renderer_based_Agent_Reasoning.pdf	https://arxiv.org/abs/2604.07966	Lighting-grounded Video Generation with Renderer-based Agent Reasoning	CVPR 2026	28827576	897476	897476
obsidian-vault/paperPDFs/arxiv_2025/NOOUGAT_Towards_Unified_Online_and_Offline_Multi_Object_Tracking.pdf	https://arxiv.org/abs/2509.02111	NOOUGAT: Towards Unified Online and Offline Multi-Object Tracking	arxiv 2025	28811209	1327457	1327457
obsidian-vault/paperPDFs/SIGGRAPH_ASIA_2024/InstanceTex_Instance_level_Controllable_Texture_Synthesis_for_3D_Scenes_via_Diffusion_Priors.pdf	https://dl.acm.org/doi/pdf/10.1145/3680528.3687633	InstanceTex: Instance-level Controllable Texture Synthesis for 3D Scenes via Diffusion Priors	SIGGRAPH ASIA 2024	28792705	1060836	1060836
obsidian-vault/paperPDFs/SIGGRAPH_ASIA_2025/High_Fidelity_Dynamic_Portrait_Animation_via_Direct_Preference_Optimization_and_Temporal_Motion_Modulation.pdf	https://dl.acm.org/doi/pdf/10.1145/3757377.3763914	High-Fidelity Dynamic Portrait Animation via Direct Preference Optimization and Temporal Motion Modulation	SIGGRAPH ASIA 2025	28746981	614532	614532
obsidian-vault/paperPDFs/SIGGRAPH_ASIA_2024/StyleTex_Style_Image_Guided_Texture_Generation_for_3D_Models.pdf	https://arxiv.org/abs/2411.00399	StyleTex: Style Image-Guided Texture Generation for 3D Models	SIGGRAPH ASIA 2024	28742459	2346490	2346490
obsidian-vault/paperPDFs/SIGGRAPH_ASIA_2024/VOODOO_XP_Expressive_One_Shot_Head_Reenactment_for_VR_Telepresence.pdf	https://arxiv.org/abs/2405.16204	VOODOO XP: Expressive One-Shot Head Reenactment for VR Telepresence	SIGGRAPH ASIA 2024	28709623	2353516	2353516
obsidian-vault/paperPDFs/SIGGRAPH_2023/Walk_on_Stars_A_Grid_free_Monte_Carlo_Method_for_PDEs_With_Neumann_Boundary_Conditions.pdf	https://arxiv.org/abs/2302.11815	Walk on Stars: A Grid-free Monte Carlo Method for PDEs With Neumann Boundary Conditions	SIGGRAPH 2023	28672972	1604300	1604300
obsidian-vault/paperPDFs/SIGGRAPH_2024/Differentiable_Voronoi_Diagrams_for_Simulation_of_Cell_based_Mechanical_Systems.pdf	https://doi.org/10.1145/3658152	Differentiable Voronoi Diagrams for Simulation of Cell-based Mechanical Systems	SIGGRAPH 2024	28664245	1203565	1203565
obsidian-vault/paperPDFs/CVPR_2026/Charge_A_Comprehensive_Novel_View_Synthesis_Benchmark_and_Dataset_to_Bind_Them_All.pdf	https://arxiv.org/abs/2512.13639	Charge: A Comprehensive Novel View Synthesis Benchmark and Dataset to Bind Them All	CVPR 2026	28662731	375002	375002
obsidian-vault/paperPDFs/arxiv_2025/Hunyuan3D_2_0_Scaling_Diffusion_Models_for_High_Resolution_Textured_3D_Assets_Generation.pdf	https://arxiv.org/abs/2501.12202	Hunyuan3D 2.0: Scaling Diffusion Models for High Resolution Textured 3D Assets Generation	arxiv 2025	28653475	1701577	1701577
obsidian-vault/paperPDFs/SIGGRAPH_ASIA_2024/EgoHDM_An_Online_Egocentric_Inertial_Human_Motion_Capture_Localization_and_Dense_Mapping_System.pdf	https://handiyin.github.io/EgoHDM/	EgoHDM: An Online Egocentric-Inertial Human Motion Capture, Localization, and Dense Mapping System	SIGGRAPH ASIA 2024	28630297	894569	894569
obsidian-vault/paperPDFs/SIGGRAPH_2024/Scintilla_Simulating_Combustible_Vegetation_for_Wildfires.pdf	https://wp.faculty.wmi.amu.edu.pl/Scintilla.html	Scintilla: Simulating Combustible Vegetation for Wildfires	SIGGRAPH 2024	28628303	1494105	1494105
obsidian-vault/paperPDFs/CVPR_2026/ID_Crafter_VLM_Grounded_Online_RL_for_Compositional_Multi_Subject_Video_Generation.pdf	https://arxiv.org/abs/2511.00511	ID-Crafter: VLM-Grounded Online RL for Compositional Multi-Subject Video Generation	CVPR 2026	28609913	1367602	1367602
obsidian-vault/paperPDFs/CVPR_2026/MAMMA_Markerless_Accurate_Multi_person_Motion_Acquisition.pdf	https://arxiv.org/abs/2506.13040	MAMMA: Markerless Accurate Multi-person Motion Acquisition	CVPR 2026	28604396	1050487	1050487
obsidian-vault/paperPDFs/CVPR_2025/WiLoR_End_to_end_3D_Hand_Localization_and_Reconstruction_in_the_Wild.pdf	https://arxiv.org/abs/2409.12259	WiLoR End to end 3D Hand Localization and Reconstruction in the Wild	CVPR 2025	28591116	1033831	1033831
obsidian-vault/paperPDFs/3DV_2025/UniMotion_Unifying_3D_Human_Motion_Synthesis_and_Understanding.pdf	https://coral79.github.io/uni-motion/paper/unimotion.pdf	UniMotion: Unifying 3D Human Motion Synthesis and Understanding	3DV 2025	28587684	1081924	1081924
obsidian-vault/paperPDFs/CVPR_2026/MANSION_Multi_floor_lANguage_to_3D_Scene_generatIOn_for_loNg_horizon_tasks.pdf	https://arxiv.org/abs/2603.11554	MANSION: Multi-floor lANguage-to-3D Scene generatIOn for loNg-horizon tasks	CVPR 2026	28578537	1601148	1601148
obsidian-vault/paperPDFs/CVPR_2026/Scaling_Instruction_Based_Video_Editing_with_a_High_Quality_Synthetic_Dataset.pdf	https://arxiv.org/abs/2510.15742	Scaling Instruction-Based Video Editing with a High-Quality Synthetic Dataset	CVPR 2026	28574411	1056388	1056388
obsidian-vault/paperPDFs/SIGGRAPH_ASIA_2025/Fuse3D_Generating_3D_Assets_Controlled_by_Multi_Image_Fusion.pdf	https://dl.acm.org/doi/pdf/10.1145/3757377.3763943	Fuse3D: Generating 3D Assets Controlled by Multi-Image Fusion	SIGGRAPH ASIA 2025	28522011	786028	786028
obsidian-vault/paperPDFs/SIGGRAPH_2025/TransparentGS_Fast_Inverse_Rendering_of_Transparent_Objects_with_Gaussians.pdf	https://dl.acm.org/doi/pdf/10.1145/3730892	TransparentGS: Fast Inverse Rendering of Transparent Objects with Gaussians	SIGGRAPH 2025	28517662	2102935	2102935
obsidian-vault/paperPDFs/arxiv_2025/SyncTrack4D_Cross_Video_Motion_Alignment_and_Video_Synchronization_for_Multi_Video_4D_Gaussian_Splatting.pdf	https://arxiv.org/abs/2512.04315	SyncTrack4D: Cross-Video Motion Alignment and Video Synchronization for Multi-Video 4D Gaussian Splatting	arXiv 2025	28505239	629099	629099
obsidian-vault/paperPDFs/SIGGRAPH_2023/Guided_Linear_Upsampling.pdf	https://arxiv.org/abs/2307.09582	Guided Linear Upsampling	SIGGRAPH 2023	28498705	1143340	1143340
obsidian-vault/paperPDFs/SIGGRAPH_2024/Analogist_Out_of_the_box_Visual_In_context_Learning_With_Image_Diffusion_Model.pdf	https://doi.org/10.1145/3658136	Analogist: Out-of-the-box Visual In-context Learning With Image Diffusion Model	SIGGRAPH 2024	28474563	2354227	2354227
obsidian-vault/paperPDFs/SIGGRAPH_ASIA_2025/KISSColor_Kinetic_and_Intuitive_Stroke_Stretching_for_Vector_Drawing_Colorization.pdf	https://dl.acm.org/doi/pdf/10.1145/3763307	KISSColor: Kinetic and Intuitive Stroke Stretching for Vector Drawing Colorization	SIGGRAPH ASIA 2025	28469238	1358491	1358491
obsidian-vault/paperPDFs/CVPR_2026/ClipGStream_Clip_Stream_Gaussian_Splatting_for_Any_Length_and_Any_Motion_Multi_View_Dynamic_Scene_Reconstruction.pdf	https://arxiv.org/abs/2604.13746	ClipGStream: Clip-Stream Gaussian Splatting for Any Length and Any Motion Multi-View Dynamic Scene Reconstruction	CVPR 2026	28455496	703139	703139
obsidian-vault/paperPDFs/SIGGRAPH_2024/Bilateral_Guided_Radiance_Field_Processing.pdf	https://doi.org/10.1145/3658148	Bilateral Guided Radiance Field Processing	SIGGRAPH 2024	28433594	1624226	1624226
obsidian-vault/paperPDFs/SIGGRAPH_2024/Separate_and_Enhance_Compositional_Finetuning_for_Text_to_image_Diffusion_Models.pdf	https://doi.org/10.1145/3641519.3657527	Separate-and-Enhance: Compositional Finetuning for Text-to-image Diffusion Models	SIGGRAPH 2024	28425964	1899832	1899832
obsidian-vault/paperPDFs/SIGGRAPH_2024/Real_time_Path_Guiding_Using_Bounding_Voxel_Sampling.pdf	https://dl.acm.org/doi/pdf/10.1145/3658203	Real-time Path Guiding Using Bounding Voxel Sampling	SIGGRAPH 2024	28382756	2147119	2147119
obsidian-vault/paperPDFs/SIGGRAPH_ASIA_2024/Learn_to_Create_Simple_LEGO_Micro_Buildings.pdf	https://dl.acm.org/doi/pdf/10.1145/3687755	Learn to Create Simple LEGO Micro Buildings	SIGGRAPH ASIA 2024	28334358	656710	656710
obsidian-vault/paperPDFs/CVPR_2026/Resolving_the_Identity_Crisis_in_Text_to_Image_Generation.pdf	https://arxiv.org/abs/2510.01399	Resolving the Identity Crisis in Text-to-Image Generation	CVPR 2026	28318023	1168158	1168158
obsidian-vault/paperPDFs/ICLR_2026/AnyUp_Universal_Feature_Upsampling.pdf	https://openreview.net/forum?id=Y9UAgPehqo	AnyUp: Universal Feature Upsampling	ICLR 2026	28309320	1366053	1366053
obsidian-vault/paperPDFs/SIGGRAPH_ASIA_2024/Polynomial_Cauchy_Coordinates_for_Curved_Cages.pdf	https://dl.acm.org/doi/pdf/10.1145/3680528.3687654	Polynomial Cauchy Coordinates for Curved Cages	SIGGRAPH ASIA 2024	28268746	863160	863160
obsidian-vault/paperPDFs/SIGGRAPH_2024/DiffSound_Differentiable_Modal_Sound_Rendering_and_Inverse_Rendering_for_Diverse_Inference_Tasks.pdf	https://doi.org/10.1145/3641519.3657493	DiffSound: Differentiable Modal Sound Rendering and Inverse Rendering for Diverse Inference Tasks	SIGGRAPH 2024	28215060	582242	582242
obsidian-vault/paperPDFs/CVPR_2026/UNICBench_UNIfied_Counting_Benchmark_for_MLLM.pdf	https://arxiv.org/abs/2603.00595	UNICBench: UNIfied Counting Benchmark for MLLM	CVPR 2026	28170590	1482137	1482137
obsidian-vault/paperPDFs/AAAI_2026/DriveSuprim_Towards_Precise_Trajectory_Selection_for_End_to_End_Planning.pdf	https://arxiv.org/abs/2506.06659	DriveSuprim: Towards Precise Trajectory Selection for End-to-End Planning	AAAI 2026	28120013	472281	472281
obsidian-vault/paperPDFs/SIGGRAPH_ASIA_2025/In_2_4D_Inbetweening_from_Two_Single_View_Images_to_4D_Generation.pdf	https://dl.acm.org/doi/pdf/10.1145/3757377.3763904	In-2-4D: Inbetweening from Two Single-View Images to 4D Generation	SIGGRAPH ASIA 2025	28097742	1898872	1898872
obsidian-vault/paperPDFs/CVPR_2026/SharpTimeGS_Sharp_and_Stable_Dynamic_Gaussian_Splatting_via_Lifespan_Modulation.pdf	https://arxiv.org/abs/2602.02989	SharpTimeGS: Sharp and Stable Dynamic Gaussian Splatting via Lifespan Modulation	CVPR 2026	28083951	698872	698872
obsidian-vault/paperPDFs/SIGGRAPH_ASIA_2024/Consolidating_Attention_Features_for_Multi_view_Image_Editing.pdf	https://qnerf-consolidation.github.io/qnerf-consolidation/	Consolidating Attention Features for Multi-view Image Editing	SIGGRAPH ASIA 2024	28078591	1045530	1045530
obsidian-vault/paperPDFs/CVPR_2026/InstAP_Instance_Aware_Vision_Language_Pre_Train_for_Spatial_Temporal_Understanding.pdf	https://arxiv.org/abs/2604.08337	InstAP: Instance-Aware Vision-Language Pre-Train for Spatial-Temporal Understanding	CVPR 2026	28026623	489736	489736
obsidian-vault/paperPDFs/SIGGRAPH_2023/Simulation_and_Retargeting_of_Complex_Multi_character_Interactions.pdf	https://research.facebook.com/publications/simulation_and_retargeting_of_complex_multi_character_interactions/	Simulation and Retargeting of Complex Multi-character Interactions	SIGGRAPH 2023	27929097	412468	412468
obsidian-vault/paperPDFs/SIGGRAPH_ASIA_2025/A_Nonconforming_Formulation_of_Cloth.pdf	https://dl.acm.org/doi/pdf/10.1145/3757377.3763989	A Nonconforming Formulation of Cloth	SIGGRAPH ASIA 2025	27881253	848908	848908
obsidian-vault/paperPDFs/CVPR_2026/The_Image_as_Its_Own_Reward_Reinforcement_Learning_with_Adversarial_Reward_for_Image_Generation.pdf	https://arxiv.org/abs/2511.20256	The Image as Its Own Reward: Reinforcement Learning with Adversarial Reward for Image Generation	CVPR 2026	27827624	1696914	1696914
obsidian-vault/paperPDFs/SIGGRAPH_2024/Going_With_the_Flow.pdf	https://dl.acm.org/doi/pdf/10.1145/3658164	Going With the Flow	SIGGRAPH 2024	27820867	928139	928139
obsidian-vault/paperPDFs/SIGGRAPH_2024/Training_free_Consistent_Text_to_image_Generation.pdf	https://doi.org/10.1145/3658157	Training-free Consistent Text-to-image Generation	SIGGRAPH 2024	27800469	2346557	2346557
obsidian-vault/paperPDFs/SIGGRAPH_ASIA_2024/ProcessPainter_Learning_to_draw_from_sequence_data.pdf	https://arxiv.org/abs/2406.06062	ProcessPainter: Learning to draw from sequence data	SIGGRAPH ASIA 2024	27793988	1015455	1015455
obsidian-vault/paperPDFs/SIGGRAPH_ASIA_2024/MoA_Mixture_of_Attention_for_Subject_Context_Disentanglement_in_Personalized_Image_Generation.pdf	https://snap-research.github.io/mixture-of-attention/	MoA: Mixture-of-Attention for Subject-Context Disentanglement in Personalized Image Generation	SIGGRAPH ASIA 2024	27768535	2348491	2348491
obsidian-vault/paperPDFs/SIGGRAPH_ASIA_2023/ACE_Adversarial_Correspondence_Embedding_for_Cross_Morphology_Motion_Retargeting_from_Human_to_Nonhuman_Characters.pdf	https://dl.acm.org/doi/pdf/10.1145/3610548.3618255	ACE: Adversarial Correspondence Embedding for Cross Morphology Motion Retargeting from Human to Nonhuman Characters	SIGGRAPH ASIA 2023	27766432	628587	628587
obsidian-vault/paperPDFs/SIGGRAPH_ASIA_2023/Compact_Neural_Graphic_Primitives_with_Learned_Hash_Probing.pdf	https://asia.siggraph.org/2023/?post_type=page&p=14494&id=papers_397&sess=sess159	Compact Neural Graphic Primitives with Learned Hash Probing	SIGGRAPH ASIA 2023	27711245	555840	555840
obsidian-vault/paperPDFs/ICLR_2026/Discrete_Diffusion_for_Reflective_Vision_Language_Action_Models_in_Autonomous_Driving.pdf	https://openreview.net/forum?id=XJxXSMLDoZ	Discrete Diffusion for Reflective Vision-Language-Action Models in Autonomous Driving	ICLR 2026	27693054	964119	964119
obsidian-vault/paperPDFs/SIGGRAPH_2023/NeRO_Neural_Geometry_and_BRDF_Reconstruction_of_Reflective_Objects_From_Multiview_Images.pdf	https://liuyuan-pal.github.io/NeRO/	NeRO: Neural Geometry and BRDF Reconstruction of Reflective Objects From Multiview Images	SIGGRAPH 2023	27635351	2253912	2253912
obsidian-vault/paperPDFs/SIGGRAPH_2024/Interactive_Invigoration_Volumetric_Modeling_of_Trees_With_Strands.pdf	https://storage.googleapis.com/pirk.io/projects/invigoration/index.html	Interactive Invigoration: Volumetric Modeling of Trees With Strands	SIGGRAPH 2024	27629570	1021199	1021199
obsidian-vault/paperPDFs/CVPR_2026/Outlier_Robust_Diffusion_Solvers_for_Inverse_Problems.pdf	https://arxiv.org/abs/2605.09477	Outlier-Robust Diffusion Solvers for Inverse Problems	CVPR 2026	27579179	1883000	1883000
obsidian-vault/paperPDFs/SIGGRAPH_ASIA_2022/Reference_Based_Sketch_Extraction_via_Attention_Mechanism.pdf	https://doi.org/10.1145/3550454.3555504	Reference Based Sketch Extraction via Attention Mechanism	SIGGRAPH ASIA 2022	27551409	1004857	1004857
obsidian-vault/paperPDFs/ICLR_2026/CoNavBench_Collaborative_Long_Horizon_Vision_Language_Navigation_Benchmark.pdf	https://openreview.net/forum?id=bMrH2PFMsi	CoNavBench: Collaborative Long-Horizon Vision-Language Navigation Benchmark	ICLR 2026	27507913	1472548	1472548
obsidian-vault/paperPDFs/SIGGRAPH_ASIA_2024/Robust_Dual_Gaussian_Splatting_for_Immersive_Human_centric_Volumetric_Videos.pdf	https://nowheretrix.github.io/DualGS/	Robust Dual Gaussian Splatting for Immersive Human-centric Volumetric Videos	SIGGRAPH ASIA 2024	27474974	890795	890795
obsidian-vault/paperPDFs/CVPR_2026/SPREAD_Spatial_Physical_REasoning_via_geometry_Aware_Diffusion.pdf	https://arxiv.org/abs/2603.27573	SPREAD: Spatial-Physical REasoning via geometry Aware Diffusion	CVPR 2026	27452627	1063156	1063156
obsidian-vault/paperPDFs/SIGGRAPH_2025/Anymate_A_Dataset_and_Baselines_for_Learning_3D_Object_Rigging.pdf	http://arxiv.org/abs/2505.06227	Anymate: A Dataset and Baselines for Learning 3D Object Rigging	SIGGRAPH 2025	27447167	2042050	2042050
obsidian-vault/paperPDFs/SIGGRAPH_2023/Building_a_Virtual_Weakly_compressible_Wind_Tunnel_Testing_Facility.pdf	https://dl.acm.org/doi/pdf/10.1145/3592394	Building a Virtual Weakly-compressible Wind Tunnel Testing Facility	SIGGRAPH 2023	27400452	763785	763785
obsidian-vault/paperPDFs/SIGGRAPH_ASIA_2023/Neural_Spectro_polarimetric_Fields.pdf	https://asia.siggraph.org/2023/?post_type=page&p=14494&id=papers_412&sess=sess138	Neural Spectro-polarimetric Fields	SIGGRAPH ASIA 2023	27316050	1344083	1344083
obsidian-vault/paperPDFs/SIGGRAPH_2025/RigAnything_Template_Free_Autoregressive_Rigging_for_Diverse_3D_Assets.pdf	https://dl.acm.org/doi/pdf/10.1145/3731149	RigAnything: Template-Free Autoregressive Rigging for Diverse 3D Assets	SIGGRAPH 2025	27313100	1485314	1485314
obsidian-vault/paperPDFs/ICLR_2025/No_Training_No_Problem_Rethinking_Classifier_Free_Guidance_for_Diffusion_Models.pdf	https://openreview.net/forum?id=b3CzCCCILJ	No Training, No Problem: Rethinking Classifier-Free Guidance for Diffusion Models	ICLR 2025	27192762	1572894	1572894
obsidian-vault/paperPDFs/CVPR_2026/MLLMSplat_A_2D_MLLM_Powered_Framework_for_3D_Gaussian_Splatting_Understanding_Generation_and_Editing.pdf	https://openaccess.thecvf.com/content/CVPR2026/html/Xiu_MLLMSplat_A_2D_MLLM-Powered_Framework_for_3D_Gaussian_Splatting_Understanding_CVPR_2026_paper.html	MLLMSplat: A 2D MLLM-Powered Framework for 3D Gaussian Splatting Understanding, Generation, and Editing	CVPR 2026	27186469	762881	2298923
obsidian-vault/paperPDFs/CVPR_2026/SAGE_Scalable_Agentic_3D_Scene_Generation_for_Embodied_AI.pdf	https://arxiv.org/abs/2602.10116	SAGE: Scalable Agentic 3D Scene Generation for Embodied AI	CVPR 2026	27156882	1468450	1468450
obsidian-vault/paperPDFs/arxiv_2026/Self_Swap_Guidance_Guiding_a_Diffusion_Model_by_Swapping_Its_Tokens.pdf	https://arxiv.org/abs/2604.08048	Self-Swap Guidance: Guiding a Diffusion Model by Swapping Its Tokens	CVPR 2026	27127791	860733	860733
obsidian-vault/paperPDFs/arXiv_2026/CamDirector_Camera_Trajectory_Control_for_Long_term_Video_Generation.pdf	https://arxiv.org/abs/2603.02256	CamDirector: Camera Trajectory Control for Long-term Video Generation	arxiv 2026	27054984	1131569	1131569
obsidian-vault/paperPDFs/SIGGRAPH_2022/PCEDNet_A_Lightweight_Neural_Network_for_Fast_and_Interactive_Edge_Detection_in_3D_Point_Clouds.pdf	https://doi.org/10.1145/3481804	PCEDNet: A Lightweight Neural Network for Fast and Interactive Edge Detection in 3D Point Clouds	SIGGRAPH 2022	27042140	1452390	1452390
obsidian-vault/paperPDFs/SIGGRAPH_2024/ThemeStation_Generating_Theme_aware_3D_Assets_From_Few_Exemplars.pdf	https://3dthemestation.github.io/	ThemeStation: Generating Theme-aware 3D Assets From Few Exemplars	SIGGRAPH 2024	26996326	1013254	1013254
obsidian-vault/paperPDFs/SIGGRAPH_ASIA_2022/SkinMixer_Blending_3D_Animated_Models.pdf	https://dl.acm.org/doi/pdf/10.1145/3550454.3555503	SkinMixer: Blending 3D Animated Models	SIGGRAPH ASIA 2022	26957260	1380337	1380337
obsidian-vault/paperPDFs/SIGGRAPH_2022/Learning_to_Get_Up.pdf	https://tianxintao.github.io/get_up_control/	Learning to Get Up	SIGGRAPH 2022	26924877	657393	657393
obsidian-vault/paperPDFs/SIGGRAPH_ASIA_2024/Fast_High_Resolution_Image_Synthesis_with_Latent_Adversarial_Diffusion_Distillation.pdf	https://arxiv.org/abs/2403.12015	Fast High-Resolution Image Synthesis with Latent Adversarial Diffusion Distillation	SIGGRAPH ASIA 2024	26912217	1139831	1139831
obsidian-vault/paperPDFs/SIGGRAPH_ASIA_2024/LetsGo_Large_Scale_Garage_Modeling_and_Rendering_via_LiDAR_Assisted_Gaussian_Primitives.pdf	https://dl.acm.org/doi/pdf/10.1145/3687762	LetsGo: Large-Scale Garage Modeling and Rendering via LiDAR-Assisted Gaussian Primitives	SIGGRAPH ASIA 2024	26904479	1115927	1115927
obsidian-vault/paperPDFs/SIGGRAPH_2023/Key_locked_Rank_One_Editing_for_Text_to_image_Personalization.pdf	https://dl.acm.org/doi/pdf/10.1145/3588432.3591506	Key-locked Rank One Editing for Text-to-image Personalization	SIGGRAPH 2023	26893551	1830381	1830381
obsidian-vault/paperPDFs/arxiv_2025/Motion_Anything_Any_to_Motion_Generation.pdf	https://arxiv.org/abs/2503.06955	Motion Anything: Any to Motion Generation	arXiv 2025	26868965	1406219	1406219
obsidian-vault/paperPDFs/SIGGRAPH_2025/Guided_Lens_Sampling_for_Efficient_Monte_Carlo_Circle_of_Confusion_Rendering.pdf	https://dl.acm.org/doi/pdf/10.1145/3721238.3730608	Guided Lens Sampling for Efficient Monte Carlo Circle-of-Confusion Rendering	SIGGRAPH 2025	26861687	1071770	1071770
obsidian-vault/paperPDFs/CVPR_2026/Spectrum_from_Defocus_Fast_Spectral_Imaging_with_Chromatic_Focal_Stack.pdf	https://arxiv.org/abs/2503.20184	Spectrum from Defocus: Fast Spectral Imaging with Chromatic Focal Stack	CVPR 2026	26843529	1786225	1786225
obsidian-vault/paperPDFs/CVPR_2026/Attention_Surgery_An_Efficient_Recipe_to_Linearize_Your_Video_Diffusion_Transformer.pdf	https://arxiv.org/abs/2509.24899	Attention Surgery: An Efficient Recipe to Linearize Your Video Diffusion Transformer	CVPR 2026	26838880	2085368	2085368
obsidian-vault/paperPDFs/ICLR_2026/BEAT_Visual_Backdoor_Attacks_on_VLM_based_Embodied_Agents_via_Contrastive_Trigger_Learning.pdf	https://openreview.net/forum?id=OwinX7PI83	BEAT: Visual Backdoor Attacks on VLM-based Embodied Agents via Contrastive Trigger Learning	ICLR 2026	26820831	582030	582030
obsidian-vault/paperPDFs/CVPR_2026/CLaD_Planning_with_Grounded_Foresight_via_Cross_Modal_Latent_Dynamics.pdf	https://arxiv.org/abs/2603.29409	CLaD: Planning with Grounded Foresight via Cross-Modal Latent Dynamics	CVPR 2026	26797475	919532	919532
obsidian-vault/paperPDFs/SIGGRAPH_ASIA_2024/Follow_Your_Emoji_Fine_Controllable_and_Expressive_Freestyle_Portrait_Animation.pdf	https://follow-your-emoji.github.io/	Follow-Your-Emoji: Fine-Controllable and Expressive Freestyle Portrait Animation	SIGGRAPH ASIA 2024	26797058	1481718	1481718
obsidian-vault/paperPDFs/CVPR_2026/SmokeSVD_Smoke_Reconstruction_from_A_Single_View_via_Progressive_Novel_View_Synthesis_and_Refinement_with_Diffusion_Models.pdf	https://arxiv.org/abs/2507.12156	SmokeSVD: Smoke Reconstruction from A Single View via Progressive Novel View Synthesis and Refinement with Diffusion Models	CVPR 2026	26796813	1290532	1290532
obsidian-vault/paperPDFs/SIGGRAPH_ASIA_2025/SymBridge_A_Human_in_the_Loop_Cyber_Physical_Interactive_System_for_Adaptive_Human_Robot_Symbiosis.pdf	https://dl.acm.org/doi/pdf/10.1145/3757377.3763915	SymBridge: A Human-in-the-Loop Cyber-Physical Interactive System for Adaptive Human-Robot Symbiosis	SIGGRAPH ASIA 2025	26795813	998384	998384
obsidian-vault/paperPDFs/SIGGRAPH_2024/Deep_Hybrid_Camera_Deblurring_for_Smartphone_Cameras.pdf	https://cg.postech.ac.kr/research/HCDeblur/	Deep Hybrid Camera Deblurring for Smartphone Cameras	SIGGRAPH 2024	26792950	1666225	1666225
obsidian-vault/paperPDFs/SIGGRAPH_ASIA_2024/Lumiere_A_Space_Time_Diffusion_Model_for_Video_Generation.pdf	https://arxiv.org/pdf/2401.12945.pdf	Lumiere: A Space-Time Diffusion Model for Video Generation	SIGGRAPH ASIA 2024	26789812	2114539	2114539
obsidian-vault/paperPDFs/CVPR_2026/Cross_Hand_Latent_Representation_for_Vision_Language_Action_Models.pdf	https://arxiv.org/abs/2603.10158	Cross-Hand Latent Representation for Vision-Language-Action Models	CVPR 2026	26778854	1140993	1140993
obsidian-vault/paperPDFs/SIGGRAPH_2022/NeuralSound_Learning_based_Modal_Sound_Synthesis_With_Acoustic_Transfer.pdf	https://hellojxt.github.io/NeuralSound/	NeuralSound: Learning-based Modal Sound Synthesis With Acoustic Transfer	SIGGRAPH 2022	26726220	784587	784587
obsidian-vault/paperPDFs/ICLR_2026/HAMLET_Switch_Your_Vision_Language_Action_Model_into_a_History_Aware_Policy.pdf	https://openreview.net/forum?id=KcJ9U0x6kO	HAMLET: Switch Your Vision-Language-Action Model into a History-Aware Policy	ICLR 2026	26627791	1538085	1538085
obsidian-vault/paperPDFs/SIGGRAPH_2025/DeFillet_Detection_and_Removal_of_Fillet_Regions_in_Polygonal_CAD_Models.pdf	https://dl.acm.org/doi/pdf/10.1145/3731166	DeFillet: Detection and Removal of Fillet Regions in Polygonal CAD Models	SIGGRAPH 2025	26591945	1088745	1088745
obsidian-vault/paperPDFs/SIGGRAPH_2026/Topologically_Consistent_Multi_view_3D_Head_Reconstruction_via_Coarse_Guided_Layered_Surface_Sampling.pdf	https://s2026.conference-schedule.org/?post_type=page&p=15&id=papers_1217&sess=sess109	Topologically Consistent Multi-view 3D Head Reconstruction via Coarse-Guided Layered Surface Sampling	SIGGRAPH 2026	26568547	905081	905081
obsidian-vault/paperPDFs/CVPR_2026/CARI4D_Category_Agnostic_4D_Reconstruction_of_Human_Object_Interaction.pdf	https://arxiv.org/abs/2512.11988	CARI4D: Category Agnostic 4D Reconstruction of Human-Object Interaction	CVPR 2026	26565477	1035570	1035570
obsidian-vault/paperPDFs/SIGGRAPH_ASIA_2025/Snapping_Deployable_Toroids_for_Modular_Gridshells.pdf	https://dl.acm.org/doi/pdf/10.1145/3763808	Snapping Deployable Toroids for Modular Gridshells	SIGGRAPH ASIA 2025	26553204	1250737	1250737
obsidian-vault/paperPDFs/SIGGRAPH_2023/AvatarReX_Real_time_Expressive_Full_body_Avatars.pdf	https://dl.acm.org/doi/pdf/10.1145/3592101	AvatarReX: Real-time Expressive Full-body Avatars	SIGGRAPH 2023	26539197	897973	897973
obsidian-vault/paperPDFs/CVPR_2026/WeMMU_Enhanced_Bridging_of_Vision_Language_Models_and_Diffusion_Models_via_Noisy_Query_Tokens.pdf	https://arxiv.org/abs/2512.02536	WeMMU: Enhanced Bridging of Vision-Language Models and Diffusion Models via Noisy Query Tokens	CVPR 2026	26532531	956556	956556
obsidian-vault/paperPDFs/CVPR_2026/Denoising_as_Path_Planning_Training_Free_Acceleration_of_Diffusion_Models_with_DPCache.pdf	https://arxiv.org/abs/2602.22654	Denoising as Path Planning: Training-Free Acceleration of Diffusion Models with DPCache	CVPR 2026	26512598	1302655	1302655
obsidian-vault/paperPDFs/SIGGRAPH_ASIA_2025/RemixFusion_Residual_based_Mixed_Representation_for_Large_scale_Online_RGB_D_Reconstruction.pdf	https://dl.acm.org/doi/pdf/10.1145/3769007	RemixFusion: Residual-based Mixed Representation for Large-scale Online RGB-D Reconstruction	SIGGRAPH ASIA 2025	26461913	1689785	1689785
obsidian-vault/paperPDFs/SIGGRAPH_ASIA_2025/Img2CAD_Reverse_Engineering_3D_CAD_Models_from_Images_through_VLM_Assisted_Conditional_Factorization.pdf	https://arxiv.org/abs/2408.01437	Img2CAD: Reverse Engineering 3D CAD Models from Images through VLM-Assisted Conditional Factorization	SIGGRAPH ASIA 2025	26455552	1136607	1136607
obsidian-vault/paperPDFs/CVPR_2026/SaPaVe_Towards_Active_Perception_and_Manipulation_in_Vision_Language_Action_Models_for_Robotics.pdf	https://arxiv.org/abs/2603.12193	SaPaVe: Towards Active Perception and Manipulation in Vision-Language Action Models for Robotics	CVPR 2026	26411736	2193765	2193765
obsidian-vault/paperPDFs/SIGGRAPH_ASIA_2022/Neural_Cloth_Simulation.pdf	https://dl.acm.org/doi/pdf/10.1145/3550454.3555491	Neural Cloth Simulation	SIGGRAPH ASIA 2022	26393687	626651	626651
obsidian-vault/paperPDFs/ICLR_2026/Analytica_Soft_Propositional_Reasoning_for_Robust_and_Scalable_LLM_Driven_Analysis.pdf	https://openreview.net/forum?id=9cFT6u82uh	Analytica: Soft Propositional Reasoning for Robust and Scalable LLM-Driven Analysis	ICLR 2026	26384574	2236169	2236169
obsidian-vault/paperPDFs/ICLR_2026/OpenApps_Simulating_Environment_Variations_to_Measure_UI_Agent_Reliability.pdf	https://openreview.net/forum?id=cj1MAx7lKs	OpenApps: Simulating Environment Variations to Measure UI Agent Reliability	ICLR 2026	26334276	766806	766806
obsidian-vault/paperPDFs/ICLR_2026/Latent_Particle_World_Models_Self_supervised_Object_centric_Stochastic_Dynamics_Modeling.pdf	https://openreview.net/forum?id=lTaPtGiUUc	Latent Particle World Models: Self-supervised Object-centric Stochastic Dynamics Modeling	ICLR 2026	26309772	1340017	1340017
obsidian-vault/paperPDFs/SIGGRAPH_ASIA_2025/StableMotion_Training_Motion_Cleanup_Models_with_Unpaired_Corrupted_Data.pdf	https://arxiv.org/abs/2505.03154	StableMotion: Training Motion Cleanup Models with Unpaired Corrupted Data	SIGGRAPH ASIA 2025	26282019	1391110	1391110
obsidian-vault/paperPDFs/ICLR_2026/AudioX_A_Unified_Framework_for_Anything_to_Audio_Generation.pdf	https://openreview.net/forum?id=qjJWxK3yWo	AudioX: A Unified Framework for Anything-to-Audio Generation	ICLR 2026	26271582	1460392	1460392
obsidian-vault/paperPDFs/SIGGRAPH_2025/Sketch2Anim_Towards_Transferring_Sketch_Storyboards_into_3D_Animation.pdf	https://doi.org/10.1145/3731167	Sketch2Anim: Towards Transferring Sketch Storyboards into 3D Animation	SIGGRAPH 2025	26240438	1316076	1316076
obsidian-vault/paperPDFs/SIGGRAPH_ASIA_2022/Reconstructing_Hand_Held_Objects_from_Monocular_Video.pdf	https://dihuangdh.github.io/hhor/	Reconstructing Hand-Held Objects from Monocular Video	SIGGRAPH ASIA 2022	26229441	1194104	1194104
obsidian-vault/paperPDFs/SIGGRAPH_2022/Guided_Bubbles_and_Wet_Foam_for_Realistic_Whitewater_Simulation.pdf	https://dl.acm.org/doi/pdf/10.1145/3528223.3530059	Guided Bubbles and Wet Foam for Realistic Whitewater Simulation	SIGGRAPH 2022	26205308	1148836	1148836
obsidian-vault/paperPDFs/CVPR_2026/RoadSceneBench_A_Lightweight_Benchmark_for_Mid_Level_Road_Scene_Understanding.pdf	https://arxiv.org/abs/2511.22466	RoadSceneBench: A Lightweight Benchmark for Mid-Level Road Scene Understanding	CVPR 2026	26153444	1252516	1252516
obsidian-vault/paperPDFs/SIGGRAPH_2022/Self_conditioned_Generative_Adversarial_Networks_for_Image_Editing.pdf	https://arxiv.org/abs/2202.04040	Self-conditioned Generative Adversarial Networks for Image Editing	SIGGRAPH 2022	26149290	706565	706565
obsidian-vault/paperPDFs/SIGGRAPH_2024/A_Differential_Monte_Carlo_Solver_for_the_Poisson_Equation.pdf	https://shuangz.com/projects/diff-wos-sg24/	A Differential Monte Carlo Solver for the Poisson Equation	SIGGRAPH 2024	26124455	1464366	1464366
obsidian-vault/paperPDFs/SIGGRAPH_2023/Gloss_aware_Color_Correction_for_3D_Printing.pdf	https://www.pdf.inf.usi.ch/projects/ColorGlossPrinting/index.html	Gloss-aware Color Correction for 3D Printing	SIGGRAPH 2023	26108494	1960672	1960672
obsidian-vault/paperPDFs/SIGGRAPH_2022/Dark_Stereo_Improving_Depth_Perception_Under_Low_Luminance.pdf	https://dark-stereo.mpi-inf.mpg.de/	Dark Stereo: Improving Depth Perception Under Low Luminance	SIGGRAPH 2022	26104074	1422318	1422318
obsidian-vault/paperPDFs/SIGGRAPH_2025/MatCLIP_Light-_and_Shape-Insensitive_Assignment_of_PBR_Material_Models.pdf	http://arxiv.org/abs/2501.15981	MatCLIP: Light- and Shape-Insensitive Assignment of PBR Material Models	SIGGRAPH 2025	26094934	603553	603553
obsidian-vault/paperPDFs/ICLR_2026/WAFT_Warping_Alone_Field_Transforms_for_Optical_Flow.pdf	https://openreview.net/forum?id=HTqGE0KcuF	WAFT: Warping-Alone Field Transforms for Optical Flow	ICLR 2026	26053807	400728	400728
obsidian-vault/paperPDFs/CVPR_2026/WildPose_A_Unified_Framework_for_Robust_Pose_Estimation_in_the_Wild.pdf	https://arxiv.org/abs/2605.12774	WildPose: A Unified Framework for Robust Pose Estimation in the Wild	CVPR 2026	26048181	692786	692786
obsidian-vault/paperPDFs/SIGGRAPH_ASIA_2024/CBIL_Collective_Behavior_Imitation_Learning_for_Fish_from_Real_Videos.pdf	https://dl.acm.org/doi/pdf/10.1145/3687904	CBIL: Collective Behavior Imitation Learning for Fish from Real Videos	SIGGRAPH ASIA 2024	26033234	1191710	1191710
obsidian-vault/paperPDFs/SIGGRAPH_ASIA_2025/JumpingGS_Level_jump_3D_Gaussian_Representation_for_Delicate_Textures_in_Aerial_Large_scale_Scene_Rendering.pdf	https://dl.acm.org/doi/pdf/10.1145/3763347	JumpingGS: Level-jump 3D Gaussian Representation for Delicate Textures in Aerial Large-scale Scene Rendering	SIGGRAPH ASIA 2025	26031162	2233345	2233345
obsidian-vault/paperPDFs/SIGGRAPH_2025/Fast_Isotropic_Median_Filtering.pdf	http://arxiv.org/abs/2505.22938	Fast Isotropic Median Filtering	SIGGRAPH 2025	26000479	905586	905586
obsidian-vault/paperPDFs/NEURIPS_2025/CineTechBench_A_Benchmark_for_Cinematographic_Technique_Understanding_and_Generation.pdf	https://arxiv.org/abs/2505.15145	CineTechBench: A Benchmark for Cinematographic Technique Understanding and Generation	NEURIPS 2025	25999529	1585763	1585763
obsidian-vault/paperPDFs/CVPR_2026/A_Style_is_Worth_One_Code_Unlocking_Code_to_Style_Image_Generation_with_Discrete_Style_Space.pdf	https://arxiv.org/abs/2511.10555	A Style is Worth One Code: Unlocking Code-to-Style Image Generation with Discrete Style Space	CVPR 2026	25981503	2550963	2550963
obsidian-vault/paperPDFs/ICLR_2026/Let_Features_Decide_Their_Own_Solvers_Hybrid_Feature_Caching_for_Diffusion_Transformers.pdf	https://openreview.net/forum?id=URbsHlTK8c	Let Features Decide Their Own Solvers: Hybrid Feature Caching for Diffusion Transformers	ICLR 2026	25945451	1588591	1588591
obsidian-vault/paperPDFs/SIGGRAPH_ASIA_2022/Fast_Octree_Neighborhood_Search_for_SPH_Simulations.pdf	https://dl.acm.org/doi/pdf/10.1145/3550454.3555523	Fast Octree Neighborhood Search for SPH Simulations	SIGGRAPH ASIA 2022	25894158	531510	531510
obsidian-vault/paperPDFs/SIGGRAPH_2023/TEXTure_Text_guided_Texturing_of_3D_Shapes.pdf	https://texturepaper.github.io/TEXTurePaper/	TEXTure: Text-guided Texturing of 3D Shapes	SIGGRAPH 2023	25888954	1116863	1116863
obsidian-vault/paperPDFs/SIGGRAPH_ASIA_2025/MATStruct_High_quality_Medial_Mesh_Computation_via_Structure_aware_Variational_Optimization.pdf	https://dl.acm.org/doi/pdf/10.1145/3757377.3763840	MATStruct: High-quality Medial Mesh Computation via Structure-aware Variational Optimization	SIGGRAPH ASIA 2025	25827197	2043695	2043695
obsidian-vault/paperPDFs/ICLR_2026/Visual_Planning_Lets_Think_Only_with_Images.pdf	https://openreview.net/forum?id=wsnse46kRO	Visual Planning: Let's Think Only with Images	ICLR 2026	25818419	1796296	1796296
obsidian-vault/paperPDFs/ICLR_2026/A_Primer_on_SO3_Action_Representations_in_Deep_Reinforcement_Learning.pdf	https://openreview.net/forum?id=g4ZrpMQL1Z	A Primer on SO(3) Action Representations in Deep Reinforcement Learning	ICLR 2026	25807027	1519529	1519529
obsidian-vault/paperPDFs/SIGGRAPH_ASIA_2024/Efficient_GPU_Cloth_Simulation_with_Non_distance_Barriers_and_Subspace_Reuse.pdf	https://arxiv.org/abs/2403.19272	Efficient GPU Cloth Simulation with Non-distance Barriers and Subspace Reuse	SIGGRAPH ASIA 2024	25750807	1323009	1323009
obsidian-vault/paperPDFs/SIGGRAPH_ASIA_2025/Implicit_Incompressible_Porous_Flow_using_SPH.pdf	https://dl.acm.org/doi/pdf/10.1145/3763325	Implicit Incompressible Porous Flow using SPH	SIGGRAPH ASIA 2025	25738478	1028101	1028101
obsidian-vault/paperPDFs/SIGGRAPH_2022/NeuralTailor_Reconstructing_Sewing_Pattern_Structures_From_3D_Point_Clouds_of_Garments.pdf	https://arxiv.org/abs/2201.13063	NeuralTailor: Reconstructing Sewing Pattern Structures From 3D Point Clouds of Garments	SIGGRAPH 2022	25698174	852824	852824
obsidian-vault/paperPDFs/SIGGRAPH_ASIA_2024/mpcMech_Multi_Point_Conjugation_Mechanisms.pdf	https://sutd-cgl.github.io/supp/Publication/projects/2024-SIGAsia-mpcMech/index.html	mpcMech: Multi-Point Conjugation Mechanisms	SIGGRAPH ASIA 2024	25693564	616776	616776
obsidian-vault/paperPDFs/CVPR_2026/SketchFaceGS_Real_Time_Sketch_Driven_Face_Editing_and_Generation_with_Gaussian_Splatting.pdf	https://arxiv.org/abs/2604.19202	SketchFaceGS: Real-Time Sketch-Driven Face Editing and Generation with Gaussian Splatting	CVPR 2026	25682904	642245	642245
obsidian-vault/paperPDFs/arxiv_2025/SMAP_Self_supervised_Motion_Adaptation_for_Physically_Plausible_Humanoid_Whole_body_Control.pdf	https://arxiv.org/abs/2505.19463	SMAP: Self-supervised Motion Adaptation for Physically Plausible Humanoid Whole-body Control	arXiv 2025	25664851	1250796	1250796
obsidian-vault/paperPDFs/SIGGRAPH_2024/A_Realistic_Multi_scale_Surface_based_Cloth_Appearance_Model.pdf	https://dl.acm.org/doi/pdf/10.1145/3641519.3657426	A Realistic Multi-scale Surface-based Cloth Appearance Model	SIGGRAPH 2024	25605455	661150	661150
obsidian-vault/paperPDFs/SIGGRAPH_2023/Zero_shot_Image_to_image_Translation.pdf	https://pix2pixzero.github.io/	Zero-shot Image-to-image Translation	SIGGRAPH 2023	25575843	2433972	2433972
obsidian-vault/paperPDFs/arxiv_2025/Uni_Inter_Unifying_3D_Human_Motion_Synthesis_Across_Diverse_Interaction_Contexts.pdf	https://doi.org/10.1145/3757377.3763954	Uni Inter Unifying 3D Human Motion Synthesis Across Diverse Interaction Contexts	arxiv 2025	25528869	915062	915062
obsidian-vault/paperPDFs/SIGGRAPH_ASIA_2025/Jackknife_Transmittance_and_MIS_Weight_Estimation.pdf	https://dl.acm.org/doi/pdf/10.1145/3763273	Jackknife Transmittance and MIS Weight Estimation	SIGGRAPH ASIA 2025	25515145	1625377	1625377
obsidian-vault/paperPDFs/SIGGRAPH_2026/Subgrid_Marching_Tetrahedra.pdf	https://s2026.conference-schedule.org/?post_type=page&p=15&id=papers_974&sess=sess146	Subgrid Marching Tetrahedra	SIGGRAPH 2026	25497656	2117908	2117908
obsidian-vault/paperPDFs/SIGGRAPH_ASIA_2023/GARM_LS_A_Gradient_Augmented_Reference_Map_Method_for_Level_Set_Fluid_Simulation.pdf	https://doi.org/10.1145/3618377	GARM-LS: A Gradient-Augmented Reference-Map Method for Level-Set Fluid Simulation	SIGGRAPH ASIA 2023	25469136	1125995	1125995
obsidian-vault/paperPDFs/SIGGRAPH_ASIA_2022/Asynchronous_Collaborative_Autoscanning_with_Mode_Switching_for_Multi_Robot_Scene_Reconstruction.pdf	https://arxiv.org/abs/2210.04413	Asynchronous Collaborative Autoscanning with Mode Switching for Multi-Robot Scene Reconstruction	SIGGRAPH ASIA 2022	25411461	1345206	1345206
obsidian-vault/paperPDFs/SIGGRAPH_ASIA_2022/LaplacianFusion_Detailed_3D_Clothed_Human_Body_Reconstruction.pdf	https://doi.org/10.1145/3550454.3555511	LaplacianFusion: Detailed 3D Clothed-Human Body Reconstruction	SIGGRAPH ASIA 2022	25400118	2124380	2124380
obsidian-vault/paperPDFs/SIGGRAPH_ASIA_2025/OmniPart_Part_Aware_3D_Generation_with_Semantic_Decoupling_and_Structural_Cohesion.pdf	https://dl.acm.org/doi/pdf/10.1145/3757377.3763872	OmniPart: Part-Aware 3D Generation with Semantic Decoupling and Structural Cohesion	SIGGRAPH ASIA 2025	25364145	1187365	1187365
obsidian-vault/paperPDFs/SIGGRAPH_2023/A_Convex_Optimization_Framework_for_Regularized_Geodesic_Distances.pdf	https://arxiv.org/abs/2305.13101	A Convex Optimization Framework for Regularized Geodesic Distances	SIGGRAPH 2023	25342004	926826	926826
obsidian-vault/paperPDFs/SIGGRAPH_2023/Geometric_Optimisation_via_Spectral_Shifting.pdf	https://dl.acm.org/doi/pdf/10.1145/3585003	Geometric Optimisation via Spectral Shifting	SIGGRAPH 2023	25333687	1576368	1576368
obsidian-vault/paperPDFs/CVPR_2026/RewardFlow_Generate_Images_by_Optimizing_What_You_Reward.pdf	https://arxiv.org/abs/2604.08536	RewardFlow: Generate Images by Optimizing What You Reward	CVPR 2026	25329012	1811892	1811892
obsidian-vault/paperPDFs/ICLR_2026/MotionStream_Real_Time_Video_Generation_with_Interactive_Motion_Controls.pdf	https://openreview.net/forum?id=v1DKz5Vxr7	MotionStream: Real-Time Video Generation with Interactive Motion Controls	ICLR 2026	25305040	1502361	1502361
obsidian-vault/paperPDFs/SIGGRAPH_ASIA_2024/I2VEdit_First_Frame_Guided_Video_Editing_via_Image_to_Video_Diffusion_Models.pdf	https://i2vedit.github.io/	I2VEdit: First-Frame-Guided Video Editing via Image-to-Video Diffusion Models	SIGGRAPH ASIA 2024	25273683	2402467	2402467
obsidian-vault/paperPDFs/SIGGRAPH_ASIA_2025/Topology_Aware_Optimization_of_Gaussian_Primitives_for_Human_Centric_Volumetric_Videos.pdf	https://dl.acm.org/doi/pdf/10.1145/3757377.3763975	Topology-Aware Optimization of Gaussian Primitives for Human-Centric Volumetric Videos	SIGGRAPH ASIA 2025	25257273	747716	747716
obsidian-vault/paperPDFs/SIGGRAPH_2025/ViSA_Physics_based_Virtual_Stunt_Actors_for_Ballistic_Stunts.pdf	https://dl.acm.org/doi/pdf/10.1145/3731424	ViSA: Physics-based Virtual Stunt Actors for Ballistic Stunts	SIGGRAPH 2025	25200604	1007948	1007948
obsidian-vault/paperPDFs/ICLR_2026/AlphaFlow_Understanding_and_Improving_MeanFlow_Models.pdf	https://openreview.net/forum?id=adacb4JTIv	AlphaFlow: Understanding and Improving MeanFlow Models	ICLR 2026	25140512	2027102	2027102
obsidian-vault/paperPDFs/SIGGRAPH_ASIA_2023/Input_Dependent_Uncorrelated_Weighting_for_Monte_Carlo_Denoising.pdf	https://doi.org/10.1145/3610548.3618177	Input-Dependent Uncorrelated Weighting for Monte Carlo Denoising	SIGGRAPH ASIA 2023	25138099	1058836	1058836
obsidian-vault/paperPDFs/SIGGRAPH_2023/Locally_Attentional_SDF_Diffusion_for_Controllable_3D_Shape_Generation.pdf	https://dl.acm.org/doi/pdf/10.1145/3592103	Locally Attentional SDF Diffusion for Controllable 3D Shape Generation	SIGGRAPH 2023	25110367	1561382	1561382
obsidian-vault/paperPDFs/CVPR_2026/UniGen_1_5_Enhancing_Image_Generation_and_Editing_through_Reward_Unification_in_RL.pdf	https://openaccess.thecvf.com/content/CVPR2026/html/Tian_UniGen-1.5_Enhancing_Image_Generation_and_Editing_through_Reward_Unification_in_CVPR_2026_paper.html	UniGen-1.5: Enhancing Image Generation and Editing through Reward Unification in RL	CVPR 2026	25084608	591200	591200
obsidian-vault/paperPDFs/CVPR_2026/AVA_VLA_Improving_Vision_Language_Action_models_with_Active_Visual_Attention.pdf	https://arxiv.org/abs/2511.18960	AVA-VLA: Improving Vision-Language-Action models with Active Visual Attention	CVPR 2026	25082514	1212677	1212677
obsidian-vault/paperPDFs/CVPR_2026/Chorus_Multi_Teacher_Pretraining_for_Holistic_3D_Gaussian_Scene_Encoding.pdf	https://arxiv.org/abs/2512.17817	Chorus: Multi-Teacher Pretraining for Holistic 3D Gaussian Scene Encoding	CVPR 2026	25069289	1590774	1590774
obsidian-vault/paperPDFs/SIGGRAPH_ASIA_2023/Neural_Gradient_Learning_and_Optimization_for_Oriented_Point_Normal_Estimation.pdf	https://asia.siggraph.org/2023/?post_type=page&p=14494&id=papers_1035&sess=sess159	Neural Gradient Learning and Optimization for Oriented Point Normal Estimation	SIGGRAPH ASIA 2023	25049039	2338436	2338436
obsidian-vault/paperPDFs/arxiv_2025/WorldMirror_Universal_3D_World_Reconstruction_with_Any_Prior_Prompting.pdf	https://arxiv.org/abs/2510.10726	WorldMirror: Universal 3D World Reconstruction with Any-Prior Prompting	arxiv 2025	25047078	1066929	1066929
obsidian-vault/paperPDFs/SIGGRAPH_2025/GarmentImage_Raster_Encoding_of_Garment_Sewing_Patterns_with_Diverse_Topologies.pdf	http://arxiv.org/abs/2505.02592	GarmentImage: Raster Encoding of Garment Sewing Patterns with Diverse Topologies	SIGGRAPH 2025	25046385	2490223	2490223
obsidian-vault/paperPDFs/CVPR_2026/Sampling_Aware_Quantization_for_Diffusion_Models.pdf	https://arxiv.org/abs/2505.02242	Sampling-Aware Quantization for Diffusion Models	CVPR 2026	24998363	1161335	1161335
obsidian-vault/paperPDFs/TOG_2018/Mode_adaptive_neural_networks_for_quadruped_motion_control.pdf	https://doi.org/10.1145/3197517.3201366	Mode-adaptive neural networks for quadruped motion control	TOG 2018	24948771	571563	571563
obsidian-vault/paperPDFs/SIGGRAPH_2023/ArrangementNet_Learning_Scene_Arrangements_for_Vectorized_Indoor_Scene_Modeling.pdf	https://doi.org/10.1145/3592122	ArrangementNet: Learning Scene Arrangements for Vectorized Indoor Scene Modeling	SIGGRAPH 2023	24890695	1836203	1836203
obsidian-vault/paperPDFs/SIGGRAPH_2024/3D_Gaussian_Blendshapes_for_Head_Avatar_Animation.pdf	https://doi.org/10.1145/3641519.3657462	3D Gaussian Blendshapes for Head Avatar Animation	SIGGRAPH 2024	24850994	868309	868309
obsidian-vault/paperPDFs/SIGGRAPH_ASIA_2025/FreeArt3D_Training_Free_Articulated_Object_Generation_using_3D_Diffusion.pdf	https://dl.acm.org/doi/pdf/10.1145/3757377.3763845	FreeArt3D: Training-Free Articulated Object Generation using 3D Diffusion	SIGGRAPH ASIA 2025	24812767	944830	944830
obsidian-vault/paperPDFs/SIGGRAPH_2024/Aperture_aware_Lens_Design.pdf	https://doi.org/10.1145/3641519.3657398	Aperture-aware Lens Design	SIGGRAPH 2024	24797145	867017	867017
obsidian-vault/paperPDFs/ICLR_2026/Activation_Steering_with_a_Feedback_Controller.pdf	https://openreview.net/forum?id=vzkEX2SwFD	Activation Steering with a Feedback Controller	ICLR 2026	24790147	971974	971974
obsidian-vault/paperPDFs/ICLR_2026/ReconViaGen_Towards_Accurate_Multi_view_3D_Object_Reconstruction_via_Generation_bd913d15b45e.pdf	https://openreview.net/forum?id=z0QLeooEEf	ReconViaGen: Towards Accurate Multi-view 3D Object Reconstruction via Generation	ICLR 2026	24779044	730308	730308
obsidian-vault/paperPDFs/SIGGRAPH_2023/Focal_Path_Guiding_for_Light_Transport_Simulation.pdf	https://dl.acm.org/doi/pdf/10.1145/3588432.3591543	Focal Path Guiding for Light Transport Simulation	SIGGRAPH 2023	24769635	873482	873482
obsidian-vault/paperPDFs/CVPR_2026/SoccerMaster_A_Vision_Foundation_Model_for_Soccer_Understanding.pdf	https://arxiv.org/abs/2512.11016	SoccerMaster: A Vision Foundation Model for Soccer Understanding	CVPR 2026	24766821	1540216	1540216
obsidian-vault/paperPDFs/ICLR_2026/UrbanGS_Efficient_and_Scalable_Architecture_for_Geometrically_Accurate_Large_Sce_dbeb8df34f9e.pdf	https://openreview.net/forum?id=L3utaw6SD9	UrbanGS: Efficient and Scalable Architecture for Geometrically Accurate Large-Scene Reconstruction	ICLR 2026	24759449	1493416	1493416
obsidian-vault/paperPDFs/SIGGRAPH_2025/Offset_Geometric_Contact.pdf	https://dl.acm.org/doi/pdf/10.1145/3731205	Offset Geometric Contact	SIGGRAPH 2025	24706524	1311347	1311347
obsidian-vault/paperPDFs/CVPR_2026/Adaptive_Action_Chunking_at_Inference_time_for_Vision_Language_Action_Models.pdf	https://arxiv.org/abs/2604.04161	Adaptive Action Chunking at Inference-time for Vision-Language-Action Models	CVPR 2026	24686104	446245	446245
obsidian-vault/paperPDFs/SIGGRAPH_2023/QuestEnvSim_Environment_aware_Simulated_Motion_Tracking_From_Sparse_Sensor_Input.pdf	https://arxiv.org/pdf/2306.05666.pdf	QuestEnvSim: Environment-aware Simulated Motion Tracking From Sparse Sensor Input	SIGGRAPH 2023	24682640	421733	421733
obsidian-vault/paperPDFs/CVPR_2026/GauMVC_Generative_Decoupled_Gaussian_Representation_for_Human_centric_Multi_view_Video_Compression.pdf	https://openaccess.thecvf.com/content/CVPR2026/html/Yan_GauMVC_Generative_Decoupled_Gaussian_Representation_for_Human-centric_Multi-view_Video_Compression_CVPR_2026_paper.html	GauMVC: Generative Decoupled Gaussian Representation for Human-centric Multi-view Video Compression	CVPR 2026	24679439	1296749	1296749
obsidian-vault/paperPDFs/SIGGRAPH_ASIA_2025/Teamwork_Collaborative_Diffusion_with_Low_rank_Coordination_and_Adaptation.pdf	https://dl.acm.org/doi/pdf/10.1145/3757377.3763870	Teamwork: Collaborative Diffusion with Low-rank Coordination and Adaptation	SIGGRAPH ASIA 2025	24673022	1051887	1051887
obsidian-vault/paperPDFs/SIGGRAPH_ASIA_2023/Computational_Design_of_Wiring_Layout_on_Tight_Suits_with_Minimal_Motion_Resistance.pdf	https://doi.org/10.1145/3610548.3618200	Computational Design of Wiring Layout on Tight Suits with Minimal Motion Resistance	SIGGRAPH ASIA 2023	24614083	570782	570782
obsidian-vault/paperPDFs/SIGGRAPH_ASIA_2022/SCULPTOR_Skeleton_Consistent_Face_Creation_Using_a_Learned_Parametric_Generator.pdf	https://arxiv.org/abs/2209.06423	SCULPTOR: Skeleton-Consistent Face Creation Using a Learned Parametric Generator	SIGGRAPH ASIA 2022	24602929	2428550	2428550
obsidian-vault/paperPDFs/SIGGRAPH_2026/Canvas_to_Image_Compositional_Image_Generation_with_Multimodal_Controls.pdf	https://s2026.conference-schedule.org/?post_type=page&p=15&id=papers_1504&sess=sess154	Canvas-to-Image: Compositional Image Generation with Multimodal Controls	SIGGRAPH 2026	24590116	2150204	2150204
obsidian-vault/paperPDFs/CVPR_2026/Wan_Weaver_Interleaved_Multi_modal_Generation_via_Decoupled_Training.pdf	https://arxiv.org/abs/2603.25706	Wan-Weaver: Interleaved Multi-modal Generation via Decoupled Training	CVPR 2026	24571188	1888371	1888371
obsidian-vault/paperPDFs/SIGGRAPH_2024/SketchDream_Sketch_based_Text_to_3D_Generation_and_Editing.pdf	https://arxiv.org/abs/2405.06461	SketchDream: Sketch-based Text-to-3D Generation and Editing	SIGGRAPH 2024	24520365	998823	998823
obsidian-vault/paperPDFs/SIGGRAPH_2026/CubePart_An_Open_Vocabulary_Part_Controllable_3D_Generator.pdf	https://s2026.conference-schedule.org/?post_type=page&p=15&id=papers_656&sess=sess151	CubePart: An Open-Vocabulary Part-Controllable 3D Generator	SIGGRAPH 2026	24510412	1588526	1588526
obsidian-vault/paperPDFs/SIGGRAPH_2025/Adaptive_Phase_Field_FLIP_for_Very_Large_Scale_Two_Phase_Fluid_Simulation.pdf	https://dl.acm.org/doi/pdf/10.1145/3730854	Adaptive Phase-Field-FLIP for Very Large Scale Two-Phase Fluid Simulation	SIGGRAPH 2025	24497613	1220863	1220863
obsidian-vault/paperPDFs/ECCV_2024/Generative_Camera_Dolly_Extreme_Monocular_Dynamic_Novel_View_Synthesis.pdf	https://arxiv.org/abs/2405.14868	Generative Camera Dolly: Extreme Monocular Dynamic Novel View Synthesis	ECCV 2024	24483452	1065981	1065981
obsidian-vault/paperPDFs/CVPR_2026/Efficient_Encoder_Free_Fourier_based_3D_Large_Multimodal_Model.pdf	https://arxiv.org/abs/2602.23153	Efficient Encoder-Free Fourier-based 3D Large Multimodal Model	CVPR 2026	24465622	1601377	1601377
obsidian-vault/paperPDFs/CVPR_2026/VGG_T3_Offline_Feed_Forward_3D_Reconstruction_at_Scale.pdf	https://arxiv.org/abs/2602.23361	VGG-T3: Offline Feed-Forward 3D Reconstruction at Scale	CVPR 2026	24450573	766608	766608
obsidian-vault/paperPDFs/SIGGRAPH_2022/Node_Graph_Optimization_Using_Differentiable_Proxies.pdf	https://dl.acm.org/doi/pdf/10.1145/3528233.3530733	Node Graph Optimization Using Differentiable Proxies	SIGGRAPH 2022	24444787	1167447	1167447
obsidian-vault/paperPDFs/SIGGRAPH_ASIA_2024/Neural_Laplacian_Operator_for_3D_Point_Clouds.pdf	https://arxiv.org/abs/2409.06506	Neural Laplacian Operator for 3D Point Clouds	SIGGRAPH ASIA 2024	24432984	916685	916685
obsidian-vault/paperPDFs/SIGGRAPH_2024/Towards_Motion_Metamers_for_Foveated_Rendering.pdf	https://www.pdf.inf.usi.ch/projects/MotionMetamers/index.html	Towards Motion Metamers for Foveated Rendering	SIGGRAPH 2024	24407192	695214	695214
obsidian-vault/paperPDFs/ICLR_2026/Anatomy_aware_Representation_Learning_for_Medical_Ultrasound.pdf	https://openreview.net/forum?id=5ThIWuDkEf	Anatomy-aware Representation Learning for Medical Ultrasound	ICLR 2026	24387096	459263	459263
obsidian-vault/paperPDFs/SIGGRAPH_2024/In_the_Quest_for_Scale_Optimal_Mappings.pdf	https://doi.org/10.1145/3627102	In the Quest for Scale-Optimal Mappings	SIGGRAPH 2024	24344298	897645	897645
obsidian-vault/paperPDFs/SIGGRAPH_2023/3D_Gaussian_Splatting_for_Real_time_Radiance_Field_Rendering.pdf	https://repo-sam.inria.fr/fungraph/3d-gaussian-splatting/	3D Gaussian Splatting for Real-time Radiance Field Rendering	SIGGRAPH 2023	24343676	1509241	1509241
obsidian-vault/paperPDFs/CVPR_2026/PC_Talk_Precise_Facial_Animation_Control_for_Audio_Driven_Talking_Face_Generation.pdf	https://arxiv.org/abs/2503.14295	PC-Talk: Precise Facial Animation Control for Audio-Driven Talking Face Generation	CVPR 2026	24339427	920202	920202
obsidian-vault/paperPDFs/SIGGRAPH_2023/Composite_Motion_Learning_With_Task_Control.pdf	https://github.com/xupei0610/CompositeMotion	Composite Motion Learning With Task Control	SIGGRAPH 2023	24336117	1166212	1166212
obsidian-vault/paperPDFs/CVPR_2026/PvP_Data_Efficient_Humanoid_Robot_Learning_with_Proprioceptive_Privileged_Contrastive_Representations.pdf	https://arxiv.org/abs/2512.13093	PvP: Data-Efficient Humanoid Robot Learning with Proprioceptive-Privileged Contrastive Representations	CVPR 2026	24322521	1244735	1244735
obsidian-vault/paperPDFs/WHITEPAPER_2025/Cosmos_Drive_Dreams_Scalable_Synthetic_Driving_Data_Generation_with_World_Foundation_Models.pdf	https://arxiv.org/abs/2506.09042	Cosmos-Drive-Dreams: Scalable Synthetic Driving Data Generation with World Foundation Models	WHITEPAPER 2025	24319933	2136214	2136214
obsidian-vault/paperPDFs/SIGGRAPH_ASIA_2023/AvatarStudio_Text_driven_Editing_of_3D_Dynamic_Human_Head_Avatars.pdf	https://dl.acm.org/doi/pdf/10.1145/3618368	AvatarStudio: Text-driven Editing of 3D Dynamic Human Head Avatars	SIGGRAPH ASIA 2023	24284570	1385358	1385358
obsidian-vault/paperPDFs/SIGGRAPH_2023/Image_Vectorization_and_Editing_via_Linear_Gradient_Layer_Decomposition.pdf	https://dl.acm.org/doi/pdf/10.1145/3592128	Image Vectorization and Editing via Linear Gradient Layer Decomposition	SIGGRAPH 2023	24245354	1722259	1722259
obsidian-vault/paperPDFs/CVPR_2026/Planning_in_8_Tokens_A_Compact_Discrete_Tokenizer_for_Latent_World_Model.pdf	https://arxiv.org/abs/2603.05438	Planning in 8 Tokens: A Compact Discrete Tokenizer for Latent World Model	CVPR 2026	24206021	1626103	1626103
obsidian-vault/paperPDFs/SIGGRAPH_ASIA_2023/MyStyle_A_Controllable_Personalized_Generative_Prior.pdf	https://asia.siggraph.org/2023/?post_type=page&p=14494&id=papers_407&sess=sess132	MyStyle++: A Controllable Personalized Generative Prior	SIGGRAPH ASIA 2023	24194071	993940	993940
obsidian-vault/paperPDFs/SIGGRAPH_ASIA_2025/Constructing_Diffusion_Avatar_with_Learnable_Embeddings.pdf	https://dl.acm.org/doi/pdf/10.1145/3757377.3763953	Constructing Diffusion Avatar with Learnable Embeddings	SIGGRAPH ASIA 2025	24171048	872629	872629
obsidian-vault/paperPDFs/CVPR_2026/Write_Where_It_Matters_Policy_Guided_Watermarks_for_3D_Gaussian_Splatting.pdf	https://openaccess.thecvf.com/content/CVPR2026/html/Li_Write_Where_It_Matters_Policy-Guided_Watermarks_for_3D_Gaussian_Splatting_CVPR_2026_paper.html	Write Where It Matters: Policy-Guided Watermarks for 3D Gaussian Splatting	CVPR 2026	24150972	569225	1347379
obsidian-vault/paperPDFs/SIGGRAPH_2022/DCT_Net_Domain_calibrated_Translation_for_Portrait_Stylization.pdf	https://menyifang.github.io/projects/DCTNet/DCTNet.html	DCT-Net: Domain-calibrated Translation for Portrait Stylization	SIGGRAPH 2022	24141964	732835	732835
obsidian-vault/paperPDFs/CVPR_2026/RnG_A_Unified_Transformer_for_Complete_3D_Modeling_from_Partial_Observations.pdf	https://arxiv.org/abs/2603.01194	RnG: A Unified Transformer for Complete 3D Modeling from Partial Observations	CVPR 2026	24129216	1078252	1078252
obsidian-vault/paperPDFs/SIGGRAPH_ASIA_2024/Differentiable_Photon_Mapping_using_Generalized_Path_Gradients.pdf	https://jkxing.github.io/academic/publication/DPMG	Differentiable Photon Mapping using Generalized Path Gradients	SIGGRAPH ASIA 2024	24127090	1179830	1179830
obsidian-vault/paperPDFs/SIGGRAPH_ASIA_2023/Controllable_Group_Choreography_using_Contrastive_Diffusion.pdf	https://dl.acm.org/doi/pdf/10.1145/3618356	Controllable Group Choreography using Contrastive Diffusion	SIGGRAPH ASIA 2023	24118493	1194103	1194103
obsidian-vault/paperPDFs/NEURIPS_2025/MOSPA_Human_Motion_Generation_Driven_by_Spatial_Audio.pdf	https://openreview.net/forum?id=X2r9D46kvI	MOSPA: Human Motion Generation Driven by Spatial Audio	NEURIPS 2025	24117591	821619	821619
obsidian-vault/paperPDFs/CVPR_2026/IMAIA_Interactive_Maps_AI_Assistant_for_Travel_Planning_and_Geo_Spatial_Intelligence.pdf	https://arxiv.org/abs/2507.06993	IMAIA: Interactive Maps AI Assistant for Travel Planning and Geo-Spatial Intelligence	CVPR 2026	24099816	504843	504843
obsidian-vault/paperPDFs/ICLR_2026/Accelerated_co_design_of_robots_through_morphological_pretraining.pdf	https://openreview.net/forum?id=WVliGyFwZv	Accelerated co-design of robots through morphological pretraining	ICLR 2026	24074888	1478529	1478529
obsidian-vault/paperPDFs/SIGGRAPH_ASIA_2023/Efficient_Visualization_of_Light_Pollution_for_the_Night_Sky.pdf	https://doi.org/10.1145/3618337	Efficient Visualization of Light Pollution for the Night Sky	SIGGRAPH ASIA 2023	24029445	1229469	1229469
obsidian-vault/paperPDFs/SIGGRAPH_ASIA_2024/Compositional_Neural_Textures.pdf	https://dl.acm.org/doi/pdf/10.1145/3680528.3687561	Compositional Neural Textures	SIGGRAPH ASIA 2024	24026181	936294	936294
obsidian-vault/paperPDFs/ICLR_2026/RealPDEBench_A_Benchmark_for_Complex_Physical_Systems_with_Real_World_Data.pdf	https://openreview.net/forum?id=y3oHMcoItR	RealPDEBench: A Benchmark for Complex Physical Systems with Real-World Data	ICLR 2026	23994307	2341130	2341130
obsidian-vault/paperPDFs/SIGGRAPH_ASIA_2022/Lightweight_Neural_Basis_Functions_for_All_Frequency_Shading.pdf	https://dl.acm.org/doi/pdf/10.1145/3550469.3555386	Lightweight Neural Basis Functions for All-Frequency Shading	SIGGRAPH ASIA 2022	23990447	648529	648529
obsidian-vault/paperPDFs/SIGGRAPH_2022/NeAT_Neural_Adaptive_Tomography.pdf	https://vccimaging.org/Publications/Ruckert2022NeAT/	NeAT: Neural Adaptive Tomography	SIGGRAPH 2022	23944817	1137017	1137017
obsidian-vault/paperPDFs/CVPR_2026/ReMoRa_Multimodal_Large_Language_Model_based_on_Refined_Motion_Representation_for_Long_Video_Understanding.pdf	https://arxiv.org/abs/2602.16412	ReMoRa: Multimodal Large Language Model based on Refined Motion Representation for Long-Video Understanding	CVPR 2026	23928479	657289	657289
obsidian-vault/paperPDFs/SIGGRAPH_2025/Designing_Pin_pression_Gripper_and_Learning_its_Dexterous_Grasping_with_Online_In_hand_Adjustment.pdf	https://dl.acm.org/doi/pdf/10.1145/3730880	Designing Pin-pression Gripper and Learning its Dexterous Grasping with Online In-hand Adjustment	SIGGRAPH 2025	23899507	1305113	1305113
obsidian-vault/paperPDFs/CVPR_2026/UniPart_Part_Level_3D_Generation_with_Unified_3D_Geom_Seg_Latents.pdf	https://arxiv.org/abs/2512.09435	UniPart: Part-Level 3D Generation with Unified 3D Geom-Seg Latents	CVPR 2026	23878873	1767464	1767464
obsidian-vault/paperPDFs/CVPR_2026/MatMart_Material_Reconstruction_of_3D_Objects_via_Diffusion.pdf	https://arxiv.org/abs/2511.18900	MatMart: Material Reconstruction of 3D Objects via Diffusion	CVPR 2026	23872650	1186822	1186822
obsidian-vault/paperPDFs/SIGGRAPH_ASIA_2024/Accelerate_Neural_Subspace_Based_Reduced_Order_Solver_of_Deformable_Simulation_by_Lipschitz_Optimization.pdf	https://lip-neural-subspace.github.io/	Accelerate Neural Subspace-Based Reduced-Order Solver of Deformable Simulation by Lipschitz Optimization	SIGGRAPH ASIA 2024	23872214	1138150	1138150
obsidian-vault/paperPDFs/arxiv_2024/VersatileMotion_A_Unified_Framework_for_Motion_Synthesis_and_Comprehension.pdf	https://arxiv.org/abs/2411.17335	VersatileMotion: A Unified Framework for Motion Synthesis and Comprehension	arxiv 2024	23849465	1628833	1628833
obsidian-vault/paperPDFs/SIGGRAPH_2022/Holographic_Glasses_for_Virtual_Reality.pdf	https://research.nvidia.com/publication/2022-08_holographic-glasses-virtual-reality	Holographic Glasses for Virtual Reality	SIGGRAPH 2022	23839887	528337	528337
obsidian-vault/paperPDFs/CVPR_2026/Spatia_Video_Generation_with_Updatable_Spatial_Memory.pdf	https://arxiv.org/abs/2512.15716	Spatia: Video Generation with Updatable Spatial Memory	CVPR 2026	23834176	1791543	1791543
obsidian-vault/paperPDFs/NEURIPS_2024/StoryDiffusion.pdf	https://arxiv.org/abs/2405.01434	StoryDiffusion: Consistent Self-Attention for Long-Range Image and Video Generation	NEURIPS 2024	23832076	1498253	1498253
obsidian-vault/paperPDFs/ICLR_2026/ReLi3D_Relightable_Multi_view_3D_Reconstruction_with_Disentangled_Illumination_5eeafb1d146e.pdf	https://openreview.net/forum?id=BlSKgQb3Vd	ReLi3D: Relightable Multi-view 3D Reconstruction with Disentangled Illumination	ICLR 2026	23821700	613457	613457
obsidian-vault/paperPDFs/SIGGRAPH_ASIA_2022/PopStage_The_Generation_of_Stage_Cross_Editing_Video_based_on_Spatio_Temporal_Matching.pdf	https://doi.org/10.1145/3550454.3555467	PopStage: The Generation of Stage Cross-Editing Video based on Spatio-Temporal Matching	SIGGRAPH ASIA 2022	23820937	655429	655429
obsidian-vault/paperPDFs/SIGGRAPH_2025/UltraMeshRenderer_Efficient_Structure_and_Management_of_GPU_Out_of_core_Memory_for_Real_time_Rendering_of_Gigantic_3D_Meshes.pdf	https://dl.acm.org/doi/pdf/10.1145/3731186	UltraMeshRenderer: Efficient Structure and Management of GPU Out-of-core Memory for Real-time Rendering of Gigantic 3D Meshes	SIGGRAPH 2025	23773650	1355336	1355336
obsidian-vault/paperPDFs/CVPR_2026/FlexAvatar_Flexible_Large_Reconstruction_Model_for_Animatable_Gaussian_Head_Avatars_with_Detailed_Deformation.pdf	https://arxiv.org/abs/2512.17717	FlexAvatar: Flexible Large Reconstruction Model for Animatable Gaussian Head Avatars with Detailed Deformation	CVPR 2026	23761213	2023794	2023794
obsidian-vault/paperPDFs/SIGGRAPH_2022/CCP_Configurable_Crowd_Profiles.pdf	https://github.com/veupnea/CCP	CCP: Configurable Crowd Profiles	SIGGRAPH 2022	23740903	451301	451301
obsidian-vault/paperPDFs/CVPR_2026/Unifying_Perception_and_Action_A_Hybrid_Modality_Pipeline_with_Implicit_Visual_Chain_of_Thought_for_Robotic_Action_Generation.pdf	https://arxiv.org/abs/2511.19859	Unifying Perception and Action: A Hybrid-Modality Pipeline with Implicit Visual Chain-of-Thought for Robotic Action Generation	CVPR 2026	23739239	1976741	1976741
obsidian-vault/paperPDFs/SIGGRAPH_ASIA_2023/From_Skin_to_Skeleton_Towards_Biomechanically_Accurate_3D_Digital_Humans.pdf	https://dl.acm.org/doi/pdf/10.1145/3618381	From Skin to Skeleton : Towards Biomechanically Accurate 3D Digital Humans	SIGGRAPH ASIA 2023	23733828	986677	986677
obsidian-vault/paperPDFs/arxiv_2026/Matrix-Game_3.0:_Real-Time_and_Streaming_Interactive_World_Model_with_Long-Horizon_Memory.pdf	https://arxiv.org/abs/2604.08995	Matrix-Game 3.0: Real-Time and Streaming Interactive World Model with Long-Horizon Memory	arXiv 2026	23717745	1680444	1680444
obsidian-vault/paperPDFs/CVPR_2026/PixelDiT_Pixel_Diffusion_Transformers_for_Image_Generation.pdf	https://arxiv.org/abs/2511.20645	PixelDiT: Pixel Diffusion Transformers for Image Generation	CVPR 2026	23710147	1955608	1955608
obsidian-vault/paperPDFs/SIGGRAPH_2024/Tele_Aloha_A_Telepresence_System_With_Low_budget_and_High_authenticity_Using_Sparse_RGB_Cameras.pdf	https://doi.org/10.1145/3641519.3657491	Tele-Aloha: A Telepresence System With Low-budget and High-authenticity Using Sparse RGB Cameras	SIGGRAPH 2024	23570034	955092	955092
obsidian-vault/paperPDFs/SIGGRAPH_2024/GaussianPrediction_Dynamic_3D_Gaussian_Prediction_for_Motion_Extrapolation_and_Free_View_Synthesis.pdf	https://doi.org/10.1145/3641519.3657417	GaussianPrediction: Dynamic 3D Gaussian Prediction for Motion Extrapolation and Free View Synthesis	SIGGRAPH 2024	23559834	781779	781779
obsidian-vault/paperPDFs/ICLR_2026/Mesh_Splatting_for_End_to_end_Multiview_Surface_Reconstruction_023e28fff1e0.pdf	https://openreview.net/forum?id=PSgps4JXTb	Mesh Splatting for End-to-end Multiview Surface Reconstruction	ICLR 2026	23546464	1335301	1335301
obsidian-vault/paperPDFs/SIGGRAPH_ASIA_2025/Physics_Based_Motion_Imitation_with_Adversarial_Differential_Discriminators.pdf	https://arxiv.org/abs/2505.04961	Physics-Based Motion Imitation with Adversarial Differential Discriminators	SIGGRAPH ASIA 2025	23544991	1190947	1190947
obsidian-vault/paperPDFs/SIGGRAPH_2022/Tailored_Reality_Perception_aware_Scene_Restructuring_for_Adaptive_VR_Navigation.pdf	https://www.immersivecomputinglab.org/publication/tailored-reality-perception-aware-scene-restructuring-for-adaptive-vr-navigation/	Tailored Reality: Perception-aware Scene Restructuring for Adaptive VR Navigation	SIGGRAPH 2022	23518217	1023918	1023918
obsidian-vault/paperPDFs/SIGGRAPH_2025/Image-Space_Collage_and_Packing_with_Differentiable_Rendering.pdf	http://arxiv.org/abs/2406.04008	Image-Space Collage and Packing with Differentiable Rendering	SIGGRAPH 2025	23505208	1088846	1088846
obsidian-vault/paperPDFs/CVPR_2026/ImageRAGTurbo_Towards_One_step_Text_to_Image_Generation_with_Retrieval_Augmented_Diffusion_Models.pdf	https://arxiv.org/abs/2602.12640	ImageRAGTurbo: Towards One-step Text-to-Image Generation with Retrieval-Augmented Diffusion Models	CVPR 2026	23502471	592224	592224
obsidian-vault/paperPDFs/EMNLP_2025/Reasoning_Paths_with_Reference_Objects_Elicit_Quantitative_Spatial_Reasoning_in_Large_Vision_Language_Models.pdf	https://arxiv.org/abs/2409.09788	Reasoning Paths with Reference Objects Elicit Quantitative Spatial Reasoning in Large Vision-Language Models	EMNLP 2025	23490976	476982	476982
obsidian-vault/paperPDFs/SIGGRAPH_ASIA_2024/GPU_Coroutines_for_Flexible_Splitting_and_Scheduling_of_Rendering_Tasks.pdf	https://cg.cs.tsinghua.edu.cn/people/~kun/	GPU Coroutines for Flexible Splitting and Scheduling of Rendering Tasks	SIGGRAPH ASIA 2024	23477959	1121843	1121843
obsidian-vault/paperPDFs/CVPR_2026/Any4D_Unified_Feed_Forward_Metric_4D_Reconstruction.pdf	https://arxiv.org/abs/2512.10935	Any4D: Unified Feed-Forward Metric 4D Reconstruction	CVPR 2026	23403239	846872	846872
obsidian-vault/paperPDFs/NEURIPS_2024/InterDreamer_Zero_Shot_Text_to_3D_Dynamic_Human_Object_Interaction.pdf	https://openreview.net/forum?id=BUpxPo80QP	InterDreamer Zero Shot Text to 3D Dynamic Human Object Interaction	NEURIPS 2024	23369036	1652485	1652485
obsidian-vault/paperPDFs/ICLR_2026/AttriCtrl_A_Generalizable_Framework_for_Controlling_Semantic_Attribute_Intensity_in_Diffusion_Models.pdf	https://openreview.net/forum?id=oyDe8cNXt6	AttriCtrl: A Generalizable Framework for Controlling Semantic Attribute Intensity in Diffusion Models	ICLR 2026	23348919	1452345	1452345
obsidian-vault/paperPDFs/SIGGRAPH_ASIA_2025/Multiphase_Particle_Based_Simulation_of_Poro_Elasto_Capillary_Effects.pdf	https://dl.acm.org/doi/pdf/10.1145/3757377.3763960	Multiphase Particle-Based Simulation of Poro-Elasto-Capillary Effects	SIGGRAPH ASIA 2025	23345004	777769	777769
obsidian-vault/paperPDFs/CVPR_2026/STUR3D_Spatio_Temporal_Unified_Representation_Learning_for_3D_Object_Detection.pdf	https://openaccess.thecvf.com/content/CVPR2026/html/Fan_STUR3D_Spatio-Temporal_Unified_Representation_Learning_for_3D_Object_Detection_CVPR_2026_paper.html	STUR3D: Spatio-Temporal Unified Representation Learning for 3D Object Detection	CVPR 2026	23339952	415958	415958
obsidian-vault/paperPDFs/ICLR_2026/JanusVLN_Decoupling_Semantics_and_Spatiality_with_Dual_Implicit_Memory_for_Vision_Language_Navigation.pdf	https://openreview.net/forum?id=RnuB0Nlbd5	JanusVLN: Decoupling Semantics and Spatiality with Dual Implicit Memory for Vision-Language Navigation	ICLR 2026	23338801	1905968	1905968
obsidian-vault/paperPDFs/CVPR_2026/REVIVE_3D_Refinement_via_Encoded_Voluminous_Inflated_prior_for_Volume_Enhancement.pdf	https://arxiv.org/abs/2604.27504	REVIVE 3D: Refinement via Encoded Voluminous Inflated prior for Volume Enhancement	CVPR 2026	23264240	1384726	1384726
obsidian-vault/paperPDFs/NeurIPS_2024/Applying_Guidance_in_a_Limited_Interval_Improves_Sample_and_Distribution_Quality_in_Diffusion_Models.pdf	https://openreview.net/forum?id=nAIhvNy15T	Applying Guidance in a Limited Interval Improves Sample and Distribution Quality in Diffusion Models	NeurIPS 2024	23236452	1845364	1845364
obsidian-vault/paperPDFs/CVPR_2026/MAPS_Preserving_Vision_Language_Representations_via_Module_Wise_Proximity_Scheduling_for_Better_Vision_Language_Action_Generalization.pdf	https://arxiv.org/abs/2511.19878	MAPS: Preserving Vision-Language Representations via Module-Wise Proximity Scheduling for Better Vision-Language-Action Generalization	CVPR 2026	23220068	1346059	1346059
obsidian-vault/paperPDFs/SIGGRAPH_ASIA_2023/SinMPI_Novel_View_Synthesis_from_a_Single_Image_with_Expanded_Multiplane_Images.pdf	https://doi.org/10.1145/3610548.3618155	SinMPI: Novel View Synthesis from a Single Image with Expanded Multiplane Images	SIGGRAPH ASIA 2023	23216993	668808	668808
obsidian-vault/paperPDFs/SIGGRAPH_2022/Approximate_Convex_Decomposition_for_3D_Meshes_With_Collision_aware_Concavity_and_Tree_Search.pdf	https://arxiv.org/abs/2205.02961v1	Approximate Convex Decomposition for 3D Meshes With Collision-aware Concavity and Tree Search	SIGGRAPH 2022	23179566	1314842	1314842
obsidian-vault/paperPDFs/SIGGRAPH_2024/2D_Gaussian_Splatting_for_Geometrically_Accurate_Radiance_Fields.pdf	https://doi.org/10.1145/3641519.3657428	2D Gaussian Splatting for Geometrically Accurate Radiance Fields	SIGGRAPH 2024	23178078	1717172	1717172
obsidian-vault/paperPDFs/SIGGRAPH_2025/BANG_Dividing_3D_Assets_via_Generative_Exploded_Dynamics.pdf	http://arxiv.org/abs/2507.21493	BANG: Dividing 3D Assets via Generative Exploded Dynamics	SIGGRAPH 2025	23154329	1399174	1399174
obsidian-vault/paperPDFs/ICLR_2026/A_Probabilistic_Hard_Concept_Bottleneck_for_Steerable_Generative_Models.pdf	https://openreview.net/forum?id=Kcb6WufAco	A Probabilistic Hard Concept Bottleneck for Steerable Generative Models	ICLR 2026	23153989	1593499	1593499
obsidian-vault/paperPDFs/SIGGRAPH_2026/ReRoPE_Repurposing_RoPE_for_Relative_Camera_Control.pdf	https://s2026.conference-schedule.org/?post_type=page&p=15&id=papers_1664&sess=sess150	ReRoPE: Repurposing RoPE for Relative Camera Control	SIGGRAPH 2026	23133841	1275062	1275062
obsidian-vault/paperPDFs/CVPR_2026/SAM_3D_Body_Robust_Full_Body_Human_Mesh_Recovery.pdf	https://arxiv.org/abs/2602.15989	SAM 3D Body: Robust Full-Body Human Mesh Recovery	CVPR 2026	23124957	777084	777084
obsidian-vault/paperPDFs/ICLR_2026/ShapeGen4D_Towards_High_Quality_4D_Shape_Generation_from_Videos_3a1c93476b93.pdf	https://openreview.net/forum?id=r9AJisFLLo	ShapeGen4D: Towards High Quality 4D Shape Generation from Videos	ICLR 2026	23121203	1320306	1320306
obsidian-vault/paperPDFs/SIGGRAPH_ASIA_2024/Bijective_Volumetric_Mapping_via_Star_Decomposition.pdf	https://github.com/SteffenHinderink/StarDecompositionMaps	Bijective Volumetric Mapping via Star Decomposition	SIGGRAPH ASIA 2024	23117992	877076	877076
obsidian-vault/paperPDFs/SIGGRAPH_2026/Streaming_of_rendered_content_with_adaptive_frame_rate_and_resolution.pdf	https://s2026.conference-schedule.org/?post_type=page&p=15&id=papers_802&sess=sess134	Streaming of rendered content with adaptive frame rate and resolution	SIGGRAPH 2026	23113485	586592	586592
obsidian-vault/paperPDFs/SIGGRAPH_ASIA_2024/XPBI_Position_Based_Dynamics_with_Smoothing_Kernels_Handles_Continuum_Inelasticity.pdf	https://dl.acm.org/doi/pdf/10.1145/3680528.3687577	XPBI: Position-Based Dynamics with Smoothing Kernels Handles Continuum Inelasticity	SIGGRAPH ASIA 2024	23085874	1387008	1387008
obsidian-vault/paperPDFs/SIGGRAPH_2023/Perspective_correct_VR_Passthrough_Without_Reprojection.pdf	https://doi.org/10.1145/3588432.3591534	Perspective-correct VR Passthrough Without Reprojection	SIGGRAPH 2023	23063659	558925	558925
obsidian-vault/paperPDFs/SIGGRAPH_ASIA_2025/Uni3C_Unifying_Precisely_3D_Enhanced_Camera_and_Human_Motion_Controls_for_Video_Generation.pdf	https://dl.acm.org/doi/pdf/10.1145/3757377.3763842	Uni3C: Unifying Precisely 3D-Enhanced Camera and Human Motion Controls for Video Generation	SIGGRAPH ASIA 2025	23035451	1510350	1510350
obsidian-vault/paperPDFs/SIGGRAPH_2025/Revisiting_Tradition_and_Beyond_A_Customized_Bilateral_Filtering_Framework_for_Point_Cloud_Denoising.pdf	https://dl.acm.org/doi/pdf/10.1145/3730891	Revisiting Tradition and Beyond: A Customized Bilateral Filtering Framework for Point Cloud Denoising	SIGGRAPH 2025	23033713	1701289	1701289
obsidian-vault/paperPDFs/SIGGRAPH_ASIA_2024/DARTS_Diffusion_Approximated_Residual_Time_Sampling_for_Time_of_flight_Rendering_in_Homogeneous_Scattering_Media.pdf	https://arxiv.org/pdf/2402.03106.pdf	DARTS: Diffusion Approximated Residual Time Sampling for Time-of-flight Rendering in Homogeneous Scattering Media	SIGGRAPH ASIA 2024	23009839	879533	879533
obsidian-vault/paperPDFs/CVPR_2026/MindPower_Enabling_Theory_of_Mind_Reasoning_in_VLM_based_Embodied_Agents.pdf	https://arxiv.org/abs/2511.23055	MindPower: Enabling Theory-of-Mind Reasoning in VLM-based Embodied Agents	CVPR 2026	23004365	2083903	2083903
obsidian-vault/paperPDFs/SIGGRAPH_2023/OpenMPD_A_Low_level_Presentation_Engine_for_Multimodal_Particle_based_Displays.pdf	https://discovery.ucl.ac.uk/id/eprint/10169091/	OpenMPD: A Low-level Presentation Engine for Multimodal Particle-based Displays	SIGGRAPH 2023	22995924	885268	885268
obsidian-vault/paperPDFs/SIGGRAPH_2024/Text_to_vector_Generation_With_Neural_Path_Representation.pdf	https://doi.org/10.1145/3658204	Text-to-vector Generation With Neural Path Representation	SIGGRAPH 2024	22974193	2128519	2128519
obsidian-vault/paperPDFs/ICLR_2026/Seek_CAD_A_Self_refined_Generative_Modeling_for_3D_Parametric_CAD_Using_Local_In_3b6e5b4dcc73.pdf	https://openreview.net/forum?id=PzIc2TxhwN	Seek-CAD: A Self-refined Generative Modeling for 3D Parametric CAD Using Local Inference via DeepSeek	ICLR 2026	22953831	1316448	1316448
obsidian-vault/paperPDFs/SIGGRAPH_2026/UniVidX_A_Unified_Multimodal_Framework_for_Versatile_Video_Generation_via_Diffusion_Priors.pdf	https://s2026.conference-schedule.org/?post_type=page&p=15&id=papers_320&sess=sess156	UniVidX: A Unified Multimodal Framework for Versatile Video Generation via Diffusion Priors	SIGGRAPH 2026	22935632	1997471	1997471
obsidian-vault/paperPDFs/SIGGRAPH_2023/COFS_COntrolable_Furniture_Layout_Synthesis.pdf	https://arxiv.org/abs/2205.14657	COFS COntrolable Furniture Layout Synthesis	SIGGRAPH 2023	22897089	1041975	1041975
obsidian-vault/paperPDFs/ICCV_2023/InterDiff:_Generating_3D_Human-Object_Interactions_with_Physics-Informed_Diffusion.pdf	https://arxiv.org/abs/2308.16905	InterDiff: Generating 3D Human-Object Interactions with Physics-Informed Diffusion	ICCV 2023	22874331	1270020	1270020
obsidian-vault/paperPDFs/SIGGRAPH_2022/Learning_Soccer_Juggling_Skills_With_Layer_wise_Mixture_of_Experts.pdf	https://www.cs.ubc.ca/~van/papers/2022-SIGGRAPH-juggle/soccer_juggling.pdf	Learning Soccer Juggling Skills With Layer-wise Mixture of Experts	SIGGRAPH 2022	22843509	615617	615617
obsidian-vault/paperPDFs/CVPR_2026/LATTICE_Democratize_High_Fidelity_3D_Generation_at_Scale.pdf	https://arxiv.org/abs/2512.03052	LATTICE: Democratize High-Fidelity 3D Generation at Scale	CVPR 2026	22724970	1528666	1528666
obsidian-vault/paperPDFs/ICLR_2026/BLADE_Block_Sparse_Attention_Meets_Step_Distillation_for_Efficient_Video_Generation.pdf	https://openreview.net/forum?id=O9J20MsmRl	BLADE: Block-Sparse Attention Meets Step Distillation for Efficient Video Generation	ICLR 2026	22720784	914237	914237
obsidian-vault/paperPDFs/SIGGRAPH_2025/Instant_Self_Intersection_Repair_for_3D_Meshes.pdf	https://dl.acm.org/doi/pdf/10.1145/3731427	Instant Self-Intersection Repair for 3D Meshes	SIGGRAPH 2025	22711561	2101718	2101718
obsidian-vault/paperPDFs/SIGGRAPH_2023/Inkjet_4D_Print_Self_folding_Tessellated_Origami_Objects_by_Inkjet_UV_Printing.pdf	https://dl.acm.org/doi/pdf/10.1145/3592409	Inkjet 4D Print: Self-folding Tessellated Origami Objects by Inkjet UV Printing	SIGGRAPH 2023	22659508	787693	787693
obsidian-vault/paperPDFs/CVPR_2023/SceneDiffuser:_Diffusion-based_Generation,_Optimization,_and_Planning_in_3D_Scenes.pdf	https://arxiv.org/abs/2301.06015	SceneDiffuser: Diffusion-based Generation, Optimization, and Planning in 3D Scenes	CVPR 2023	22645998	1601749	1601749
obsidian-vault/paperPDFs/SIGGRAPH_2023/Eventfulness_for_Interactive_Video_Alignment.pdf	https://doi.org/10.1145/3592118	Eventfulness for Interactive Video Alignment	SIGGRAPH 2023	22640890	1586273	1586273
obsidian-vault/paperPDFs/SIGGRAPH_2026/AniGen_Unified_S_3_Fields_for_Animatable_3D_Asset_Generation.pdf	https://s2026.conference-schedule.org/?post_type=page&p=15&id=papers_218&sess=sess121	AniGen: Unified $S^3$ Fields for Animatable 3D Asset Generation	SIGGRAPH 2026	22625466	1523556	1523556
obsidian-vault/paperPDFs/SIGGRAPH_2023/AniFaceDrawing_Anime_Portrait_Exploration_During_Your_Sketching.pdf	http://www.jaist.ac.jp/~xie/AniFaceDrawing.html	AniFaceDrawing: Anime Portrait Exploration During Your Sketching	SIGGRAPH 2023	22569787	1049392	1049392
obsidian-vault/paperPDFs/CVPR_2026/SRPO_Self_Referential_Policy_Optimization_for_Vision_Language_Action_Models.pdf	https://arxiv.org/abs/2511.15605	SRPO: Self-Referential Policy Optimization for Vision-Language-Action Models	CVPR 2026	22552443	1945509	1945509
obsidian-vault/paperPDFs/SIGGRAPH_2022/The_Hierarchical_Subspace_Iteration_Method_for_Laplace_Beltrami_Eigenproblems.pdf	https://s2022.conference-schedule.org/presentation/?id=paperstog_141&sess=sess126	The Hierarchical Subspace Iteration Method for Laplace-Beltrami Eigenproblems	SIGGRAPH 2022	22524966	718634	718634
obsidian-vault/paperPDFs/SIGGRAPH_2025/Sketch_based_Fluid_Video_Generation_Using_Motion_Guided_Diffusion_Models_in_Still_Landscape_Images.pdf	https://dl.acm.org/doi/pdf/10.1145/3721250.3743033	Sketch-based Fluid Video Generation Using Motion-Guided Diffusion Models in Still Landscape Images	SIGGRAPH 2025	22502669	226079	226079
obsidian-vault/paperPDFs/SIGGRAPH_2025/Data_Efficient_Discovery_of_Hyperelastic_TPMS_Metamaterials_with_Extreme_Energy_Dissipation.pdf	https://openreview.net/pdf?id=f98e60ff30	Data-Efficient Discovery of Hyperelastic TPMS Metamaterials with Extreme Energy Dissipation	SIGGRAPH 2025	22502393	1289666	1289666
obsidian-vault/paperPDFs/SIGGRAPH_2023/Complex_Wrinkle_Field_Evolution.pdf	https://zhenchen-jay.github.io/publication/cwf/	Complex Wrinkle Field Evolution	SIGGRAPH 2023	22469401	1333359	1333359
obsidian-vault/paperPDFs/SIGGRAPH_ASIA_2025/RCTrans_Transparent_Object_Reconstruction_in_Natural_Scene_via_Refractive_Correspondence_Estimation.pdf	https://dl.acm.org/doi/pdf/10.1145/3757377.3763859	RCTrans: Transparent Object Reconstruction in Natural Scene via Refractive Correspondence Estimation	SIGGRAPH ASIA 2025	22464740	955281	955281
obsidian-vault/paperPDFs/ICLR_2026/A_Structured_Tagged_and_Localized_Visual_Question_Answering_Dataset_with_Full_Sentence_Answers_and_Scene_Graphs_for_Chest_X_ray_Images.pdf	https://openreview.net/forum?id=LrmyW9JLYq	A Structured, Tagged, and Localized Visual Question Answering Dataset with Full Sentence Answers and Scene Graphs for Chest X-ray Images	ICLR 2026	22438152	1540175	1540175
obsidian-vault/paperPDFs/CVPR_2026/SeaCache_Spectral_Evolution_Aware_Cache_for_Accelerating_Diffusion_Models.pdf	https://arxiv.org/abs/2602.18993	SeaCache: Spectral-Evolution-Aware Cache for Accelerating Diffusion Models	CVPR 2026	22407180	1616030	1616030
obsidian-vault/paperPDFs/SIGGRAPH_ASIA_2023/VET_Visual_Error_Tomography_for_Point_Cloud_Completion_and_High_Quality_Neural_Rendering.pdf	https://doi.org/10.1145/3610548.3618212	VET: Visual Error Tomography for Point Cloud Completion and High-Quality Neural Rendering	SIGGRAPH ASIA 2023	22401354	1607190	1607190
obsidian-vault/paperPDFs/CVPR_2024/NoiseCLR_A_Contrastive_Learning_Approach_for_Unsupervised_Discovery_of_Interpretable_Directions_in_Diffusion_Models.pdf	https://arxiv.org/abs/2312.05390	NoiseCLR: A Contrastive Learning Approach for Unsupervised Discovery of Interpretable Directions in Diffusion Models	CVPR 2024	22399771	1612300	1612300
obsidian-vault/paperPDFs/CVPR_2026/PhysGen_Physically_Grounded_3D_Shape_Generation_for_Industrial_Design.pdf	https://arxiv.org/abs/2512.00422	PhysGen: Physically Grounded 3D Shape Generation for Industrial Design	CVPR 2026	22398036	1462231	1462231
obsidian-vault/paperPDFs/SIGGRAPH_ASIA_2025/Prior_Enhanced_Gaussian_Splatting_for_Dynamic_Scene_Reconstruction_from_Casual_Video.pdf	https://dl.acm.org/doi/pdf/10.1145/3757377.3763910	Prior-Enhanced Gaussian Splatting for Dynamic Scene Reconstruction from Casual Video	SIGGRAPH ASIA 2025	22381132	1057457	1057457
obsidian-vault/paperPDFs/CVPR_2026/UST_Hand_An_Uncertainty_aware_Spatiotemporal_Point_Cloud_Interaction_Network_for_3D_Self_supervised_Hand_Pose_Estimation.pdf	https://arxiv.org/abs/2605.17742	UST-Hand: An Uncertainty-aware Spatiotemporal Point Cloud Interaction Network for 3D Self-supervised Hand Pose Estimation	CVPR 2026	22379654	727843	727843
obsidian-vault/paperPDFs/SIGGRAPH_2026/HoloPathTracer_Fast_and_Accurate_Wave_Path_Tracing_for_Holography.pdf	https://s2026.conference-schedule.org/?post_type=page&p=15&id=papers_877&sess=sess132	HoloPathTracer: Fast and Accurate Wave Path Tracing for Holography	SIGGRAPH 2026	22375669	1661116	1661116
obsidian-vault/paperPDFs/SIGGRAPH_2025/HexHex_Highspeed_Extraction_of_Hexahedral_Meshes.pdf	https://dl.acm.org/doi/pdf/10.1145/3730940	HexHex: Highspeed Extraction of Hexahedral Meshes	SIGGRAPH 2025	22352847	790377	790377
obsidian-vault/paperPDFs/SIGGRAPH_2023/Neural_Progressive_Meshes.pdf	https://dl.acm.org/doi/pdf/10.1145/3588432.3591531	Neural Progressive Meshes	SIGGRAPH 2023	22348287	785839	785839
obsidian-vault/paperPDFs/SIGGRAPH_2023/A_Sparse_Distributed_Gigascale_Resolution_Material_Point_Method.pdf	https://dl.acm.org/doi/pdf/10.1145/3570160	A Sparse Distributed Gigascale Resolution Material Point Method	SIGGRAPH 2023	22304734	1199862	1199862
obsidian-vault/paperPDFs/SIGGRAPH_2022/AvatarCLIP_Zero_shot_Text_driven_Generation_and_Animation_of_3D_Avatars.pdf	https://hongfz16.github.io/projects/AvatarCLIP.html	AvatarCLIP: Zero-shot Text-driven Generation and Animation of 3D Avatars	SIGGRAPH 2022	22291356	1969771	1969771
obsidian-vault/paperPDFs/SIGGRAPH_ASIA_2023/Robust_Zero_Level_Set_Extraction_from_Unsigned_Distance_Fields_Based_on_Double_Covering.pdf	https://dl.acm.org/doi/pdf/10.1145/3618314	Robust Zero Level-Set Extraction from Unsigned Distance Fields Based on Double Covering	SIGGRAPH ASIA 2023	22284046	1253920	1253920
obsidian-vault/paperPDFs/SIGGRAPH_2024/Split_and_Fit_Learning_B_Reps_via_Structure_aware_Voronoi_Partitioning.pdf	https://doi.org/10.1145/3658155	Split-and-Fit: Learning B-Reps via Structure-aware Voronoi Partitioning	SIGGRAPH 2024	22261998	1203592	1203592
obsidian-vault/paperPDFs/CVPR_2026/3D_Space_as_a_Scratchpad_for_Editable_Text_to_Image_Generation.pdf	https://arxiv.org/abs/2601.14602	3D Space as a Scratchpad for Editable Text-to-Image Generation	CVPR 2026	22230486	1185216	1185216
obsidian-vault/paperPDFs/SIGGRAPH_2026/Distributed_Affine_Body_Dynamics_with_Adaptive_Consensus.pdf	https://s2026.conference-schedule.org/?post_type=page&p=15&id=papers_599&sess=sess102	Distributed Affine Body Dynamics with Adaptive Consensus	SIGGRAPH 2026	22203894	604100	604100
obsidian-vault/paperPDFs/CVPR_2026/3D_LATTE_Latent_Space_3D_Editing_from_Textual_Instructions.pdf	https://arxiv.org/abs/2509.00269	3D-LATTE: Latent Space 3D Editing from Textual Instructions	CVPR 2026	22171474	717732	717732
obsidian-vault/paperPDFs/SIGGRAPH_ASIA_2024/Look_Ma_no_markers_holistic_performance_capture_without_the_hassle.pdf	https://microsoft.github.io/SynthMoCap/	Look Ma, no markers: holistic performance capture without the hassle	SIGGRAPH ASIA 2024	22102742	1702214	1702214
obsidian-vault/paperPDFs/CVPR_2026/ArtLLM_Generating_Articulated_Assets_via_3D_LLM.pdf	https://arxiv.org/abs/2603.01142	ArtLLM: Generating Articulated Assets via 3D LLM	CVPR 2026	22089065	652732	652732
obsidian-vault/paperPDFs/CVPR_2026/D_2_FOSA_Dual_Diffusion_Guided_EEG_to_Image_Reconstruction_with_Frequency_Oriented_Semantic_Alignment.pdf	https://openaccess.thecvf.com/content/CVPR2026/html/Yu_D2-FOSA_Dual-Diffusion_Guided_EEG-to-Image_Reconstruction_with_Frequency-Oriented_Semantic_Alignment_CVPR_2026_paper.html	D$^2$-FOSA: Dual-Diffusion Guided EEG-to-Image Reconstruction with Frequency-Oriented Semantic Alignment	CVPR 2026	22084374	1398200	1398200
obsidian-vault/paperPDFs/CVPR_2026/Catalyst4D_High_Fidelity_3D_to_4D_Scene_Editing_via_Dynamic_Propagation.pdf	https://arxiv.org/abs/2603.12766	Catalyst4D: High-Fidelity 3D-to-4D Scene Editing via Dynamic Propagation	CVPR 2026	22068474	997295	997295
obsidian-vault/paperPDFs/SIGGRAPH_2022/Volume_Parametrization_Quantization_for_Hexahedral_Meshing.pdf	http://cgg.unibe.ch/publication/011276/	Volume Parametrization Quantization for Hexahedral Meshing	SIGGRAPH 2022	22047239	1161870	1161870
obsidian-vault/paperPDFs/CVPR_2026/Where_Culture_Fades_Revealing_the_Cultural_Gap_in_Text_to_Image_Generation.pdf	https://arxiv.org/abs/2511.17282	Where Culture Fades: Revealing the Cultural Gap in Text-to-Image Generation	CVPR 2026	22021649	2005567	2005567
obsidian-vault/paperPDFs/SIGGRAPH_2022/Procedural_Urban_Forestry.pdf	https://storage.googleapis.com/pirk.io/projects/urban_forestry/index.html	Procedural Urban Forestry	SIGGRAPH 2022	22008210	1448135	1448135
obsidian-vault/paperPDFs/ICLR_2026/Slow_Fast_Policy_Optimization_Reposition_Before_Update_for_LLM_Reasoning.pdf	https://openreview.net/forum?id=xBlHiHdXap	Slow-Fast Policy Optimization: Reposition-Before-Update for LLM Reasoning	ICLR 2026	22005704	825097	825097
obsidian-vault/paperPDFs/SIGGRAPH_ASIA_2025/PhySIC_Physically_Plausible_3D_Human_Scene_Interaction_and_Contact_from_a_Single_Image.pdf	https://dl.acm.org/doi/pdf/10.1145/3757377.3763862	PhySIC: Physically Plausible 3D Human-Scene Interaction and Contact from a Single Image	SIGGRAPH ASIA 2025	21957190	1374679	1374679
obsidian-vault/paperPDFs/SIGGRAPH_ASIA_2025/Discovering_Folding_Lines_for_Surface_Compression.pdf	https://dl.acm.org/doi/pdf/10.1145/3757377.3763983	Discovering Folding Lines for Surface Compression	SIGGRAPH ASIA 2025	21954525	503508	503508
obsidian-vault/paperPDFs/ICLR_2026/ODE_GS_Latent_ODEs_for_Dynamic_Scene_Extrapolation_with_3D_Gaussian_Splatting_6975a66efdbb.pdf	https://openreview.net/forum?id=XlRbpFj3lJ	ODE-GS: Latent ODEs for Dynamic Scene Extrapolation with 3D Gaussian Splatting	ICLR 2026	21945975	832854	832854
obsidian-vault/paperPDFs/ICLR_2026/Instilling_an_Active_Mind_in_Avatars_via_Cognitive_Simulation.pdf	https://openreview.net/forum?id=80JylHgQn1	Instilling an Active Mind in Avatars via Cognitive Simulation	ICLR 2026	21919829	1478713	1478713
obsidian-vault/paperPDFs/SIGGRAPH_2023/Encoder_based_Domain_Tuning_for_Fast_Personalization_of_Text_to_image_Models.pdf	https://tuning-encoder.github.io/	Encoder-based Domain Tuning for Fast Personalization of Text-to-image Models	SIGGRAPH 2023	21904572	1336515	1336515
obsidian-vault/paperPDFs/SIGGRAPH_2023/Ultra_high_Resolution_SVBRDF_Recovery_From_a_Single_Image.pdf	https://doi.org/10.1145/3593798	Ultra-high Resolution SVBRDF Recovery From a Single Image	SIGGRAPH 2023	21873407	1167811	1167811
obsidian-vault/paperPDFs/SIGGRAPH_2025/Sticking_Information_in_Plain_Sight_Encoding_and_Detecting_Hidden_Stickers_in_the_Real_World.pdf	https://dl.acm.org/doi/pdf/10.1145/3721250.3743018	Sticking Information in Plain Sight: Encoding and Detecting Hidden Stickers in the Real World	SIGGRAPH 2025	21871062	209863	209863
obsidian-vault/paperPDFs/SIGGRAPH_ASIA_2025/StyleSculptor_Zero_Shot_Style_Controllable_3D_Asset_Generation_with_Texture_Geometry_Dual_Guidance.pdf	https://dl.acm.org/doi/pdf/10.1145/3757377.3763929	StyleSculptor: Zero-Shot Style-Controllable 3D Asset Generation with Texture-Geometry Dual Guidance	SIGGRAPH ASIA 2025	21830283	1751149	1751149
obsidian-vault/paperPDFs/SIGGRAPH_ASIA_2025/Gaussian_See_Gaussian_Do_3D_Semantic_Motion_Transfer.pdf	https://arxiv.org/abs/2511.14848	Gaussian See, Gaussian Do: 3D Semantic Motion Transfer	SIGGRAPH ASIA 2025	21824630	1406955	1406955
obsidian-vault/paperPDFs/SIGGRAPH_ASIA_2025/FreeMusco_Motion_Free_Learning_of_Latent_Control_for_Morphology_Adaptive_Locomotion_in_Musculoskeletal_Characters.pdf	https://dl.acm.org/doi/pdf/10.1145/3757377.3764002	FreeMusco: Motion-Free Learning of Latent Control for Morphology-Adaptive Locomotion in Musculoskeletal Characters	SIGGRAPH ASIA 2025	21800086	1065691	1065691
obsidian-vault/paperPDFs/arxiv_2024/MoDiPO:_text-to-motion_alignment_via_AI-feedback-driven_Direct_Preference_Optimization.pdf	https://arxiv.org/abs/2405.03803	MoDiPO: text-to-motion alignment via AI-feedback-driven Direct Preference Optimization	arXiv 2024	21791884	422743	422743
obsidian-vault/paperPDFs/CVPR_2026/Nestwork_Conditional_3D_Furnished_House_Layout_Generation_through_Latent_Heterogeneous_Graph_Diffusion.pdf	https://openaccess.thecvf.com/content/CVPR2026/html/Miao_Nestwork_Conditional_3D_Furnished_House_Layout_Generation_through_Latent_Heterogeneous_CVPR_2026_paper.html	Nestwork: Conditional 3D Furnished House Layout Generation through Latent Heterogeneous Graph Diffusion	CVPR 2026	21747334	326620	1034291
obsidian-vault/paperPDFs/ICLR_2026/FantasyWorld_Geometry_Consistent_World_Modeling_via_Unified_Video_and_3D_Prediction.pdf	https://openreview.net/forum?id=3q9vHEqsNx	FantasyWorld: Geometry-Consistent World Modeling via Unified Video and 3D Prediction	ICLR 2026	21747317	1076802	1076802
obsidian-vault/paperPDFs/SIGGRAPH_ASIA_2023/FuseSR_Super_Resolution_for_Real_time_Rendering_through_Efficient_Multi_resolution_Fusion.pdf	https://doi.org/10.1145/3610548.3618209	FuseSR: Super Resolution for Real-time Rendering through Efficient Multi-resolution Fusion	SIGGRAPH ASIA 2023	21733137	1800182	1800182
obsidian-vault/paperPDFs/SIGGRAPH_2022/CLIP2StyleGAN_Unsupervised_Extraction_of_StyleGAN_Edit_Directions.pdf	https://arxiv.org/abs/2112.05219	CLIP2StyleGAN: Unsupervised Extraction of StyleGAN Edit Directions	SIGGRAPH 2022	21639266	1209828	1209828
obsidian-vault/paperPDFs/ICLR_2026/Cosmos_Policy_Fine_Tuning_Video_Models_for_Visuomotor_Control_and_Planning.pdf	https://openreview.net/forum?id=wPEIStHxYH	Cosmos Policy: Fine-Tuning Video Models for Visuomotor Control and Planning	ICLR 2026	21634161	788073	788073
obsidian-vault/paperPDFs/ICLR_2026/Guaranteed_Simply_Connected_Mesh_Reconstruction_from_an_Unorganized_Point_Cloud_5f2be3ee1ede.pdf	https://openreview.net/forum?id=jjEnTBsffi	Guaranteed Simply Connected Mesh Reconstruction from an Unorganized Point Cloud	ICLR 2026	21628896	625804	625804
obsidian-vault/paperPDFs/ICLR_2026/Improving_2D_Diffusion_Models_for_3D_Medical_Imaging_with_InterSlice_Consistent_Stochasticity.pdf	https://openreview.net/forum?id=R5ETdN6ifA	Improving 2D Diffusion Models for 3D Medical Imaging with Inter‑Slice Consistent Stochasticity	ICLR 2026	21605057	1639188	1639188
obsidian-vault/paperPDFs/SIGGRAPH_ASIA_2025/OmnimatteZero_Fast_Training_free_Omnimatte_with_Pre_trained_Video_Diffusion_Models.pdf	https://dl.acm.org/doi/pdf/10.1145/3757377.3763917	OmnimatteZero: Fast Training-free Omnimatte with Pre-trained Video Diffusion Models	SIGGRAPH ASIA 2025	21602214	1335678	1335678
obsidian-vault/paperPDFs/ICLR_2026/HWC_Loco_A_Hierarchical_Whole_Body_Control_Approach_to_Robust_Humanoid_Locomotion.pdf	https://openreview.net/forum?id=3UE3Aatcjy	HWC-Loco: A Hierarchical Whole-Body Control Approach to Robust Humanoid Locomotion	ICLR 2026	21582168	1321054	1321054
obsidian-vault/paperPDFs/CVPR_2026/CMDM_HP.pdf	https://arxiv.org/abs/2602.22594	CMDM-HP: Causal Motion Diffusion Models for Autoregressive Motion Generation	CVPR 2026	21536655	1529901	1529901
obsidian-vault/paperPDFs/ICLR_2026/MomaGraph_State_Aware_Unified_Scene_Graphs_with_Vision_Language_Models_for_Embodied_Task_Planning.pdf	https://openreview.net/forum?id=3eTr9dGwJv	MomaGraph: State-Aware Unified Scene Graphs with Vision-Language Models for Embodied Task Planning	ICLR 2026	21520168	1924382	1924382
obsidian-vault/paperPDFs/CVPR_2026/Bridging_Facial_Understanding_and_Animation_via_Language_Models.pdf	https://arxiv.org/abs/2603.16936	Bridging Facial Understanding and Animation via Language Models	CVPR 2026	21502003	1982265	1982265
obsidian-vault/paperPDFs/SIGGRAPH_2024/CLAY_A_Controllable_Large_scale_Generative_Model_for_Creating_High_quality_3D_Assets.pdf	https://doi.org/10.1145/3658146	CLAY: A Controllable Large-scale Generative Model for Creating High-quality 3D Assets	SIGGRAPH 2024	21491766	1228483	1228483
obsidian-vault/paperPDFs/SIGGRAPH_2024/An_Induce_on_Boundary_Magnetostatic_Solver_for_Grid_based_Ferrofluids.pdf	https://doi.org/10.1145/3658124	An Induce-on-Boundary Magnetostatic Solver for Grid-based Ferrofluids	SIGGRAPH 2024	21471632	687780	687780
obsidian-vault/paperPDFs/SIGGRAPH_2025/Dynamic_Mesh_Processing_on_the_GPU.pdf	https://dl.acm.org/doi/pdf/10.1145/3731162	Dynamic Mesh Processing on the GPU	SIGGRAPH 2025	21454012	1542789	1542789
obsidian-vault/paperPDFs/SIGGRAPH_2025/Real_Time_Knit_Deformation_and_Rendering.pdf	https://dl.acm.org/doi/pdf/10.1145/3731184	Real-Time Knit Deformation and Rendering	SIGGRAPH 2025	21453914	909739	909739
obsidian-vault/paperPDFs/CVPR_2026/AeroDGS_Physically_Consistent_Dynamic_Gaussian_Splatting_for_Single_Sequence_Aerial_4D_Reconstruction.pdf	https://arxiv.org/abs/2602.22376	AeroDGS: Physically Consistent Dynamic Gaussian Splatting for Single-Sequence Aerial 4D Reconstruction	CVPR 2026	21440316	549881	549881
obsidian-vault/paperPDFs/ICLR_2026/SpatialHand_Generative_Object_Manipulation_from_3D_Prespective_ec957f118a1e.pdf	https://openreview.net/forum?id=VpsqfCac2B	SpatialHand: Generative Object Manipulation from 3D Prespective	ICLR 2026	21408700	1612423	1612423
obsidian-vault/paperPDFs/CVPR_2026/NeoVerse_Enhancing_4D_World_Model_with_in_the_wild_Monocular_Videos.pdf	https://arxiv.org/abs/2601.00393	NeoVerse: Enhancing 4D World Model with in-the-wild Monocular Videos	CVPR 2026	21351870	1142552	1142552
obsidian-vault/paperPDFs/SIGGRAPH_ASIA_2025/AniMaker_Multi_Agent_Animated_Storytelling_with_MCTS_Driven_Clip_Generation.pdf	https://dl.acm.org/doi/pdf/10.1145/3757377.3764009	AniMaker: Multi-Agent Animated Storytelling with MCTS-Driven Clip Generation	SIGGRAPH ASIA 2025	21332486	1011692	1011692
obsidian-vault/paperPDFs/SIGGRAPH_2024/HAISOR_Human_Aware_Indoor_Scene_Optimization_via_Deep_Reinforcement_Learning.pdf	https://dl.acm.org/doi/pdf/10.1145/3632947	HAISOR: Human-Aware Indoor Scene Optimization via Deep Reinforcement Learning	SIGGRAPH 2024	21324030	1928023	1928023
obsidian-vault/paperPDFs/ICLR_2026/RAP_3D_Rasterization_Augmented_End_to_End_Planning.pdf	https://openreview.net/forum?id=a9bOgeqbdB	RAP: 3D Rasterization Augmented End-to-End Planning	ICLR 2026	21315482	517194	517194
obsidian-vault/paperPDFs/SIGGRAPH_ASIA_2022/Exact_3D_Path_Generation_via_3D_Cam_Linkage_Mechanisms.pdf	https://dl.acm.org/doi/pdf/10.1145/3550454.3555431	Exact 3D Path Generation via 3D Cam-Linkage Mechanisms	SIGGRAPH ASIA 2022	21304185	584022	584022
obsidian-vault/paperPDFs/SIGGRAPH_ASIA_2024/Shuai_et_al_Reconstructing_Close_Human_Interactions_from_Multiple_Views.pdf	https://doi.org/10.1145/3618336	Shuai et al. Reconstructing Close Human Interactions from Multiple Views	SIGGRAPH_ASIA_2024	21263680	1227873	1227873
obsidian-vault/paperPDFs/SIGGRAPH_ASIA_2023/Reconstructing_Close_Human_Interaction_from_Multiple_Views.pdf	https://asia.siggraph.org/2023/?post_type=page&p=14494&id=papers_313&sess=sess139	Reconstructing Close Human Interaction from Multiple Views	SIGGRAPH ASIA 2023	21263680	1227873	1227873
obsidian-vault/paperPDFs/CVPR_2026/Learning_Straight_Flows_Variational_Flow_Matching_for_Efficient_Generation.pdf	https://arxiv.org/abs/2511.17583	Learning Straight Flows: Variational Flow Matching for Efficient Generation	CVPR 2026	21244910	696082	696082
obsidian-vault/paperPDFs/ICLR_2026/A_Fair_Bayesian_Inference_through_Matched_Gibbs_Posterior.pdf	https://openreview.net/forum?id=sIjFXzEOOH	A Fair Bayesian Inference through Matched Gibbs Posterior	ICLR 2026	21236573	938655	938655
obsidian-vault/paperPDFs/SIGGRAPH_ASIA_2025/DvD_Unleashing_a_Generative_Paradigm_for_Document_Dewarping_via_Coordinates_based_Diffusion_Model.pdf	https://dl.acm.org/doi/pdf/10.1145/3757377.3763913	DvD: Unleashing a Generative Paradigm for Document Dewarping via Coordinates-based Diffusion Model	SIGGRAPH ASIA 2025	21230356	1283206	1283206
obsidian-vault/paperPDFs/SIGGRAPH_ASIA_2023/Enhancing_Diffusion_Models_with_3D_Perspective_Geometry_Constraints.pdf	https://dl.acm.org/doi/pdf/10.1145/3618389	Enhancing Diffusion Models with 3D Perspective Geometry Constraints	SIGGRAPH ASIA 2023	21203665	1217531	1217531
obsidian-vault/paperPDFs/arxiv_2025/DualFlow_Unified_Multi_Modal_Interactive_Reactive_3D_Motion_Generation_via_Rectified_Flow.pdf	https://arxiv.org/abs/2509.24099	DualFlow: Unified Multi-Modal Interactive & Reactive 3D Motion Generation via Rectified Flow	arxiv 2025	21202362	806930	806930
obsidian-vault/paperPDFs/SIGGRAPH_ASIA_2025/MILo_Mesh_In_the_Loop_Gaussian_Splatting_for_Detailed_and_Efficient_Surface_Reconstruction.pdf	https://dl.acm.org/doi/pdf/10.1145/3763339	MILo: Mesh-In-the-Loop Gaussian Splatting for Detailed and Efficient Surface Reconstruction	SIGGRAPH ASIA 2025	21200122	1061881	1061881
obsidian-vault/paperPDFs/SIGGRAPH_2023/A_Sparse_Non_parametric_BRDF_Model.pdf	https://dl.acm.org/doi/pdf/10.1145/3533427	A Sparse Non-parametric BRDF Model	SIGGRAPH 2023	21178022	950206	950206
obsidian-vault/paperPDFs/SIGGRAPH_ASIA_2023/CamP_Camera_Preconditioning_for_Neural_Radiance_Fields.pdf	https://doi.org/10.1145/3618321	CamP: Camera Preconditioning for Neural Radiance Fields	SIGGRAPH ASIA 2023	21154807	846325	846325
obsidian-vault/paperPDFs/CVPR_2026/DMGD_Train_Free_Dataset_Distillation_with_Semantic_Distribution_Matching_in_Diffusion_Models.pdf	https://arxiv.org/abs/2605.03877	DMGD: Train-Free Dataset Distillation with Semantic-Distribution Matching in Diffusion Models	CVPR 2026	21150143	1412430	1412430
obsidian-vault/paperPDFs/CVPR_2026/Unifying_Precise_Keyframes_and_Semantic_Control_via_Multi_level_Diffusion.pdf	https://cvpr.thecvf.com/virtual/2026/poster/38659	Unifying Precise Keyframes and Semantic Control via Multi-level Diffusion	CVPR 2026	21145150	505341	505341
obsidian-vault/paperPDFs/SIGGRAPH_ASIA_2025/Inverse_Tiling_of_2D_Finite_Domains.pdf	https://dl.acm.org/doi/pdf/10.1145/3757377.3763834	Inverse Tiling of 2D Finite Domains	SIGGRAPH ASIA 2025	21116894	653174	653174
obsidian-vault/paperPDFs/SIGGRAPH_2026/OmniRoam_World_Wandering_via_Long_Horizon_Panoramic_Video_Generation.pdf	https://s2026.conference-schedule.org/?post_type=page&p=15&id=papers_1067&sess=sess156	OmniRoam: World Wandering via Long-Horizon Panoramic Video Generation	SIGGRAPH 2026	21102369	1456966	1456966
obsidian-vault/paperPDFs/SIGGRAPH_2025/Interspatial_Attention_for_Efficient_4D_Human_Video_Generation.pdf	http://arxiv.org/abs/2505.15800v2	Interspatial Attention for Efficient 4D Human Video Generation	SIGGRAPH 2025	21034219	1406577	1406577
obsidian-vault/paperPDFs/SIGGRAPH_ASIA_2023/PSDR_Room_Single_Photo_to_Scene_using_Differentiable_Rendering.pdf	https://doi.org/10.1145/3610548.3618165	PSDR-Room: Single Photo to Scene using Differentiable Rendering	SIGGRAPH ASIA 2023	21027805	834671	834671
obsidian-vault/paperPDFs/SIGGRAPH_2024/Interactive_Character_Control_with_Auto_Regressive_Motion_Diffusion_Models.pdf	https://arxiv.org/abs/2306.00416	Interactive Character Control with Auto-Regressive Motion Diffusion Models	SIGGRAPH 2024	20974343	1112329	1112329
