status	setting	original_bytes	new_bytes	original_pages	new_pages	path	detail
replaced	ebook	139319096	665698	8	8	obsidian-vault/paperPDFs/SIGGRAPH_ASIA_2022/DeepMVSHair_Deep_Hair_Modeling_from_Sparse_Views.pdf	qpdf ok
replaced	ebook	139680928	879432	11	11	obsidian-vault/paperPDFs/SIGGRAPH_2025/Physics_inspired_Estimation_of_Optimal_Cloth_Mesh_Resolution.pdf	qpdf ok
replaced	ebook	132319512	818190	11	11	obsidian-vault/paperPDFs/SIGGRAPH_2024/RGB_X_Image_Decomposition_and_Synthesis_Using_Material_and_Lighting_aware_Diffusion_Models.pdf	qpdf ok
replaced	ebook	140926160	985141	21	21	obsidian-vault/paperPDFs/SIGGRAPH_ASIA_2024/Alignable_Lamella_Gridshells.pdf	qpdf ok
replaced	ebook	130971584	1069273	15	15	obsidian-vault/paperPDFs/SIGGRAPH_2022/Semantically_Supervised_Appearance_Decomposition_for_Virtual_Staging_From_a_Single_Panorama.pdf	qpdf ok
replaced	ebook	137247397	1740325	28	28	obsidian-vault/paperPDFs/SIGGRAPH_ASIA_2023/An_Adaptive_Fast_Multipole_Accelerated_Hybrid_Boundary_Integral_Equation_Method_for_Accurate_Diffusion_Curves.pdf	qpdf ok
replaced	ebook	131288689	2034146	19	19	obsidian-vault/paperPDFs/SIGGRAPH_2025/TetWeave_Isosurface_Extraction_using_On_The_Fly_Delaunay_Tetrahedral_Grids_for_Gradient_Based_Mesh_Optimization.pdf	qpdf ok
replaced	ebook	135587363	7366948	24	24	obsidian-vault/paperPDFs/SIGGRAPH_ASIA_2025/Example_Based_Feature_Painting_on_Textures.pdf	qpdf ok
replaced	ebook	128995670	2781087	16	16	obsidian-vault/paperPDFs/SIGGRAPH_2023/Effect_based_Multi_viewer_Caching_for_Cloud_native_Rendering.pdf	qpdf ok
replaced	ebook	130892024	3859585	17	17	obsidian-vault/paperPDFs/SIGGRAPH_2022/Grid_free_Monte_Carlo_for_PDEs_With_Spatially_Varying_Coefficients.pdf	qpdf ok
replaced	ebook	127524276	1197456	15	15	obsidian-vault/paperPDFs/SIGGRAPH_2023/In_Timestep_Remeshing_for_Contacting_Elastodynamics.pdf	qpdf ok
replaced	ebook	127612052	1310548	16	16	obsidian-vault/paperPDFs/SIGGRAPH_2022/Joint_Neural_Phase_Retrieval_and_Compression_for_Energy_and_Computation_efficient_Holography_on_the_Edge.pdf	qpdf ok
replaced	ebook	128743883	4315210	18	18	obsidian-vault/paperPDFs/SIGGRAPH_2023/Micro_Mesh_Construction.pdf	qpdf ok
replaced	ebook	133438601	3233657	19	19	obsidian-vault/paperPDFs/SIGGRAPH_ASIA_2025/Automatic_Sampling_for_Discontinuities_in_Differentiable_Shaders.pdf	qpdf ok
replaced	ebook	126003156	2018426	11	11	obsidian-vault/paperPDFs/SIGGRAPH_2024/MVD_2_Efficient_Multiview_3D_Reconstruction_for_Multiview_Diffusion.pdf	qpdf ok
replaced	ebook	129154788	4200857	25	25	obsidian-vault/paperPDFs/SIGGRAPH_ASIA_2025/Magic_Fixup_Streamlining_Photo_Editing_by_Watching_Dynamic_Videos.pdf	qpdf ok
replaced	ebook	124632133	1244546	17	17	obsidian-vault/paperPDFs/SIGGRAPH_2024/NeurCADRecon_Neural_Representation_for_Reconstructing_CAD_Surfaces_by_Enforcing_Zero_Gaussian_Curvature.pdf	qpdf ok
replaced	ebook	124042243	1557557	25	25	obsidian-vault/paperPDFs/SIGGRAPH_ASIA_2025/Differentiable_Light_Transport_with_Gaussian_Surfels_via_Adapted_Radiosity_for_Efficient_Relighting_and_Geometry_Reconstruction.pdf	qpdf ok
replaced	ebook	121565443	1993010	17	17	obsidian-vault/paperPDFs/SIGGRAPH_2023/Winding_Numbers_on_Discrete_Surfaces.pdf	qpdf ok
replaced	ebook	121167312	1064013	11	11	obsidian-vault/paperPDFs/SIGGRAPH_ASIA_2025/Strands2Cards_Automatic_Generation_of_Hair_Cards_from_Strands.pdf	qpdf ok
replaced	ebook	124024903	2431908	16	16	obsidian-vault/paperPDFs/SGP_2025/The_Affine_Heat_Method.pdf	qpdf ok
replaced	ebook	130078026	1411567	16	16	obsidian-vault/paperPDFs/SIGGRAPH_ASIA_2022/Interactive_exploration_of_tension_compression_mixed_shells.pdf	qpdf ok
replaced	ebook	144626170	1936921	13	13	obsidian-vault/paperPDFs/SIGGRAPH_2025/Faraday_Cage_Estimation_of_Normals_for_Point_Clouds_and_Ribbon_Sketches.pdf	qpdf ok
replaced	ebook	142070554	3254418	15	15	obsidian-vault/paperPDFs/SIGGRAPH_2024/A_Free_space_Diffraction_BSDF.pdf	qpdf ok
replaced	ebook	117552098	1078116	8	8	obsidian-vault/paperPDFs/SIGGRAPH_ASIA_2022/Fast_Editing_of_Singularities_in_Field_Aligned_Stripe_Patterns.pdf	qpdf ok
replaced	ebook	120617010	2210552	23	23	obsidian-vault/paperPDFs/SIGGRAPH_2025/Single_Edge_Collapse_Quad_Dominant_Mesh_Reduction.pdf	qpdf ok
replaced	ebook	142643777	12384693	21	21	obsidian-vault/paperPDFs/SIGGRAPH_2023/Symmetric_Volume_Maps_Order_invariant_Volumetric_Mesh_Correspondence_With_Free_Boundary.pdf	qpdf ok
replaced	ebook	115531558	1231442	11	11	obsidian-vault/paperPDFs/SIGGRAPH_2024/Deep_Fourier_based_Arbitrary_scale_Super_resolution_for_Real_time_Rendering.pdf	qpdf ok
replaced	ebook	115536236	952665	17	17	obsidian-vault/paperPDFs/SIGGRAPH_2025/Inverse_Geometric_Locomotion.pdf	qpdf ok
replaced	ebook	112703727	1018961	11	11	obsidian-vault/paperPDFs/SIGGRAPH_ASIA_2023/Multi_color_Holograms_Improve_Brightness_in_Holographic_Displays.pdf	qpdf ok
replaced	ebook	119545355	2479143	17	17	obsidian-vault/paperPDFs/SIGGRAPH_2025/NeurCross_A_Neural_Approach_to_Computing_Cross_Fields_for_Quad_Mesh_Generation.pdf	qpdf ok
replaced	ebook	113092045	6007868	17	17	obsidian-vault/paperPDFs/SIGGRAPH_ASIA_2025/Realistic_Cloth_Rendering_with_a_Ray_Wave_Hybrid_Shading_Model.pdf	qpdf ok
replaced	ebook	111994794	849129	17	17	obsidian-vault/paperPDFs/SIGGRAPH_2022/Efficient_Kinetic_Simulation_of_Two_Phase_Flows.pdf	qpdf ok
replaced	ebook	117312116	1253806	13	13	obsidian-vault/paperPDFs/SIGGRAPH_2023/CT2Hair_High_fidelity_3D_Hair_Modeling_Using_Computed_Tomography.pdf	qpdf ok
replaced	ebook	112309517	1660516	11	11	obsidian-vault/paperPDFs/SIGGRAPH_ASIA_2025/Fine_Grained_Spatially_Varying_Material_Selection_in_Images.pdf	qpdf ok
replaced	ebook	108351087	1171879	16	16	obsidian-vault/paperPDFs/SIGGRAPH_2023/Second_order_Stencil_Descent_for_Interior_point_Hyperelasticity.pdf	qpdf ok
replaced	ebook	119069068	1973906	14	14	obsidian-vault/paperPDFs/SIGGRAPH_ASIA_2025/Force_Dual_Modes_Subspace_Design_from_Stochastic_Forces.pdf	qpdf ok
replaced	ebook	109732597	1018137	15	15	obsidian-vault/paperPDFs/SIGGRAPH_2023/A_Practical_Wave_Optics_Reflection_Model_for_Hair_and_Fur.pdf	qpdf ok
replaced	ebook	112964356	1538744	18	18	obsidian-vault/paperPDFs/SIGGRAPH_ASIA_2023/Slippage_Preserving_Reshaping_of_Human_Made_3D_Content.pdf	qpdf ok
replaced	ebook	105185547	927125	15	15	obsidian-vault/paperPDFs/SIGGRAPH_ASIA_2024/Cafca_High_quality_Novel_View_Synthesis_of_Expressive_Faces_from_Casual_Few_shot_Captures.pdf	qpdf ok
replaced	ebook	106388413	1578875	10	10	obsidian-vault/paperPDFs/SIGGRAPH_2024/Real_time_Neural_Woven_Fabric_Rendering.pdf	qpdf ok
replaced	ebook	118076069	1503392	11	11	obsidian-vault/paperPDFs/SIGGRAPH_ASIA_2025/LookUp3D_Data_Driven_3D_Scanning.pdf	qpdf ok
replaced	ebook	126040386	1517788	13	13	obsidian-vault/paperPDFs/SIGGRAPH_ASIA_2024/Tencers_Tension_Constrained_Elastic_Rods.pdf	qpdf ok
replaced	ebook	104391252	1605740	11	11	obsidian-vault/paperPDFs/SIGGRAPH_2022/SNeRF_Stylized_Neural_Implicit_Representations_for_3D_Scenes.pdf	qpdf ok
replaced	ebook	104665008	969079	12	12	obsidian-vault/paperPDFs/SIGGRAPH_2022/ASSET_Autoregressive_Semantic_Scene_Editing_With_Transformers_at_High_Resolutions.pdf	qpdf ok
replaced	ebook	102915737	687042	12	12	obsidian-vault/paperPDFs/SIGGRAPH_ASIA_2024/Large_Scale_Farm_Scene_Modeling_from_Remote_Sensing_Imagery.pdf	qpdf ok
replaced	ebook	104383174	1690840	15	15	obsidian-vault/paperPDFs/SIGGRAPH_2022/Umbrella_Meshes_Elastic_Mechanisms_for_Freeform_Shape_Deployment.pdf	qpdf ok
replaced	ebook	101635151	1022896	12	12	obsidian-vault/paperPDFs/SIGGRAPH_2025/Controllable_Complex_Freezing_Dynamics_Simulation_on_Thin_Films.pdf	qpdf ok
replaced	ebook	102339645	1604337	20	20	obsidian-vault/paperPDFs/SIGGRAPH_ASIA_2024/Designing_triangle_meshes_with_controlled_roughness.pdf	qpdf ok
replaced	ebook	101251348	1065361	13	13	obsidian-vault/paperPDFs/SIGGRAPH_2024/Stochastic_Computation_of_Barycentric_Coordinates.pdf	qpdf ok
replaced	ebook	100845909	1406716	17	17	obsidian-vault/paperPDFs/SIGGRAPH_ASIA_2024/Volume_Scattering_Probability_Guiding.pdf	qpdf ok
replaced	ebook	100695071	2412615	11	11	obsidian-vault/paperPDFs/SIGGRAPH_ASIA_2023/SOL_NeRF_Sunlight_Modeling_for_Outdoor_Scene_Decomposition_and_Relighting.pdf	qpdf ok
replaced	ebook	103226658	4023625	11	11	obsidian-vault/paperPDFs/SIGGRAPH_2025/Monocular_Online_Reconstruction_with_Enhanced_Detail_Preservation.pdf	qpdf ok
replaced	ebook	102597868	4562897	26	26	obsidian-vault/paperPDFs/SIGGRAPH_2023/Variational_Quasi_harmonic_Maps_for_Computing_Diffeomorphisms.pdf	qpdf ok
replaced	ebook	104896562	2884803	18	18	obsidian-vault/paperPDFs/SIGGRAPH_2025/QUASAR_Quad_based_Adaptive_Streaming_And_Rendering.pdf	qpdf ok
replaced	ebook	105041964	1194036	20	20	obsidian-vault/paperPDFs/SIGGRAPH_2024/Capacitive_Touch_Sensing_on_General_3D_Surfaces.pdf	qpdf ok
replaced	ebook	99476363	827841	16	16	obsidian-vault/paperPDFs/SIGGRAPH_2024/Variational_Feature_Extraction_in_Scientific_Visualization.pdf	qpdf ok
replaced	ebook	99101854	1836790	16	16	obsidian-vault/paperPDFs/SIGGRAPH_ASIA_2025/Simplifying_Textured_Triangle_Meshes_in_the_Wild.pdf	qpdf ok
replaced	ebook	100288693	1278711	14	14	obsidian-vault/paperPDFs/SIGGRAPH_ASIA_2024/NU_NeRF_Neural_Reconstruction_of_Nested_Transparent_Objects_with_Uncontrolled_Capture_Environment.pdf	qpdf ok
replaced	ebook	98972763	1138631	11	11	obsidian-vault/paperPDFs/SIGGRAPH_2024/VRMM_A_Volumetric_Relightable_Morphable_Head_Model.pdf	qpdf ok
replaced	ebook	144357248	1061838	11	11	obsidian-vault/paperPDFs/SIGGRAPH_2024/Semantic_Shape_Editing_With_Parametric_Implicit_Templates.pdf	qpdf ok
replaced	ebook	98485235	1021034	10	10	obsidian-vault/paperPDFs/SIGGRAPH_ASIA_2025/PanoDreamer_Optimization_Based_Single_Image_to_360_3D_Scene_With_Diffusion.pdf	qpdf ok
replaced	ebook	110620751	6321638	15	15	obsidian-vault/paperPDFs/SIGGRAPH_ASIA_2022/Hydrophobic_and_Hydrophilic_Solid_Fluid_Interaction.pdf	qpdf ok
replaced	ebook	98610047	1657423	13	13	obsidian-vault/paperPDFs/SIGGRAPH_ASIA_2023/Efficient_Cone_Singularity_Construction_for_Conformal_Parameterizations.pdf	qpdf ok
replaced	ebook	145454238	4051374	15	15	obsidian-vault/paperPDFs/SIGGRAPH_2025/Field_Smoothness_Controlled_Partition_for_Quadrangulation.pdf	qpdf ok
replaced	ebook	95010534	556824	10	10	obsidian-vault/paperPDFs/SIGGRAPH_2025/Curl_Quantization_for_Automatic_Placement_of_Knit_Singularities.pdf	qpdf ok
replaced	ebook	98435430	1694448	18	18	obsidian-vault/paperPDFs/SIGGRAPH_2022/Simulation_and_Optimization_of_Magnetoelastic_Thin_Shells.pdf	qpdf ok
replaced	ebook	93721761	614459	9	9	obsidian-vault/paperPDFs/SIGGRAPH_ASIA_2022/A_Biologically_Inspired_Hair_Aging_Model.pdf	qpdf ok
replaced	ebook	95734392	3227473	10	10	obsidian-vault/paperPDFs/SIGGRAPH_ASIA_2025/Neural_Kinematic_Bases_for_Fluids.pdf	qpdf ok
replaced	ebook	94922908	1286568	16	16	obsidian-vault/paperPDFs/SIGGRAPH_2026/ArtiFixer_Enhancing_and_Extending_3D_Reconstruction_with_Auto_Regressive_Diffusion_Models.pdf	qpdf ok
replaced	ebook	95885511	2352305	13	13	obsidian-vault/paperPDFs/SIGGRAPH_ASIA_2023/Text_Guided_Synthesis_of_Eulerian_Cinemagraphs.pdf	qpdf ok
replaced	ebook	149362074	1753914	11	11	obsidian-vault/paperPDFs/SIGGRAPH_ASIA_2025/PhysiOpt_Physics_Driven_Shape_Optimization_for_3D_Generative_Models.pdf	qpdf ok
replaced	ebook	93340012	1112473	16	16	obsidian-vault/paperPDFs/SIGGRAPH_2024/Lightning_fast_Method_of_Fundamental_Solutions.pdf	qpdf ok
replaced	ebook	91633917	1458837	21	21	obsidian-vault/paperPDFs/CVPR_2026/PaCo_RL_Advancing_Reinforcement_Learning_for_Consistent_Image_Generation_with_Pairwise_Reward_Modeling.pdf	qpdf ok
replaced	ebook	92857787	1417853	11	11	obsidian-vault/paperPDFs/SIGGRAPH_2024/Fabricable_3D_Wire_Art.pdf	qpdf ok
replaced	ebook	101921390	1994362	16	16	obsidian-vault/paperPDFs/SIGGRAPH_2022/Penetration_free_Projective_Dynamics_on_the_GPU.pdf	qpdf ok
replaced	ebook	90866535	1542210	21	21	obsidian-vault/paperPDFs/SIGGRAPH_ASIA_2023/Efficient_Graphics_Representation_with_Differentiable_Indirection.pdf	qpdf ok
replaced	ebook	91919492	2702305	15	15	obsidian-vault/paperPDFs/SIGGRAPH_ASIA_2025/Fabricable_Discretized_Ruled_Surfaces.pdf	qpdf ok
replaced	ebook	91786411	3731349	30	30	obsidian-vault/paperPDFs/CVPR_2026/ORV_4D_Occupancy_centric_Robot_Video_Generation.pdf	qpdf ok
replaced	ebook	90541873	1245340	12	12	obsidian-vault/paperPDFs/SIGGRAPH_ASIA_2025/AniTex_Light_Geometry_Consistent_PBR_Material_Generation_for_Animatable_Objects.pdf	qpdf ok
replaced	ebook	90198088	1380831	11	11	obsidian-vault/paperPDFs/SIGGRAPH_2024/Controllable_Neural_Style_Transfer_for_Dynamic_Meshes.pdf	qpdf ok
replaced	ebook	90782329	2687556	24	24	obsidian-vault/paperPDFs/SIGGRAPH_2025/A_Hybrid_Near_wall_Model_for_Kinetic_Simulation_of_Turbulent_Boundary_Layer_Flows.pdf	qpdf ok
replaced	ebook	89085845	1742695	11	11	obsidian-vault/paperPDFs/SIGGRAPH_2024/A_Construct_optimize_Approach_to_Sparse_View_Synthesis_Without_Camera_Pose.pdf	qpdf ok
replaced	ebook	90297051	2448864	18	18	obsidian-vault/paperPDFs/SIGGRAPH_2025/Diffusing_Winding_Gradients_DWG_A_Parallel_and_Scalable_Method_for_3D_Reconstruction_from_Unoriented_Point_Clouds.pdf	qpdf ok
replaced	ebook	100672473	11275236	16	16	obsidian-vault/paperPDFs/SIGGRAPH_ASIA_2023/Non_Newtonian_ViRheometry_via_Similarity_Analysis.pdf	qpdf ok
replaced	ebook	92096174	6074577	12	12	obsidian-vault/paperPDFs/SIGGRAPH_2023/ColorfulCurves_Palette_aware_Lightness_Control_and_Color_Editing_via_Sparse_Optimization.pdf	qpdf ok
replaced	ebook	96970037	1538865	11	11	obsidian-vault/paperPDFs/SIGGRAPH_ASIA_2025/UTDesign_A_Unified_Framework_for_Stylized_Text_Editing_and_Generation_in_Graphic_Design_Images.pdf	qpdf ok
replaced	ebook	87393283	2280788	9	9	obsidian-vault/paperPDFs/SIGGRAPH_ASIA_2023/Neural_Stochastic_Poisson_Surface_Reconstruction.pdf	qpdf ok
replaced	ebook	87082583	1089893	11	11	obsidian-vault/paperPDFs/SIGGRAPH_ASIA_2025/SMF_Template_free_and_Rig_free_Animation_Transfer_using_Kinetic_Codes.pdf	qpdf ok
replaced	ebook	89345687	1700875	14	14	obsidian-vault/paperPDFs/SIGGRAPH_2025/Designing_3D_Anisotropic_Frame_Fields_with_Odeco_Tensors.pdf	qpdf ok
replaced	ebook	85708001	3186757	18	18	obsidian-vault/paperPDFs/SIGGRAPH_ASIA_2023/Doppler_Time_of_Flight_Rendering.pdf	qpdf ok
replaced	ebook	85676029	1042039	12	12	obsidian-vault/paperPDFs/SIGGRAPH_ASIA_2025/GenLit_Reformulating_Single_Image_Relighting_as_Video_Generation.pdf	qpdf ok
replaced	ebook	85599609	1241843	11	11	obsidian-vault/paperPDFs/SIGGRAPH_ASIA_2025/PractiLight_Practical_Light_Control_Using_Foundational_Diffusion_Models.pdf	qpdf ok
replaced	ebook	85626541	1226954	11	11	obsidian-vault/paperPDFs/SIGGRAPH_2025/AssetDropper_Asset_Extraction_via_Diffusion_Models_with_Reward-Driven_Optimization.pdf	qpdf ok
replaced	ebook	84613113	1000949	9	9	obsidian-vault/paperPDFs/SIGGRAPH_ASIA_2023/Fast_MSX_Fast_Multiple_Scattering_Approximation.pdf	qpdf ok
replaced	ebook	86653905	2136674	38	38	obsidian-vault/paperPDFs/SIGGRAPH_ASIA_2024/Fluid_Implicit_Particles_on_Coadjoint_Orbits.pdf	qpdf ok
replaced	ebook	83960757	548829	11	11	obsidian-vault/paperPDFs/SIGGRAPH_2023/Deep_SVBRDF_Estimation_From_Single_Image_Under_Learned_Planar_Lighting.pdf	qpdf ok
replaced	ebook	89068284	1333570	13	13	obsidian-vault/paperPDFs/SIGGRAPH_2024/Seamless_Parametrization_in_Penner_Coordinates.pdf	qpdf ok
replaced	ebook	84511332	586907	11	11	obsidian-vault/paperPDFs/SIGGRAPH_ASIA_2023/An_Implicitly_Stable_Mixture_Model_for_Dynamic_Multi_fluid_Simulations.pdf	qpdf ok
replaced	ebook	83749606	5129110	11	11	obsidian-vault/paperPDFs/SIGGRAPH_ASIA_2025/A_compact_stochastic_representation_for_Monte_Carlo_Path_Traced_images.pdf	qpdf ok
replaced	ebook	84842124	4790810	17	17	obsidian-vault/paperPDFs/SIGGRAPH_2025/Echoes_of_the_Coliseum_Towards_3D_Live_streaming_of_Sports_Events.pdf	qpdf ok
replaced	ebook	82786911	1774851	11	11	obsidian-vault/paperPDFs/SIGGRAPH_2026/Broadband_Hyperspectral_3D_Imaging_using_Dispersed_Structured_Light.pdf	qpdf ok
replaced	ebook	82197851	778567	11	11	obsidian-vault/paperPDFs/SIGGRAPH_ASIA_2025/SOF_Sorted_Opacity_Fields_for_Fast_Unbounded_Surface_Reconstruction.pdf	qpdf ok
replaced	ebook	83665799	3743979	15	15	obsidian-vault/paperPDFs/SIGGRAPH_2023/Computational_Long_Exposure_Mobile_Photography.pdf	qpdf ok
replaced	ebook	83179053	1346651	12	12	obsidian-vault/paperPDFs/SIGGRAPH_ASIA_2025/Variational_Neural_Surfacing_of_3D_Sketches.pdf	qpdf ok
replaced	ebook	82601504	1405352	20	20	obsidian-vault/paperPDFs/SIGGRAPH_2024/Lifting_Directional_Fields_to_Minimal_Sections.pdf	qpdf ok
replaced	ebook	99578217	2883297	18	18	obsidian-vault/paperPDFs/SIGGRAPH_2026/Neural_Cellular_Automata_From_Cells_to_Pixels.pdf	qpdf ok
replaced	ebook	82225175	1349992	15	15	obsidian-vault/paperPDFs/SIGGRAPH_ASIA_2023/Computational_Design_of_LEGO_Sketch_Art.pdf	qpdf ok
replaced	ebook	81748169	1349926	12	12	obsidian-vault/paperPDFs/SIGGRAPH_2025/Splat_and_Replace_3D_Reconstruction_with_Repetitive_Elements.pdf	qpdf ok
replaced	ebook	82128319	1795090	16	16	obsidian-vault/paperPDFs/SIGGRAPH_ASIA_2023/Reconstruction_of_Machine_Made_Shapes_from_Bitmap_Sketches.pdf	qpdf ok
replaced	ebook	83482059	991166	11	11	obsidian-vault/paperPDFs/SIGGRAPH_ASIA_2024/FaceMap_Distortion_Driven_Perceptual_Facial_Saliency_Maps.pdf	qpdf ok
replaced	ebook	81165801	2035773	13	13	obsidian-vault/paperPDFs/SIGGRAPH_2024/TensoSDF_Roughness_aware_Tensorial_Representation_for_Robust_Geometry_and_Material_Reconstruction.pdf	qpdf ok
replaced	ebook	80943807	639250	10	10	obsidian-vault/paperPDFs/SIGGRAPH_2024/Efficient_Position_based_Deformable_Colon_Modeling_for_Endoscopic_Procedures_Simulation.pdf	qpdf ok
replaced	ebook	80791119	1069237	12	12	obsidian-vault/paperPDFs/SIGGRAPH_ASIA_2024/Dynamic_Neural_Radiosity_with_Multi_grid_Decomposition.pdf	qpdf ok
replaced	ebook	81386275	1410043	15	15	obsidian-vault/paperPDFs/SIGGRAPH_2023/Local_Deformation_for_Interactive_Shape_Editing.pdf	qpdf ok
replaced	ebook	80547673	1155708	11	11	obsidian-vault/paperPDFs/SIGGRAPH_ASIA_2025/Self_supervised_Underwater_Color_Restoration_via_Wavelet_Diffusion_Model_with_Filtered_Multi_Scale_Feature_Distillation.pdf	qpdf ok
replaced	ebook	82134429	2674272	16	16	obsidian-vault/paperPDFs/SIGGRAPH_ASIA_2024/Architectural_Co_LOD_Generation.pdf	qpdf ok
replaced	ebook	80568703	1074477	9	9	obsidian-vault/paperPDFs/SIGGRAPH_ASIA_2025/Solid_Shell_Labeling_for_Discrete_Surfaces.pdf	qpdf ok
replaced	ebook	79722821	2085323	13	13	obsidian-vault/paperPDFs/SIGGRAPH_2023/SpongeCake_A_Layered_Microflake_Surface_Appearance_Model.pdf	qpdf ok
replaced	ebook	79687010	1137352	16	16	obsidian-vault/paperPDFs/SIGGRAPH_2023/PCBend_Light_Up_Your_3D_Shapes_With_Foldable_Circuit_Boards.pdf	qpdf ok
replaced	ebook	79682881	1186598	14	14	obsidian-vault/paperPDFs/SIGGRAPH_ASIA_2023/TwinTex_Geometry_aware_Texture_Generation_for_Abstracted_3D_Architectural_Models.pdf	qpdf ok
replaced	ebook	79417288	1053743	14	14	obsidian-vault/paperPDFs/SIGGRAPH_2022/SPCBPT_Subspace_based_Probabilistic_Connections_for_Bidirectional_Path_Tracing.pdf	qpdf ok
replaced	ebook	95133243	1713934	21	21	obsidian-vault/paperPDFs/SIGGRAPH_ASIA_2022/Curl_Flow_Boundary_Respecting_Pointwise_Incompressible_Velocity_Interpolation_for_Grid_Based_Fluids.pdf	qpdf ok
replaced	ebook	86351293	13477457	15	15	obsidian-vault/paperPDFs/SIGGRAPH_2023/Differential_Operators_on_Sketches_via_Alpha_Contours.pdf	qpdf ok
replaced	ebook	79224364	2963723	17	17	obsidian-vault/paperPDFs/SIGGRAPH_2024/From_Microfacets_to_Participating_Media_A_Unified_Theory_of_Light_Transport_With_Stochastic_Geometry.pdf	qpdf ok
replaced	ebook	78681518	920628	13	13	obsidian-vault/paperPDFs/TOG_2022/DeepPhase_periodic_autoencoders_for_learning_motion_phase_manifolds.pdf	qpdf ok
replaced	ebook	77706922	1712845	17	17	obsidian-vault/paperPDFs/SIGGRAPH_2024/StopThePop_Sorted_Gaussian_Splatting_for_View_consistent_Real_time_Rendering.pdf	qpdf ok
replaced	ebook	77661166	1731836	11	11	obsidian-vault/paperPDFs/SIGGRAPH_ASIA_2025/S_sup_3_sup_Imagery_u_S_u_pecular_u_S_u_hading_from_u_S_u_cratch_Anisotropy.pdf	qpdf ok
kept	none	289762206	0	19		obsidian-vault/paperPDFs/SIGGRAPH_2025/Optimal_r_Adaptive_In_Timestep_Remeshing_for_Elastodynamics.pdf	timeout after 300s
kept	none	146118726	0	16		obsidian-vault/paperPDFs/SIGGRAPH_2023/Computational_Exploration_of_Multistable_Elastic_Knots.pdf	timeout after 300s
replaced	ebook	79024065	2733357	14	14	obsidian-vault/paperPDFs/SIGGRAPH_ASIA_2023/Neural_Singular_Hessian_Implicit_Neural_Representation_of_Unoriented_Point_Clouds_by_Enforcing_Singular_Hessian.pdf	qpdf ok
replaced	ebook	80411206	1888186	19	19	obsidian-vault/paperPDFs/SIGGRAPH_2024/Stylized_Rendering_as_a_Function_of_Expectation.pdf	qpdf ok
replaced	ebook	75833750	1791837	10	10	obsidian-vault/paperPDFs/SIGGRAPH_2023/MesoGen_Designing_Procedural_On_surface_Stranded_Mesostructures.pdf	qpdf ok
replaced	ebook	76904039	1121805	11	11	obsidian-vault/paperPDFs/SIGGRAPH_ASIA_2025/StereoFG_Generating_Stereo_Frames_from_Centered_Feature_Stream.pdf	qpdf ok
replaced	ebook	75236050	1453166	16	16	obsidian-vault/paperPDFs/SIGGRAPH_2024/Creating_LEGO_Figurines_From_Single_Images.pdf	qpdf ok
replaced	ebook	77062150	1114001	11	11	obsidian-vault/paperPDFs/SIGGRAPH_ASIA_2023/Single_Image_3D_Human_Digitization_with_Shape_guided_Diffusion.pdf	qpdf ok
replaced	ebook	76623644	2718160	14	14	obsidian-vault/paperPDFs/SIGGRAPH_2023/Inverse_Global_Illumination_Using_a_Neural_Radiometric_Prior.pdf	qpdf ok
replaced	ebook	75044786	2036418	13	13	obsidian-vault/paperPDFs/SIGGRAPH_ASIA_2022/MIPNet_Neural_Normal_to_Anisotropic_Roughness_MIP_mapping.pdf	qpdf ok
replaced	ebook	81572299	1114210	11	11	obsidian-vault/paperPDFs/SIGGRAPH_2024/GPU_accelerated_Rendering_of_Vector_Brush_Strokes.pdf	qpdf ok
replaced	ebook	74539408	2168065	20	20	obsidian-vault/paperPDFs/SIGGRAPH_2025/Quadric_Based_Silhouette_Sampling_for_Differentiable_Rendering.pdf	qpdf ok
replaced	ebook	74902575	4580202	13	13	obsidian-vault/paperPDFs/SIGGRAPH_2024/Learning_Images_Across_Scales_Using_Adversarial_Training.pdf	qpdf ok
replaced	ebook	74454711	1528379	14	14	obsidian-vault/paperPDFs/SIGGRAPH_2024/LightFormer_Light_oriented_Global_Neural_Rendering_in_Dynamic_Scene.pdf	qpdf ok
replaced	ebook	74800020	1177781	9	9	obsidian-vault/paperPDFs/SIGGRAPH_2023/Polynomial_2D_Green_Coordinates_for_Polygonal_Cages.pdf	qpdf ok
replaced	ebook	80383930	653230	8	8	obsidian-vault/paperPDFs/SIGGRAPH_ASIA_2022/Mixed_Variational_Finite_Elements_for_Implicit_Simulation_of_Deformables.pdf	qpdf ok
replaced	ebook	74172850	1128197	11	11	obsidian-vault/paperPDFs/SIGGRAPH_ASIA_2023/Neural_Packing_from_Visual_Sensing_to_Reinforcement_Learning.pdf	qpdf ok
replaced	ebook	74127892	873036	10	10	obsidian-vault/paperPDFs/SIGGRAPH_2022/Stroke_Transfer_Example_based_Synthesis_of_Animatable_Stroke_Styles.pdf	qpdf ok
replaced	ebook	73619730	1566217	17	17	obsidian-vault/paperPDFs/SIGGRAPH_ASIA_2022/Learning_Reconstructability_for_Drone_Aerial_Path_Planning.pdf	qpdf ok
replaced	ebook	73292879	792872	14	14	obsidian-vault/paperPDFs/TOG_2019/Neural_State_Machine_for_Character_Scene_Interactions.pdf	qpdf ok
replaced	ebook	73700448	691778	18	18	obsidian-vault/paperPDFs/SIGGRAPH_2025/MiSo_A_DSL_for_robust_and_efficient_MINIMIZE_and_SOLVE_problems.pdf	qpdf ok
kept	none	113920765	0	23		obsidian-vault/paperPDFs/SIGGRAPH_ASIA_2025/GarmageNet_A_Multimodal_Generative_Framework_for_Sewing_Pattern_Design_and_Generic_Garment_Modeling.pdf	timeout after 300s
replaced	ebook	73184948	891106	14	14	obsidian-vault/paperPDFs/TOG_2024/Categorical_Codebook_Matching_for_Embodied_Character_Controllers.pdf	qpdf ok
replaced	ebook	73623287	3809324	16	16	obsidian-vault/paperPDFs/SIGGRAPH_2026/The_Antipodal_Method_Fast_Accurate_and_Robust_3D_Generalized_Winding_Numbers.pdf	qpdf ok
replaced	ebook	73015937	1236958	17	17	obsidian-vault/paperPDFs/CVPR_2026/Gen3R_3D_Scene_Generation_Meets_Feed_Forward_Reconstruction.pdf	qpdf ok
replaced	ebook	72585071	3455111	8	8	obsidian-vault/paperPDFs/SIGGRAPH_ASIA_2022/Woven_Fabric_Capture_from_a_Single_Photo.pdf	qpdf ok
replaced	ebook	72559857	1167803	16	16	obsidian-vault/paperPDFs/SIGGRAPH_2024/Self_Supervised_High_Dynamic_Range_Imaging_What_Can_Be_Learned_from_a_Single_8_bit_Video.pdf	qpdf ok
replaced	ebook	73173389	1423386	10	10	obsidian-vault/paperPDFs/SIGGRAPH_2023/NeuSample_Importance_Sampling_for_Neural_Materials.pdf	qpdf ok
replaced	ebook	74949824	1807583	21	21	obsidian-vault/paperPDFs/SIGGRAPH_2024/Proxy_Tracing_Unbiased_Reciprocal_Estimation_for_Optimized_Sampling_in_BDPT.pdf	qpdf ok
replaced	ebook	73848353	4629719	14	14	obsidian-vault/paperPDFs/SIGGRAPH_2024/FlexScale_Modeling_and_Characterization_of_Flexible_Scaled_Sheets.pdf	qpdf ok
replaced	ebook	72485025	986046	15	15	obsidian-vault/paperPDFs/SIGGRAPH_ASIA_2023/GarmentCode_Programming_Parametric_Sewing_Patterns.pdf	qpdf ok
replaced	ebook	72520227	3612899	12	12	obsidian-vault/paperPDFs/SIGGRAPH_ASIA_2025/Spectral_Prefiltering_of_Neural_Fields.pdf	qpdf ok
replaced	ebook	72175081	2364508	15	15	obsidian-vault/paperPDFs/SIGGRAPH_2023/The_Visual_Language_of_Fabrics.pdf	qpdf ok
kept	none	101676564	0	283		obsidian-vault/paperPDFs/SGP_GRADUATE_SCHOOL_2024/Monte_Carlo_Geometry_Processing.pdf	timeout after 300s
replaced	ebook	70892817	4074490	36	36	obsidian-vault/paperPDFs/SIGGRAPH_2026/Complex_Valued_Holographic_Radiance_Fields.pdf	qpdf ok
replaced	ebook	71664040	1317394	12	12	obsidian-vault/paperPDFs/SIGGRAPH_ASIA_2025/Autoregressive_Generation_of_Static_and_Growing_Trees.pdf	qpdf ok
replaced	ebook	72569022	4573185	12	12	obsidian-vault/paperPDFs/SIGGRAPH_ASIA_2025/InfiniHuman_Realistic_3D_Human_Creation_with_Precise_Control.pdf	qpdf ok
replaced	ebook	79754120	1325770	21	21	obsidian-vault/paperPDFs/SIGGRAPH_2025/PS_CAD_Local_Geometry_Guidance_via_Prompting_and_Selection_for_CAD_Reconstruction.pdf	qpdf ok
replaced	ebook	70431786	1766195	10	10	obsidian-vault/paperPDFs/SIGGRAPH_ASIA_2023/Multiple_bounce_Smith_Microfacet_BRDFs_using_the_Invariance_Principle.pdf	qpdf ok
kept	none	101027494	0	23		obsidian-vault/paperPDFs/SIGGRAPH_ASIA_2025/NESI_Neural_Explicit_Shape_Intersection_Based_Geometry_Representation.pdf	timeout after 300s
replaced	ebook	70500446	1332525	11	11	obsidian-vault/paperPDFs/SIGGRAPH_2024/Neural_Monte_Carlo_Fluid_Simulation.pdf	qpdf ok
replaced	ebook	69898651	694497	9	9	obsidian-vault/paperPDFs/SIGGRAPH_2022/MoRF_Morphable_Radiance_Fields_for_Multiview_Neural_Head_Modeling.pdf	qpdf ok
replaced	ebook	70153965	1234817	14	14	obsidian-vault/paperPDFs/SIGGRAPH_2024/A_Fully_correlated_Anisotropic_Micrograin_BSDF_Model.pdf	qpdf ok
replaced	ebook	70798335	2764600	16	16	obsidian-vault/paperPDFs/SIGGRAPH_ASIA_2025/PoissonNet_A_Local_Global_Approach_for_Learning_on_Surfaces.pdf	qpdf ok
replaced	ebook	70716290	2134381	22	22	obsidian-vault/paperPDFs/SIGGRAPH_2023/Deep_Appearance_Prefiltering.pdf	qpdf ok
replaced	ebook	69421561	1287317	22	22	obsidian-vault/paperPDFs/SIGGRAPH_2022/VEMPIC_Particle_in_polyhedron_Fluid_Simulation_for_Intricate_Solid_Boundaries.pdf	qpdf ok
replaced	ebook	74988465	13021173	14	14	obsidian-vault/paperPDFs/SIGGRAPH_ASIA_2022/Declarative_Specification_for_Unstructured_Mesh_Editing_Algorithms.pdf	qpdf ok
replaced	ebook	73841724	1142216	12	12	obsidian-vault/paperPDFs/SIGGRAPH_ASIA_2025/ShapeGen_Towards_High_Quality_3D_Shape_Synthesis.pdf	qpdf ok
replaced	ebook	69104572	4349346	11	11	obsidian-vault/paperPDFs/SIGGRAPH_2023/Neural_Partitioning_Pyramids_for_Denoising_Monte_Carlo_Renderings.pdf	qpdf ok
replaced	ebook	68534964	666902	11	11	obsidian-vault/paperPDFs/SIGGRAPH_2023/High_order_Incremental_Potential_Contact_for_Elastodynamic_Simulation_on_Curved_Meshes.pdf	qpdf ok
replaced	ebook	67791130	1820781	14	14	obsidian-vault/paperPDFs/SIGGRAPH_2022/Regression_based_Monte_Carlo_Integration.pdf	qpdf ok
replaced	ebook	69414814	2784203	15	15	obsidian-vault/paperPDFs/SIGGRAPH_ASIA_2023/MetaLayer_A_Meta_learned_BSDF_Model_for_Layered_Materials.pdf	qpdf ok
replaced	ebook	68819980	5757144	17	17	obsidian-vault/paperPDFs/SIGGRAPH_ASIA_2024/A_class_of_new_tuned_primal_subdivision_schemes_with_high_quality_limit_surface_in_extraordinary_regions.pdf	qpdf ok
replaced	ebook	69473155	5043458	15	15	obsidian-vault/paperPDFs/SIGGRAPH_ASIA_2024/C_0_Generalized_Coons_Patches_for_High_order_Cage_based_Deformation.pdf	qpdf ok
replaced	ebook	67191202	1461004	11	11	obsidian-vault/paperPDFs/SIGGRAPH_ASIA_2024/BSDF_importance_sampling_using_a_diffusion_model.pdf	qpdf ok
replaced	ebook	66889178	1426418	14	14	obsidian-vault/paperPDFs/SIGGRAPH_ASIA_2023/Manifold_Path_Guiding_for_Importance_Sampling_Specular_Chains.pdf	qpdf ok
replaced	ebook	66935774	1991341	12	12	obsidian-vault/paperPDFs/SIGGRAPH_2024/Spatial_and_Surface_Correspondence_Field_for_Interaction_Transfer.pdf	qpdf ok
replaced	ebook	67623040	2998680	14	14	obsidian-vault/paperPDFs/SIGGRAPH_ASIA_2022/Efficient_Light_Probes_for_Real_time_Global_Illumination.pdf	qpdf ok
replaced	ebook	66305549	870000	11	11	obsidian-vault/paperPDFs/SIGGRAPH_ASIA_2024/Curly_Cue_Geometric_Methods_for_Highly_Coiled_Hair.pdf	qpdf ok
replaced	ebook	67961634	1432599	18	18	obsidian-vault/paperPDFs/SIGGRAPH_ASIA_2025/One_String_to_Pull_Them_All_Fast_Assembly_of_Curved_Structures_from_Flat_Auxetic_Linkages.pdf	qpdf ok
replaced	ebook	67134045	1081769	15	15	obsidian-vault/paperPDFs/SIGGRAPH_ASIA_2024/GFFE_G_buffer_Free_Frame_Extrapolation_for_Low_latency_Real_time_Rendering.pdf	qpdf ok
replaced	ebook	66226381	840843	14	14	obsidian-vault/paperPDFs/SIGGRAPH_2025/Lightning_fast_Boundary_Element_Method.pdf	qpdf ok
replaced	ebook	65973360	1079967	10	10	obsidian-vault/paperPDFs/SIGGRAPH_2025/Stochastic_Preconditioning_for_Neural_Field_Optimization.pdf	qpdf ok
replaced	ebook	65689465	1261905	15	15	obsidian-vault/paperPDFs/SIGGRAPH_2023/Real_time_Radiance_Fields_for_Single_image_Portrait_View_Synthesis.pdf	qpdf ok
replaced	ebook	77136218	19636870	11	11	obsidian-vault/paperPDFs/SIGGRAPH_2025/Conformal_First_Passage_for_Epsilon_free_Walk_on_Spheres.pdf	qpdf ok
replaced	ebook	64946146	1043107	11	11	obsidian-vault/paperPDFs/SIGGRAPH_2024/Versatile_Vision_Foundation_Model_for_Image_and_Video_Colorization.pdf	qpdf ok
replaced	ebook	65918994	932231	12	12	obsidian-vault/paperPDFs/SIGGRAPH_ASIA_2025/ASIA_Adaptive_3D_Segmentation_using_Few_Image_Annotations.pdf	qpdf ok
replaced	ebook	65832858	973482	19	19	obsidian-vault/paperPDFs/SIGGRAPH_ASIA_2025/The_Granule_In_Cell_Method_for_Simulating_Sand_Water_Mixtures.pdf	qpdf ok
replaced	ebook	64836073	1602829	18	18	obsidian-vault/paperPDFs/SIGGRAPH_2024/Cyclogenesis_Simulating_Hurricanes_and_Tornadoes.pdf	qpdf ok
replaced	ebook	66311868	2887075	15	15	obsidian-vault/paperPDFs/SIGGRAPH_ASIA_2025/Gaussian_Integral_Linear_Operators_for_Precomputed_Graphics.pdf	qpdf ok
replaced	ebook	64420396	1429090	14	14	obsidian-vault/paperPDFs/SIGGRAPH_2023/Dense_Interlocking_free_and_Scalable_Spectral_Packing_of_Generic_3D_Objects.pdf	qpdf ok
replaced	ebook	64756103	1634476	13	13	obsidian-vault/paperPDFs/SIGGRAPH_2024/SMERF_Streamable_Memory_Efficient_Radiance_Fields_for_Real_time_Large_scene_Exploration.pdf	qpdf ok
replaced	ebook	64194792	1083545	12	12	obsidian-vault/paperPDFs/SIGGRAPH_2022/Rendering_Neural_Materials_on_Curved_Surfaces.pdf	qpdf ok
replaced	ebook	63930434	2025413	42	42	obsidian-vault/paperPDFs/WHITEPAPER_2025/Cosmos_Transfer2_5_World_Simulation_With_Video_Foundation_Models_for_Physical_AI.pdf	qpdf ok
replaced	ebook	63388082	940706	15	15	obsidian-vault/paperPDFs/SIGGRAPH_2025/Deformable_Beta_Splatting.pdf	qpdf ok
replaced	ebook	67191288	8407803	11	11	obsidian-vault/paperPDFs/SIGGRAPH_ASIA_2025/AutoSketch_VLM_assisted_Style_Aware_Vector_Sketch_Completion.pdf	qpdf ok
replaced	ebook	67561254	3060909	12	12	obsidian-vault/paperPDFs/SIGGRAPH_ASIA_2022/Stochastic_Poisson_Surface_Reconstruction.pdf	qpdf ok
replaced	ebook	63707974	2648785	11	11	obsidian-vault/paperPDFs/SIGGRAPH_2024/Conditional_Mixture_Path_Guiding_for_Differentiable_Rendering.pdf	qpdf ok
replaced	ebook	64135962	752515	11	11	obsidian-vault/paperPDFs/SIGGRAPH_ASIA_2025/HiWave_Training_Free_High_Resolution_Image_Generation_via_Wavelet_Based_Diffusion_Sampling.pdf	qpdf ok
replaced	ebook	63621354	568566	7	7	obsidian-vault/paperPDFs/SIGGRAPH_ASIA_2022/Green_Coordinates_for_Triquad_Cages_in_3D.pdf	qpdf ok
replaced	ebook	64292389	2906897	15	15	obsidian-vault/paperPDFs/SIGGRAPH_ASIA_2025/Consecutive_Frame_Extrapolation_with_Predictive_Sparse_Shading.pdf	qpdf ok
replaced	ebook	62422677	669086	9	9	obsidian-vault/paperPDFs/SIGGRAPH_2023/A_Realistic_Surface_based_Cloth_Rendering_Model.pdf	qpdf ok
replaced	ebook	62888014	1112657	11	11	obsidian-vault/paperPDFs/SIGGRAPH_2023/Motion_From_Shape_Change.pdf	qpdf ok
replaced	ebook	61981045	431361	3	3	obsidian-vault/paperPDFs/SIGGRAPH_ASIA_2024/OLAT_Gaussians_for_Generic_Relightable_Appearance_Acquisition.pdf	qpdf ok
replaced	ebook	63183830	1137847	11	11	obsidian-vault/paperPDFs/SIGGRAPH_2024/Toonify3D_StyleGAN_based_3D_Stylized_Face_Generator.pdf	qpdf ok
replaced	ebook	62830032	1126438	12	12	obsidian-vault/paperPDFs/SIGGRAPH_2024/BoostMVSNeRFs_Boosting_MVS_based_NeRFs_to_Generalizable_View_Synthesis_in_Large_scale_Scenes.pdf	qpdf ok
replaced	ebook	62391668	1124304	11	11	obsidian-vault/paperPDFs/SIGGRAPH_2024/Matting_by_Generation.pdf	qpdf ok
kept	none	89778128	0	11		obsidian-vault/paperPDFs/SIGGRAPH_ASIA_2025/Reconfigurable_Hinged_Kirigami_Tessellations.pdf	timeout after 300s
replaced	ebook	61444964	779489	11	11	obsidian-vault/paperPDFs/SIGGRAPH_2024/Singular_Foliations_for_Knit_Graph_Design.pdf	qpdf ok
replaced	ebook	61357585	1859253	21	21	obsidian-vault/paperPDFs/CVPR_2026/UARE_A_Unified_Vision_Language_Model_for_Image_Quality_Assessment_Restoration_and_Enhancement.pdf	qpdf ok
replaced	ebook	61001944	1627336	10	10	obsidian-vault/paperPDFs/SIGGRAPH_2024/Woven_Fabric_Capture_With_a_Reflection_transmission_Photo_Pair.pdf	qpdf ok
replaced	ebook	61219884	1298661	18	18	obsidian-vault/paperPDFs/SIGGRAPH_2025/Collaborative_On_Sensor_Array_Cameras.pdf	qpdf ok
replaced	ebook	60936247	1181726	14	14	obsidian-vault/paperPDFs/SIGGRAPH_2024/CWF_Consolidating_Weak_Features_in_High_quality_Mesh_Simplification.pdf	qpdf ok
replaced	ebook	60847882	1350549	23	23	obsidian-vault/paperPDFs/SIGGRAPH_ASIA_2025/A_Highly_Efficient_Hybrid_Simulation_System_for_Flight_Controller_Design_and_Evaluation_of_Unmanned_Aerial_Vehicles.pdf	qpdf ok
replaced	ebook	62105278	953536	12	12	obsidian-vault/paperPDFs/SIGGRAPH_ASIA_2025/Virtually_Being_Customizing_Camera_Controllable_Video_Diffusion_Models_with_Volumetric_Performance_Captures.pdf	qpdf ok
replaced	ebook	61411591	1596150	17	17	obsidian-vault/paperPDFs/SIGGRAPH_ASIA_2025/Kinetic_Free_Surface_Flows_and_Foams_with_Sharp_Interfaces.pdf	qpdf ok
replaced	ebook	60262886	577097	9	9	obsidian-vault/paperPDFs/SIGGRAPH_ASIA_2022/NeRFFaceEditing_Disentangled_Face_Editing_in_Neural_Radiance_Fields.pdf	qpdf ok
replaced	ebook	64535435	2334664	16	16	obsidian-vault/paperPDFs/SIGGRAPH_ASIA_2022/Text2Light_Zero_shot_Text_driven_HDR_Panorama_Generation.pdf	qpdf ok
replaced	ebook	60706989	2485825	16	16	obsidian-vault/paperPDFs/SIGGRAPH_ASIA_2023/Scene_aware_Activity_Program_Generation_with_Language_Guidance.pdf	qpdf ok
replaced	ebook	61709425	6109939	23	23	obsidian-vault/paperPDFs/SIGGRAPH_ASIA_2025/Numerical_Homogenization_of_Sand_from_Grain_level_Simulations.pdf	qpdf ok
replaced	ebook	60688082	2396308	20	20	obsidian-vault/paperPDFs/SIGGRAPH_ASIA_2025/Overlap_Region_Extraction_of_Two_NURBS_Surfaces.pdf	qpdf ok
replaced	ebook	60011966	1221970	12	12	obsidian-vault/paperPDFs/SIGGRAPH_ASIA_2024/Millimetric_Human_Surface_Capture_in_Minutes.pdf	qpdf ok
replaced	ebook	63253441	2105140	11	11	obsidian-vault/paperPDFs/SIGGRAPH_ASIA_2025/Imperfect_Image_Space_Control_Variates_for_Monte_Carlo_Rendering.pdf	qpdf ok
replaced	ebook	60227285	1598711	22	22	obsidian-vault/paperPDFs/SIGGRAPH_2022/Alpha_Wrapping_With_an_Offset.pdf	qpdf ok
replaced	ebook	59971918	1048277	10	10	obsidian-vault/paperPDFs/SIGGRAPH_2023/NeRF_Texture_Texture_Synthesis_With_Neural_Radiance_Fields.pdf	qpdf ok
replaced	ebook	59736416	759231	12	12	obsidian-vault/paperPDFs/SIGGRAPH_2022/MatFormer_A_Generative_Model_for_Procedural_Materials.pdf	qpdf ok
replaced	ebook	60032992	1059402	11	11	obsidian-vault/paperPDFs/SIGGRAPH_2023/An_Elastic_Basis_for_Spectral_Shape_Correspondence.pdf	qpdf ok
replaced	ebook	59770723	956945	10	10	obsidian-vault/paperPDFs/SIGGRAPH_2023/Variational_Shape_Reconstruction_via_Quadric_Error_Metrics.pdf	qpdf ok
replaced	ebook	59931554	2755355	11	11	obsidian-vault/paperPDFs/SIGGRAPH_2023/Pyramid_Texture_Filtering.pdf	qpdf ok
replaced	ebook	59667108	797479	12	12	obsidian-vault/paperPDFs/SIGGRAPH_2024/Lite2Relight_3D_aware_Single_Image_Portrait_Relighting.pdf	qpdf ok
kept	none	84712812	0	16		obsidian-vault/paperPDFs/SIGGRAPH_2025/Putting_Rigid_Bodies_to_Rest.pdf	timeout after 300s
replaced	ebook	59363615	2696627	11	11	obsidian-vault/paperPDFs/SIGGRAPH_ASIA_2023/Conditional_Resampled_Importance_Sampling_and_ReSTIR.pdf	qpdf ok
replaced	ebook	59010103	1017255	14	14	obsidian-vault/paperPDFs/SIGGRAPH_ASIA_2025/NeuVAS_Neural_Implicit_Surfaces_for_Variational_Shape_Modeling.pdf	qpdf ok
replaced	ebook	59343684	992665	15	15	obsidian-vault/paperPDFs/SIGGRAPH_ASIA_2024/MiNNIE_a_Mixed_Multigrid_Method_for_Real_time_Simulation_of_Nonlinear_Near_Incompressible_Elastics.pdf	qpdf ok
replaced	ebook	58883424	1174858	14	14	obsidian-vault/paperPDFs/SIGGRAPH_2024/Implicit_Swept_Volume_SDF_Enabling_Continuous_Collision_free_Trajectory_Generation_for_Arbitrary_Shapes.pdf	qpdf ok
replaced	ebook	59341019	4439758	14	14	obsidian-vault/paperPDFs/SIGGRAPH_2025/High_Fidelity_Novel_View_Synthesis_via_Splatting_Guided_Diffusion.pdf	qpdf ok
replaced	ebook	58527876	726222	18	18	obsidian-vault/paperPDFs/CVPR_2026/Pressure2Motion_Hierarchical_Human_Motion_Reconstruction_from_Ground_Pressure_with_Text_Guidance.pdf	qpdf ok
replaced	ebook	58366094	1278827	21	21	obsidian-vault/paperPDFs/SIGGRAPH_ASIA_2025/Viscous_Vortex_Dynamics_on_Surfaces.pdf	qpdf ok
replaced	ebook	57802329	940447	12	12	obsidian-vault/paperPDFs/SIGGRAPH_ASIA_2025/3DPR_Single_Image_3D_Portrait_Relighting_with_Generative_Priors.pdf	qpdf ok
replaced	ebook	57789936	1847388	16	16	obsidian-vault/paperPDFs/SIGGRAPH_2022/True_Seams_Modeling_Seams_in_Digital_Garments.pdf	qpdf ok
replaced	ebook	57690003	1377952	16	16	obsidian-vault/paperPDFs/SIGGRAPH_ASIA_2022/UniColor_A_Unified_Framework_for_Multi_Modal_Colorization_with_Transformer.pdf	qpdf ok
replaced	ebook	58641800	2729793	15	15	obsidian-vault/paperPDFs/SIGGRAPH_2024/Neural_Gaussian_Scale_space_Fields.pdf	qpdf ok
replaced	ebook	57598677	1124330	17	17	obsidian-vault/paperPDFs/SIGGRAPH_ASIA_2025/CFC_Simulating_Character_Fluid_Coupling_using_a_Two_Level_World_Model.pdf	qpdf ok
replaced	ebook	57582408	1312058	15	15	obsidian-vault/paperPDFs/SIGGRAPH_2025/Multi_Dimensional_Procedural_Wave_Noise.pdf	qpdf ok
replaced	ebook	57326201	1247225	15	15	obsidian-vault/paperPDFs/SIGGRAPH_ASIA_2023/FLARE_Fast_Learning_of_Animatable_and_Relightable_Mesh_Avatars.pdf	qpdf ok
kept	none	64628713	0	15		obsidian-vault/paperPDFs/SIGGRAPH_ASIA_2025/BSP_OT_Sparse_transport_plans_between_discrete_measures_in_loglinear_time.pdf	size=22708525; pages=15; qpdf=True; checking obsidian-vault/paperPDFs/SIGGRAPH_ASIA_2025/BSP_OT_Sparse_transport_plans_between_discrete_measures_in_loglinear_time.pdf.tmp-screen.1148800.pdf PDF Version: 1.4 File is not encrypted File is not linearized No syntax or stream encoding errors found; the file may still contain errors that qpdf cannot detect 
replaced	ebook	57120094	1928952	19	19	obsidian-vault/paperPDFs/SIGGRAPH_2023/Procedural_Metamaterials_A_Unified_Procedural_Graph_for_Metamaterial_Design.pdf	qpdf ok
replaced	ebook	57095114	1217279	15	15	obsidian-vault/paperPDFs/SIGGRAPH_2023/Example_based_Procedural_Modeling_Using_Graph_Grammars.pdf	qpdf ok
replaced	ebook	57696554	1696008	19	19	obsidian-vault/paperPDFs/SIGGRAPH_2025/C_Tubes_Design_and_Optimization_of_Tubular_Structures_Composed_of_Developable_Strips.pdf	qpdf ok
replaced	ebook	57429398	3026834	18	18	obsidian-vault/paperPDFs/SIGGRAPH_ASIA_2023/Thin_On_Sensor_Nanophotonic_Array_Cameras.pdf	qpdf ok
replaced	ebook	56850203	713016	11	11	obsidian-vault/paperPDFs/SIGGRAPH_2024/Soft_Pneumatic_Actuator_Design_Using_Differentiable_Simulation.pdf	qpdf ok
replaced	ebook	58383664	3006113	26	26	obsidian-vault/paperPDFs/SIGGRAPH_2025/A_Closest_Point_Method_for_PDEs_on_Manifolds_with_Interior_Boundary_Conditions_for_Geometry_Processing.pdf	qpdf ok
kept	none	80679367	0	12		obsidian-vault/paperPDFs/SIGGRAPH_ASIA_2025/Neural_Octahedral_Field_Octahedral_Prior_for_Simultaneous_Smoothing_and_Sharp_Edge_Regularization.pdf	timeout after 300s
replaced	ebook	57084156	1719546	24	24	obsidian-vault/paperPDFs/SIGGRAPH_2023/Fluid_Cohomology.pdf	qpdf ok
replaced	ebook	57167674	2206487	10	10	obsidian-vault/paperPDFs/SIGGRAPH_2022/Position_free_Multiple_bounce_Computations_for_Smith_Microfacet_BSDFs.pdf	qpdf ok
replaced	ebook	56345340	742224	13	13	obsidian-vault/paperPDFs/SIGGRAPH_ASIA_2022/QuadStream_A_Quad_Based_Scene_Streaming_Architecture_for_Novel_Viewpoint_Reconstruction.pdf	qpdf ok
replaced	ebook	56626644	1284089	11	11	obsidian-vault/paperPDFs/SIGGRAPH_ASIA_2025/Evaluating_and_Sampling_Glinty_NDFs_in_Constant_Time.pdf	qpdf ok
replaced	ebook	56331389	917073	15	15	obsidian-vault/paperPDFs/SIGGRAPH_2023/A_Method_for_Animating_Children_s_Drawings_of_the_Human_Figure.pdf	qpdf ok
replaced	ebook	56531411	1028426	25	25	obsidian-vault/paperPDFs/SIGGRAPH_2023/Min_Deviation_Flow_in_Bi_directed_Graphs_for_T_Mesh_Quantization.pdf	qpdf ok
replaced	ebook	56111400	536344	10	10	obsidian-vault/paperPDFs/SIGGRAPH_ASIA_2025/RaRa_Clipper_A_Clipper_for_Gaussian_Splatting_Based_on_Ray_Tracer_and_Rasterizer.pdf	qpdf ok
replaced	ebook	56236862	2344222	17	17	obsidian-vault/paperPDFs/SIGGRAPH_ASIA_2024/Barrier_Augmented_Lagrangian_for_GPU_based_Elastodynamic_Contact.pdf	qpdf ok
replaced	ebook	56764572	937796	16	16	obsidian-vault/paperPDFs/SIGGRAPH_ASIA_2024/A_Flexible_Mold_for_Facade_Panel_Fabrication.pdf	qpdf ok
replaced	ebook	58623588	1857316	11	11	obsidian-vault/paperPDFs/SIGGRAPH_ASIA_2025/Closed_form_Cauchy_Coordinates_and_Their_Derivatives_for_2D_High_order_Cages.pdf	qpdf ok
replaced	ebook	55824821	1485795	20	20	obsidian-vault/paperPDFs/SIGGRAPH_2025/Progressive_Dynamics_A_Framework_for_Stable_Continuous_and_Consistent_Animation_Across_Resolution_and_Time.pdf	qpdf ok
replaced	ebook	56354848	1219123	12	12	obsidian-vault/paperPDFs/SIGGRAPH_2025/Clebsch_Gauge_Fluid_on_Particle_Flow_Maps.pdf	qpdf ok
replaced	ebook	55153259	981385	11	11	obsidian-vault/paperPDFs/SIGGRAPH_ASIA_2025/Chord_Chain_of_Rendering_Decomposition_for_PBR_Material_Estimation_from_Generated_Texture_Images.pdf	qpdf ok
replaced	ebook	58054623	3047694	31	31	obsidian-vault/paperPDFs/CVPR_2026/UnicEdit_10M_A_Dataset_and_Benchmark_Breaking_the_Scale_Quality_Barrier_via_Unified_Verification_for_Reasoning_Enriched_Edits.pdf	qpdf ok
replaced	ebook	58024642	1519024	12	12	obsidian-vault/paperPDFs/SIGGRAPH_ASIA_2023/Interaction_Driven_Active_3D_Reconstruction_with_Object_Interiors.pdf	qpdf ok
replaced	ebook	55016549	754901	11	11	obsidian-vault/paperPDFs/SIGGRAPH_ASIA_2023/Towards_Practical_Capture_of_High_Fidelity_Relightable_Avatars.pdf	qpdf ok
replaced	ebook	55651449	1534543	27	27	obsidian-vault/paperPDFs/SIGGRAPH_ASIA_2023/Capturing_Animation_Ready_Isotropic_Materials_Using_Systematic_Poking.pdf	qpdf ok
replaced	ebook	55245749	706755	12	12	obsidian-vault/paperPDFs/SIGGRAPH_ASIA_2025/Audio_Driven_Universal_Gaussian_Head_Avatars.pdf	qpdf ok
replaced	ebook	54690592	849764	16	16	obsidian-vault/paperPDFs/SIGGRAPH_2025/TeGA_Texture_Space_Gaussian_Avatars_for_High_Resolution_Dynamic_Head_Modeling.pdf	qpdf ok
replaced	ebook	54830576	5945583	20	20	obsidian-vault/paperPDFs/SIGGRAPH_2026/Bringing_Diversity_from_Diffusion_Models_to_Semantic_Guided_Face_Asset_Generation.pdf	qpdf ok
replaced	ebook	61263792	2685933	25	25	obsidian-vault/paperPDFs/CVPR_2026/VerseCrafter_Dynamic_Realistic_Video_World_Model_with_4D_Geometric_Control.pdf	qpdf ok
replaced	ebook	54357172	703011	12	12	obsidian-vault/paperPDFs/SIGGRAPH_2023/Beyond_Chainmail_Computational_Modeling_of_Discrete_Interlocking_Materials.pdf	qpdf ok
replaced	ebook	54349365	1088028	13	13	obsidian-vault/paperPDFs/SIGGRAPH_2024/Computational_Illusion_Knitting.pdf	qpdf ok
replaced	ebook	54943888	2204039	17	17	obsidian-vault/paperPDFs/SIGGRAPH_2026/ShapeUP_Scalable_Image_Conditioned_3D_Editing.pdf	qpdf ok
replaced	ebook	57049395	2264075	16	16	obsidian-vault/paperPDFs/SIGGRAPH_ASIA_2024/Computational_Design_of_a_Kit_of_Parts_for_Bending_Active_Structures.pdf	qpdf ok
kept	none	77573126	0	16		obsidian-vault/paperPDFs/SIGGRAPH_ASIA_2024/MVImgNet2_0_A_Larger_scale_Dataset_of_Multi_view_Images.pdf	timeout after 300s
replaced	ebook	54239283	584462	10	10	obsidian-vault/paperPDFs/SIGGRAPH_ASIA_2024/Hodge_decomposition_of_vector_fields_in_Cartesian_grids.pdf	qpdf ok
replaced	ebook	53842675	1037634	11	11	obsidian-vault/paperPDFs/SIGGRAPH_ASIA_2025/NeLiF_Neural_Lighting_Function_Generation_for_Real_Time_Indoor_Rendering.pdf	qpdf ok
replaced	ebook	54260855	1520581	18	18	obsidian-vault/paperPDFs/SIGGRAPH_2022/ComplexGen_CAD_Reconstruction_by_B_rep_Chain_Complex_Generation.pdf	qpdf ok
replaced	ebook	53823296	3122371	15	15	obsidian-vault/paperPDFs/SIGGRAPH_2023/End_to_end_Procedural_Material_Capture_With_Proxy_free_Mixed_integer_Optimization.pdf	qpdf ok
replaced	ebook	54042866	2037117	16	16	obsidian-vault/paperPDFs/SIGGRAPH_2022/Scalable_Neural_Indoor_Scene_Rendering.pdf	qpdf ok
replaced	ebook	53777523	912919	15	15	obsidian-vault/paperPDFs/SIGGRAPH_ASIA_2025/LEGO_Maker_Autoregressive_Image_Conditioned_LEGO_Model_Creation.pdf	qpdf ok
replaced	ebook	53821189	720916	14	14	obsidian-vault/paperPDFs/SIGGRAPH_2023/Fluid_solid_Coupling_in_Kinetic_Two_phase_Flow_Simulation.pdf	qpdf ok
replaced	ebook	54593014	1349350	10	10	obsidian-vault/paperPDFs/SIGGRAPH_2022/Procedural_Texturing_of_Solid_Wood_With_Knots.pdf	qpdf ok
replaced	ebook	55387464	1765080	17	17	obsidian-vault/paperPDFs/SIGGRAPH_ASIA_2024/StableNormal_Reducing_Diffusion_Variance_for_Stable_and_Sharp_Normal.pdf	qpdf ok
replaced	ebook	55225726	1086834	11	11	obsidian-vault/paperPDFs/SIGGRAPH_2023/ClipFace_Text_guided_Editing_of_Textured_3D_Morphable_Models.pdf	qpdf ok
replaced	ebook	53812539	941777	16	16	obsidian-vault/paperPDFs/SIGGRAPH_2025/Generative_Video_Matting.pdf	qpdf ok
replaced	ebook	53641891	1398214	15	15	obsidian-vault/paperPDFs/EUROVIS_2025/HyperFLINT_Hypernetwork_based_Flow_Estimation_and_Temporal_Interpolation_for_Scientific_Ensemble_Visualization.pdf	qpdf ok
replaced	ebook	53627528	1345079	12	12	obsidian-vault/paperPDFs/SIGGRAPH_2022/Shape_Dithering_for_3D_Printing.pdf	qpdf ok
replaced	ebook	53548605	2145651	18	18	obsidian-vault/paperPDFs/SIGGRAPH_ASIA_2022/CAD2Sketch_Generating_Concept_Sketches_from_CAD_Sequences.pdf	qpdf ok
replaced	ebook	53532327	2275133	23	23	obsidian-vault/paperPDFs/SIGGRAPH_2022/Generalized_Resampled_Importance_Sampling_Foundations_of_ReSTIR.pdf	qpdf ok
replaced	ebook	53108824	734801	20	20	obsidian-vault/paperPDFs/SIGGRAPH_ASIA_2022/ElastoMonolith_A_Monolithic_Optimization_based_Liquid_Solver_for_Contact_Aware_Elastic_Solid_Coupling.pdf	qpdf ok
replaced	ebook	53473140	1057361	10	10	obsidian-vault/paperPDFs/SIGGRAPH_ASIA_2025/Improving_Curl_Noise.pdf	qpdf ok
replaced	ebook	53747568	2764444	21	21	obsidian-vault/paperPDFs/ICLR_2026/Time_to_Move_Training_Free_Motion_Controlled_Video_Generation_via_Dual_Clock_Denoising.pdf	qpdf ok
replaced	ebook	53409802	891729	16	16	obsidian-vault/paperPDFs/SIGGRAPH_ASIA_2022/Isotropic_ARAP_energy_using_Cauchy_Green_invariants.pdf	qpdf ok
replaced	ebook	52907443	820987	17	17	obsidian-vault/paperPDFs/TOG_2021/Neural_animation_layering_for_synthesizing_martial_arts_movements.pdf	qpdf ok
replaced	ebook	52948698	949966	15	15	obsidian-vault/paperPDFs/SIGGRAPH_ASIA_2025/A_Stack_Free_Parallel_h_Adaptation_Algorithm_for_Dynamically_Balanced_Trees_on_GPUs.pdf	qpdf ok
replaced	ebook	54208153	1930588	16	16	obsidian-vault/paperPDFs/SIGGRAPH_2025/Noise_Coded_Illumination_for_Forensic_and_Photometric_Video_Analysis.pdf	qpdf ok
replaced	ebook	53741445	6434764	23	23	obsidian-vault/paperPDFs/TPAMI_2025/SMPLest_X_Ultimate_Scaling_for_Expressive_Human_Pose_and_Shape_Estimation.pdf	qpdf ok
replaced	ebook	52463680	933984	11	11	obsidian-vault/paperPDFs/SIGGRAPH_ASIA_2025/Vertex_Features_for_Neural_Global_Illumination.pdf	qpdf ok
replaced	ebook	52329513	1863269	20	20	obsidian-vault/paperPDFs/CVPR_2026/Selfi_Self_improving_Reconstruction_Engine_via_3D_Geometric_Feature_Alignment.pdf	qpdf ok
replaced	ebook	52335891	819414	14	14	obsidian-vault/paperPDFs/SIGGRAPH_2022/Local_Anatomically_Constrained_Facial_Performance_Retargeting.pdf	qpdf ok
replaced	ebook	52602473	1026688	11	11	obsidian-vault/paperPDFs/SIGGRAPH_ASIA_2025/AD_GS_Alternating_Densification_for_Sparse_Input_3D_Gaussian_Splatting.pdf	qpdf ok
replaced	ebook	52660425	2416562	27	27	obsidian-vault/paperPDFs/SIGGRAPH_ASIA_2024/Medial_Skeletal_Diagram_A_Generalized_Medial_Axis_Approach_for_3D_Shape_Representation.pdf	qpdf ok
replaced	ebook	52176551	1754617	18	18	obsidian-vault/paperPDFs/SIGGRAPH_2024/Ray_Tracing_Harmonic_Functions.pdf	qpdf ok
replaced	ebook	52004924	1423813	15	15	obsidian-vault/paperPDFs/SIGGRAPH_ASIA_2025/CrossGen_Learning_and_Generating_Cross_Fields_for_Quad_Meshing.pdf	qpdf ok
replaced	ebook	51929261	1160093	13	13	obsidian-vault/paperPDFs/SIGGRAPH_2025/Streaming_Aware_Neural_Monte_Carlo_Rendering_Framework_with_Unified_Denoising_Compression_and_Client_Collaboration.pdf	qpdf ok
replaced	ebook	51989328	1335225	14	14	obsidian-vault/paperPDFs/SIGGRAPH_2024/A_Vortex_Particle_on_mesh_Method_for_Soap_Film_Simulation.pdf	qpdf ok
replaced	ebook	52848798	1268830	12	12	obsidian-vault/paperPDFs/SIGGRAPH_ASIA_2025/HRM_2Avatar_High_Fidelity_Real_Time_Mobile_Avatars_from_Monocular_Phone_Scans.pdf	qpdf ok
replaced	ebook	51753534	1018873	14	14	obsidian-vault/paperPDFs/SIGGRAPH_2023/Materialistic_Selecting_Similar_Materials_in_Images.pdf	qpdf ok
replaced	ebook	52174981	1307273	12	12	obsidian-vault/paperPDFs/SIGGRAPH_ASIA_2025/Generating_360_Video_is_What_You_Need_For_a_3D_Scene.pdf	qpdf ok
replaced	ebook	52762627	1247398	15	15	obsidian-vault/paperPDFs/CVPR_2025/MotiF_Making_Text_Count_in_Image_Animation_with_Motion_Focal_Loss.pdf	qpdf ok
replaced	ebook	51696058	709867	16	16	obsidian-vault/paperPDFs/SIGGRAPH_ASIA_2025/Fast_Galerkin_Multigrid_Method_for_Unstructured_Meshes.pdf	qpdf ok
replaced	ebook	51596071	2674051	26	26	obsidian-vault/paperPDFs/SIGGRAPH_2022/SofGAN_A_Portrait_Image_Generator_With_Dynamic_Styling.pdf	qpdf ok
replaced	ebook	51459418	1741466	10	10	obsidian-vault/paperPDFs/SIGGRAPH_2023/Neural_Parametric_Mixtures_for_Path_Guiding.pdf	qpdf ok
replaced	ebook	51427615	1278599	17	17	obsidian-vault/paperPDFs/SIGGRAPH_2024/Adaptive_Grid_Generation_for_Discretizing_Implicit_Complexes.pdf	qpdf ok
replaced	ebook	51730599	5022030	11	11	obsidian-vault/paperPDFs/SIGGRAPH_2023/Spectral_Coarsening_With_Hodge_Laplacians.pdf	qpdf ok
replaced	ebook	51384136	1024435	17	17	obsidian-vault/paperPDFs/SIGGRAPH_ASIA_2025/Chapper_Carvable_Hull_and_Pack_for_Subtractive_Manufacturing.pdf	qpdf ok
replaced	ebook	51366199	686497	14	14	obsidian-vault/paperPDFs/SIGGRAPH_2023/Juxtaform_Interactive_Visual_Summarization_for_Exploratory_Shape_Design.pdf	qpdf ok
replaced	ebook	51252525	1518059	18	18	obsidian-vault/paperPDFs/SIGGRAPH_ASIA_2024/Appearance_Modeling_of_Iridescent_Feathers_with_Diverse_Nanostructures.pdf	qpdf ok
replaced	ebook	51001231	926683	9	9	obsidian-vault/paperPDFs/SIGGRAPH_2023/Differentiable_Heightfield_Path_Tracing_With_Accelerated_Discontinuities.pdf	qpdf ok
replaced	ebook	51028997	1370241	15	15	obsidian-vault/paperPDFs/SIGGRAPH_2025/In_Search_of_Empty_Spheres_3D_Apollonius_Diagrams_on_GPU.pdf	qpdf ok
replaced	ebook	56766268	3696299	17	17	obsidian-vault/paperPDFs/SIGGRAPH_ASIA_2024/Gaussian_Surfel_Splatting_for_Live_Human_Performance_Capture.pdf	qpdf ok
replaced	ebook	51279451	1154966	10	10	obsidian-vault/paperPDFs/SIGGRAPH_2024/Lagrangian_Covector_Fluid_With_Free_Surface.pdf	qpdf ok
replaced	ebook	51747289	5770228	11	11	obsidian-vault/paperPDFs/SIGGRAPH_2024/Streetscapes_Large_scale_Consistent_Street_View_Generation_Using_Autoregressive_Video_Diffusion.pdf	qpdf ok
replaced	ebook	50952424	2211649	17	17	obsidian-vault/paperPDFs/CVPR_2026/Scaling_View_Synthesis_Transformers.pdf	qpdf ok
replaced	ebook	50886430	9400801	10	10	obsidian-vault/paperPDFs/SIGGRAPH_ASIA_2023/Perceptual_error_optimization_for_Monte_Carlo_animation_rendering.pdf	qpdf ok
replaced	ebook	55074460	6329264	12	12	obsidian-vault/paperPDFs/SIGGRAPH_ASIA_2025/Surface_Aware_Distilled_3D_Semantic_Features.pdf	qpdf ok
kept	none	72353355	0	17		obsidian-vault/paperPDFs/SIGGRAPH_ASIA_2022/Rapid_Face_Asset_Acquisition_with_Recurrent_Feature_Alignment.pdf	timeout after 300s
replaced	ebook	50832495	1993120	14	14	obsidian-vault/paperPDFs/SIGGRAPH_2024/ConceptLab_Creative_Concept_Generation_using_VLM_Guided_Diffusion_Prior_Constraints.pdf	qpdf ok
replaced	ebook	51280129	1464257	22	22	obsidian-vault/paperPDFs/SIGGRAPH_2026/Composing_People_Together_Iterative_Pose_Image_Generation_for_Multi_Person_Interaction_Scenes.pdf	qpdf ok
replaced	ebook	53376025	3468042	28	28	obsidian-vault/paperPDFs/SIGGRAPH_2026/Colorful_Noise_Training_Free_Low_Frequency_Noise_Manipulation_for_Color_Based_Conditional_Image_Generation.pdf	qpdf ok
replaced	ebook	50816708	1157170	16	16	obsidian-vault/paperPDFs/SIGGRAPH_2025/InstanceGen_Image_Generation_with_Instance-level_Instructions.pdf	qpdf ok
replaced	ebook	50748531	1080675	11	11	obsidian-vault/paperPDFs/SIGGRAPH_ASIA_2024/Dynamic_Skeletonization_via_Variational_Medial_Axis_Sampling.pdf	qpdf ok
replaced	ebook	50591145	632268	12	12	obsidian-vault/paperPDFs/SIGGRAPH_ASIA_2025/Gradient_Weighted_Feature_Back_Projection_A_Fast_Alternative_to_Feature_Distillation_in_3D_Gaussian_Splatting.pdf	qpdf ok
replaced	ebook	53682411	1922270	17	17	obsidian-vault/paperPDFs/SIGGRAPH_ASIA_2025/B4M_Breaking_Low_Rank_Adapter_for_Making_Content_Style_Customization.pdf	qpdf ok
replaced	ebook	50417138	2259038	11	11	obsidian-vault/paperPDFs/SIGGRAPH_2026/VideoNeuMat_Neural_Material_Extraction_from_Generative_Video_Models.pdf	qpdf ok
replaced	ebook	50358332	1612462	22	22	obsidian-vault/paperPDFs/ICLR_2026/Distractor_free_Generalizable_3D_Gaussian_Splatting_d5b1fa086266.pdf	qpdf ok
replaced	ebook	50417138	2259038	11	11	obsidian-vault/paperPDFs/SIGGRAPH_2025/Generative_Neural_Materials.pdf	qpdf ok
replaced	ebook	51001082	1475479	15	15	obsidian-vault/paperPDFs/SIGGRAPH_ASIA_2022/Neural_Photo_Finishing.pdf	qpdf ok
replaced	ebook	50240669	1524057	21	21	obsidian-vault/paperPDFs/SIGGRAPH_ASIA_2024/GarVerseLOD_High_Fidelity_3D_Garment_Reconstruction_from_a_Single_In_the_Wild_Image_using_a_Dataset_with_Levels_of_Details.pdf	qpdf ok
replaced	ebook	50222938	1184622	14	14	obsidian-vault/paperPDFs/SIGGRAPH_ASIA_2023/UVDoc_Neural_Grid_based_Document_Unwarping.pdf	qpdf ok
replaced	ebook	50143119	199483	2	2	obsidian-vault/paperPDFs/SIGGRAPH_2022/Accurate_Diffuse_Lighting_From_Spherical_Gaussian_Lights.pdf	qpdf ok
replaced	ebook	50246105	3406523	18	18	obsidian-vault/paperPDFs/SIGGRAPH_2024/4D_Rotor_Gaussian_Splatting_Towards_Efficient_Novel_View_Synthesis_for_Dynamic_Scenes.pdf	qpdf ok
replaced	screen	68484676	3622331	15	15	obsidian-vault/paperPDFs/SIGGRAPH_ASIA_2025/Computational_Modeling_and_Design_of_Capacitive_Stretch_Sensors.pdf	qpdf ok
replaced	ebook	50135986	1944744	10	10	obsidian-vault/paperPDFs/CVPR_2026/Endless_World_Real_Time_3D_Aware_Long_Video_Generation.pdf	qpdf ok
replaced	ebook	50177462	1284940	12	12	obsidian-vault/paperPDFs/SIGGRAPH_ASIA_2022/Position_Based_Surface_Tension_Flow.pdf	qpdf ok
replaced	ebook	51462674	994931	15	15	obsidian-vault/paperPDFs/SIGGRAPH_2024/Theory_of_Human_Tetrachromatic_Color_Experience_and_Printing.pdf	qpdf ok
replaced	ebook	52106120	1392721	12	12	obsidian-vault/paperPDFs/SIGGRAPH_2025/Stroke_Transfer_for_Participating_Media.pdf	qpdf ok
replaced	ebook	50117942	2257378	25	25	obsidian-vault/paperPDFs/SIGGRAPH_ASIA_2024/Occupancy_Based_Dual_Contouring.pdf	qpdf ok
replaced	ebook	50001464	1706254	16	16	obsidian-vault/paperPDFs/SIGGRAPH_2025/Nested_Attention_Semantic_aware_Attention_Values_for_Concept_Personalization.pdf	qpdf ok
replaced	ebook	50000265	2157557	18	18	obsidian-vault/paperPDFs/SIGGRAPH_2025/The_Mokume_Dataset_and_Inverse_Modeling_of_Solid_Wood_Textures.pdf	qpdf ok
replaced	ebook	50506565	3286085	35	35	obsidian-vault/paperPDFs/ICLR_2026/PhyWorldBench_A_Comprehensive_Evaluation_of_Physical_Realism_in_Text_to_Video_Models.pdf	qpdf ok
replaced	ebook	49973108	1928958	14	14	obsidian-vault/paperPDFs/SIGGRAPH_2025/Correct_your_balance_heuristic_Optimizing_balance_style_multiple_importance_sampling_weights.pdf	qpdf ok
replaced	ebook	49911015	1204562	16	16	obsidian-vault/paperPDFs/SIGGRAPH_2026/Mat_rn_Noise_for_Triangulation_Agnostic_Flow_Matching_on_Meshes.pdf	qpdf ok
replaced	ebook	49887990	1858300	10	10	obsidian-vault/paperPDFs/SIGGRAPH_2022/Moving_Level_of_detail_Surfaces.pdf	qpdf ok
replaced	ebook	49848038	1312847	20	20	obsidian-vault/paperPDFs/ICLR_2026/SimULi_Real_Time_LiDAR_and_Camera_Simulation_with_Unscented_Transforms.pdf	qpdf ok
replaced	ebook	49823187	665436	11	11	obsidian-vault/paperPDFs/SIGGRAPH_2024/DiLightNet_Fine_grained_Lighting_Control_for_Diffusion_based_Image_Generation.pdf	qpdf ok
replaced	ebook	49767347	989505	15	15	obsidian-vault/paperPDFs/CVPR_2026/MeshMosaic_Scaling_Artist_Mesh_Generation_via_Local_to_Global_Assembly.pdf	qpdf ok
replaced	ebook	49858486	1573204	20	20	obsidian-vault/paperPDFs/SIGGRAPH_2023/Robust_Low_poly_Meshing_for_General_3D_Models.pdf	qpdf ok
replaced	ebook	49747960	739923	14	14	obsidian-vault/paperPDFs/SIGGRAPH_ASIA_2025/Glare_Pattern_Depiction_High_Fidelity_Physical_Computation_and_Physiologically_Inspired_Visual_Response.pdf	qpdf ok
replaced	ebook	50949703	1563784	31	31	obsidian-vault/paperPDFs/ICLR_2026/Dens3R_A_Foundation_Model_for_3D_Geometry_Prediction.pdf	qpdf ok
replaced	ebook	49660441	604692	15	15	obsidian-vault/paperPDFs/CVPR_2026/RetimeGS_Continuous_Time_Reconstruction_of_4D_Gaussian_Splatting.pdf	qpdf ok
replaced	ebook	50738339	2391279	30	30	obsidian-vault/paperPDFs/ICLR_2026/Trace_Anything_Representing_Any_Video_in_4D_via_Trajectory_Fields_c3173ca21ca2.pdf	qpdf ok
replaced	ebook	50875689	3360283	22	22	obsidian-vault/paperPDFs/CVPR_2026/Do_You_See_What_I_Am_Pointing_At_Gesture_Based_Egocentric_Video_Question_Answering.pdf	qpdf ok
replaced	ebook	49897856	1199623	18	18	obsidian-vault/paperPDFs/ICLR_2026/RefAny3D_3D_Asset_Referenced_Diffusion_Models_for_Image_Generation_af40724eea65.pdf	qpdf ok
replaced	ebook	49667845	1180062	12	12	obsidian-vault/paperPDFs/SIGGRAPH_2026/Pixal3D_Pixel_Aligned_3D_Generation_from_Images.pdf	qpdf ok
replaced	ebook	49454725	1003803	18	18	obsidian-vault/paperPDFs/CVPR_2026/GaussianPile_A_Unified_Sparse_Gaussian_Splatting_Framework_for_Slice_based_Volumetric_Reconstruction.pdf	qpdf ok
replaced	ebook	49504133	3621944	11	11	obsidian-vault/paperPDFs/SIGGRAPH_ASIA_2025/Navigating_with_Annealing_Guidance_Scale_in_Diffusion_Space.pdf	qpdf ok
replaced	ebook	49332166	1117921	14	14	obsidian-vault/paperPDFs/SIGGRAPH_2026/HairLRM_Strand_based_Hair_Modeling_via_Large_Reconstruction_Models.pdf	qpdf ok
replaced	ebook	49331243	1817255	17	17	obsidian-vault/paperPDFs/SIGGRAPH_2022/An_Inverse_Procedural_Modeling_Pipeline_for_SVBRDF_Maps.pdf	qpdf ok
replaced	ebook	50191172	2817789	28	28	obsidian-vault/paperPDFs/arxiv_2026/EVA01:_Unified_Native_3D_Understanding_and_Generation_via_Mixture-of-Transformers.pdf	qpdf ok
replaced	ebook	49517488	4029511	26	26	obsidian-vault/paperPDFs/CVPR_2026/Taming_Video_Models_for_3D_and_4D_Generation_via_Zero_Shot_Camera_Control.pdf	qpdf ok
replaced	ebook	49733401	2086204	14	14	obsidian-vault/paperPDFs/SIGGRAPH_ASIA_2024/Synchronize_Dual_Hands_for_Physics_Based_Dexterous_Guitar_Playing.pdf	qpdf ok
replaced	ebook	49491732	1290670	14	14	obsidian-vault/paperPDFs/SIGGRAPH_ASIA_2024/A_Progressive_Embedding_Approach_to_Bijective_Tetrahedral_Maps_driven_by_Cluster_Mesh_Topology.pdf	qpdf ok
replaced	ebook	49292730	1404377	18	18	obsidian-vault/paperPDFs/CVPR_2026/Delta_Rectified_Flow_Sampling_for_Text_to_Image_Editing.pdf	qpdf ok
replaced	ebook	49254773	1481673	11	11	obsidian-vault/paperPDFs/SIGGRAPH_ASIA_2024/Efficient_Image_Space_Shape_Splatting_for_Monte_Carlo_Rendering.pdf	qpdf ok
replaced	ebook	50875329	1650444	30	30	obsidian-vault/paperPDFs/ICLR_2026/A_Rich_Knowledge_Space_for_Scalable_Deepfake_Detection.pdf	qpdf ok
replaced	ebook	49273462	1158549	27	27	obsidian-vault/paperPDFs/ECCV_2024/InterFusion_Text_Driven_Generation_of_3D_Human_Object_Interaction.pdf	qpdf ok
replaced	ebook	49244890	1664611	11	11	obsidian-vault/paperPDFs/SIGGRAPH_2024/Target_aware_Image_Denoising_for_Inverse_Monte_Carlo_Rendering.pdf	qpdf ok
replaced	ebook	49152734	2776530	13	13	obsidian-vault/paperPDFs/SIGGRAPH_ASIA_2022/Disentangled_Image_Colorization_via_Global_Anchors.pdf	qpdf ok
replaced	ebook	49623972	5586386	25	25	obsidian-vault/paperPDFs/SIGGRAPH_2025/CLR-Wire_Towards_Continuous_Latent_Representations_for_3D_Curve_Wireframe_Generation.pdf	qpdf ok
replaced	ebook	48969440	1562987	11	11	obsidian-vault/paperPDFs/SIGGRAPH_ASIA_2025/Neural_Visibility_of_Point_Sets.pdf	qpdf ok
replaced	ebook	50717634	2174659	11	11	obsidian-vault/paperPDFs/SIGGRAPH_ASIA_2025/GS_RoadPatching_Inpainting_Gaussians_via_3D_Searching_and_Placing_for_Driving_Scenes.pdf	qpdf ok
replaced	ebook	48958739	1560889	36	36	obsidian-vault/paperPDFs/arxiv_2026/Neural_Harmonic_Textures_for_High_Quality_Primitive_Based_Neural_Reconstruction.pdf	qpdf ok
replaced	ebook	49018049	3555453	39	39	obsidian-vault/paperPDFs/ICLR_2026/Sharp_Monocular_View_Synthesis_in_Less_Than_a_Second_9ff8519e0fec.pdf	qpdf ok
replaced	ebook	49310865	3063252	28	28	obsidian-vault/paperPDFs/CVPR_2026/FreqEdit_Preserving_High_Frequency_Features_for_Robust_Multi_Turn_Image_Editing.pdf	qpdf ok
replaced	ebook	48763368	730390	14	14	obsidian-vault/paperPDFs/SIGGRAPH_2024/Multi_material_Mesh_based_Surface_Tracking_With_Implicit_Topology_Changes.pdf	qpdf ok
replaced	ebook	48745787	527582	8	8	obsidian-vault/paperPDFs/SIGGRAPH_ASIA_2022/AgileAvatar_Stylized_3D_Avatar_Creation_via_Cascaded_Domain_Bridging.pdf	qpdf ok
kept	none	58777307	0	18		obsidian-vault/paperPDFs/SIGGRAPH_2022/Dev2PQ_Planar_Quadrilateral_Strip_Remeshing_of_Developable_Surfaces.pdf	timeout after 300s
replaced	ebook	48805692	1136347	12	12	obsidian-vault/paperPDFs/SIGGRAPH_2022/Facial_Hair_Tracking_for_High_Fidelity_Performance_Capture.pdf	qpdf ok
replaced	ebook	50610283	2321814	26	26	obsidian-vault/paperPDFs/CVPR_2026/Emergent_Outlier_View_Rejection_in_Visual_Geometry_Grounded_Transformers.pdf	qpdf ok
replaced	ebook	48564821	1170134	12	12	obsidian-vault/paperPDFs/SIGGRAPH_ASIA_2025/ComposeMe_Attribute_Specific_Image_Prompts_for_Controllable_Human_Image_Generation.pdf	qpdf ok
replaced	ebook	48770058	4852140	13	13	obsidian-vault/paperPDFs/SIGGRAPH_ASIA_2025/DiffTex_Differentiable_Texturing_for_Architectural_Proxy_Models.pdf	qpdf ok
replaced	ebook	48895016	920495	15	15	obsidian-vault/paperPDFs/SIGGRAPH_2025/A_Deep_Learning_based_Virtual_Oculoplastic_Surgery_Simulator.pdf	qpdf ok
replaced	ebook	48631494	1766264	26	26	obsidian-vault/paperPDFs/CVPR_2026/NanoSD_Edge_Efficient_Foundation_Model_for_Real_Time_Image_Restoration.pdf	qpdf ok
replaced	ebook	48602712	1560675	12	12	obsidian-vault/paperPDFs/SIGGRAPH_2025/MonetGPT_Solving_Puzzles_Enhances_MLLMs_Image_Retouching_Skills.pdf	qpdf ok
replaced	ebook	49206372	1432527	12	12	obsidian-vault/paperPDFs/SIGGRAPH_ASIA_2022/Production_Ready_Face_Re_Aging_for_Visual_Effects.pdf	qpdf ok
replaced	ebook	48560559	4792761	29	29	obsidian-vault/paperPDFs/SIGGRAPH_2022/Time_multiplexed_Neural_Holography_A_Flexible_Framework_for_Holographic_Near_eye_Displays_With_Fast_Heavily_Quantized_Spatial_Light_Modulators.pdf	qpdf ok
replaced	ebook	48382099	1500350	16	16	obsidian-vault/paperPDFs/SIGGRAPH_2026/PureSample_Neural_Materials_Learned_by_Sampling_Microgeometry.pdf	qpdf ok
replaced	ebook	48358610	1472020	16	16	obsidian-vault/paperPDFs/SIGGRAPH_ASIA_2023/Variational_Barycentric_Coordinates.pdf	qpdf ok
replaced	ebook	48454899	1135966	25	25	obsidian-vault/paperPDFs/ICLR_2026/Depth_Anything_3_Recovering_the_Visual_Space_from_Any_Views.pdf	qpdf ok
replaced	ebook	48946012	2522893	18	18	obsidian-vault/paperPDFs/SIGGRAPH_2026/M_ABD_Scalable_Efficient_and_Robust_Multi_Affine_Body_Dynamics.pdf	qpdf ok
replaced	ebook	48231806	1738834	21	21	obsidian-vault/paperPDFs/CVPR_2026/EasyV2V_A_High_quality_Instruction_based_Video_Editing_Framework.pdf	qpdf ok
replaced	ebook	48237125	1006718	11	11	obsidian-vault/paperPDFs/SIGGRAPH_2024/Fluid_Control_With_Laplacian_Eigenfunctions.pdf	qpdf ok
replaced	ebook	48213094	568148	10	10	obsidian-vault/paperPDFs/SIGGRAPH_ASIA_2022/Efficient_Neural_Style_Transfer_for_Volumetric_Simulations.pdf	qpdf ok
replaced	ebook	48305871	1449364	32	32	obsidian-vault/paperPDFs/ICLR_2026/On_the_Wasserstein_Geodesic_Principal_Component_Analysis_of_probability_measures.pdf	qpdf ok
kept	none	50045189	0	13		obsidian-vault/paperPDFs/SIGGRAPH_2025/Linear_Time_Transport_with_Rectified_Flows.pdf	size=34351454; pages=13; qpdf=True; checking obsidian-vault/paperPDFs/SIGGRAPH_2025/Linear_Time_Transport_with_Rectified_Flows.pdf.tmp-screen.1148798.pdf PDF Version: 1.4 File is not encrypted File is not linearized No syntax or stream encoding errors found; the file may still contain errors that qpdf cannot detect 
replaced	ebook	48560803	4524373	15	15	obsidian-vault/paperPDFs/SIGGRAPH_ASIA_2025/Harmonic_caching_for_walk_on_spheres.pdf	qpdf ok
replaced	ebook	48174592	1613670	19	19	obsidian-vault/paperPDFs/SIGGRAPH_2022/Face_Deblurring_Using_Dual_Camera_Fusion_on_Mobile_Phones.pdf	qpdf ok
replaced	ebook	48172139	1227343	12	12	obsidian-vault/paperPDFs/SIGGRAPH_2023/VideoDoodles_Hand_drawn_Animations_on_Videos_With_Scene_aware_Canvases.pdf	qpdf ok
replaced	ebook	48079762	7554551	19	19	obsidian-vault/paperPDFs/SIGGRAPH_2025/RNA_Relightable_Neural_Assets.pdf	qpdf ok
replaced	ebook	48356685	3479585	22	22	obsidian-vault/paperPDFs/SIGGRAPH_2026/MotionBricks_Scalable_Real_Time_Motions_with_Modular_Latent_Generative_Model_and_Smart_Primitives.pdf	qpdf ok
replaced	ebook	48008181	1802168	10	10	obsidian-vault/paperPDFs/CVPR_2026/Layered_4D_Rotor_Gaussian_Splatting_A_Compressed_Representation_for_Long_Dynamic_Scenes.pdf	qpdf ok
replaced	ebook	48173019	3226703	10	10	obsidian-vault/paperPDFs/SIGGRAPH_ASIA_2025/Sample_Space_Partitioning_and_Spatiotemporal_Resampling_for_Specular_Manifold_Sampling.pdf	qpdf ok
replaced	ebook	48004208	336428	2	2	obsidian-vault/paperPDFs/SIGGRAPH_2022/Interactive_Editing_of_Monocular_Depth.pdf	qpdf ok
replaced	ebook	47846669	799855	12	12	obsidian-vault/paperPDFs/SIGGRAPH_2026/Toward_Richer_Material_Generation_via_Procedural_Data_Enhancement.pdf	qpdf ok
replaced	ebook	48392443	1788778	23	23	obsidian-vault/paperPDFs/ICLR_2026/FlashWorld_High_quality_3D_Scene_Generation_within_Seconds.pdf	qpdf ok
replaced	ebook	47910069	1397586	20	20	obsidian-vault/paperPDFs/SIGGRAPH_ASIA_2022/Simulation_of_Hand_Anatomy_Using_Medical_Imaging.pdf	qpdf ok
replaced	ebook	47821237	951328	12	12	obsidian-vault/paperPDFs/SIGGRAPH_ASIA_2023/Shadow_Harmonization_for_Realistic_Compositing.pdf	qpdf ok
replaced	ebook	48343613	1308951	10	10	obsidian-vault/paperPDFs/SIGGRAPH_2025/Polynomial_2D_Biharmonic_Coordinates_for_High_order_Cages.pdf	qpdf ok
kept	none	54868308	0	16		obsidian-vault/paperPDFs/SIGGRAPH_2022/Piecewise_smooth_Surface_Fitting_Onto_Unstructured_3D_Sketches.pdf	timeout after 300s
replaced	ebook	47805016	1230736	19	19	obsidian-vault/paperPDFs/CVPR_2026/Just_in_Time_Training_Free_Spatial_Acceleration_for_Diffusion_Transformers.pdf	qpdf ok
replaced	ebook	47597995	905933	12	12	obsidian-vault/paperPDFs/CVPR_2026/NavForesee_A_Unified_Vision_Language_World_Model_for_Hierarchical_Planning_and_Dual_Horizon_Navigation_Prediction.pdf	qpdf ok
replaced	ebook	47557855	1412870	18	18	obsidian-vault/paperPDFs/SIGGRAPH_ASIA_2023/Rectifying_Strip_Patterns.pdf	qpdf ok
replaced	ebook	48540669	4761662	25	25	obsidian-vault/paperPDFs/CVPR_2026/SparseCam4D_Spatio_Temporally_Consistent_4D_Reconstruction_from_Sparse_Cameras.pdf	qpdf ok
replaced	ebook	47310489	1046369	15	15	obsidian-vault/paperPDFs/SIGGRAPH_ASIA_2024/SPARK_Self_supervised_Personalized_Real_time_Monocular_Face_Capture.pdf	qpdf ok
replaced	ebook	47421099	1121790	11	11	obsidian-vault/paperPDFs/SIGGRAPH_ASIA_2025/Temporally_Smooth_Mesh_Extraction_for_Procedural_Scenes_with_Long_Range_Camera_Trajectories_using_Spacetime_Octrees.pdf	qpdf ok
replaced	ebook	48049985	1853931	11	11	obsidian-vault/paperPDFs/SIGGRAPH_2025/Cobra_Efficient_Line_Art_COlorization_with_BRoAder_References.pdf	qpdf ok
replaced	ebook	47239010	2444836	34	34	obsidian-vault/paperPDFs/TMLR_2024/Analysis_of_Classifier_Free_Guidance_Weight_Schedulers.pdf	qpdf ok
replaced	ebook	47309472	722414	10	10	obsidian-vault/paperPDFs/SIGGRAPH_2024/Primal_dual_Non_smooth_Friction_for_Rigid_Body_Animation.pdf	qpdf ok
replaced	ebook	48089456	2127053	20	20	obsidian-vault/paperPDFs/CVPR_2026/HAD_Hallucination_Aware_Diffusion_Priors_for_3D_Reconstruction.pdf	qpdf ok
replaced	ebook	47213529	1162338	18	18	obsidian-vault/paperPDFs/SIGGRAPH_2026/A_Generalizable_Light_Transport_3D_Embedding_for_Global_Illumination.pdf	qpdf ok
replaced	ebook	48057893	6164300	10	10	obsidian-vault/paperPDFs/SIGGRAPH_2023/Algebraic_Smooth_Occluding_Contours.pdf	qpdf ok
replaced	ebook	47247627	1288695	20	20	obsidian-vault/paperPDFs/SIGGRAPH_2026/Sketch2Arti_Sketch_based_Articulation_Modeling_of_CAD_Objects.pdf	qpdf ok
replaced	ebook	47001830	1970491	16	16	obsidian-vault/paperPDFs/CVPR_2026/GDPO_SR_Group_Direct_Preference_Optimization_for_One_Step_Generative_Image_Super_Resolution.pdf	qpdf ok
replaced	ebook	47552938	1431855	19	19	obsidian-vault/paperPDFs/CVPR_2026/LagerNVS_Latent_Geometry_for_Fully_Neural_Real_time_Novel_View_Synthesis.pdf	qpdf ok
replaced	ebook	47011362	2046518	16	16	obsidian-vault/paperPDFs/SIGGRAPH_2023/UniTune_Text_driven_Image_Editing_by_Fine_Tuning_a_Diffusion_Model_on_a_Single_Image.pdf	qpdf ok
replaced	ebook	47818066	1063809	11	11	obsidian-vault/paperPDFs/SIGGRAPH_ASIA_2025/RibbonSculpt_Voronoi_Ball_based_3D_Sculpting_from_Sparse_VR_Ribbons.pdf	qpdf ok
replaced	ebook	46984512	1328597	35	35	obsidian-vault/paperPDFs/ICLR_2026/AC-Sampler_Accelerate_and_Correct_Diffusion_Sampling_with_Metropolis-Hastings_Algorithm.pdf	qpdf ok
replaced	ebook	46920842	2174248	25	25	obsidian-vault/paperPDFs/CVPR_2026/Diffusion_Sampling_Path_Tells_More_An_Efficient_Plug_and_Play_Strategy_for_Sample_Filtering.pdf	qpdf ok
replaced	ebook	46917900	1113947	12	12	obsidian-vault/paperPDFs/SIGGRAPH_2025/CMD_Controllable_Multiview_Diffusion_for_3D_Editing_and_Progressive_Generation.pdf	qpdf ok
replaced	ebook	46963993	1248017	13	13	obsidian-vault/paperPDFs/SIGGRAPH_ASIA_2023/K_surfaces_B_zier_Splines_Interpolating_at_Gaussian_Curvature_Extrema.pdf	qpdf ok
replaced	ebook	46902160	980691	10	10	obsidian-vault/paperPDFs/SIGGRAPH_ASIA_2023/MatFusion_A_Generative_Diffusion_Model_for_SVBRDF_Capture.pdf	qpdf ok
replaced	ebook	48607445	2279179	24	24	obsidian-vault/paperPDFs/ICLR_2026/Durian_Dual_Reference_Image_Guided_Portrait_Animation_with_Attribute_Transfer.pdf	qpdf ok
replaced	ebook	46797879	8405949	15	15	obsidian-vault/paperPDFs/SIGGRAPH_2025/Guiding_Based_Importance_Sampling_for_Walk_on_Stars.pdf	qpdf ok
kept	none	48453751	0	19		obsidian-vault/paperPDFs/SIGGRAPH_ASIA_2022/Gaussian_Blue_Noise.pdf	size=40204998; pages=19; qpdf=False; TimeoutExpired(['qpdf', '--check', 'obsidian-vault/paperPDFs/SIGGRAPH_ASIA_2022/Gaussian_Blue_Noise.pdf.tmp-screen.1148797.pdf'], 60)
replaced	ebook	47202637	1389081	10	10	obsidian-vault/paperPDFs/CVPR_2026/NEC_Diff_Noise_Robust_Event_RAW_Complementary_Diffusion_for_Seeing_Motion_in_Extreme_Darkness.pdf	qpdf ok
replaced	ebook	46789027	2880806	24	24	obsidian-vault/paperPDFs/CVPR_2026/Vista4D_Video_Reshooting_with_4D_Point_Clouds.pdf	qpdf ok
replaced	ebook	46714291	1463313	22	22	obsidian-vault/paperPDFs/SIGGRAPH_2026/DualBrep_A_Dual_Field_Continuous_Representation_for_B_rep_Modelling.pdf	qpdf ok
replaced	ebook	46777930	1325549	14	14	obsidian-vault/paperPDFs/SIGGRAPH_ASIA_2024/PC_Planner_Physics_Constrained_Self_Supervised_Learning_for_Robust_Neural_Motion_Planning_with_Shape_Aware_Distance_Function.pdf	qpdf ok
replaced	ebook	47129063	2033756	28	28	obsidian-vault/paperPDFs/SIGGRAPH_ASIA_2024/GaussianObject_High_Quality_3D_Object_Reconstruction_from_Four_Views_with_Gaussian_Splatting.pdf	qpdf ok
replaced	ebook	46631091	1426693	18	18	obsidian-vault/paperPDFs/CVPR_2026/ELITE_Efficient_Gaussian_Head_Avatar_from_a_Monocular_Video_via_Learned_Initialization_and_Test_time_Generative_Adaptation.pdf	qpdf ok
replaced	ebook	46694057	1810783	15	15	obsidian-vault/paperPDFs/SGP_2025/Uniform_Sampling_of_Surfaces_by_Casting_Rays.pdf	qpdf ok
replaced	ebook	46601787	583025	12	12	obsidian-vault/paperPDFs/CVPR_2026/WorldReel_4D_Video_Generation_with_Consistent_Geometry_and_Motion_Modeling.pdf	qpdf ok
replaced	ebook	46586481	1287401	12	12	obsidian-vault/paperPDFs/SIGGRAPH_ASIA_2025/Transient_LASSO_Transient_Large_Scale_Scene_Reconstruction.pdf	qpdf ok
replaced	ebook	46501570	983426	15	15	obsidian-vault/paperPDFs/SIGGRAPH_2023/Random_access_Neural_Compression_of_Material_Textures.pdf	qpdf ok
replaced	ebook	47075324	9659896	59	59	obsidian-vault/paperPDFs/SIGGRAPH_2025/Gaussian_Wave_Splatting_for_Computer-Generated_Holography.pdf	qpdf ok
replaced	ebook	45967895	1918767	21	21	obsidian-vault/paperPDFs/CVPR_2026/PR_MaGIC_Prompt_Refinement_Via_Mask_Decoder_Gradient_Flow_For_In_Context_Segmentation.pdf	qpdf ok
replaced	ebook	46051548	1387685	18	18	obsidian-vault/paperPDFs/arxiv_2026/FaceCam_Portrait_Video_Generation_with_Camera_Control.pdf	qpdf ok
replaced	ebook	46580273	686391	16	16	obsidian-vault/paperPDFs/CVPR_2026/EgoXtreme_A_Dataset_for_Robust_Object_Pose_Estimation_in_Egocentric_Views_under_Extreme_Conditions.pdf	qpdf ok
replaced	ebook	46456037	914908	9	9	obsidian-vault/paperPDFs/SIGGRAPH_2022/ReLU_Fields_The_Little_Non_linearity_That_Could.pdf	qpdf ok
replaced	ebook	45827805	764287	11	11	obsidian-vault/paperPDFs/SIGGRAPH_2023/Generating_Procedural_Materials_From_Text_or_Image_Prompts.pdf	qpdf ok
replaced	ebook	45684643	2623836	14	14	obsidian-vault/paperPDFs/CVPR_2026/EgoControl_Controllable_Egocentric_Video_Generation_via_3D_Full_Body_Poses.pdf	qpdf ok
replaced	ebook	47454818	1972171	21	21	obsidian-vault/paperPDFs/SIGGRAPH_ASIA_2024/Customizing_Text_to_Image_Models_with_a_Single_Image_Pair.pdf	qpdf ok
replaced	ebook	46665703	1434422	21	21	obsidian-vault/paperPDFs/ICLR_2026/Animating_the_Uncaptured_Humanoid_Mesh_Animation_with_Video_Diffusion_Models.pdf	qpdf ok
kept	none	49594480	0	24		obsidian-vault/paperPDFs/ICLR_2026/Why_Low_Precision_Transformer_Training_Fails_An_Analysis_on_Flash_Attention.pdf	size=17085882; pages=24; qpdf=False; TimeoutExpired(['qpdf', '--check', 'obsidian-vault/paperPDFs/ICLR_2026/Why_Low_Precision_Transformer_Training_Fails_An_Analysis_on_Flash_Attention.pdf.tmp-screen.1148800.pdf'], 60)
replaced	ebook	47063959	4550492	18	18	obsidian-vault/paperPDFs/CVPR_2026/PureCC_Pure_Learning_for_Text_to_Image_Concept_Customization.pdf	qpdf ok
replaced	ebook	47356659	2172424	11	11	obsidian-vault/paperPDFs/SIGGRAPH_ASIA_2023/ShaDDR_Interactive_Example_Based_Geometry_and_Texture_Generation_via_3D_Shape_Detailization_and_Differentiable_Rendering.pdf	qpdf ok
replaced	ebook	45663625	2376770	19	19	obsidian-vault/paperPDFs/SIGGRAPH_ASIA_2024/Skeleton_Driven_Inbetweening_of_Bitmap_Character_Drawings.pdf	qpdf ok
replaced	ebook	45445141	1141968	11	11	obsidian-vault/paperPDFs/SIGGRAPH_2025/3D_Stylization_via_Large_Reconstruction_Model.pdf	qpdf ok
replaced	ebook	45416343	792136	12	12	obsidian-vault/paperPDFs/SIGGRAPH_2023/Masonry_Shell_Structures_With_Discrete_Equivalence_Classes.pdf	qpdf ok
kept	none	46992636	0	11		obsidian-vault/paperPDFs/SIGGRAPH_ASIA_2025/Neural_Hamiltonian_Deformation_Fields_for_Dynamic_Scene_Rendering.pdf	size=52355243; pages=11; qpdf=True; checking obsidian-vault/paperPDFs/SIGGRAPH_ASIA_2025/Neural_Hamiltonian_Deformation_Fields_for_Dynamic_Scene_Rendering.pdf.tmp-screen.1148791.pdf PDF Version: 1.4 File is not encrypted File is not linearized No syntax or stream encoding errors found; the file may still contain errors that qpdf cannot detect 
replaced	ebook	45594191	762371	13	13	obsidian-vault/paperPDFs/SIGGRAPH_2026/BrepForge_Factorized_B_rep_Synthesis_via_Wireframe_Composition_and_Boundary_Conditioned_Surface_Instantiation.pdf	qpdf ok
replaced	ebook	45416187	1922968	32	32	obsidian-vault/paperPDFs/SIGGRAPH_2022/Fine_Wrinkling_on_Coarsely_Meshed_Thin_Shells.pdf	qpdf ok
replaced	ebook	46662887	1623010	16	16	obsidian-vault/paperPDFs/SIGGRAPH_2026/Neural_Particle_Automata_Learning_Self_Organizing_Particle_Dynamics.pdf	qpdf ok
replaced	ebook	45398021	1136454	15	15	obsidian-vault/paperPDFs/SIGGRAPH_ASIA_2022/Neural_Parameterization_for_Dynamic_Human_Head_Editing.pdf	qpdf ok
replaced	ebook	45013781	1171255	14	14	obsidian-vault/paperPDFs/SIGGRAPH_ASIA_2025/Generalized_Unbiased_Reconstruction_for_Gradient_Domain_Rendering.pdf	qpdf ok
replaced	ebook	45193644	953494	15	15	obsidian-vault/paperPDFs/SIGGRAPH_ASIA_2024/GroomCap_High_Fidelity_Prior_Free_Hair_Capture.pdf	qpdf ok
replaced	ebook	45241678	1940202	18	18	obsidian-vault/paperPDFs/SIGGRAPH_ASIA_2025/INF_3DP_Implicit_Neural_Fields_for_Collision_Free_Multi_Axis_3D_Printing.pdf	qpdf ok
replaced	ebook	44989967	2371869	15	15	obsidian-vault/paperPDFs/CVPR_2026/UAVLight_A_Benchmark_for_Illumination_Robust_3D_Reconstruction_in_Unmanned_Aerial_Vehicle_UAV_Scenes.pdf	qpdf ok
replaced	ebook	45004963	1460814	18	18	obsidian-vault/paperPDFs/SIGGRAPH_2026/DreamActor_M2_Universal_Character_Image_Animation_via_Spatiotemporal_In_Context_Learning.pdf	qpdf ok
kept	none	50051946	0	20		obsidian-vault/paperPDFs/SIGGRAPH_2024/Fabric_Tessellation_Realizing_Freeform_Surfaces_by_Smocking.pdf	timeout after 300s
replaced	screen	45628376	9396105	17	17	obsidian-vault/paperPDFs/SIGGRAPH_2022/Perceptual_Error_Optimization_for_Monte_Carlo_Rendering.pdf	qpdf ok
replaced	ebook	44970186	5157154	47	47	obsidian-vault/paperPDFs/ICLR_2026/Antithetic_Noise_in_Diffusion_Models.pdf	qpdf ok
replaced	ebook	44921869	729326	14	14	obsidian-vault/paperPDFs/SIGGRAPH_ASIA_2023/High_Density_Ratio_Multi_fluid_Simulation_with_Peridynamics.pdf	qpdf ok
replaced	ebook	45792655	1638358	15	15	obsidian-vault/paperPDFs/arxiv_2026/SymphoMotion_4D_Dynamic_and_Camera_Control_for_Video_Generation.pdf	qpdf ok
replaced	ebook	44903068	1428170	12	12	obsidian-vault/paperPDFs/SIGGRAPH_ASIA_2024/Content_aware_Tile_Generation_using_Exterior_Boundary_Inpainting.pdf	qpdf ok
replaced	ebook	44821958	573822	13	13	obsidian-vault/paperPDFs/SIGGRAPH_2023/PolyStokes_A_Polynomial_Model_Reduction_Method_for_Viscous_Fluid_Simulation.pdf	qpdf ok
replaced	ebook	44764003	1158210	12	12	obsidian-vault/paperPDFs/CVPR_2026/Event_Illumination_Collaborative_Low_light_Image_Enhancement_with_a_High_resolution_Real_world_Dataset.pdf	qpdf ok
replaced	ebook	45124425	3039497	20	20	obsidian-vault/paperPDFs/SIGGRAPH_2025/MaterialPicker_Multi-Modal_DiT-Based_Material_Generation.pdf	qpdf ok
replaced	ebook	44644658	839293	15	15	obsidian-vault/paperPDFs/CVPR_2026/DGGT_Feedforward_4D_Reconstruction_of_Dynamic_Driving_Scenes_using_Unposed_Images.pdf	qpdf ok
replaced	ebook	44867712	988193	19	19	obsidian-vault/paperPDFs/SIGGRAPH_ASIA_2022/LuisaRender_A_High_Performance_Rendering_Framework_with_Layered_and_Unified_Interfaces_on_Stream_Architectures.pdf	qpdf ok
replaced	ebook	44843729	1615629	14	14	obsidian-vault/paperPDFs/SIGGRAPH_ASIA_2024/Still_Moving_Customized_Video_Generation_without_Customized_Video_Data.pdf	qpdf ok
replaced	ebook	46865169	3629401	11	11	obsidian-vault/paperPDFs/SIGGRAPH_ASIA_2024/Perspective_Aligned_AR_Mirror_with_Under_Display_Camera.pdf	qpdf ok
replaced	ebook	44622888	1509727	30	30	obsidian-vault/paperPDFs/ICLR_2026/Unsupervised_Representation_Learning_for_3D_Mesh_Parameterization_with_Semantic_fb445667e240.pdf	qpdf ok
replaced	ebook	46610173	3735881	42	42	obsidian-vault/paperPDFs/arxiv_2026/What_Matters_for_Diffusion_Friendly_Latent_Manifold_Prior_Aligned_Autoencoders_for_Latent_Diffusion.pdf	qpdf ok
replaced	ebook	44592209	2424843	18	18	obsidian-vault/paperPDFs/CVPR_2026/Back_to_Basics_Let_Denoising_Generative_Models_Denoise.pdf	qpdf ok
replaced	ebook	44809286	1947319	22	22	obsidian-vault/paperPDFs/CVPR_2026/SegQuant_A_Semantics_Aware_and_Generalizable_Quantization_Framework_for_Diffusion_Models.pdf	qpdf ok
replaced	ebook	44574726	879995	15	15	obsidian-vault/paperPDFs/SIGGRAPH_2024/Position_based_Nonlinear_Gauss_Seidel_for_Quasistatic_Hyperelasticity.pdf	qpdf ok
replaced	ebook	44607950	1755624	18	18	obsidian-vault/paperPDFs/TOG_2023/AdaptNet_Policy_Adaptation_for_Physics_Based_Character_Control.pdf	qpdf ok
replaced	ebook	44475408	3409497	33	33	obsidian-vault/paperPDFs/ICLR_2026/TINKER_Diffusions_Gift_to_3D_Multi_View_Consistent_Editing_From_Sparse_Inputs_without_Per_Scene_Optimization.pdf	qpdf ok
replaced	ebook	44709729	2226557	18	18	obsidian-vault/paperPDFs/SIGGRAPH_2026/On_the_fly_Repulsion_in_the_Contextual_Space_for_Rich_Diversity_in_Diffusion_Transformers.pdf	qpdf ok
replaced	ebook	44524782	1418270	20	20	obsidian-vault/paperPDFs/CVPR_2026/Neighbor_Aware_Localized_Concept_Erasure_in_Text_to_Image_Diffusion_Models.pdf	qpdf ok
replaced	ebook	45393272	1359905	19	19	obsidian-vault/paperPDFs/SIGGRAPH_ASIA_2024/Volumetric_Homogenization_for_Knitwear_Simulation.pdf	qpdf ok
replaced	ebook	44414694	2438690	16	16	obsidian-vault/paperPDFs/CVPR_2026/InstantViR_Real_Time_Video_Inverse_Problem_Solver_with_Distilled_Diffusion_Prior.pdf	qpdf ok
replaced	ebook	44552699	2696855	18	18	obsidian-vault/paperPDFs/SIGGRAPH_2025/Aerial_Path_Online_Planning_for_Urban_Scene_Updation.pdf	qpdf ok
replaced	ebook	44345026	537433	9	9	obsidian-vault/paperPDFs/SIGGRAPH_2024/A_Unified_Differentiable_Boolean_Operator_With_Fuzzy_Logic.pdf	qpdf ok
kept	none	49687733	0	15		obsidian-vault/paperPDFs/SIGGRAPH_ASIA_2024/Chebyshev_Parameterization_for_Woven_Fabric_Modeling.pdf	timeout after 300s
replaced	ebook	46931480	2110748	11	11	obsidian-vault/paperPDFs/CVPR_2026/PhysSkin_Real_Time_and_Generalizable_Physics_Based_Animation_via_Self_Supervised_Neural_Skinning.pdf	qpdf ok
replaced	ebook	44316789	1459375	20	20	obsidian-vault/paperPDFs/SIGGRAPH_2025/Digital_Animation_of_Powder_Snow_Avalanches.pdf	qpdf ok
replaced	ebook	44303540	1667839	19	19	obsidian-vault/paperPDFs/SIGGRAPH_ASIA_2024/Learning_Based_Toolpath_Planner_on_Diverse_Graphs_for_3D_Printing.pdf	qpdf ok
replaced	ebook	44195660	3361374	3	3	obsidian-vault/paperPDFs/SIGGRAPH_2025/Super_Resolution_for_Humans.pdf	qpdf ok
replaced	ebook	44141527	1330410	30	30	obsidian-vault/paperPDFs/ICLR_2026/Navigating_the_Latent_Space_Dynamics_of_Neural_Models.pdf	qpdf ok
replaced	ebook	44147064	864989	14	14	obsidian-vault/paperPDFs/SIGGRAPH_2022/Blending_Camera_and_77_GHz_Radar_Sensing_for_Equitable_Robust_Plethysmography.pdf	qpdf ok
replaced	ebook	43948016	1228935	19	19	obsidian-vault/paperPDFs/CVPR_2026/OccuFly_A_3D_Vision_Benchmark_for_Semantic_Scene_Completion_from_the_Aerial_Perspective.pdf	qpdf ok
replaced	ebook	45670001	3310267	24	24	obsidian-vault/paperPDFs/SIGGRAPH_ASIA_2024/StyleCrafter_Taming_Stylized_Video_Diffusion_with_Reference_Augmented_Adapter_Learning.pdf	qpdf ok
replaced	ebook	43994801	1452303	20	20	obsidian-vault/paperPDFs/CVPR_2026/Unified_Spherical_Frontend_Learning_Rotation_Equivariant_Representations_of_Spherical_Images_from_Any_Camera.pdf	qpdf ok
replaced	ebook	43983832	1604509	17	17	obsidian-vault/paperPDFs/SIGGRAPH_ASIA_2022/Pattern_Based_Cloth_Registration_and_Sparse_View_Animation.pdf	qpdf ok
replaced	ebook	44361993	4240437	14	14	obsidian-vault/paperPDFs/SIGGRAPH_ASIA_2025/Artifact_Resilient_Real_Time_Holography.pdf	qpdf ok
replaced	ebook	43843702	1046351	11	11	obsidian-vault/paperPDFs/SIGGRAPH_2024/LOOSECONTROL_Lifting_ControlNet_for_Generalized_Depth_Conditioning.pdf	qpdf ok
replaced	ebook	43939721	788931	9	9	obsidian-vault/paperPDFs/SIGGRAPH_2022/Face_Extrusion_Quad_Meshes.pdf	qpdf ok
replaced	ebook	44846563	3152833	17	17	obsidian-vault/paperPDFs/CVPR_2026/GeoRelight_Learning_Joint_Geometrical_Relighting_and_Reconstruction_with_Flexible_Multi_Modal_Diffusion_Transformers.pdf	qpdf ok
replaced	ebook	43736318	1410804	25	25	obsidian-vault/paperPDFs/CVPR_2026/PhysGaia_A_Physics_aware_Benchmark_with_Multi_Body_Interactions_for_Dynamic_Novel_View_Synthesis.pdf	qpdf ok
replaced	ebook	43667807	903918	20	20	obsidian-vault/paperPDFs/ICLR_2025/OmniRe_Omni_Urban_Scene_Reconstruction.pdf	qpdf ok
replaced	ebook	44267419	3674824	26	26	obsidian-vault/paperPDFs/CVPR_2026/SeeThrough3D_Occlusion_Aware_3D_Control_in_Text_to_Image_Generation.pdf	qpdf ok
replaced	ebook	44626064	1918582	29	29	obsidian-vault/paperPDFs/SIGGRAPH_2026/Robust_Containment_Queries_over_Collections_of_Trimmed_NURBS_Surfaces_via_Generalized_Winding_Numbers.pdf	qpdf ok
replaced	ebook	43668693	1006958	12	12	obsidian-vault/paperPDFs/SIGGRAPH_ASIA_2025/How_Does_a_Virtual_Agent_Decide_Where_to_Look_Symbolic_Cognitive_Reasoning_for_Embodied_Head_Rotation.pdf	qpdf ok
replaced	ebook	44417405	3252075	24	24	obsidian-vault/paperPDFs/CVPR_2026/FlowDirector_Training_Free_Flow_Steering_for_Precise_Text_to_Video_Editing.pdf	qpdf ok
replaced	ebook	43604771	787904	8	8	obsidian-vault/paperPDFs/SIGGRAPH_2024/Into_the_Portal_Directable_Fractal_Self_Similarity.pdf	qpdf ok
replaced	ebook	44404872	2027843	19	19	obsidian-vault/paperPDFs/SIGGRAPH_2025/GenAnalysis_Joint_Shape_Analysis_by_Learning_Man-Made_Shape_Generators_with_Deformation_Regularizations.pdf	qpdf ok
replaced	ebook	43965549	2006495	25	25	obsidian-vault/paperPDFs/CVPR_2026/UltraFlux_Data_Model_Co_Design_for_High_quality_Native_4K_Text_to_Image_Generation_across_Diverse_Aspect_Ratios.pdf	qpdf ok
replaced	ebook	43349720	953783	15	15	obsidian-vault/paperPDFs/SIGGRAPH_2022/Accommodative_Holography_Improving_Accommodation_Response_for_Perceptually_Realistic_Holographic_Displays.pdf	qpdf ok
replaced	ebook	43648335	1730493	16	16	obsidian-vault/paperPDFs/SIGGRAPH_ASIA_2024/Actuators_A_La_Mode_Modal_Actuations_for_Soft_Body_Locomotion.pdf	qpdf ok
replaced	ebook	43402066	1110070	18	18	obsidian-vault/paperPDFs/SIGGRAPH_ASIA_2025/Lifted_Surfacing_of_Generalized_Sweep_Volumes.pdf	qpdf ok
replaced	ebook	43307540	868247	15	15	obsidian-vault/paperPDFs/TOG_2020/Local_motion_phases_for_learning_multi_contact_character_movements.pdf	qpdf ok
replaced	ebook	43601623	1156956	12	12	obsidian-vault/paperPDFs/SIGGRAPH_ASIA_2025/Progressive_Outfit_Assembly_and_Instantaneous_Pose_Transfer.pdf	qpdf ok
replaced	ebook	43616041	1210012	11	11	obsidian-vault/paperPDFs/CVPR_2026/TimeRipples_Accelerating_vDiTs_by_Understanding_the_Spatio_Temporal_Correlations_in_Latent_Space.pdf	qpdf ok
replaced	ebook	43473963	3184337	75	75	obsidian-vault/paperPDFs/WHITEPAPER_2025/Cosmos_World_Foundation_Model_Platform_for_Physical_AI.pdf	qpdf ok
replaced	ebook	43275654	1557200	14	14	obsidian-vault/paperPDFs/SIGGRAPH_2025/Be_Decisive_Noise-Induced_Layouts_for_Multi-Subject_Generation.pdf	qpdf ok
replaced	ebook	43040481	1981039	17	17	obsidian-vault/paperPDFs/SIGGRAPH_ASIA_2025/Aerial_Path_Planning_for_Urban_Geometry_and_Texture_Co_Capture.pdf	qpdf ok
replaced	ebook	44458996	4212163	53	53	obsidian-vault/paperPDFs/WHITEPAPER_2025/Isaac_Lab_A_GPU_Accelerated_Simulation_Framework_for_Multi_Modal_Robot_Learning.pdf	qpdf ok
replaced	ebook	43013754	951041	10	10	obsidian-vault/paperPDFs/SIGGRAPH_ASIA_2023/A_Hessian_Based_Field_Deformer_for_Real_Time_Topology_Aware_Shape_Editing.pdf	qpdf ok
replaced	ebook	43773614	10697085	26	26	obsidian-vault/paperPDFs/CVPR_2026/Kontinuous_Kontext_Continuous_Strength_Control_for_Instruction_based_Image_Editing.pdf	qpdf ok
replaced	ebook	43057976	2248370	21	21	obsidian-vault/paperPDFs/ICLR_2026/Unified_3D_Scene_Understanding_Through_Physical_World_Modeling.pdf	qpdf ok
replaced	ebook	43114621	2175571	17	17	obsidian-vault/paperPDFs/SIGGRAPH_ASIA_2022/Globally_Injective_Flattening_via_a_Reduced_Harmonic_Subspace.pdf	qpdf ok
replaced	ebook	43710712	2541517	28	28	obsidian-vault/paperPDFs/CVPR_2026/InstructMix2Mix_Consistent_Sparse_View_Editing_Through_Multi_View_Model_Personalization.pdf	qpdf ok
replaced	ebook	43670124	19267483	15	15	obsidian-vault/paperPDFs/SIGGRAPH_2026/Spatially_Accelerated_Winding_Numbers_for_Curved_Geometry.pdf	qpdf ok
replaced	ebook	43009016	1987780	16	16	obsidian-vault/paperPDFs/SIGGRAPH_2025/Practical_Inverse_Rendering_of_Textured_and_Translucent_Appearance.pdf	qpdf ok
replaced	ebook	43281875	4448887	44	44	obsidian-vault/paperPDFs/CVPR_2026/PrITTI_Primitive_based_Generation_of_Controllable_and_Editable_3D_Semantic_Urban_Scenes.pdf	qpdf ok
replaced	ebook	42984195	1308351	19	19	obsidian-vault/paperPDFs/SIGGRAPH_2025/Creating_Fluid_Interactive_Virtual_Agents_by_an_Efficient_Simulator_with_Local_domain_Control.pdf	qpdf ok
replaced	ebook	42770590	2604741	11	11	obsidian-vault/paperPDFs/SIGGRAPH_2025/Multiple_Importance_Reweighting_for_Path_Guiding.pdf	qpdf ok
replaced	ebook	42628046	1084384	11	11	obsidian-vault/paperPDFs/SIGGRAPH_ASIA_2025/Neighbor_Aware_Data_Driven_Relaxation_of_Stitch_Mesh_Models_for_Knits.pdf	qpdf ok
replaced	ebook	42724141	1346128	22	22	obsidian-vault/paperPDFs/CVPR_2026/SwiftTailor_Efficient_3D_Garment_Generation_with_Geometry_Image_Representation.pdf	qpdf ok
replaced	ebook	42552949	1479280	11	11	obsidian-vault/paperPDFs/SIGGRAPH_2024/Self_supervised_Video_Defocus_Deblurring_With_Atlas_Learning.pdf	qpdf ok
replaced	ebook	42389741	1489385	16	16	obsidian-vault/paperPDFs/SIGGRAPH_2022/Hogel_free_Holography.pdf	qpdf ok
replaced	ebook	42518723	1316710	10	10	obsidian-vault/paperPDFs/SIGGRAPH_ASIA_2025/QMF_Blend_Quantized_Matrix_Factorization_for_Efficient_Blendshape_Compression.pdf	qpdf ok
replaced	ebook	42620609	1703705	13	13	obsidian-vault/paperPDFs/SIGGRAPH_2023/Nerfstudio_A_Modular_Framework_for_Neural_Radiance_Field_Development.pdf	qpdf ok
replaced	ebook	42484040	5504679	57	57	obsidian-vault/paperPDFs/ICLR_2026/Neon_Negative_Extrapolation_From_Self_Training_Improves_Image_Generation.pdf	qpdf ok
replaced	ebook	43115361	3161207	35	35	obsidian-vault/paperPDFs/ICLR_2026/GLASS_Flows_Efficient_Inference_for_Reward_Alignment_of_Flow_and_Diffusion_Models.pdf	qpdf ok
replaced	ebook	42805668	4451578	21	21	obsidian-vault/paperPDFs/SIGGRAPH_ASIA_2025/Harnessing_Diffusion_Yielded_Score_Priors_for_Image_Restoration.pdf	qpdf ok
replaced	ebook	42370251	814107	17	17	obsidian-vault/paperPDFs/SIGGRAPH_ASIA_2025/Waste_to_Value_Reutilized_Material_Maximization_for_Additive_and_Subtractive_Hybrid_Remanufacturing.pdf	qpdf ok
replaced	ebook	42357952	1018016	16	16	obsidian-vault/paperPDFs/SIGGRAPH_ASIA_2024/SGEdit_Bridging_LLM_with_Text2Image_Generative_Model_for_Scene_Graph_based_Image_Editing.pdf	qpdf ok
replaced	ebook	42348386	1221302	15	15	obsidian-vault/paperPDFs/SIGGRAPH_2023/Language_based_Photo_Color_Adjustment_for_Graphic_Designs.pdf	qpdf ok
replaced	ebook	42271432	3511381	21	21	obsidian-vault/paperPDFs/SIGGRAPH_2022/High_Dynamic_Range_and_Super_resolution_From_Raw_Image_Bursts.pdf	qpdf ok
replaced	ebook	42253266	633256	16	16	obsidian-vault/paperPDFs/SIGGRAPH_2025/Learning_to_Assemble_with_Alternative_Plans.pdf	qpdf ok
replaced	ebook	44206604	3418907	28	28	obsidian-vault/paperPDFs/CVPR_2026/MapReduce_LoRA_Advancing_the_Pareto_Front_in_Multi_Preference_Optimization_for_Generative_Models.pdf	qpdf ok
replaced	ebook	42209874	3446200	34	34	obsidian-vault/paperPDFs/CVPR_2026/I2I_Bench_A_Comprehensive_Benchmark_Suite_for_Image_to_Image_Editing_Models.pdf	qpdf ok
replaced	ebook	42107654	1192192	14	14	obsidian-vault/paperPDFs/SIGGRAPH_ASIA_2024/Neural_Kernel_Regression_for_Consistent_Monte_Carlo_Denoising.pdf	qpdf ok
replaced	ebook	44361635	3212179	24	24	obsidian-vault/paperPDFs/CVPR_2026/RobotSeg_A_Model_and_Dataset_for_Segmenting_Robots_in_Image_and_Video.pdf	qpdf ok
replaced	ebook	42084652	1283657	11	11	obsidian-vault/paperPDFs/SIGGRAPH_ASIA_2024/Efficient_Neural_Path_Guiding_with_4D_Modeling.pdf	qpdf ok
replaced	ebook	42095734	1303533	23	23	obsidian-vault/paperPDFs/ICLR_2024/EmerDiff_Emerging_Pixel_level_Semantic_Knowledge_in_Diffusion_Models.pdf	qpdf ok
replaced	ebook	42080218	3090551	11	11	obsidian-vault/paperPDFs/SIGGRAPH_ASIA_2025/Adaptive_Neural_Kernels_for_Gradient_domain_Rendering.pdf	qpdf ok
replaced	ebook	42384337	3864722	55	55	obsidian-vault/paperPDFs/ICLR_2026/VoMP_Predicting_Volumetric_Mechanical_Property_Fields.pdf	qpdf ok
replaced	ebook	42073084	1238590	11	11	obsidian-vault/paperPDFs/SIGGRAPH_ASIA_2024/Camera_Settings_as_Tokens_Modeling_Photography_on_Latent_Diffusion_Models.pdf	qpdf ok
replaced	ebook	42011288	1052663	13	13	obsidian-vault/paperPDFs/SIGGRAPH_ASIA_2025/Sparse_SVBRDF_Acquisition_via_Importance_Aware_Illumination_Multiplexing.pdf	qpdf ok
replaced	ebook	41973356	1341704	11	11	obsidian-vault/paperPDFs/SIGGRAPH_2024/Generative_Escher_Meshes.pdf	qpdf ok
replaced	ebook	41949383	870081	11	11	obsidian-vault/paperPDFs/SIGGRAPH_2023/UrbanBIS_A_Large_scale_Benchmark_for_Fine_grained_Urban_Building_Instance_Segmentation.pdf	qpdf ok
replaced	ebook	42076355	1003985	18	18	obsidian-vault/paperPDFs/CVPR_2026/MARCO_Navigating_the_Unseen_Space_of_Semantic_Correspondence.pdf	qpdf ok
replaced	ebook	41945329	1333530	35	35	obsidian-vault/paperPDFs/ICLR_2026/A_Step_to_Decouple_Optimization_in_3DGS.pdf	qpdf ok
replaced	ebook	42764656	1241085	17	17	obsidian-vault/paperPDFs/SIGGRAPH_2025/Kinematic_Motion_Retargeting_for_Contact-Rich_Anthropomorphic_Manipulations.pdf	qpdf ok
replaced	ebook	41940643	1056682	22	22	obsidian-vault/paperPDFs/CVPR_2026/FlashVSR_Towards_Real_time_Diffusion_Based_Streaming_Video_Super_Resolution.pdf	qpdf ok
replaced	ebook	41936344	973052	35	35	obsidian-vault/paperPDFs/ICLR_2026/3DGEER_3D_Gaussian_Rendering_Made_Exact_and_Efficient_for_Generic_Cameras_ICLR_2026_3dgeer_3d_gaussian_rendering_made_exact_and_efficient_for_generic_cameras.pdf	qpdf ok
replaced	ebook	41936344	973052	35	35	obsidian-vault/paperPDFs/ICLR_2026/3DGEER_3D_Gaussian_Rendering_Made_Exact_and_Efficient_for_Generic_Cameras.pdf	qpdf ok
replaced	ebook	41683917	777584	9	9	obsidian-vault/paperPDFs/SIGGRAPH_ASIA_2022/FDNeRF_Few_shot_Dynamic_Neural_Radiance_Fields_for_Face_Reconstruction_and_Expression_Editing.pdf	qpdf ok
replaced	ebook	42795615	1944284	24	24	obsidian-vault/paperPDFs/ICLR_2026/StreamSplat_Towards_Online_Dynamic_3D_Reconstruction_from_Uncalibrated_Video_Str_ddaf0a5cb355.pdf	qpdf ok
replaced	ebook	42694133	1442417	12	12	obsidian-vault/paperPDFs/SIGGRAPH_ASIA_2023/Neural_Point_based_Volumetric_Avatar_Surface_guided_Neural_Points_for_Efficient_and_Photorealistic_Volumetric_Head_Avatar.pdf	qpdf ok
replaced	ebook	41731055	1472807	24	24	obsidian-vault/paperPDFs/ICLR_2026/AutoFly_Vision_Language_Action_Model_for_UAV_Autonomous_Navigation_in_the_Wild.pdf	qpdf ok
replaced	ebook	41971596	3396277	20	20	obsidian-vault/paperPDFs/SIGGRAPH_2025/Image-GS_Content-Adaptive_Image_Representation_via_2D_Gaussians.pdf	qpdf ok
replaced	ebook	41795176	1680153	11	11	obsidian-vault/paperPDFs/SIGGRAPH_ASIA_2025/Spectral_Reconstruction_with_Uncertainty_Quantification_via_Differentiable_Rendering_and_Null_Space_Sampling.pdf	qpdf ok
replaced	ebook	41722935	2140464	36	36	obsidian-vault/paperPDFs/ICLR_2026/Diffusion_Fine_Tuning_via_Reparameterized_Policy_Gradient_of_the_Soft_Q_Function.pdf	qpdf ok
replaced	ebook	41613107	827444	14	14	obsidian-vault/paperPDFs/SIGGRAPH_ASIA_2023/Neural_Stress_Fields_for_Reduced_order_Elastoplasticity_and_Fracture.pdf	qpdf ok
replaced	ebook	43287105	4241932	21	21	obsidian-vault/paperPDFs/SIGGRAPH_ASIA_2024/NASM_Neural_Anisotropic_Surface_Meshing.pdf	qpdf ok
replaced	ebook	41587448	1760523	15	15	obsidian-vault/paperPDFs/SIGGRAPH_ASIA_2024/Gaussian_Opacity_Fields_Efficient_Adaptive_Surface_Reconstruction_in_Unbounded_Scenes.pdf	qpdf ok
replaced	ebook	41800769	2367625	25	25	obsidian-vault/paperPDFs/ICLR_2026/Anchor_Frame_Bridging_for_Coherent_First_Last_Frame_Video_Generation.pdf	qpdf ok
replaced	ebook	41467105	847828	11	11	obsidian-vault/paperPDFs/SIGGRAPH_ASIA_2024/Polarimetric_BSSRDF_Acquisition_of_Dynamic_Faces.pdf	qpdf ok
replaced	ebook	43932767	2034202	18	18	obsidian-vault/paperPDFs/SIGGRAPH_2025/Fast_Subspace_Fluid_Simulation_with_a_Temporally-Aware_Basis.pdf	qpdf ok
replaced	ebook	41327381	1877532	19	19	obsidian-vault/paperPDFs/SIGGRAPH_2024/DeadWood_Including_disturbance_and_decay_in_the_depiction_of_digital_nature.pdf	qpdf ok
replaced	ebook	41455431	2055301	18	18	obsidian-vault/paperPDFs/SIGGRAPH_ASIA_2022/Depth_of_Field_Aware_Differentiable_Rendering.pdf	qpdf ok
replaced	ebook	41458931	942631	11	11	obsidian-vault/paperPDFs/SIGGRAPH_ASIA_2023/Neural_Field_Convolutions_by_Repeated_Differentiation.pdf	qpdf ok
replaced	ebook	41303777	1388301	17	17	obsidian-vault/paperPDFs/arxiv_2026/PPISP_Physically_Plausible_Compensation_and_Control_of_Photometric_Variations_in_Radiance_Field_Reconstruction.pdf	qpdf ok
replaced	ebook	41294849	1634354	29	29	obsidian-vault/paperPDFs/ICLR_2026/BAR_Refactor_the_Basis_of_Autoregressive_Visual_Generation.pdf	qpdf ok
replaced	ebook	41477637	2684737	13	13	obsidian-vault/paperPDFs/SIGGRAPH_ASIA_2024/Taming_3DGS_High_Quality_Radiance_Fields_with_Limited_Resources.pdf	qpdf ok
replaced	ebook	41446457	4310308	19	19	obsidian-vault/paperPDFs/SIGGRAPH_ASIA_2025/PatchEX_High_Quality_Real_Time_Temporal_Supersampling_through_Patch_based_Parallel_Extrapolation.pdf	qpdf ok
replaced	ebook	42255970	1948010	18	18	obsidian-vault/paperPDFs/SIGGRAPH_2026/VecSet_Edit_Unleashing_Pre_trained_LRM_for_Mesh_Editing_from_Single_Image.pdf	qpdf ok
replaced	ebook	41252755	1522009	18	18	obsidian-vault/paperPDFs/CVPR_2026/GLINT_Modeling_Scene_Scale_Transparency_via_Gaussian_Radiance_Transport.pdf	qpdf ok
replaced	ebook	41188572	874893	11	11	obsidian-vault/paperPDFs/SIGGRAPH_ASIA_2025/Voost_A_Unified_and_Scalable_Diffusion_Transformer_for_Bidirectional_Virtual_Try_On_and_Try_Off.pdf	qpdf ok
replaced	ebook	43547599	1210661	16	16	obsidian-vault/paperPDFs/CVPR_2026/CUPID_Generative_3D_Reconstruction_via_Joint_Object_and_Pose_Modeling.pdf	qpdf ok
replaced	ebook	41103945	1305989	12	12	obsidian-vault/paperPDFs/SIGGRAPH_2024/MaPa_Text_driven_Photorealistic_Material_Painting_for_3D_Shapes.pdf	qpdf ok
replaced	ebook	40991723	733384	11	11	obsidian-vault/paperPDFs/SIGGRAPH_2025/AMOR_Adaptive_Character_Control_through_Multi-Objective_Reinforcement_Learning.pdf	qpdf ok
replaced	ebook	40901888	952756	8	8	obsidian-vault/paperPDFs/SIGGRAPH_2022/Neural_Layered_BRDFs.pdf	qpdf ok
replaced	ebook	40908718	2317751	21	21	obsidian-vault/paperPDFs/SIGGRAPH_2024/Importance_Sampling_BRDF_Derivatives.pdf	qpdf ok
replaced	ebook	41042985	5319942	25	25	obsidian-vault/paperPDFs/SIGGRAPH_2026/CAGS_Color_Adaptive_Volumetric_Video_Streaming_with_Dynamic_3D_Gaussian_Splatting.pdf	qpdf ok
replaced	ebook	40973667	819267	14	14	obsidian-vault/paperPDFs/SIGGRAPH_2022/Character_Articulation_Through_Profile_Curves.pdf	qpdf ok
replaced	ebook	40890298	1518931	13	13	obsidian-vault/paperPDFs/SIGGRAPH_2022/Disentangling_Random_and_Cyclic_Effects_in_Time_lapse_Sequences.pdf	qpdf ok
replaced	ebook	41060563	1100191	23	23	obsidian-vault/paperPDFs/ICLR_2026/SkyEvents_A_Large_Scale_Event_enhanced_UAV_Dataset_for_Robust_3D_Scene_Reconstru_5f0daf32f322.pdf	qpdf ok
replaced	ebook	41363423	1373443	12	12	obsidian-vault/paperPDFs/SIGGRAPH_ASIA_2023/Animating_Street_View.pdf	qpdf ok
replaced	ebook	40792107	1052886	16	16	obsidian-vault/paperPDFs/arxiv_2025/LAMP_Language_Assisted_Motion_Planning_for_Controllable_Video_Generation.pdf	qpdf ok
replaced	ebook	41206531	8407208	14	14	obsidian-vault/paperPDFs/SIGGRAPH_ASIA_2024/Exact_and_Efficient_Intersection_Resolution_for_Mesh_Arrangements.pdf	qpdf ok
replaced	ebook	40715690	1451922	23	23	obsidian-vault/paperPDFs/SIGGRAPH_2026/See_through_Single_image_Layer_Decomposition_for_Anime_Characters.pdf	qpdf ok
replaced	ebook	41013307	941304	13	13	obsidian-vault/paperPDFs/SIGGRAPH_2023/B_rep_Matching_for_Collaborating_Across_CAD_Systems.pdf	qpdf ok
replaced	ebook	40438931	1813291	18	18	obsidian-vault/paperPDFs/SIGGRAPH_2022/Active_Exploration_for_Neural_Global_Illumination_of_Variable_Scenes.pdf	qpdf ok
replaced	ebook	42769260	3442152	23	23	obsidian-vault/paperPDFs/CVPR_2026/4D_RGPT_Toward_Region_level_4D_Understanding_via_Perceptual_Distillation.pdf	qpdf ok
replaced	ebook	40378416	3340437	25	25	obsidian-vault/paperPDFs/SIGGRAPH_2022/StyleGAN_NADA_CLIP_guided_Domain_Adaptation_of_Image_Generators.pdf	qpdf ok
replaced	ebook	40591703	2571472	44	44	obsidian-vault/paperPDFs/ICLR_2026/Vid2World_Crafting_Video_Diffusion_Models_to_Interactive_World_Models.pdf	qpdf ok
replaced	ebook	41050762	1778933	19	19	obsidian-vault/paperPDFs/SIGGRAPH_2022/Rewriting_Geometric_Rules_of_a_GAN.pdf	qpdf ok
replaced	ebook	40404137	3394281	39	39	obsidian-vault/paperPDFs/ICLR_2026/TRACE_Your_Diffusion_Model_is_Secretly_an_Instance_Edge_Detector.pdf	qpdf ok
replaced	ebook	41560668	1660387	20	20	obsidian-vault/paperPDFs/CVPR_2026/DiffusionHarmonizer_Bridging_Neural_Reconstruction_and_Photorealistic_Simulation_with_Online_Diffusion_Enhancer.pdf	qpdf ok
replaced	ebook	40152682	2389924	21	21	obsidian-vault/paperPDFs/SIGGRAPH_ASIA_2024/DreamUDF_Generating_Unsigned_Distance_Fields_from_A_Single_Image.pdf	qpdf ok
replaced	ebook	42090108	2520966	17	17	obsidian-vault/paperPDFs/SIGGRAPH_2025/Boolean_Operation_for_CAD_Models_Using_a_Hybrid_Representation.pdf	qpdf ok
replaced	ebook	40166803	2747664	26	26	obsidian-vault/paperPDFs/arxiv_2024/Structured_3D_Latents_for_Scalable_and_Versatile_3D_Generation.pdf	qpdf ok
replaced	ebook	39788429	232345	2	2	obsidian-vault/paperPDFs/SIGGRAPH_2025/Manu_Grid_UI_for_Parameter_Estimation_of_Tilt_Angle_Extended_Generalized_Projection_Function_in_Illustrations.pdf	qpdf ok
replaced	ebook	40239957	2167350	26	26	obsidian-vault/paperPDFs/SIGGRAPH_2022/DSG_Net_Learning_Disentangled_Structure_and_Geometry_for_3D_Shape_Generation.pdf	qpdf ok
replaced	ebook	39769780	2415563	8	8	obsidian-vault/paperPDFs/SIGGRAPH_ASIA_2022/Unbiased_Caustics_Rendering_Guided_by_Representative_Specular_Paths.pdf	qpdf ok
replaced	ebook	39695671	1252201	11	11	obsidian-vault/paperPDFs/SIGGRAPH_2024/Mob_FGSR_Frame_Generation_and_Super_Resolution_for_Mobile_Real_time_Rendering.pdf	qpdf ok
replaced	ebook	39960814	2006683	17	17	obsidian-vault/paperPDFs/SIGGRAPH_2023/SketchFaceNeRF_Sketch_based_Facial_Generation_and_Editing_in_Neural_Radiance_Fields.pdf	qpdf ok
replaced	ebook	40110397	2378590	15	15	obsidian-vault/paperPDFs/SIGGRAPH_ASIA_2022/Pupil_aware_Holography.pdf	qpdf ok
replaced	ebook	40829560	2067281	18	18	obsidian-vault/paperPDFs/SIGGRAPH_ASIA_2022/Computing_Medial_Axis_Transform_with_Feature_Preservation_via_Restricted_Power_Diagram.pdf	qpdf ok
replaced	ebook	39530837	755376	14	14	obsidian-vault/paperPDFs/SIGGRAPH_ASIA_2023/An_Implicit_Physical_Face_Model_Driven_by_Expression_and_Style.pdf	qpdf ok
replaced	ebook	39523184	953546	11	11	obsidian-vault/paperPDFs/SIGGRAPH_ASIA_2024/Text_Guided_Texturing_by_Synchronized_Multi_View_Diffusion.pdf	qpdf ok
replaced	ebook	39644833	1841139	25	25	obsidian-vault/paperPDFs/CVPR_2026/Synthetic_Curriculum_Reinforces_Compositional_Text_to_Image_Generation.pdf	qpdf ok
replaced	ebook	39585987	1597721	31	31	obsidian-vault/paperPDFs/ICLR_2026/Diffusion_Blend_Inference_Time_Multi_Preference_Alignment_for_Diffusion_Models.pdf	qpdf ok
replaced	ebook	39438133	964686	15	15	obsidian-vault/paperPDFs/ICCV_2025/Global_Motion_Corresponder_for_3D_Point_Based_Scene_Interpolation_under_Large_Motion.pdf	qpdf ok
replaced	ebook	40496494	1924093	18	18	obsidian-vault/paperPDFs/CVPR_2026/PhyGaP_Physically_Grounded_Gaussians_with_Polarization_Cues.pdf	qpdf ok
replaced	ebook	39374088	1149014	12	12	obsidian-vault/paperPDFs/arxiv_2026/Motion-Adapter:_A_Diffusion_Model_Adapter_for_Text-to-Motion_Generation_of_Compound_Actions.pdf	qpdf ok
replaced	ebook	39366139	1412984	19	19	obsidian-vault/paperPDFs/SIGGRAPH_2025/Variational_Surface_Reconstruction_Using_Natural_Neighbors.pdf	qpdf ok
replaced	ebook	39703598	1494069	17	17	obsidian-vault/paperPDFs/SIGGRAPH_ASIA_2023/Content_based_Search_for_Deep_Generative_Models.pdf	qpdf ok
replaced	ebook	39419437	1493642	15	15	obsidian-vault/paperPDFs/SIGGRAPH_ASIA_2022/RFEPS_Reconstructing_Feature_line_Equipped_Polygonal_Surface.pdf	qpdf ok
replaced	ebook	40577609	1738070	18	18	obsidian-vault/paperPDFs/arxiv_2025/WorldPlay_Towards_Long_Term_Geometric_Consistency_for_Real_Time_Interactive_World_Modeling.pdf	qpdf ok
replaced	ebook	39281822	873016	17	17	obsidian-vault/paperPDFs/SIGGRAPH_2022/Learning_to_Use_Chopsticks_in_Diverse_Gripping_Styles.pdf	qpdf ok
replaced	ebook	39240419	1001112	17	17	obsidian-vault/paperPDFs/CVPR_2026/PoseGAM_Robust_Unseen_Object_Pose_Estimation_via_Geometry_Aware_Multi_View_Reasoning.pdf	qpdf ok
replaced	ebook	39272894	1650310	16	16	obsidian-vault/paperPDFs/SIGGRAPH_2022/NIMBLE_A_Non_rigid_Hand_Model_With_Bones_and_Muscles.pdf	qpdf ok
replaced	ebook	39227717	793021	16	16	obsidian-vault/paperPDFs/CVPR_2026/Customized_Fusion_A_Closed_Loop_Dynamic_Network_for_Adaptive_Multi_Task_Aware_Infrared_Visible_Image_Fusion.pdf	qpdf ok
replaced	ebook	39220458	651375	17	17	obsidian-vault/paperPDFs/CVPR_2024/Shape_of_Motion_4D_Reconstruction_from_a_Single_Video.pdf	qpdf ok
kept	none	40133827	0	23		obsidian-vault/paperPDFs/SIGGRAPH_2022/Clustered_Vector_Textures.pdf	size=41137076; pages=23; qpdf=True; checking obsidian-vault/paperPDFs/SIGGRAPH_2022/Clustered_Vector_Textures.pdf.tmp-screen.1148798.pdf PDF Version: 1.4 File is not encrypted File is not linearized No syntax or stream encoding errors found; the file may still contain errors that qpdf cannot detect 
replaced	ebook	39050815	956976	15	15	obsidian-vault/paperPDFs/CVPR_2026/Cloning_Deterministic_Worlds_The_Critical_Role_of_Latent_Geometry_in_Long_Horizon_World_Models.pdf	qpdf ok
replaced	ebook	39280252	3002680	19	19	obsidian-vault/paperPDFs/SIGGRAPH_ASIA_2022/Learning_to_Generate_3D_Shapes_from_a_Single_Example.pdf	qpdf ok
replaced	ebook	39044382	2932675	29	29	obsidian-vault/paperPDFs/ICLR_2026/Temporal_Sparse_Autoencoders_Leveraging_the_Sequential_Nature_of_Language_for_Interpretability.pdf	qpdf ok
replaced	ebook	38931372	1150409	18	18	obsidian-vault/paperPDFs/SIGGRAPH_2023/Temporal_Set_Inversion_for_Animated_Implicits.pdf	qpdf ok
replaced	ebook	39834194	3693828	31	31	obsidian-vault/paperPDFs/AAAI_2026/DREAMRUNNER_Fine_Grained_Compositional_Story_to_Video_Generation_with_Retrieval_Augmented_Motion_Adaptation.pdf	qpdf ok
replaced	ebook	40770672	1942985	12	12	obsidian-vault/paperPDFs/SIGGRAPH_2026/FreeOrbit4D_Training_Free_Arbitrary_Camera_Redirection_for_Monocular_Videos_via_Foreground_Complete_4D_Reconstruction.pdf	qpdf ok
replaced	ebook	38761390	161676	2	2	obsidian-vault/paperPDFs/SIGGRAPH_2022/Rendering_of_Scratched_Transparent_Materials_Using_Precomputed_SV_BSDFs.pdf	qpdf ok
replaced	ebook	38833835	2408716	19	19	obsidian-vault/paperPDFs/SIGGRAPH_2026/Generative_3D_Gaussians_with_Learned_Density_Control.pdf	qpdf ok
replaced	ebook	40524941	7129408	80	80	obsidian-vault/paperPDFs/CVPR_2026/WorldLens_Full_Spectrum_Evaluations_of_Driving_World_Models_in_Real_World.pdf	qpdf ok
replaced	ebook	40373448	1497063	26	26	obsidian-vault/paperPDFs/ICLR_2026/EasyCreator_Empowering_4D_Creation_through_Video_Inpainting_0433338d18d5.pdf	qpdf ok
replaced	ebook	38675923	2034809	15	15	obsidian-vault/paperPDFs/SIGGRAPH_2024/Transparent_Image_Layer_Diffusion_Using_Latent_Transparency.pdf	qpdf ok
replaced	ebook	38756738	812391	11	11	obsidian-vault/paperPDFs/SIGGRAPH_ASIA_2025/X_UniMotion_Animating_Human_Images_with_Expressive_Unified_and_Identity_Agnostic_Motion_Latents.pdf	qpdf ok
replaced	ebook	38792117	1658841	19	19	obsidian-vault/paperPDFs/CVPR_2026/INSID3_Training_Free_In_Context_Segmentation_with_DINOv3.pdf	qpdf ok
kept	none	43791186	0	16		obsidian-vault/paperPDFs/CVPR_2026/DA_VAE_Plug_in_Latent_Compression_for_Diffusion_via_Detail_Alignment.pdf	timeout after 300s
replaced	ebook	38674825	4387748	16	16	obsidian-vault/paperPDFs/CVPR_2026/Learning_Explicit_Continuous_Motion_Representation_for_Dynamic_Gaussian_Splatting_from_Monocular_Videos.pdf	qpdf ok
replaced	ebook	39120084	7497165	29	29	obsidian-vault/paperPDFs/SIGGRAPH_2025/Instance_Segmentation_of_Scene_Sketches_Using_Natural_Image_Priors.pdf	qpdf ok
replaced	ebook	38759720	3353158	20	20	obsidian-vault/paperPDFs/SIGGRAPH_ASIA_2024/Quark_Real_time_High_resolution_and_General_Neural_View_Synthesis.pdf	qpdf ok
replaced	ebook	38534124	2115113	24	24	obsidian-vault/paperPDFs/SIGGRAPH_2026/InfiniteDiffusion_Bridging_Learned_Fidelity_and_Procedural_Utility_for_Open_World_Terrain_Generation.pdf	qpdf ok
replaced	ebook	38501147	1502967	15	15	obsidian-vault/paperPDFs/SIGGRAPH_ASIA_2025/Split4D_Decomposed_4D_Scene_Reconstruction_Without_Video_Segmentation.pdf	qpdf ok
replaced	ebook	38472658	755210	10	10	obsidian-vault/paperPDFs/CVPR_2026/Selectively_Extracting_and_Injecting_Visual_Attributes_into_Text_to_Image_Models.pdf	qpdf ok
replaced	ebook	39436203	1884837	32	32	obsidian-vault/paperPDFs/SIGGRAPH_2026/MAROON_A_Dataset_for_the_Joint_Characterization_of_Near_Field_High_Resolution_Radio_Frequency_and_Optical_Depth_Imaging_Techniques.pdf	qpdf ok
replaced	ebook	38620386	4267036	24	24	obsidian-vault/paperPDFs/SIGGRAPH_2023/Attend_and_Excite_Attention_based_Semantic_Guidance_for_Text_to_image_Diffusion_Models.pdf	qpdf ok
replaced	ebook	38325167	2311212	18	18	obsidian-vault/paperPDFs/SIGGRAPH_ASIA_2025/Practical_Gaussian_process_implicit_surfaces_with_sparse_convolutions.pdf	qpdf ok
replaced	ebook	38675178	6480456	29	29	obsidian-vault/paperPDFs/ICLR_2026/AgilePruner_An_Empirical_Study_of_Attention_and_Diversity_for_Adaptive_Visual_Token_Pruning_in_Large_Vision_Language_Models.pdf	qpdf ok
replaced	ebook	38331409	2503661	29	29	obsidian-vault/paperPDFs/CVPR_2026/See_and_Fix_the_Flaws_Enabling_VLMs_and_Diffusion_Models_to_Comprehend_Visual_Artifacts_via_Agentic_Data_Synthesis.pdf	qpdf ok
replaced	ebook	39514912	1450229	13	13	obsidian-vault/paperPDFs/SIGGRAPH_ASIA_2023/Neural_Metamaterial_Networks_for_Nonlinear_Material_Design.pdf	qpdf ok
replaced	ebook	38274349	887261	12	12	obsidian-vault/paperPDFs/SIGGRAPH_2025/WishGI_Lightweight_Static_Global_Illumination_Baking_via_Spherical_Harmonics_Fitting.pdf	qpdf ok
replaced	ebook	38274325	1232599	15	15	obsidian-vault/paperPDFs/CVPR_2026/AREA3D_Active_Reconstruction_Agent_with_Unified_Feed_Forward_3D_Perception_and_Vision_Language_Guidance.pdf	qpdf ok
replaced	ebook	38897282	1787802	16	16	obsidian-vault/paperPDFs/CVPR_2026/DreamStereo_Towards_Real_Time_Stereo_Inpainting_for_HD_Videos.pdf	qpdf ok
replaced	ebook	38269354	691603	11	11	obsidian-vault/paperPDFs/SIGGRAPH_ASIA_2023/Power_Plastics_A_Hybrid_Lagrangian_Eulerian_Solver_for_Mesoscale_Inelastic_Flows.pdf	qpdf ok
replaced	ebook	38231786	618875	13	13	obsidian-vault/paperPDFs/SIGGRAPH_2022/The_Power_Particle_in_Cell_Method.pdf	qpdf ok
replaced	ebook	38289200	1429155	18	18	obsidian-vault/paperPDFs/SIGGRAPH_ASIA_2022/Force_Aware_Interface_via_Electromyography_for_Natural_VR_AR_Interaction.pdf	qpdf ok
replaced	ebook	38184669	649407	10	10	obsidian-vault/paperPDFs/CVPR_2026/Differentiable_Adaptive_4D_Structured_Illumination_for_Joint_Capture_of_Shape_and_Reflectance.pdf	qpdf ok
replaced	ebook	38183854	1350766	16	16	obsidian-vault/paperPDFs/SIGGRAPH_2023/Rhizomorph_The_Coordinated_Function_of_Shoots_and_Roots.pdf	qpdf ok
replaced	ebook	38165208	1482604	13	13	obsidian-vault/paperPDFs/SIGGRAPH_2023/Towards_Material_Digitization_With_a_Dual_scale_Optical_System.pdf	qpdf ok
replaced	ebook	38079546	1085300	11	11	obsidian-vault/paperPDFs/SIGGRAPH_ASIA_2022/MoRig_Motion_Aware_Rigging_of_Character_Meshes_from_Point_Clouds.pdf	qpdf ok
replaced	ebook	38592968	11898221	36	36	obsidian-vault/paperPDFs/ICLR_2026/TileLang_Bridge_Programmability_and_Performance_in_Modern_Neural_Kernels.pdf	qpdf ok
replaced	ebook	38062411	983903	10	10	obsidian-vault/paperPDFs/SIGGRAPH_ASIA_2024/Filtering_Based_Reconstruction_for_Gradient_Domain_Rendering.pdf	qpdf ok
replaced	ebook	38176817	1521570	14	14	obsidian-vault/paperPDFs/SIGGRAPH_ASIA_2023/Diffusion_Posterior_Illumination_for_Ambiguity_aware_Inverse_Rendering.pdf	qpdf ok
replaced	ebook	38971510	915503	12	12	obsidian-vault/paperPDFs/arxiv_2026/ArtisanGS_Interactive_Tools_for_Gaussian_Splat_Selection_with_AI_and_Human_in_the_Loop.pdf	qpdf ok
replaced	ebook	38144664	3085113	19	19	obsidian-vault/paperPDFs/CVPR_2026/MorphAny3D_Unleashing_the_Power_of_Structured_Latent_in_3D_Morphing.pdf	qpdf ok
replaced	ebook	38071211	1184608	20	20	obsidian-vault/paperPDFs/SIGGRAPH_2023/HACK_Learning_a_Parametric_Head_and_Neck_Model_for_High_fidelity_Animation.pdf	qpdf ok
replaced	ebook	37982097	1373051	17	17	obsidian-vault/paperPDFs/SIGGRAPH_2026/MTPano_Multi_Task_Panoramic_Scene_Understanding_via_Label_Free_Integration_of_Dense_Prediction_Priors.pdf	qpdf ok
replaced	ebook	37910145	1263732	17	17	obsidian-vault/paperPDFs/SIGGRAPH_2026/ComboStoc_Combinatorial_Stochasticity_for_Diffusion_Generative_Models.pdf	qpdf ok
replaced	ebook	37823814	965517	13	13	obsidian-vault/paperPDFs/SIGGRAPH_2023/A_Temporal_Coherent_Topology_Optimization_Approach_for_Assembly_Planning_of_Bespoke_Frame_Structures.pdf	qpdf ok
replaced	ebook	37790872	1255419	14	14	obsidian-vault/paperPDFs/SIGGRAPH_2022/Photo_to_shape_Material_Transfer_for_Diverse_Structures.pdf	qpdf ok
replaced	ebook	37782605	532155	9	9	obsidian-vault/paperPDFs/SIGGRAPH_ASIA_2024/PersonaTalk_Bring_Attention_to_Your_Persona_in_Visual_Dubbing.pdf	qpdf ok
kept	none	42361219	0	14		obsidian-vault/paperPDFs/CVPR_2026/TGSFormer_Scalable_Temporal_Gaussian_Splatting_for_Embodied_Semantic_Scene_Completion.pdf	timeout after 300s
replaced	ebook	38988810	4052242	58	58	obsidian-vault/paperPDFs/CVPR_2026/Molmo2_Open_Weights_and_Data_for_Vision_Language_Models_with_Video_Understanding_and_Grounding.pdf	qpdf ok
replaced	ebook	37652860	1153348	20	20	obsidian-vault/paperPDFs/SIGGRAPH_2023/Textured_Mesh_Quality_Assessment_Large_scale_Dataset_and_Deep_Learning_based_Quality_Metric.pdf	qpdf ok
replaced	ebook	38327481	2268050	14	14	obsidian-vault/paperPDFs/SIGGRAPH_2025/VideoPainter_Any_length_Video_Inpainting_and_Editing_with_Plug_and_Play_Context_Control.pdf	qpdf ok
replaced	ebook	37696160	1749620	18	18	obsidian-vault/paperPDFs/SIGGRAPH_2026/Forget_Superresolution_Sample_Adaptively_when_Path_Tracing.pdf	qpdf ok
replaced	ebook	37452352	1358609	19	19	obsidian-vault/paperPDFs/arxiv_2025/Matrix-Game_2.0:_An_Open-Source,_Real-Time,_and_Streaming_Interactive_World_Model.pdf	qpdf ok
replaced	ebook	37703514	3262516	38	38	obsidian-vault/paperPDFs/CVPR_2026/MultiBanana_A_Challenging_Benchmark_for_Multi_Reference_Text_to_Image_Generation.pdf	qpdf ok
replaced	ebook	37882034	1325461	11	11	obsidian-vault/paperPDFs/SIGGRAPH_ASIA_2024/Trust_Region_Eigenvalue_Filtering_for_Projected_Newton.pdf	qpdf ok
replaced	ebook	37409422	810340	11	11	obsidian-vault/paperPDFs/SIGGRAPH_ASIA_2022/SurfaceVoronoi_Efficiently_Computing_Voronoi_Diagrams_Over_Mesh_Surfaces_with_Arbitrary_Distance_Solvers.pdf	qpdf ok
replaced	ebook	38429415	12591413	26	26	obsidian-vault/paperPDFs/CVPR_2026/OmniDocLayout_Towards_Diverse_Document_Layout_Generation_via_Coarse_to_Fine_LLM_Learning.pdf	qpdf ok
replaced	ebook	37380028	751084	15	15	obsidian-vault/paperPDFs/SIGGRAPH_ASIA_2022/Efficient_Neural_Radiance_Fields_for_Interactive_Free_viewpoint_Video.pdf	qpdf ok
replaced	ebook	37763011	1770346	12	12	obsidian-vault/paperPDFs/SIGGRAPH_ASIA_2025/ART_DECO_Arbitrary_Text_Guidance_for_3D_Detailizer_Construction.pdf	qpdf ok
replaced	ebook	37503908	5481759	26	26	obsidian-vault/paperPDFs/SIGGRAPH_2025/IntrinsicEdit_Precise_generative_image_manipulation_in_intrinsic_space.pdf	qpdf ok
replaced	ebook	37439289	1711610	17	17	obsidian-vault/paperPDFs/SIGGRAPH_2024/Real_Time_Neural_Appearance_Models.pdf	qpdf ok
replaced	ebook	37375756	4522605	15	15	obsidian-vault/paperPDFs/SIGGRAPH_ASIA_2022/Scalable_multi_class_sampling_via_filtered_sliced_optimal_transport.pdf	qpdf ok
replaced	ebook	38405608	3948566	25	25	obsidian-vault/paperPDFs/SIGGRAPH_2025/HoLa_B-Rep_Generation_using_a_Holistic_Latent_Representation.pdf	qpdf ok
replaced	ebook	37375312	2128802	17	17	obsidian-vault/paperPDFs/CVPR_2026/ARC_Is_a_Vision_Problem.pdf	qpdf ok
replaced	ebook	37444076	802385	10	10	obsidian-vault/paperPDFs/SIGGRAPH_ASIA_2022/NeuralMarker_A_Framework_for_Learning_General_Marker_Correspondence.pdf	qpdf ok
replaced	ebook	37201415	574173	11	11	obsidian-vault/paperPDFs/SIGGRAPH_ASIA_2024/Controllable_Shape_Modeling_with_Neural_Generalized_Cylinder.pdf	qpdf ok
replaced	ebook	37312549	1410911	22	22	obsidian-vault/paperPDFs/ICLR_2026/Hallucination_Begins_Where_Saliency_Drops.pdf	qpdf ok
replaced	ebook	37599518	1830721	19	19	obsidian-vault/paperPDFs/CVPR_2026/DCoAR_Deep_Concept_Injection_into_Unified_Autoregressive_Models_for_Personalized_Text_to_Image_Generation.pdf	qpdf ok
replaced	ebook	37124218	882737	10	10	obsidian-vault/paperPDFs/SIGGRAPH_ASIA_2024/AdR_Gaussian_Accelerating_Gaussian_Splatting_with_Adaptive_Radius.pdf	qpdf ok
replaced	ebook	37119794	778512	17	17	obsidian-vault/paperPDFs/arxiv_2026/Rhythm_Learning_Interactive_Whole_Body_Control_for_Dual_Humanoids.pdf	qpdf ok
replaced	ebook	37122639	1249022	10	10	obsidian-vault/paperPDFs/SIGGRAPH_2023/Stealth_Shaper_Reflectivity_Optimization_as_Surface_Stylization.pdf	qpdf ok
kept	none	41534966	0	14		obsidian-vault/paperPDFs/SIGGRAPH_2024/Differentiable_Geodesic_Distance_for_Intrinsic_Minimization_on_Triangle_Meshes.pdf	timeout after 300s
replaced	ebook	38350446	1284542	16	16	obsidian-vault/paperPDFs/SIGGRAPH_2025/Order_Matters_Learning_Element_Ordering_for_Graphic_Design_Generation.pdf	qpdf ok
replaced	ebook	37142841	2270425	72	72	obsidian-vault/paperPDFs/ICLR_2026/FRABench_and_UFEval_Unified_Fine_grained_Evaluation_with_Task_and_Aspect_Generalization.pdf	qpdf ok
replaced	ebook	37245924	1528309	18	18	obsidian-vault/paperPDFs/SIGGRAPH_ASIA_2024/DifFRelight_Diffusion_Based_Facial_Performance_Relighting.pdf	qpdf ok
replaced	ebook	37046236	1037342	13	13	obsidian-vault/paperPDFs/SIGGRAPH_ASIA_2023/Shrink_Morph_3D_printed_self_shaping_shells_actuated_by_a_shape_memory_effect.pdf	qpdf ok
replaced	ebook	37151491	2092197	22	22	obsidian-vault/paperPDFs/CVPR_2026/Mesh_Pro_Asynchronous_Advantage_guided_Ranking_Preference_Optimization_for_Artist_style_Quadrilateral_Mesh_Generation.pdf	qpdf ok
replaced	ebook	36961540	611101	8	8	obsidian-vault/paperPDFs/SIGGRAPH_ASIA_2024/PCO_Precision_Controllable_Offset_Surfaces_with_Sharp_Features.pdf	qpdf ok
replaced	ebook	37068253	4566381	24	24	obsidian-vault/paperPDFs/SIGGRAPH_2025/LightLab_Controlling_Light_Sources_in_Images_with_Diffusion_Models.pdf	qpdf ok
replaced	ebook	36966426	1428829	17	17	obsidian-vault/paperPDFs/CVPR_2026/CoordSpeaker_Exploiting_Gesture_Captioning_for_Coordinated_Caption_Empowered_Co_Speech_Gesture_Generation.pdf	qpdf ok
replaced	ebook	36912504	406039	8	8	obsidian-vault/paperPDFs/SIGGRAPH_ASIA_2022/CLIP_Mesh_Generating_textured_meshes_from_text_using_pretrained_image_text_models.pdf	qpdf ok
replaced	ebook	36928939	914666	17	17	obsidian-vault/paperPDFs/SIGGRAPH_2025/Cirrus_Adaptive_Hybrid_Particle_Grid_Flow_Maps_on_GPU.pdf	qpdf ok
replaced	ebook	37030368	1027340	25	25	obsidian-vault/paperPDFs/CVPR_2026/ARM_Thinker_Reinforcing_Multimodal_Generative_Reward_Models_with_Agentic_Tool_Use_and_Visual_Reasoning.pdf	qpdf ok
replaced	ebook	36618221	930142	12	12	obsidian-vault/paperPDFs/arxiv_2025/SSOMotion_HumanMotion_Synthesis_in_3D_Scenes_via_Unified_Scene_Semantic_Occupancy.pdf	qpdf ok
replaced	ebook	36909852	1011934	10	10	obsidian-vault/paperPDFs/SIGGRAPH_2022/Predicting_Loose_fitting_Garment_Deformations_Using_Bone_driven_Motion_Networks.pdf	qpdf ok
replaced	ebook	36854405	1418215	14	14	obsidian-vault/paperPDFs/SIGGRAPH_2025/MIND_Microstructure_INverse_Design_with_Generative_Hybrid_Neural_Representation.pdf	qpdf ok
replaced	ebook	36533490	1786173	15	15	obsidian-vault/paperPDFs/SIGGRAPH_ASIA_2024/SRIF_Semantic_Shape_Registration_Empowered_by_Diffusion_based_Image_Morphing_and_Flow_Estimation.pdf	qpdf ok
replaced	ebook	36493312	1077331	21	21	obsidian-vault/paperPDFs/SIGGRAPH_2025/PhysicsFC_Learning_User_Controlled_Skills_for_a_Physics_Based_Football_Player_Controller.pdf	qpdf ok
replaced	ebook	36434470	1520215	19	19	obsidian-vault/paperPDFs/SIGGRAPH_ASIA_2023/Diffusing_Colors_Image_Colorization_with_Text_Guided_Diffusion.pdf	qpdf ok
replaced	ebook	36485149	884240	16	16	obsidian-vault/paperPDFs/SIGGRAPH_ASIA_2022/Motion_In_betweening_via_Two_stage_Transformers.pdf	qpdf ok
replaced	ebook	36334354	1004590	13	13	obsidian-vault/paperPDFs/SIGGRAPH_2022/Computational_Pattern_Making_From_3D_Garment_Models.pdf	qpdf ok
replaced	ebook	36246018	765658	9	9	obsidian-vault/paperPDFs/SIGGRAPH_ASIA_2022/NeuLighting_Neural_Lighting_for_Free_Viewpoint_Outdoor_Scene_Relighting_with_Unconstrained_Photo_Collections.pdf	qpdf ok
replaced	ebook	36060180	430346	9	9	obsidian-vault/paperPDFs/SIGGRAPH_2024/Flexible_Motion_In_betweening_With_Diffusion_Models.pdf	qpdf ok
replaced	ebook	36539690	842654	15	15	obsidian-vault/paperPDFs/SIGGRAPH_2022/Automatic_Quantization_for_Physics_based_Simulation.pdf	qpdf ok
replaced	ebook	36278818	2139596	11	11	obsidian-vault/paperPDFs/SIGGRAPH_ASIA_2025/Hyperspectral_Polarimetric_BRDFs_of_Real_world_Materials.pdf	qpdf ok
replaced	ebook	37133345	2135197	35	35	obsidian-vault/paperPDFs/ICLR_2026/RL_makes_MLLMs_see_better_than_SFT.pdf	qpdf ok
replaced	ebook	36032986	1049965	11	11	obsidian-vault/paperPDFs/SIGGRAPH_2024/IntrinsicDiffusion_Joint_Intrinsic_Layers_From_Latent_Diffusion_Models.pdf	qpdf ok
replaced	ebook	36064705	2151088	18	18	obsidian-vault/paperPDFs/SIGGRAPH_2025/Piecewise_Ruled_Approximation_for_Freeform_Mesh_Surfaces.pdf	qpdf ok
replaced	ebook	35949602	2054556	22	22	obsidian-vault/paperPDFs/Uncategorized/arXiv_2026/2026_PiD_Fast_and_High_Resolution_Latent_Decoding_with_Pixel_Diffusion.pdf	qpdf ok
replaced	ebook	38089996	3393294	15	15	obsidian-vault/paperPDFs/SIGGRAPH_ASIA_2023/SAILOR_Synergizing_Radiance_and_Occupancy_Fields_for_Live_Human_Performance_Capture.pdf	qpdf ok
replaced	ebook	35949602	2054556	22	22	obsidian-vault/paperPDFs/arxiv_2026/PiD_Fast_and_High-Resolution_Latent_Decoding_with_Pixel_Diffusion.pdf	qpdf ok
replaced	ebook	37315733	2450409	15	15	obsidian-vault/paperPDFs/SIGGRAPH_ASIA_2025/Voyager_Long_Range_and_World_Consistent_Video_Diffusion_for_Explorable_3D_Scene_Generation.pdf	qpdf ok
replaced	ebook	36476233	701167	14	14	obsidian-vault/paperPDFs/SIGGRAPH_ASIA_2024/ParSEL_Parameterized_Shape_Editing_with_Language.pdf	qpdf ok
replaced	ebook	35900777	1091973	10	10	obsidian-vault/paperPDFs/SIGGRAPH_ASIA_2024/DiffCSG_Differentiable_CSG_via_Rasterization.pdf	qpdf ok
replaced	ebook	35768042	1150787	19	19	obsidian-vault/paperPDFs/ICLR_2026/ChronoEdit_Towards_Temporal_Reasoning_for_Image_Editing_and_World_Simulation.pdf	qpdf ok
replaced	ebook	35901440	613455	11	11	obsidian-vault/paperPDFs/SIGGRAPH_2025/MASH_Masked_Anchored_SpHerical_Distances_for_3D_Shape_Representation_and_Generation.pdf	qpdf ok
kept	none	39680405	0	25		obsidian-vault/paperPDFs/CVPR_2026/Scalable_Trajectory_Generation_for_Whole_Body_Mobile_Manipulation.pdf	timeout after 300s
replaced	ebook	35889830	948614	11	11	obsidian-vault/paperPDFs/SIGGRAPH_ASIA_2025/Proteus_ID_ID_Consistent_and_Motion_Coherent_Video_Customization.pdf	qpdf ok
replaced	ebook	35785299	2945762	20	20	obsidian-vault/paperPDFs/CVPR_2026/Neural_Field_Based_3D_Surface_Reconstruction_of_Microstructures_from_Multi_Detector_Signals_in_Scanning_Electron_Microscopy.pdf	qpdf ok
replaced	ebook	35673146	873011	11	11	obsidian-vault/paperPDFs/SIGGRAPH_ASIA_2025/TrackerSplat_Exploiting_Point_Tracking_for_Fast_and_Robust_Dynamic_3D_Gaussians_Reconstruction.pdf	qpdf ok
replaced	ebook	37026880	1520751	16	16	obsidian-vault/paperPDFs/SIGGRAPH_ASIA_2022/Progressive_Simulation_for_Cloth_Quasistatics.pdf	qpdf ok
replaced	ebook	35669839	1434310	17	17	obsidian-vault/paperPDFs/CVPR_2026/NimbusGS_Unified_3D_Scene_Reconstruction_under_Hybrid_Weather.pdf	qpdf ok
replaced	ebook	35700587	1466451	15	15	obsidian-vault/paperPDFs/SIGGRAPH_ASIA_2024/An_Eulerian_Vortex_Method_on_Flow_Maps.pdf	qpdf ok
replaced	ebook	35634717	519939	21	21	obsidian-vault/paperPDFs/ICLR_2026/FingerTip_20K_A_Benchmark_for_Proactive_and_Personalized_Mobile_LLM_Agents.pdf	qpdf ok
replaced	ebook	36780216	3090571	16	16	obsidian-vault/paperPDFs/SIGGRAPH_2025/FLoD_Integrating_Flexible_Level_of_Detail_into_3D_Gaussian_Splatting_for_Customizable_Rendering.pdf	qpdf ok
replaced	ebook	35843717	10284277	66	66	obsidian-vault/paperPDFs/ICLR_2026/Exchangeability_of_GNN_Representations_with_Applications_to_Graph_Retrieval.pdf	qpdf ok
replaced	ebook	35570308	1125503	26	26	obsidian-vault/paperPDFs/CVPR_2026/VAR_RL_Done_Right_Tackling_Asynchronous_Policy_Conflicts_in_Visual_Autoregressive_Generation.pdf	qpdf ok
replaced	ebook	35506990	2228772	17	17	obsidian-vault/paperPDFs/SIGGRAPH_ASIA_2025/Large_Area_Fabrication_Aware_Computational_Diffractive_Optics.pdf	qpdf ok
replaced	ebook	35463999	981310	12	12	obsidian-vault/paperPDFs/arxiv_2026/AnyAct_Towards_Human_Reenactment_of_Character_Motion_From_Video.pdf	qpdf ok
replaced	ebook	35538952	1274621	15	15	obsidian-vault/paperPDFs/SIGGRAPH_2024/ZeroGrads_Learning_Local_Surrogates_for_Non_differentiable_Graphics.pdf	qpdf ok
replaced	ebook	35381684	822655	10	10	obsidian-vault/paperPDFs/CVPR_2026/ProgressiveAvatars_Progressive_Animatable_3D_Gaussian_Avatars.pdf	qpdf ok
replaced	ebook	35650494	1724147	25	25	obsidian-vault/paperPDFs/SIGGRAPH_2026/Efficient_B_Spline_Finite_Elements_for_Cloth_Simulation.pdf	qpdf ok
replaced	ebook	35426396	1281178	11	11	obsidian-vault/paperPDFs/SIGGRAPH_ASIA_2025/Robust_Single_shot_Structured_Light_3D_Imaging_via_Neural_Feature_Decoding.pdf	qpdf ok
replaced	ebook	35268265	1019971	19	19	obsidian-vault/paperPDFs/SIGGRAPH_2025/CAST_Component-Aligned_3D_Scene_Reconstruction_from_an_RGB_Image.pdf	qpdf ok
replaced	ebook	35434123	4875708	12	12	obsidian-vault/paperPDFs/SIGGRAPH_2024/Minkowski_Penalties_Robust_Differentiable_Constraint_Enforcement_for_Vector_Graphics.pdf	qpdf ok
replaced	ebook	35242106	807651	11	11	obsidian-vault/paperPDFs/SIGGRAPH_ASIA_2024/NFPLight_Deep_SVBRDF_Estimation_via_the_Combination_of_Near_and_Far_Field_Point_Lighting.pdf	qpdf ok
replaced	ebook	35318932	1092000	15	15	obsidian-vault/paperPDFs/SIGGRAPH_2025/A_Divide-and-Conquer_Approach_for_Global_Orientation_of_Non-Watertight_Scene-Level_Point_Clouds_with_0-1_Integer_Optimization.pdf	qpdf ok
replaced	ebook	35223077	735117	11	11	obsidian-vault/paperPDFs/SIGGRAPH_ASIA_2022/Stitch_it_in_Time_GAN_Based_Facial_Editing_of_Real_Videos.pdf	qpdf ok
replaced	ebook	35210724	527914	9	9	obsidian-vault/paperPDFs/arxiv_2025/Cross-Modal_Instructions_for_Robot_Motion_Generation.pdf	qpdf ok
replaced	ebook	35222567	2790824	50	50	obsidian-vault/paperPDFs/ICLR_2026/Seeing_Across_Views_Benchmarking_Spatial_Reasoning_of_Vision_Language_Models_in_Robotic_Scenes.pdf	qpdf ok
replaced	ebook	35807040	2481528	34	34	obsidian-vault/paperPDFs/arxiv_2026/Lance:_Unified_Multimodal_Modeling_by_Multi-Task_Synergy.pdf	qpdf ok
replaced	ebook	35343825	795303	12	12	obsidian-vault/paperPDFs/SIGGRAPH_2025/3DGH_3D_Head_Generation_with_Composable_Hair_and_Face.pdf	qpdf ok
replaced	ebook	35019282	1406591	10	10	obsidian-vault/paperPDFs/SIGGRAPH_ASIA_2023/A_Micrograin_BSDF_Model_for_the_Rendering_of_Porous_Layers.pdf	qpdf ok
replaced	ebook	35177552	1432249	16	16	obsidian-vault/paperPDFs/SIGGRAPH_2025/Variable_Shared_Template_for_Consistent_Non_rigid_ICP.pdf	qpdf ok
replaced	ebook	35146770	451342	9	9	obsidian-vault/paperPDFs/SIGGRAPH_2024/Modal_Folding_Discovering_Smooth_Folding_Patterns_for_Sheet_Materials_Using_Strain_space_Modes.pdf	qpdf ok
replaced	ebook	35215037	8444792	24	24	obsidian-vault/paperPDFs/CVPR_2026/UDAPose_Unsupervised_Domain_Adaptation_for_Low_Light_Human_Pose_Estimation.pdf	qpdf ok
replaced	ebook	34962239	834898	24	24	obsidian-vault/paperPDFs/TMLR_2024/Semi_Supervised_Semantic_Segmentation_via_Marginal_Contextual_Information.pdf	qpdf ok
replaced	ebook	34940112	2264510	43	43	obsidian-vault/paperPDFs/Uncategorized/ICLR_2025/2025_REPA_Representation_Alignment_for_Generation_Training_Diffusion_Transformers_Is_Easier_Than_You_Think.pdf	qpdf ok
replaced	ebook	34999298	1350546	12	12	obsidian-vault/paperPDFs/SIGGRAPH_ASIA_2025/Editable_Physically_based_Reflections_in_Raytraced_Gaussian_Radiance_Fields.pdf	qpdf ok
replaced	ebook	35424752	962327	16	16	obsidian-vault/paperPDFs/CVPR_2026/FHAvatar_Fast_and_High_Fidelity_Reconstruction_of_Face_and_Hair_Composable_3D_Head_Avatar_from_Few_Casual_Captures.pdf	qpdf ok
replaced	ebook	34940112	2264510	43	43	obsidian-vault/paperPDFs/ICLR_2025/REPA_Representation_Alignment_for_Generation_Training_Diffusion_Transformers_Is_Easier_Than_You_Think.pdf	qpdf ok
replaced	ebook	34932993	625626	10	10	obsidian-vault/paperPDFs/CVPR_2026/FlashIn_Fast_and_Accurate_Image_Inversion_for_Real_time_Image_Editing.pdf	qpdf ok
replaced	ebook	34930112	566590	10	10	obsidian-vault/paperPDFs/CVPR_2026/Expand_and_Prune_Maximizing_Trajectory_Diversity_for_Effective_GRPO_in_Generative_Models.pdf	qpdf ok
replaced	ebook	34930087	1720171	22	22	obsidian-vault/paperPDFs/SIGGRAPH_ASIA_2024/Surface_Reconstruction_Using_Rotation_Systems.pdf	qpdf ok
kept	none	38576799	0	19		obsidian-vault/paperPDFs/ICLR_2026/Arbitrary_Shaped_Image_Generation_via_Spherical_Neural_Field_Diffusion.pdf	timeout after 300s
replaced	ebook	35815093	1333365	21	21	obsidian-vault/paperPDFs/arxiv_2026/AnyMo_Scaling_Any_Modality_Conditional_Motion_Generation_with_Masked_Modeling.pdf	qpdf ok
replaced	ebook	35064518	854544	9	9	obsidian-vault/paperPDFs/SIGGRAPH_2022/Neural_3D_Reconstruction_in_the_Wild.pdf	qpdf ok
replaced	ebook	34625287	1630078	19	19	obsidian-vault/paperPDFs/SIGGRAPH_2022/HRBF_Fusion_Accurate_3D_Reconstruction_From_RGB_D_Data_Using_On_the_fly_Implicits.pdf	qpdf ok
replaced	ebook	35730191	8555348	12	12	obsidian-vault/paperPDFs/Uncategorized/SIGGRAPH_2025/2025_DAM_VSR_Disentanglement_of_Appearance_and_Motion_for_Video_Super_Resolution.pdf	qpdf ok
replaced	ebook	34997606	3212243	23	23	obsidian-vault/paperPDFs/CVPR_2026/Taming_Preference_Mode_Collapse_via_Directional_Decoupling_Alignment_in_Diffusion_Reinforcement_Learning.pdf	qpdf ok
replaced	ebook	35730191	8555348	12	12	obsidian-vault/paperPDFs/SIGGRAPH_2025/DAM-VSR_Disentanglement_of_Appearance_and_Motion_for_Video_Super-Resolution.pdf	qpdf ok
replaced	ebook	34921092	2897155	29	29	obsidian-vault/paperPDFs/SIGGRAPH_2026/Inspiration_Seeds_Learning_Non_Literal_Visual_Combinations_for_Generative_Exploration.pdf	qpdf ok
replaced	ebook	34528270	947650	12	12	obsidian-vault/paperPDFs/SIGGRAPH_ASIA_2025/MALeR_Improving_Compositional_Fidelity_in_Layout_Guided_Generation.pdf	qpdf ok
replaced	ebook	34527735	902607	26	26	obsidian-vault/paperPDFs/CVPR_2026/Med_CMR_A_Fine_Grained_Benchmark_Integrating_Visual_Evidence_and_Clinical_Logic_for_Medical_Complex_Multimodal_Reasoning.pdf	qpdf ok
replaced	ebook	34503872	1170937	11	11	obsidian-vault/paperPDFs/SIGGRAPH_ASIA_2024/Portrait_Video_Editing_Empowered_by_Multimodal_Generative_Priors.pdf	qpdf ok
replaced	ebook	34517552	2696264	41	41	obsidian-vault/paperPDFs/ICLR_2026/DM4CT_Benchmarking_Diffusion_Models_for_Computed_Tomography_Reconstruction.pdf	qpdf ok
replaced	ebook	34900883	3297522	21	21	obsidian-vault/paperPDFs/SIGGRAPH_ASIA_2022/VIINTER_View_Interpolation_With_Implicit_Neural_Representations_of_Images.pdf	qpdf ok
replaced	ebook	34492013	956465	15	15	obsidian-vault/paperPDFs/SIGGRAPH_2024/X_SLAM_Scalable_Dense_SLAM_for_Task_aware_Optimization_Using_CSFD.pdf	qpdf ok
replaced	ebook	34430414	5535589	17	17	obsidian-vault/paperPDFs/SIGGRAPH_2025/A_Fully_statistical_Wave_Scattering_Model_for_Heterogeneous_Surfaces.pdf	qpdf ok
replaced	ebook	34376286	2154980	23	23	obsidian-vault/paperPDFs/arxiv_2025/ReDi_Boosting_Generative_Image_Modeling_via_Joint_Image_Feature_Synthesis.pdf	qpdf ok
replaced	ebook	34500904	1462070	26	26	obsidian-vault/paperPDFs/ICLR_2026/SARM_Stage_Aware_Reward_Modeling_for_Long_Horizon_Robot_Manipulation.pdf	qpdf ok
replaced	ebook	34392603	2341978	21	21	obsidian-vault/paperPDFs/SIGGRAPH_2025/Sketch3DVE_Sketch_based_3D_Aware_Scene_Video_Editing.pdf	qpdf ok
replaced	ebook	34419610	914330	10	10	obsidian-vault/paperPDFs/CVPR_2026/FACE_A_Face_based_Autoregressive_Representation_for_High_Fidelity_and_Efficient_Mesh_Generation.pdf	qpdf ok
replaced	ebook	34576801	1645172	19	19	obsidian-vault/paperPDFs/NEURIPS_2024/Director3D_Real_world_Camera_Trajectory_and_3D_Scene_Generation_from_Text.pdf	qpdf ok
replaced	ebook	34878209	1224616	17	17	obsidian-vault/paperPDFs/CVPR_2026/Geometry_as_context_Modulating_Explicit_3D_in_Scene_consistent_Video_Generation_to_Geometry_Context.pdf	qpdf ok
replaced	ebook	34173649	522586	17	17	obsidian-vault/paperPDFs/ICLR_2026/RFS_Reinforcement_learning_with_Residual_flow_steering_for_dexterous_manipulation.pdf	qpdf ok
replaced	ebook	34323929	1283564	16	16	obsidian-vault/paperPDFs/SIGGRAPH_2022/Covector_Fluids.pdf	qpdf ok
replaced	ebook	34333931	1614964	32	32	obsidian-vault/paperPDFs/ICLR_2026/Visual_symbolic_mechanisms_Emergent_symbol_processing_in_Vision_Language_Models.pdf	qpdf ok
replaced	ebook	34105003	436302	14	14	obsidian-vault/paperPDFs/SIGGRAPH_ASIA_2022/Interactive_and_Robust_Mesh_Booleans.pdf	qpdf ok
replaced	ebook	33994829	941793	10	10	obsidian-vault/paperPDFs/SIGGRAPH_2022/Closed_loop_Control_of_Direct_Ink_Writing_via_Reinforcement_Learning.pdf	qpdf ok
replaced	ebook	33998666	626984	9	9	obsidian-vault/paperPDFs/SIGGRAPH_2025/Fast_Physics_Based_Modeling_of_Knots_and_Ties_using_Templates.pdf	qpdf ok
replaced	ebook	33966458	2297972	15	15	obsidian-vault/paperPDFs/CVPR_2026/Thermal_is_Always_Wild_Characterizing_and_Addressing_Challenges_in_Thermal_Only_Novel_View_Synthesis.pdf	qpdf ok
replaced	ebook	33906582	1115465	24	24	obsidian-vault/paperPDFs/arxiv_2026/Geometrically_Consistent_Multi_View_Scene_Generation_from_Freehand_Sketches.pdf	qpdf ok
replaced	ebook	34004656	1970093	29	29	obsidian-vault/paperPDFs/SIGGRAPH_2022/DEF_Deep_Estimation_of_Sharp_Geometric_Features_in_3D_Shapes.pdf	qpdf ok
kept	none	38300487	0	31		obsidian-vault/paperPDFs/CVPR_2026/Elastic3D_Controllable_Stereo_Video_Conversion_with_Guided_Latent_Decoding.pdf	size=34281881; pages=31; qpdf=True; checking obsidian-vault/paperPDFs/CVPR_2026/Elastic3D_Controllable_Stereo_Video_Conversion_with_Guided_Latent_Decoding.pdf.tmp-screen.1148802.pdf PDF Version: 1.4 File is not encrypted File is not linearized No syntax or stream encoding errors found; the file may still contain errors that qpdf cannot detect 
replaced	ebook	34802385	2201786	20	20	obsidian-vault/paperPDFs/CVPR_2026/VIVA_VLM_Guided_Instruction_Based_Video_Editing_with_Reward_Optimization.pdf	qpdf ok
replaced	ebook	33732242	1348655	16	16	obsidian-vault/paperPDFs/SIGGRAPH_ASIA_2023/Online_Scene_CAD_Recomposition_via_Autonomous_Scanning.pdf	qpdf ok
replaced	ebook	33840811	2026883	28	28	obsidian-vault/paperPDFs/ICLR_2026/OmniWorld_A_Multi_Domain_and_Multi_Modal_Dataset_for_4D_World_Modeling.pdf	qpdf ok
replaced	ebook	33732389	3151534	49	49	obsidian-vault/paperPDFs/ICLR_2026/CellAgent_LLM_Driven_Multi_Agent_Framework_for_Natural_Language_Based_Single_Cell_Analysis.pdf	qpdf ok
kept	none	37723316	0	25		obsidian-vault/paperPDFs/ICCV_2025/Stable_Virtual_Camera_Generative_View_Synthesis_with_Diffusion_Models.pdf	timeout after 300s
replaced	ebook	35152306	3199208	18	18	obsidian-vault/paperPDFs/SIGGRAPH_ASIA_2022/TileGen_Tileable_Controllable_Material_Generation_and_Capture.pdf	qpdf ok
replaced	ebook	33692545	2504261	16	16	obsidian-vault/paperPDFs/SIGGRAPH_ASIA_2023/Stable_Discrete_Bending_by_Analytic_Eigensystem_and_Adaptive_Orthotropic_Geometric_Stiffness.pdf	qpdf ok
replaced	ebook	34405190	1513647	28	28	obsidian-vault/paperPDFs/ICLR_2026/PhyScensis_Physics_Augmented_LLM_Agents_for_Complex_Physical_Scene_Arrangement.pdf	qpdf ok
replaced	ebook	34102141	3311841	11	11	obsidian-vault/paperPDFs/SIGGRAPH_ASIA_2024/Neural_Light_Spheres_for_Implicit_Image_Stitching_and_View_Synthesis.pdf	qpdf ok
replaced	ebook	34435863	3720485	44	44	obsidian-vault/paperPDFs/arxiv_2025/HY_World_2_0_A_Multi_Modal_World_Model_for_Reconstructing_Generating_and_Simulating_3D_Worlds.pdf	qpdf ok
replaced	ebook	33583901	1450726	20	20	obsidian-vault/paperPDFs/SIGGRAPH_2024/ColorVideoVDP_A_Visual_Difference_Predictor_for_Image_Video_and_Display_Distortions.pdf	qpdf ok
replaced	ebook	33710559	1343289	11	11	obsidian-vault/paperPDFs/SIGGRAPH_2024/EASI_Tex_Edge_Aware_Mesh_Texturing_from_Single_Image.pdf	qpdf ok
replaced	ebook	33766345	1277358	25	25	obsidian-vault/paperPDFs/CVPR_2026/Text_Driven_3D_Hand_Motion_Generation_from_Sign_Language_Data.pdf	qpdf ok
replaced	ebook	33579381	2386413	27	27	obsidian-vault/paperPDFs/ICLR_2025/Eliminating_Oversaturation_and_Artifacts_of_High_Guidance_Scales_in_Diffusion_Models.pdf	qpdf ok
replaced	ebook	33542567	1370201	13	13	obsidian-vault/paperPDFs/SIGGRAPH_2023/Orientable_Dense_Cyclic_Infill_for_Anisotropic_Appearance_Fabrication.pdf	qpdf ok
replaced	ebook	33461485	1308274	12	12	obsidian-vault/paperPDFs/SIGGRAPH_ASIA_2022/Sprite_from_Sprite_Cartoon_Animation_Decomposition_with_Self_supervised_Sprite_Estimation.pdf	qpdf ok
replaced	ebook	33602341	16571128	12	12	obsidian-vault/paperPDFs/SIGGRAPH_2024/One_Noise_to_Rule_Them_All_Learning_a_Unified_Model_of_Spatially_Varying_Noise_Patterns.pdf	qpdf ok
replaced	ebook	34270652	835283	14	14	obsidian-vault/paperPDFs/arxiv_2025/Hunyuan3D_2_1_From_Images_to_High_Fidelity_3D_Assets_with_Production_Ready_PBR_Material.pdf	qpdf ok
kept	none	37361326	0	17		obsidian-vault/paperPDFs/CVPR_2024/InterHandGen_Two_Hand_Interaction_Generation_via_Cascaded_Reverse_Diffusion.pdf	timeout after 300s
replaced	ebook	33725821	2555940	18	18	obsidian-vault/paperPDFs/SIGGRAPH_ASIA_2024/Representing_Long_Volumetric_Video_with_Temporal_Gaussian_Hierarchy.pdf	qpdf ok
replaced	ebook	33196015	2236624	15	15	obsidian-vault/paperPDFs/SGP_2025/FRIDU_Functional_Map_Refinement_with_Guided_Image_Diffusion.pdf	qpdf ok
replaced	ebook	33264338	1468088	20	20	obsidian-vault/paperPDFs/ICLR_2026/BindWeave_Subject_Consistent_Video_Generation_via_Cross_Modal_Integration.pdf	qpdf ok
replaced	ebook	33327245	1399497	12	12	obsidian-vault/paperPDFs/SIGGRAPH_ASIA_2022/Look_Ahead_Training_with_Learned_Reflectance_Loss_for_Single_Image_SVBRDF_Estimation.pdf	qpdf ok
replaced	ebook	33446768	11997237	19	19	obsidian-vault/paperPDFs/CVPR_2026/Restore_Text_First_Enhance_Image_Later_Two_Stage_Scene_Text_Image_Super_Resolution_with_Glyph_Structure_Guidance.pdf	qpdf ok
replaced	ebook	32913906	1318186	12	12	obsidian-vault/paperPDFs/SIGGRAPH_ASIA_2025/PartUV_Part_Based_UV_Unwrapping_of_3D_Meshes.pdf	qpdf ok
replaced	ebook	33132262	1381345	12	12	obsidian-vault/paperPDFs/SIGGRAPH_2024/Cross_image_Attention_for_Zero_shot_Appearance_Transfer.pdf	qpdf ok
replaced	ebook	32900905	712741	18	18	obsidian-vault/paperPDFs/PACM_CGIT_2023/Motion_In_Betweening_with_Phase_Manifolds.pdf	qpdf ok
replaced	ebook	33545631	2426794	11	11	obsidian-vault/paperPDFs/SIGGRAPH_ASIA_2023/A_Locality_based_Neural_Solver_for_Optical_Motion_Capture.pdf	qpdf ok
replaced	ebook	32907986	1573176	14	14	obsidian-vault/paperPDFs/arxiv_2026/UniMo:_Unified_Motion_Generation_and_Understanding_with_Chain_of_Thought.pdf	qpdf ok
replaced	ebook	32822041	896204	10	10	obsidian-vault/paperPDFs/SIGGRAPH_2023/A_Hybrid_Generator_Architecture_for_Controllable_Face_Synthesis.pdf	qpdf ok
replaced	ebook	32901416	1942902	26	26	obsidian-vault/paperPDFs/ICLR_2026/FieryGS_In_the_Wild_Fire_Synthesis_with_Physics_Integrated_Gaussian_Splatting_d7901a6ed2cd.pdf	qpdf ok
replaced	ebook	32838198	1115959	15	15	obsidian-vault/paperPDFs/SIGGRAPH_ASIA_2024/GS_3_Efficient_Relighting_with_Triple_Gaussian_Splatting.pdf	qpdf ok
replaced	ebook	33527839	8606856	12	12	obsidian-vault/paperPDFs/SIGGRAPH_ASIA_2025/ELAD_Blind_Face_Restoration_using_Expectation_based_Likelihood_Approximation_and_Diffusion_Prior.pdf	qpdf ok
replaced	ebook	32827707	902067	10	10	obsidian-vault/paperPDFs/SIGGRAPH_2024/Neural_Bounding.pdf	qpdf ok
replaced	ebook	32886191	1788920	24	24	obsidian-vault/paperPDFs/arxiv_2025/Native_and_Compact_Structured_Latents_for_3D_Generation.pdf	qpdf ok
replaced	ebook	32799837	1297770	13	13	obsidian-vault/paperPDFs/SIGGRAPH_ASIA_2022/Metappearance_Meta_Learning_for_Visual_Appearance_Reproduction.pdf	qpdf ok
replaced	ebook	32563040	785314	13	13	obsidian-vault/paperPDFs/CVPR_2026/UnReflectAnything_RGB_Only_Highlight_Removal_by_Rendering_Synthetic_Specular_Supervision.pdf	qpdf ok
replaced	ebook	32716183	1944705	38	38	obsidian-vault/paperPDFs/ICLR_2026/CitySeeker_How_Do_VLMs_Explore_Embodied_Urban_Navigation_with_Implicit_Human_Needs.pdf	qpdf ok
replaced	ebook	32500432	1742399	22	22	obsidian-vault/paperPDFs/CVPR_2026/Evidential_Neural_Radiance_Fields.pdf	qpdf ok
replaced	ebook	32579601	1403670	23	23	obsidian-vault/paperPDFs/ICLR_2026/Gradient_Direction_Aware_Density_Control_for_3D_Gaussian_Splatting_c387d81038ca.pdf	qpdf ok
replaced	ebook	34153437	2827047	14	14	obsidian-vault/paperPDFs/SIGGRAPH_ASIA_2024/TEXGen_a_Generative_Diffusion_Model_for_Mesh_Textures.pdf	qpdf ok
replaced	ebook	32933421	3772876	39	39	obsidian-vault/paperPDFs/ICLR_2026/Light_X_Generative_4D_Video_Rendering_with_Camera_and_Illumination_Control_d4dde8c331aa.pdf	qpdf ok
replaced	ebook	32199178	1416028	14	14	obsidian-vault/paperPDFs/SIGGRAPH_2022/EARS_Efficiency_aware_Russian_Roulette_and_Splitting.pdf	qpdf ok
replaced	ebook	32181219	961180	15	15	obsidian-vault/paperPDFs/SIGGRAPH_2024/Neural_Slicer_for_Multi_axis_3D_Printing.pdf	qpdf ok
replaced	ebook	32343507	1290323	15	15	obsidian-vault/paperPDFs/SIGGRAPH_2025/Bernstein_Bounds_for_Caustics.pdf	qpdf ok
replaced	ebook	32572236	4345911	28	28	obsidian-vault/paperPDFs/ICLR_2026/SAFETY_GUIDED_FLOW_SGF_A_UNIFIED_FRAMEWORK_FOR_NEGATIVE_GUIDANCE_IN_SAFE_GENERATION.pdf	qpdf ok
replaced	ebook	32278155	853146	10	10	obsidian-vault/paperPDFs/SIGGRAPH_2022/Implicit_Neural_Representation_for_Physics_driven_Actuated_Soft_Bodies.pdf	qpdf ok
replaced	ebook	32464712	1596950	12	12	obsidian-vault/paperPDFs/SIGGRAPH_2024/Surface_filling_Curve_Flows_via_Implicit_Medial_Axes.pdf	qpdf ok
replaced	ebook	32456939	2514064	45	45	obsidian-vault/paperPDFs/ICLR_2026/AVERE_Improving_Audiovisual_Emotion_Reasoning_with_Preference_Optimization.pdf	qpdf ok
replaced	ebook	32037835	1352704	16	16	obsidian-vault/paperPDFs/SIGGRAPH_2024/Mesh_Neural_Cellular_Automata.pdf	qpdf ok
replaced	ebook	32153314	1137142	14	14	obsidian-vault/paperPDFs/SIGGRAPH_2023/Differentiable_Stripe_Patterns_for_Inverse_Design_of_Structured_Surfaces.pdf	qpdf ok
replaced	ebook	31987121	1226104	19	19	obsidian-vault/paperPDFs/ICLR_2026/Autoregressive_Image_Generation_with_Randomized_Parallel_Decoding.pdf	qpdf ok
replaced	ebook	33581133	2214881	22	22	obsidian-vault/paperPDFs/CVPR_2026/SeeU_Seeing_the_Unseen_World_via_4D_Dynamics_aware_Generation.pdf	qpdf ok
replaced	ebook	31981999	1397505	20	20	obsidian-vault/paperPDFs/CVPR_2026/ZOO_Prune_Training_Free_Token_Pruning_via_Zeroth_Order_Gradient_Estimation_in_Vision_Language_Models.pdf	qpdf ok
replaced	ebook	32411634	1647441	18	18	obsidian-vault/paperPDFs/SIGGRAPH_ASIA_2024/iSeg_Interactive_3D_Segmentation_via_Interactive_Attention.pdf	qpdf ok
replaced	ebook	31800268	3037175	22	22	obsidian-vault/paperPDFs/CVPR_2026/Flash_DMD_Towards_High_Fidelity_Few_Step_Image_Generation_with_Efficient_Distillation_and_Joint_Reinforcement_Learning.pdf	qpdf ok
replaced	ebook	32467744	1020396	13	13	obsidian-vault/paperPDFs/SIGGRAPH_2022/Mixed_Integer_Neural_Inverse_Design.pdf	qpdf ok
replaced	ebook	31819857	3968028	15	15	obsidian-vault/paperPDFs/SIGGRAPH_ASIA_2025/Generating_the_Past_Present_and_Future_from_a_Motion_Blurred_Image.pdf	qpdf ok
replaced	ebook	31892048	1132468	12	12	obsidian-vault/paperPDFs/SIGGRAPH_ASIA_2025/EGG_Fusion_Efficient_3D_Reconstruction_with_Geometry_aware_Gaussian_Surfel_on_the_Fly.pdf	qpdf ok
replaced	ebook	31785203	1900725	30	30	obsidian-vault/paperPDFs/NeurIPS_2024/Smoothed_Energy_Guidance_Guiding_Diffusion_Models_with_Reduced_Energy_Curvature_of_Attention.pdf	qpdf ok
kept	none	36056124	0	11		obsidian-vault/paperPDFs/SIGGRAPH_ASIA_2023/Drivable_Avatar_Clothing_Faithful_Full_Body_Telepresence_with_Dynamic_Clothing_Driven_by_Sparse_RGB_D_Input.pdf	timeout after 300s
kept	none	35991395	0	32		obsidian-vault/paperPDFs/CVPR_2026/PosterReward_Unlocking_Accurate_Evaluation_for_High_Quality_Graphic_Design_Generation.pdf	timeout after 300s
replaced	ebook	31597559	1014348	12	12	obsidian-vault/paperPDFs/SIGGRAPH_ASIA_2024/Online_Neural_Denoising_with_Cross_Regression_for_Interactive_Rendering.pdf	qpdf ok
replaced	ebook	31592974	1791199	11	11	obsidian-vault/paperPDFs/SIGGRAPH_2024/EyeIR_Single_Eye_Image_Inverse_Rendering_in_the_Wild.pdf	qpdf ok
replaced	ebook	31673354	1362025	18	18	obsidian-vault/paperPDFs/SIGGRAPH_2026/Strips_as_Tokens_Artist_Mesh_Generation_with_Native_UV_Segmentation.pdf	qpdf ok
replaced	ebook	31568254	1298637	11	11	obsidian-vault/paperPDFs/SIGGRAPH_2024/Modeling_Ambient_Scene_Dynamics_for_Free-view_Synthesis.pdf	qpdf ok
replaced	ebook	31515124	560892	9	9	obsidian-vault/paperPDFs/SIGGRAPH_2022/NeuralPassthrough_Learned_Real_time_View_Synthesis_for_VR.pdf	qpdf ok
replaced	ebook	31718269	1814550	23	23	obsidian-vault/paperPDFs/ICLR_2026/UFO_4D_Unposed_Feedforward_4D_Reconstruction_from_Two_Images_f4891bdea6ab.pdf	qpdf ok
replaced	ebook	32023115	629257	12	12	obsidian-vault/paperPDFs/SIGGRAPH_2022/GANimator_Neural_Motion_Synthesis_From_a_Single_Sequence.pdf	qpdf ok
replaced	ebook	31499637	968778	15	15	obsidian-vault/paperPDFs/SIGGRAPH_ASIA_2024/All_you_need_is_rotation_Construction_of_developable_strips.pdf	qpdf ok
replaced	ebook	31546639	2065601	22	22	obsidian-vault/paperPDFs/SIGGRAPH_2026/B_repLer_Language_guided_Editing_of_CAD_Models.pdf	qpdf ok
replaced	ebook	31644821	608405	10	10	obsidian-vault/paperPDFs/SIGGRAPH_2022/Drivable_Volumetric_Avatars_Using_Texel_aligned_Features.pdf	qpdf ok
replaced	ebook	31384207	606368	11	11	obsidian-vault/paperPDFs/SIGGRAPH_2025/DeepMill_Neural_Accessibility_Learning_for_Subtractive_Manufacturing.pdf	qpdf ok
replaced	ebook	33629559	1958260	17	17	obsidian-vault/paperPDFs/CVPR_2026/InterPrior_Scaling_Generative_Control_for_Physics_Based_Human_Object_Interactions.pdf	qpdf ok
replaced	ebook	31316777	570612	10	10	obsidian-vault/paperPDFs/CVPR_2026/GIFSplat_Generative_Prior_Guided_Iterative_Feed_Forward_3D_Gaussian_Splatting_from_Sparse_Views.pdf	qpdf ok
replaced	ebook	31320581	867152	17	17	obsidian-vault/paperPDFs/SIGGRAPH_ASIA_2023/VASCO_Volume_and_Surface_Co_Decomposition_for_Hybrid_Manufacturing.pdf	qpdf ok
replaced	ebook	31448940	2760497	25	25	obsidian-vault/paperPDFs/SIGGRAPH_2026/CasLayout_Cascaded_3D_Layout_Diffusion_for_Indoor_Scene_Synthesis_with_Implicit_Relation_Modeling.pdf	qpdf ok
replaced	ebook	32025769	1944208	11	11	obsidian-vault/paperPDFs/SIGGRAPH_ASIA_2025/From_Rigging_to_Waving_3D_Guided_Diffusion_for_Natural_Animation_of_Hand_Drawn_Characters.pdf	qpdf ok
replaced	ebook	31511280	903950	30	30	obsidian-vault/paperPDFs/ICLR_2026/An_Information_Theoretic_Framework_For_Optimizing_Experimental_Design_To_Distinguish_Probabilistic_Neural_Codes.pdf	qpdf ok
replaced	ebook	31125935	1853410	30	30	obsidian-vault/paperPDFs/ICLR_2026/SafeFlowMatcher_Safe_and_Fast_Planning_using_Flow_Matching_with_Control_Barrier_Functions.pdf	qpdf ok
replaced	ebook	31871401	1271666	20	20	obsidian-vault/paperPDFs/CVPR_2026/MotionCrafter_Dense_Geometry_and_Motion_Reconstruction_with_a_4D_VAE.pdf	qpdf ok
replaced	ebook	31604200	708228	18	18	obsidian-vault/paperPDFs/SIGGRAPH_ASIA_2025/Reliable_Iterative_Dynamics_A_Versatile_Method_for_Fast_and_Robust_Simulation.pdf	qpdf ok
replaced	ebook	31089157	761854	12	12	obsidian-vault/paperPDFs/SIGGRAPH_ASIA_2025/Shoot_Bounce_3D_Single_Shot_Occlusion_Aware_3D_from_Lidar_by_Decomposing_Two_Bounce_Light.pdf	qpdf ok
replaced	ebook	31526225	1794767	21	21	obsidian-vault/paperPDFs/SIGGRAPH_2026/SMP_Reusable_Score_Matching_Motion_Priors_for_Physics_Based_Character_Control.pdf	qpdf ok
replaced	ebook	31285048	1771815	26	26	obsidian-vault/paperPDFs/CVPR_2026/ReMoGen_Real_time_Human_Interaction_to_Reaction_Generation_via_Modular_Learning_from_Diverse_Data.pdf	qpdf ok
replaced	ebook	31495195	1325559	12	12	obsidian-vault/paperPDFs/SIGGRAPH_2024/Terrain_Amplification_Using_Multi_Scale_Erosion.pdf	qpdf ok
replaced	ebook	31046858	873055	23	23	obsidian-vault/paperPDFs/ICLR_2026/InfoTok_Adaptive_Discrete_Video_Tokenizer_via_Information_Theoretic_Compression.pdf	qpdf ok
replaced	ebook	31026887	2057579	16	16	obsidian-vault/paperPDFs/SIGGRAPH_ASIA_2025/Robust_Derivative_Estimation_with_Walk_on_Stars.pdf	qpdf ok
replaced	ebook	31084893	1694594	18	18	obsidian-vault/paperPDFs/CVPR_2026/Bridging_the_Perception_Gap_in_Image_Super_Resolution_Evaluation.pdf	qpdf ok
replaced	ebook	31852133	1460286	12	12	obsidian-vault/paperPDFs/SIGGRAPH_2025/AlignTex_Pixel_Precise_Texture_Generation_from_Multi_view_Artwork.pdf	qpdf ok
replaced	ebook	31130545	2219178	11	11	obsidian-vault/paperPDFs/arxiv_2024/RefFusion_Reference_Adapted_Diffusion_Models_for_3D_Scene_Inpainting.pdf	qpdf ok
replaced	ebook	31024368	2297008	11	11	obsidian-vault/paperPDFs/CVPR_2026/What_Is_It_Like_to_Be_a_Noise_An_Entropy_based_Gaussian_Noise_Regularization_for_Diffusion_Models.pdf	qpdf ok
replaced	ebook	31022736	1260747	19	19	obsidian-vault/paperPDFs/CVPR_2026/POLAR_A_Portrait_OLAT_Dataset_and_Generative_Framework_for_Illumination_Aware_Face_Modeling.pdf	qpdf ok
replaced	ebook	31365486	3983047	24	24	obsidian-vault/paperPDFs/SIGGRAPH_ASIA_2024/TrailBlazer_Trajectory_Control_for_Diffusion_Based_Video_Generation.pdf	qpdf ok
replaced	ebook	30817343	1762100	13	13	obsidian-vault/paperPDFs/SIGGRAPH_2023/Skin_Screen_A_Computational_Fabrication_Framework_for_Color_Tattoos.pdf	qpdf ok
replaced	ebook	30673753	1185307	18	18	obsidian-vault/paperPDFs/CVPR_2026/Revisiting_Geometric_Obfuscation_with_Dual_Convergent_Lines_for_Privacy_Preserving_Image_Queries_in_Visual_Localization.pdf	qpdf ok
replaced	ebook	31108788	1301565	12	12	obsidian-vault/paperPDFs/SIGGRAPH_ASIA_2025/Generative_Head_Mounted_Camera_Captures_for_Photorealistic_Avatars.pdf	qpdf ok
replaced	ebook	30562250	1458257	16	16	obsidian-vault/paperPDFs/SIGGRAPH_2024/NeLT_Object_oriented_Neural_Light_Transfer.pdf	qpdf ok
replaced	ebook	30657297	1447252	12	12	obsidian-vault/paperPDFs/SIGGRAPH_ASIA_2025/Fast_Stable_Control_of_Coupled_Solid_Fluid_Dynamic_Systems.pdf	qpdf ok
replaced	ebook	30977832	1791838	10	10	obsidian-vault/paperPDFs/SIGGRAPH_2025/Radiance_Surfaces_Optimizing_Surface_Representations_with_a_5D_Radiance_Field_Loss.pdf	qpdf ok
replaced	ebook	30834440	1556940	11	11	obsidian-vault/paperPDFs/SIGGRAPH_2024/Consistent_Point_Orientation_for_Manifold_Surfaces_via_Boundary_Integration.pdf	qpdf ok
replaced	ebook	30954907	1636831	12	12	obsidian-vault/paperPDFs/SIGGRAPH_ASIA_2025/Marching_Neurons_Accurate_Surface_Extraction_for_Neural_Implicit_Shapes.pdf	qpdf ok
replaced	ebook	30490227	528889	14	14	obsidian-vault/paperPDFs/CVPR_2026/LDP_Slicing_Local_Differential_Privacy_for_Images_via_Randomized_Bit_Plane_Slicing.pdf	qpdf ok
replaced	ebook	30791496	1470843	11	11	obsidian-vault/paperPDFs/SIGGRAPH_2025/LayerPano3D_Layered_3D_Panorama_for_Hyper-Immersive_Scene_Generation.pdf	qpdf ok
replaced	ebook	30468505	544630	11	11	obsidian-vault/paperPDFs/SIGGRAPH_2024/CNS_Edit_3D_Shape_Editing_via_Coupled_Neural_Shape_Optimization.pdf	qpdf ok
replaced	ebook	30431271	387120	10	10	obsidian-vault/paperPDFs/CVPR_2026/Edge_Focused_Super_Resolution_for_Omnidirectional_Images_with_Spherical_Geometric_Augmentation.pdf	qpdf ok
replaced	ebook	30441995	685525	12	12	obsidian-vault/paperPDFs/SIGGRAPH_ASIA_2024/Motion_Driven_Neural_Optimizer_for_Prophylactic_Braces_Made_by_Distributed_Microstructures.pdf	qpdf ok
replaced	ebook	30538207	2407953	20	20	obsidian-vault/paperPDFs/SIGGRAPH_2022/Unbiased_Inverse_Volume_Rendering_With_Differential_Trackers.pdf	qpdf ok
replaced	ebook	30885388	501198	10	10	obsidian-vault/paperPDFs/CVPR_2026/SVBench_Evaluation_of_Video_Generation_Models_on_Social_Reasoning.pdf	qpdf ok
replaced	ebook	30538582	2610210	32	32	obsidian-vault/paperPDFs/arxiv_2025/OneCat.pdf	qpdf ok
replaced	ebook	30554755	1754885	12	12	obsidian-vault/paperPDFs/SIGGRAPH_2026/Faster_3D_Gaussian_Splatting_Convergence_via_Structure_Aware_Densification.pdf	qpdf ok
replaced	ebook	30479621	1647853	18	18	obsidian-vault/paperPDFs/SIGGRAPH_2025/One_Model_to_Rig_Them_All_Diverse_Skeleton_Rigging_with_UniRig.pdf	qpdf ok
replaced	ebook	32064633	2437969	15	15	obsidian-vault/paperPDFs/CVPR_2026/Large_scale_Codec_Avatars_The_Unreasonable_Effectiveness_of_Large_scale_Avatar_Pretraining.pdf	qpdf ok
replaced	ebook	30257172	1152036	16	16	obsidian-vault/paperPDFs/CVPR_2026/StreamDiT_Real_Time_Streaming_Text_to_Video_Generation.pdf	qpdf ok
kept	none	34991409	0	60		obsidian-vault/paperPDFs/ICLR_2026/ScaleCUA_Scaling_Open_Source_Computer_Use_Agents_with_Cross_Platform_Data.pdf	timeout after 300s
replaced	ebook	30340813	1423771	27	27	obsidian-vault/paperPDFs/ICLR_2026/Composition_of_Memory_Experts_for_Diffusion_World_Models.pdf	qpdf ok
replaced	ebook	30243005	1184216	12	12	obsidian-vault/paperPDFs/SIGGRAPH_ASIA_2024/SD_XL_Generating_Low_Resolution_Quantized_Imagery_via_Score_Distillation.pdf	qpdf ok
replaced	ebook	30200356	1110333	12	12	obsidian-vault/paperPDFs/SIGGRAPH_2024/Subject_Diffusion_Open_Domain_Personalized_Text_to_image_Generation_Without_Test_time_Fine_tuning.pdf	qpdf ok
replaced	ebook	30318073	4148768	23	23	obsidian-vault/paperPDFs/SIGGRAPH_ASIA_2023/VR_NeRF_High_Fidelity_Virtualized_Walkable_Spaces.pdf	qpdf ok
replaced	ebook	30145837	1357714	15	15	obsidian-vault/paperPDFs/SIGGRAPH_ASIA_2025/One_shot_Embroidery_Customization_via_Contrastive_LoRA_Modulation.pdf	qpdf ok
replaced	ebook	30140949	734078	13	13	obsidian-vault/paperPDFs/SIGGRAPH_2023/Neural_Face_Rigging_for_Animating_and_Retargeting_Facial_Meshes_in_the_Wild.pdf	qpdf ok
replaced	ebook	30047475	790554	17	17	obsidian-vault/paperPDFs/CVPR_2026/Text_Image_Conditioned_3D_Generation.pdf	qpdf ok
replaced	ebook	30207533	1134822	17	17	obsidian-vault/paperPDFs/arxiv_2024/CamI2V_Camera_Controlled_Image_to_Video_Diffusion_Model.pdf	qpdf ok
replaced	ebook	30100166	2788431	19	19	obsidian-vault/paperPDFs/SIGGRAPH_2026/Gabor_Fields_Orientation_Selective_Level_of_Detail_for_Volume_Rendering.pdf	qpdf ok
replaced	ebook	30408328	2480903	16	16	obsidian-vault/paperPDFs/SIGGRAPH_2025/Facial_Appearance_Capture_at_Home_with_Patch-Level_Reflectance_Prior.pdf	qpdf ok
replaced	ebook	30141394	676950	14	14	obsidian-vault/paperPDFs/SIGGRAPH_ASIA_2022/Fluidic_Topology_Optimization_with_an_Anisotropic_Mixture_Model.pdf	qpdf ok
replaced	ebook	30009645	942404	20	20	obsidian-vault/paperPDFs/SIGGRAPH_ASIA_2023/A_Parametric_Kinetic_Solver_for_Simulating_Boundary_Dominated_Turbulent_Flow_Phenomena.pdf	qpdf ok
replaced	ebook	31205015	3680102	37	37	obsidian-vault/paperPDFs/arxiv_2025/BAGEL_Emerging_Properties_in_Unified_Multimodal_Pretraining.pdf	qpdf ok
replaced	ebook	29932348	991748	19	19	obsidian-vault/paperPDFs/CVPR_2026/SocialNav_Training_Human_Inspired_Foundation_Model_for_Socially_Aware_Embodied_Navigation.pdf	qpdf ok
replaced	ebook	29934348	555677	10	10	obsidian-vault/paperPDFs/SIGGRAPH_ASIA_2023/Perceptual_Requirements_for_World_Locked_Rendering_in_AR_and_VR.pdf	qpdf ok
replaced	ebook	31187667	1976025	20	20	obsidian-vault/paperPDFs/ICLR_2026/Generative_Human_Geometry_Distribution.pdf	qpdf ok
replaced	ebook	29812781	784568	15	15	obsidian-vault/paperPDFs/CVPR_2026/NOWA_Null_space_Optical_Watermark_for_Invisible_Capture_Fingerprinting_and_Tamper_Localization.pdf	qpdf ok
replaced	ebook	29958651	2034630	11	11	obsidian-vault/paperPDFs/SIGGRAPH_2024/TexSliders_Diffusion_based_Texture_Editing_in_CLIP_Space.pdf	qpdf ok
replaced	ebook	29757994	663778	11	11	obsidian-vault/paperPDFs/SIGGRAPH_ASIA_2025/Hierarchical_Neural_Semantic_Representation_for_3D_Semantic_Correspondence.pdf	qpdf ok
replaced	ebook	29838798	1689561	20	20	obsidian-vault/paperPDFs/SIGGRAPH_2025/Transforming_Unstructured_Hair_Strands_into_Procedural_Hair_Grooms.pdf	qpdf ok
replaced	ebook	30257468	1722492	52	52	obsidian-vault/paperPDFs/CVPR_2026/VideoNet_A_Large_Scale_Dataset_for_Domain_Specific_Action_Recognition.pdf	qpdf ok
replaced	ebook	30356911	6299210	14	14	obsidian-vault/paperPDFs/SIGGRAPH_2022/Noise_based_Enhancement_for_Foveated_Rendering.pdf	qpdf ok
replaced	ebook	29586963	1393269	10	10	obsidian-vault/paperPDFs/SIGGRAPH_2025/Spatiotemporally_Consistent_Indoor_Lighting_Estimation_with_Diffusion_Priors.pdf	qpdf ok
replaced	ebook	29584789	971136	16	16	obsidian-vault/paperPDFs/SIGGRAPH_ASIA_2023/GroomGen_A_High_Quality_Generative_Hair_Model_Using_Hierarchical_Latent_Representations.pdf	qpdf ok
replaced	ebook	30133423	1315732	16	16	obsidian-vault/paperPDFs/arxiv_2026/WorldStereo_Bridging_3D_Reconstruction_and_Video_Generation_for_Scalable_Real_World_Stereo_Video_Generation.pdf	qpdf ok
replaced	ebook	29708302	745961	9	9	obsidian-vault/paperPDFs/SIGGRAPH_ASIA_2023/High_Fidelity_and_Real_Time_Novel_View_Synthesis_for_Dynamic_Scenes.pdf	qpdf ok
replaced	ebook	29703719	2815993	20	20	obsidian-vault/paperPDFs/CVPR_2026/FlashPortrait_6x_Faster_Infinite_Portrait_Animation_with_Adaptive_Latent_Prediction.pdf	qpdf ok
replaced	ebook	30845836	7698259	16	16	obsidian-vault/paperPDFs/CVPR_2026/UCMNet_Uncertainty_Aware_Context_Memory_Network_for_Under_Display_Camera_Image_Restoration.pdf	qpdf ok
replaced	ebook	29535209	586713	14	14	obsidian-vault/paperPDFs/SIGGRAPH_ASIA_2024/Stripe_Embedding_Efficient_Maps_with_Exact_Numeric_Computation.pdf	qpdf ok
replaced	ebook	29532312	919241	11	11	obsidian-vault/paperPDFs/SIGGRAPH_2024/Neural_Geometry_Fields_for_Meshes.pdf	qpdf ok
replaced	ebook	29995869	2809341	58	58	obsidian-vault/paperPDFs/ICLR_2026/ADEPT_Continual_Pretraining_via_Adaptive_Expansion_and_Dynamic_Decoupled_Tuning.pdf	qpdf ok
replaced	ebook	29463891	1317269	36	36	obsidian-vault/paperPDFs/ICLR_2026/Adaptive_Augmentation_Aware_Latent_Learning_for_Robust_LiDAR_Semantic_Segmentation.pdf	qpdf ok
replaced	ebook	31026672	1068573	11	11	obsidian-vault/paperPDFs/SIGGRAPH_2024/Diffusion_Illusions_Hiding_Images_in_Plain_Sight.pdf	qpdf ok
replaced	ebook	29471188	3127627	16	16	obsidian-vault/paperPDFs/SIGGRAPH_2023/A_Practical_Walk_on_Boundary_Method_for_Boundary_Value_Problems.pdf	qpdf ok
replaced	ebook	29396472	2199538	16	16	obsidian-vault/paperPDFs/CVPR_2026/MetaSpectra_A_Compact_Broadband_Metasurface_Camera_for_Snapshot_Hyperspectral_Imaging.pdf	qpdf ok
replaced	ebook	29385408	1164833	17	17	obsidian-vault/paperPDFs/CVPR_2026/GeoDiff4D_Geometry_Aware_Diffusion_for_4D_Head_Avatar_Reconstruction.pdf	qpdf ok
replaced	ebook	29450251	749456	12	12	obsidian-vault/paperPDFs/SIGGRAPH_ASIA_2025/PowerGS_Display_Rendering_Power_Co_Optimization_for_Neural_Rendering_in_Power_Constrained_XR_Systems.pdf	qpdf ok
replaced	ebook	29325729	662862	13	13	obsidian-vault/paperPDFs/arxiv_2026/HumanX_Toward_Agile_and_Generalizable_Humanoid_Interaction_Skills_from_Human_Videos.pdf	qpdf ok
replaced	ebook	29362774	1130902	23	23	obsidian-vault/paperPDFs/CVPR_2026/Landscape_Awareness_for_Geometric_View_Diffusion_Model.pdf	qpdf ok
replaced	ebook	29382580	3254054	19	19	obsidian-vault/paperPDFs/SIGGRAPH_2022/SPAGHETTI_Editing_Implicit_Shapes_Through_Part_Aware_Generation.pdf	qpdf ok
replaced	ebook	30191165	1994098	24	24	obsidian-vault/paperPDFs/CVPR_2026/Adaptive_Auxiliary_Prompt_Blending_for_Target_Faithful_Diffusion_Generation.pdf	qpdf ok
replaced	ebook	29312598	926787	8	8	obsidian-vault/paperPDFs/SIGGRAPH_ASIA_2022/Fast_Stabilization_of_Inducible_Magnet_Simulation.pdf	qpdf ok
replaced	ebook	29123843	431171	8	8	obsidian-vault/paperPDFs/CVPR_2026/Attack_for_Defense_Adversarial_Agents_for_Point_Prompt_Optimization_Empowering_Segment_Anything_Model.pdf	qpdf ok
replaced	ebook	29295911	1302641	32	32	obsidian-vault/paperPDFs/CVPR_2026/Ar2Can_An_Architect_and_an_Artist_Leveraging_a_Canvas_for_Multi_Human_Generation.pdf	qpdf ok
replaced	ebook	29059007	1851006	10	10	obsidian-vault/paperPDFs/SIGGRAPH_ASIA_2024/Differentiable_Modeling_of_Material_Spreading_in_Inkjet_Printing_for_Appearance_Prediction.pdf	qpdf ok
replaced	ebook	29153258	902599	18	18	obsidian-vault/paperPDFs/SIGGRAPH_2026/GPC_Large_Scale_Generative_Pretraining_for_Transferable_Motor_Control.pdf	qpdf ok
replaced	ebook	29358103	2148711	28	28	obsidian-vault/paperPDFs/ICLR_2026/Omni_View_Unlocking_How_Generation_Facilitates_Understanding_in_Unified_3D_Model_46bff9ed5dad.pdf	qpdf ok
replaced	ebook	29037507	1087933	17	17	obsidian-vault/paperPDFs/SIGGRAPH_ASIA_2022/MyStyle_A_Personalized_Generative_Prior.pdf	qpdf ok
replaced	ebook	29029116	694976	9	9	obsidian-vault/paperPDFs/SIGGRAPH_ASIA_2022/Gloss_management_for_consistent_reproduction_of_real_and_virtual_objects.pdf	qpdf ok
replaced	ebook	28950079	607697	13	13	obsidian-vault/paperPDFs/ICCV_2025/MCBLT_Multi_Camera_Multi_Object_3D_Tracking_in_Long_Videos.pdf	qpdf ok
replaced	ebook	28948084	979318	16	16	obsidian-vault/paperPDFs/SIGGRAPH_2026/Policy_based_Foveated_Imaging_and_Perception.pdf	qpdf ok
replaced	ebook	29046418	974570	17	17	obsidian-vault/paperPDFs/CVPR_2026/VIRAL_Visual_Sim_to_Real_at_Scale_for_Humanoid_Loco_Manipulation.pdf	qpdf ok
replaced	ebook	28937683	1463282	16	16	obsidian-vault/paperPDFs/CVPR_2026/SparseWorld_TC_Trajectory_Conditioned_Sparse_Occupancy_World_Model.pdf	qpdf ok
replaced	ebook	28924018	1639774	13	13	obsidian-vault/paperPDFs/SIGGRAPH_2023/Recursive_Control_Variates_for_Inverse_Rendering.pdf	qpdf ok
replaced	ebook	29389761	2073147	23	23	obsidian-vault/paperPDFs/SIGGRAPH_ASIA_2024/Customizing_Text_to_Image_Diffusion_with_Object_Viewpoint_Control.pdf	qpdf ok
replaced	ebook	28902549	2185295	11	11	obsidian-vault/paperPDFs/SIGGRAPH_ASIA_2023/ART_Owen_Scrambling.pdf	qpdf ok
replaced	ebook	28866831	1218720	16	16	obsidian-vault/paperPDFs/SIGGRAPH_ASIA_2022/Video_driven_Neural_Physically_based_Facial_Asset_for_Production.pdf	qpdf ok
replaced	ebook	30303222	1964852	12	12	obsidian-vault/paperPDFs/SIGGRAPH_ASIA_2025/AutoBrep_Autoregressive_B_Rep_Generation_with_Unified_Topology_and_Geometry.pdf	qpdf ok
replaced	ebook	29639158	1122669	14	14	obsidian-vault/paperPDFs/arxiv_2025/Hunyuan3D_2_5_Towards_High_Fidelity_3D_Assets_Generation_with_Ultimate_Details.pdf	qpdf ok
replaced	ebook	28842187	1205694	16	16	obsidian-vault/paperPDFs/SIGGRAPH_2022/Spelunking_the_Deep_Guaranteed_Queries_on_General_Neural_Implicit_Surfaces_via_Range_Analysis.pdf	qpdf ok
replaced	ebook	29846259	4665804	16	16	obsidian-vault/paperPDFs/SIGGRAPH_2025/Hand-Shadow_Poser.pdf	qpdf ok
replaced	ebook	29060895	893292	25	25	obsidian-vault/paperPDFs/ICLR_2026/Test_Time_Mixture_of_World_Models_for_Embodied_Agents_in_Dynamic_Environments.pdf	qpdf ok
replaced	ebook	28944465	3121551	37	37	obsidian-vault/paperPDFs/CVPR_2026/Human_Interaction_Aware_3D_Reconstruction_from_a_Single_Image.pdf	qpdf ok
replaced	ebook	28892705	1927167	22	22	obsidian-vault/paperPDFs/SIGGRAPH_2025/Patch_Grid_An_Efficient_and_Feature_Preserving_Neural_Implicit_Surface_Representation.pdf	qpdf ok
replaced	ebook	28792705	1060836	11	11	obsidian-vault/paperPDFs/SIGGRAPH_ASIA_2024/InstanceTex_Instance_level_Controllable_Texture_Synthesis_for_3D_Scenes_via_Diffusion_Priors.pdf	qpdf ok
kept	none	33076245	0	23		obsidian-vault/paperPDFs/ICLR_2026/MoE_GS_Mixture_of_Experts_for_Dynamic_Gaussian_Splatting_610a761de4a8.pdf	timeout after 300s
kept	none	32935405	0	12		obsidian-vault/paperPDFs/SIGGRAPH_2025/StreamME_Simplify_3D_Gaussian_Avatar_within_Live_Stream.pdf	timeout after 300s
replaced	ebook	29536867	1347189	33	33	obsidian-vault/paperPDFs/ICLR_2026/Robust_Fine_tuning_of_Vision_Language_Action_Robot_Policies_via_Parameter_Merging.pdf	qpdf ok
replaced	ebook	28827576	897476	11	11	obsidian-vault/paperPDFs/CVPR_2026/Lighting_grounded_Video_Generation_with_Renderer_based_Agent_Reasoning.pdf	qpdf ok
replaced	ebook	28765471	3473963	29	29	obsidian-vault/paperPDFs/SIGGRAPH_2026/Go_with_the_Track_Video_Compositing_and_Motion_Control_with_Point_Tracking.pdf	qpdf ok
replaced	ebook	28746981	614532	10	10	obsidian-vault/paperPDFs/SIGGRAPH_ASIA_2025/High_Fidelity_Dynamic_Portrait_Animation_via_Direct_Preference_Optimization_and_Temporal_Motion_Modulation.pdf	qpdf ok
replaced	ebook	28742459	2346490	16	16	obsidian-vault/paperPDFs/SIGGRAPH_ASIA_2024/StyleTex_Style_Image_Guided_Texture_Generation_for_3D_Models.pdf	qpdf ok
replaced	ebook	28738908	2894764	12	12	obsidian-vault/paperPDFs/SIGGRAPH_ASIA_2025/DSCombiner_Double_Shrinkage_for_Combining_Biased_and_Unbiased_Monte_Carlo_Renderings.pdf	qpdf ok
replaced	ebook	28662731	375002	10	10	obsidian-vault/paperPDFs/CVPR_2026/Charge_A_Comprehensive_Novel_View_Synthesis_Benchmark_and_Dataset_to_Bind_Them_All.pdf	qpdf ok
replaced	ebook	29321403	1928760	12	12	obsidian-vault/paperPDFs/SIGGRAPH_2025/RELATE3D_REfocusing_Latent_Adapter_for_Targeted_local_Enhancement_and_Editing_in_3D_Generation.pdf	qpdf ok
replaced	ebook	28709623	2353516	26	26	obsidian-vault/paperPDFs/SIGGRAPH_ASIA_2024/VOODOO_XP_Expressive_One_Shot_Head_Reenactment_for_VR_Telepresence.pdf	qpdf ok
replaced	ebook	28664245	1203565	11	11	obsidian-vault/paperPDFs/SIGGRAPH_2024/Differentiable_Voronoi_Diagrams_for_Simulation_of_Cell_based_Mechanical_Systems.pdf	qpdf ok
replaced	ebook	28642447	1030869	11	11	obsidian-vault/paperPDFs/CVPR_2026/Training_free_Motion_Factorization_for_Compositional_Video_Generation.pdf	qpdf ok
replaced	ebook	28630297	894569	12	12	obsidian-vault/paperPDFs/SIGGRAPH_ASIA_2024/EgoHDM_An_Online_Egocentric_Inertial_Human_Motion_Capture_Localization_and_Dense_Mapping_System.pdf	qpdf ok
replaced	ebook	28677961	2968578	11	11	obsidian-vault/paperPDFs/SIGGRAPH_2023/Potentially_Visible_Hidden_volume_Rendering_for_Multi_view_Warping.pdf	qpdf ok
replaced	ebook	28628303	1494105	20	20	obsidian-vault/paperPDFs/SIGGRAPH_2024/Scintilla_Simulating_Combustible_Vegetation_for_Wildfires.pdf	qpdf ok
replaced	ebook	28811209	1327457	27	27	obsidian-vault/paperPDFs/arxiv_2025/NOOUGAT_Towards_Unified_Online_and_Offline_Multi_Object_Tracking.pdf	qpdf ok
replaced	ebook	28604396	1050487	21	21	obsidian-vault/paperPDFs/CVPR_2026/MAMMA_Markerless_Accurate_Multi_person_Motion_Acquisition.pdf	qpdf ok
replaced	ebook	29204498	1908531	23	23	obsidian-vault/paperPDFs/ICLR_2026/Sat3DGen_Comprehensive_Street_Level_3D_Scene_Generation_from_Single_Satellite_Im_d04b4ece93f7.pdf	qpdf ok
replaced	ebook	28574411	1056388	11	11	obsidian-vault/paperPDFs/CVPR_2026/Scaling_Instruction_Based_Video_Editing_with_a_High_Quality_Synthetic_Dataset.pdf	qpdf ok
replaced	ebook	28587684	1081924	17	17	obsidian-vault/paperPDFs/3DV_2025/UniMotion_Unifying_3D_Human_Motion_Synthesis_and_Understanding.pdf	qpdf ok
replaced	ebook	28672972	1604300	20	20	obsidian-vault/paperPDFs/SIGGRAPH_2023/Walk_on_Stars_A_Grid_free_Monte_Carlo_Method_for_PDEs_With_Neumann_Boundary_Conditions.pdf	qpdf ok
replaced	ebook	28593222	4495198	57	57	obsidian-vault/paperPDFs/ECCV_2024/Self_Rectifying_Diffusion_Sampling_with_Perturbed_Attention_Guidance.pdf	qpdf ok
replaced	ebook	28522011	786028	12	12	obsidian-vault/paperPDFs/SIGGRAPH_ASIA_2025/Fuse3D_Generating_3D_Assets_Controlled_by_Multi_Image_Fusion.pdf	qpdf ok
replaced	ebook	28578537	1601148	28	28	obsidian-vault/paperPDFs/CVPR_2026/MANSION_Multi_floor_lANguage_to_3D_Scene_generatIOn_for_loNg_horizon_tasks.pdf	qpdf ok
replaced	ebook	29549116	1723804	19	19	obsidian-vault/paperPDFs/SIGGRAPH_2026/MACE_Dance_Motion_Appearance_Cascaded_Experts_for_Music_Driven_Dance_Video_Generation.pdf	qpdf ok
replaced	ebook	28762886	17301350	21	21	obsidian-vault/paperPDFs/arxiv_2025/RadarGen_Automotive_Radar_Point_Cloud_Generation_from_Cameras.pdf	qpdf ok
replaced	ebook	28455496	703139	11	11	obsidian-vault/paperPDFs/CVPR_2026/ClipGStream_Clip_Stream_Gaussian_Splatting_for_Any_Length_and_Any_Motion_Multi_View_Dynamic_Scene_Reconstruction.pdf	qpdf ok
replaced	ebook	28517662	2102935	17	17	obsidian-vault/paperPDFs/SIGGRAPH_2025/TransparentGS_Fast_Inverse_Rendering_of_Transparent_Objects_with_Gaussians.pdf	qpdf ok
replaced	ebook	28498705	1143340	12	12	obsidian-vault/paperPDFs/SIGGRAPH_2023/Guided_Linear_Upsampling.pdf	qpdf ok
replaced	ebook	28440683	2949913	18	18	obsidian-vault/paperPDFs/SIGGRAPH_2022/Centimeter_wave_Free_space_Neural_Time_of_flight_Imaging.pdf	qpdf ok
replaced	ebook	28653475	1701577	28	28	obsidian-vault/paperPDFs/arxiv_2025/Hunyuan3D_2_0_Scaling_Diffusion_Models_for_High_Resolution_Textured_3D_Assets_Generation.pdf	qpdf ok
replaced	ebook	28505239	629099	10	10	obsidian-vault/paperPDFs/arxiv_2025/SyncTrack4D_Cross_Video_Motion_Alignment_and_Video_Synchronization_for_Multi_Video_4D_Gaussian_Splatting.pdf	qpdf ok
replaced	ebook	28318023	1168158	25	25	obsidian-vault/paperPDFs/CVPR_2026/Resolving_the_Identity_Crisis_in_Text_to_Image_Generation.pdf	qpdf ok
replaced	ebook	28334358	656710	13	13	obsidian-vault/paperPDFs/SIGGRAPH_ASIA_2024/Learn_to_Create_Simple_LEGO_Micro_Buildings.pdf	qpdf ok
replaced	ebook	28268746	863160	8	8	obsidian-vault/paperPDFs/SIGGRAPH_ASIA_2024/Polynomial_Cauchy_Coordinates_for_Curved_Cages.pdf	qpdf ok
replaced	ebook	28215060	582242	12	12	obsidian-vault/paperPDFs/SIGGRAPH_2024/DiffSound_Differentiable_Modal_Sound_Rendering_and_Inverse_Rendering_for_Diverse_Inference_Tasks.pdf	qpdf ok
replaced	ebook	28469238	1358491	13	13	obsidian-vault/paperPDFs/SIGGRAPH_ASIA_2025/KISSColor_Kinetic_and_Intuitive_Stroke_Stretching_for_Vector_Drawing_Colorization.pdf	qpdf ok
replaced	ebook	28309320	1366053	21	21	obsidian-vault/paperPDFs/ICLR_2026/AnyUp_Universal_Feature_Upsampling.pdf	qpdf ok
replaced	ebook	28891622	1684300	18	18	obsidian-vault/paperPDFs/SIGGRAPH_2022/Neural_Rendering_in_a_Room_Amodal_3D_Understanding_and_Free_viewpoint_Rendering_for_the_Closed_Scene_Composed_of_Pre_Captured_Objects.pdf	qpdf ok
replaced	ebook	28382756	2147119	14	14	obsidian-vault/paperPDFs/SIGGRAPH_2024/Real_time_Path_Guiding_Using_Bounding_Voxel_Sampling.pdf	qpdf ok
replaced	ebook	28083951	698872	10	10	obsidian-vault/paperPDFs/CVPR_2026/SharpTimeGS_Sharp_and_Stable_Dynamic_Gaussian_Splatting_via_Lifespan_Modulation.pdf	qpdf ok
replaced	ebook	28026623	489736	12	12	obsidian-vault/paperPDFs/CVPR_2026/InstAP_Instance_Aware_Vision_Language_Pre_Train_for_Spatial_Temporal_Understanding.pdf	qpdf ok
replaced	ebook	28120013	472281	12	12	obsidian-vault/paperPDFs/AAAI_2026/DriveSuprim_Towards_Precise_Trajectory_Selection_for_End_to_End_Planning.pdf	qpdf ok
replaced	ebook	28078591	1045530	15	15	obsidian-vault/paperPDFs/SIGGRAPH_ASIA_2024/Consolidating_Attention_Features_for_Multi_view_Image_Editing.pdf	qpdf ok
replaced	ebook	27929097	412468	11	11	obsidian-vault/paperPDFs/SIGGRAPH_2023/Simulation_and_Retargeting_of_Complex_Multi_character_Interactions.pdf	qpdf ok
replaced	ebook	28170590	1482137	22	22	obsidian-vault/paperPDFs/CVPR_2026/UNICBench_UNIfied_Counting_Benchmark_for_MLLM.pdf	qpdf ok
replaced	ebook	27865807	685428	11	11	obsidian-vault/paperPDFs/CVPR_2026/Hoi_A_Multimodal_Dataset_for_Force_Grounded_Cross_View_Articulated_Manipulation.pdf	qpdf ok
replaced	ebook	27881253	848908	11	11	obsidian-vault/paperPDFs/SIGGRAPH_ASIA_2025/A_Nonconforming_Formulation_of_Cloth.pdf	qpdf ok
replaced	ebook	28433594	1624226	13	13	obsidian-vault/paperPDFs/SIGGRAPH_2024/Bilateral_Guided_Radiance_Field_Processing.pdf	qpdf ok
replaced	ebook	28859660	2591983	21	21	obsidian-vault/paperPDFs/SIGGRAPH_2025/A_Neural_Particle_Level_Set_Method_for_Dynamic_Interface_Tracking.pdf	qpdf ok
replaced	ebook	27820867	928139	12	12	obsidian-vault/paperPDFs/SIGGRAPH_2024/Going_With_the_Flow.pdf	qpdf ok
replaced	ebook	28591116	1033831	16	16	obsidian-vault/paperPDFs/CVPR_2025/WiLoR_End_to_end_3D_Hand_Localization_and_Reconstruction_in_the_Wild.pdf	qpdf ok
replaced	ebook	27800469	2346557	18	18	obsidian-vault/paperPDFs/SIGGRAPH_2024/Training_free_Consistent_Text_to_image_Generation.pdf	qpdf ok
replaced	ebook	27766432	628587	11	11	obsidian-vault/paperPDFs/SIGGRAPH_ASIA_2023/ACE_Adversarial_Correspondence_Embedding_for_Cross_Morphology_Motion_Retargeting_from_Human_to_Nonhuman_Characters.pdf	qpdf ok
replaced	ebook	28425964	1899832	10	10	obsidian-vault/paperPDFs/SIGGRAPH_2024/Separate_and_Enhance_Compositional_Finetuning_for_Text_to_image_Diffusion_Models.pdf	qpdf ok
replaced	ebook	27793988	1015455	9	9	obsidian-vault/paperPDFs/SIGGRAPH_ASIA_2024/ProcessPainter_Learning_to_draw_from_sequence_data.pdf	qpdf ok
replaced	ebook	27711245	555840	10	10	obsidian-vault/paperPDFs/SIGGRAPH_ASIA_2023/Compact_Neural_Graphic_Primitives_with_Learned_Hash_Probing.pdf	qpdf ok
replaced	ebook	28609913	1367602	19	19	obsidian-vault/paperPDFs/CVPR_2026/ID_Crafter_VLM_Grounded_Online_RL_for_Compositional_Multi_Subject_Video_Generation.pdf	qpdf ok
replaced	ebook	28474563	2354227	15	15	obsidian-vault/paperPDFs/SIGGRAPH_2024/Analogist_Out_of_the_box_Visual_In_context_Learning_With_Image_Diffusion_Model.pdf	qpdf ok
replaced	ebook	27693054	964119	20	20	obsidian-vault/paperPDFs/ICLR_2026/Discrete_Diffusion_for_Reflective_Vision_Language_Action_Models_in_Autonomous_Driving.pdf	qpdf ok
replaced	ebook	27729054	709383	10	10	obsidian-vault/paperPDFs/CVPR_2026/CoSMo3D_Open_World_Promptable_3D_Semantic_Segmentation_through_LLM_Guided_Canonical_Spatial_Modeling.pdf	qpdf ok
replaced	ebook	27629570	1021199	13	13	obsidian-vault/paperPDFs/SIGGRAPH_2024/Interactive_Invigoration_Volumetric_Modeling_of_Trees_With_Strands.pdf	qpdf ok
replaced	ebook	27640085	5003676	17	17	obsidian-vault/paperPDFs/CVPR_2026/MeshSplatting_Differentiable_Rendering_with_Opaque_Meshes.pdf	qpdf ok
replaced	ebook	28129106	4441417	33	33	obsidian-vault/paperPDFs/CVPR_2026/ChordEdit_One_Step_Low_Energy_Transport_for_Image_Editing.pdf	qpdf ok
replaced	ebook	27635351	2253912	26	26	obsidian-vault/paperPDFs/SIGGRAPH_2023/NeRO_Neural_Geometry_and_BRDF_Reconstruction_of_Reflective_Objects_From_Multiview_Images.pdf	qpdf ok
replaced	ebook	27725876	3999119	35	35	obsidian-vault/paperPDFs/ICLR_2026/Thinking_with_Camera_A_Unified_Multimodal_Model_for_Camera_Centric_Understanding_and_Generation.pdf	qpdf ok
replaced	ebook	27589214	6185350	43	43	obsidian-vault/paperPDFs/ICLR_2026/Learning_Physics_Grounded_4D_Dynamics_with_Neural_Gaussian_Force_Fields_00adafdb54c4.pdf	qpdf ok
replaced	ebook	27579179	1883000	18	18	obsidian-vault/paperPDFs/CVPR_2026/Outlier_Robust_Diffusion_Solvers_for_Inverse_Problems.pdf	qpdf ok
replaced	ebook	27731680	4219560	62	62	obsidian-vault/paperPDFs/CVPR_2026/Erasing_Thousands_of_Concepts_Towards_Scalable_and_Practical_Concept_Erasure_for_Text_to_Image_Diffusion_Models.pdf	qpdf ok
replaced	ebook	27507913	1472548	42	42	obsidian-vault/paperPDFs/ICLR_2026/CoNavBench_Collaborative_Long_Horizon_Vision_Language_Navigation_Benchmark.pdf	qpdf ok
replaced	ebook	27551409	1004857	16	16	obsidian-vault/paperPDFs/SIGGRAPH_ASIA_2022/Reference_Based_Sketch_Extraction_via_Attention_Mechanism.pdf	qpdf ok
replaced	ebook	27474974	890795	15	15	obsidian-vault/paperPDFs/SIGGRAPH_ASIA_2024/Robust_Dual_Gaussian_Splatting_for_Immersive_Human_centric_Volumetric_Videos.pdf	qpdf ok
replaced	ebook	27316050	1344083	11	11	obsidian-vault/paperPDFs/SIGGRAPH_ASIA_2023/Neural_Spectro_polarimetric_Fields.pdf	qpdf ok
replaced	ebook	27906534	2827367	32	32	obsidian-vault/paperPDFs/arxiv_2026/CT_1_Camera_Trajectory_Generation_for_Camera_Controlled_Video_Generation.pdf	qpdf ok
replaced	ebook	27522355	3669060	10	10	obsidian-vault/paperPDFs/SIGGRAPH_2023/Microfacet_Theory_for_Non_uniform_Heightfields.pdf	qpdf ok
replaced	ebook	27414162	18783979	10	10	obsidian-vault/paperPDFs/SIGGRAPH_2025/Segment_based_Light_Transport_Simulation.pdf	qpdf ok
replaced	ebook	27192762	1572894	26	26	obsidian-vault/paperPDFs/ICLR_2025/No_Training_No_Problem_Rethinking_Classifier_Free_Guidance_for_Diffusion_Models.pdf	qpdf ok
replaced	ebook	28097742	1898872	12	12	obsidian-vault/paperPDFs/SIGGRAPH_ASIA_2025/In_2_4D_Inbetweening_from_Two_Single_View_Images_to_4D_Generation.pdf	qpdf ok
replaced	ebook	27127791	860733	10	10	obsidian-vault/paperPDFs/arxiv_2026/Self_Swap_Guidance_Guiding_a_Diffusion_Model_by_Swapping_Its_Tokens.pdf	qpdf ok
replaced	ebook	27186469	762881	11	11	obsidian-vault/paperPDFs/CVPR_2026/MLLMSplat_A_2D_MLLM_Powered_Framework_for_3D_Gaussian_Splatting_Understanding_Generation_and_Editing.pdf	qpdf ok
replaced	ebook	27174639	3577490	10	10	obsidian-vault/paperPDFs/SIGGRAPH_ASIA_2025/UltraZoom_Generating_Gigapixel_Images_from_Regular_Photos.pdf	qpdf ok
replaced	ebook	27768535	2348491	16	16	obsidian-vault/paperPDFs/SIGGRAPH_ASIA_2024/MoA_Mixture_of_Attention_for_Subject_Context_Disentanglement_in_Personalized_Image_Generation.pdf	qpdf ok
replaced	ebook	27452627	1063156	17	17	obsidian-vault/paperPDFs/CVPR_2026/SPREAD_Spatial_Physical_REasoning_via_geometry_Aware_Diffusion.pdf	qpdf ok
replaced	ebook	27400452	763785	20	20	obsidian-vault/paperPDFs/SIGGRAPH_2023/Building_a_Virtual_Weakly_compressible_Wind_Tunnel_Testing_Facility.pdf	qpdf ok
replaced	ebook	26996326	1013254	13	13	obsidian-vault/paperPDFs/SIGGRAPH_2024/ThemeStation_Generating_Theme_aware_3D_Assets_From_Few_Exemplars.pdf	qpdf ok
replaced	ebook	27042140	1452390	21	21	obsidian-vault/paperPDFs/SIGGRAPH_2022/PCEDNet_A_Lightweight_Neural_Network_for_Fast_and_Interactive_Edge_Detection_in_3D_Point_Clouds.pdf	qpdf ok
replaced	ebook	27783669	3821145	49	49	obsidian-vault/paperPDFs/ICLR_2026/Interpretable_3D_Neural_Object_Volumes_for_Robust_Conceptual_Reasoning.pdf	qpdf ok
replaced	ebook	26957260	1380337	15	15	obsidian-vault/paperPDFs/SIGGRAPH_ASIA_2022/SkinMixer_Blending_3D_Animated_Models.pdf	qpdf ok
replaced	ebook	26924877	657393	14	14	obsidian-vault/paperPDFs/SIGGRAPH_2022/Learning_to_Get_Up.pdf	qpdf ok
replaced	ebook	26904479	1115927	18	18	obsidian-vault/paperPDFs/SIGGRAPH_ASIA_2024/LetsGo_Large_Scale_Garage_Modeling_and_Rendering_via_LiDAR_Assisted_Gaussian_Primitives.pdf	qpdf ok
replaced	ebook	27100122	3625399	37	37	obsidian-vault/paperPDFs/arxiv_2025/DPoser_X_Diffusion_Model_as_Robust_3D_Whole_body_Human_Pose_Prior.pdf	qpdf ok
replaced	ebook	26861687	1071770	10	10	obsidian-vault/paperPDFs/SIGGRAPH_2025/Guided_Lens_Sampling_for_Efficient_Monte_Carlo_Circle_of_Confusion_Rendering.pdf	qpdf ok
replaced	ebook	26868965	1406219	18	18	obsidian-vault/paperPDFs/arxiv_2025/Motion_Anything_Any_to_Motion_Generation.pdf	qpdf ok
replaced	ebook	26912217	1139831	19	19	obsidian-vault/paperPDFs/SIGGRAPH_ASIA_2024/Fast_High_Resolution_Image_Synthesis_with_Latent_Adversarial_Diffusion_Distillation.pdf	qpdf ok
replaced	ebook	26843529	1786225	11	11	obsidian-vault/paperPDFs/CVPR_2026/Spectrum_from_Defocus_Fast_Spectral_Imaging_with_Chromatic_Focal_Stack.pdf	qpdf ok
replaced	ebook	26893551	1830381	11	11	obsidian-vault/paperPDFs/SIGGRAPH_2023/Key_locked_Rank_One_Editing_for_Text_to_image_Personalization.pdf	qpdf ok
replaced	screen	27996162	20799639	38	38	obsidian-vault/paperPDFs/ICLR_2026/The_Intricate_Dance_of_Prompt_Complexity_Quality_Diversity_and_Consistency_in_T2I_Models.pdf	qpdf ok
replaced	ebook	26797475	919532	15	15	obsidian-vault/paperPDFs/CVPR_2026/CLaD_Planning_with_Grounded_Foresight_via_Cross_Modal_Latent_Dynamics.pdf	qpdf ok
replaced	ebook	26838880	2085368	25	25	obsidian-vault/paperPDFs/CVPR_2026/Attention_Surgery_An_Efficient_Recipe_to_Linearize_Your_Video_Diffusion_Transformer.pdf	qpdf ok
replaced	ebook	26845765	2749479	18	18	obsidian-vault/paperPDFs/SIGGRAPH_2024/The_Method_of_Moving_Frames_for_Surface_Global_Parametrization.pdf	qpdf ok
replaced	ebook	27313100	1485314	12	12	obsidian-vault/paperPDFs/SIGGRAPH_2025/RigAnything_Template_Free_Autoregressive_Rigging_for_Diverse_3D_Assets.pdf	qpdf ok
replaced	ebook	27447167	2042050	15	15	obsidian-vault/paperPDFs/SIGGRAPH_2025/Anymate_A_Dataset_and_Baselines_for_Learning_3D_Object_Rigging.pdf	qpdf ok
replaced	ebook	27827624	1696914	18	18	obsidian-vault/paperPDFs/CVPR_2026/The_Image_as_Its_Own_Reward_Reinforcement_Learning_with_Adversarial_Reward_for_Image_Generation.pdf	qpdf ok
replaced	ebook	26820831	582030	22	22	obsidian-vault/paperPDFs/ICLR_2026/BEAT_Visual_Backdoor_Attacks_on_VLM_based_Embodied_Agents_via_Contrastive_Trigger_Learning.pdf	qpdf ok
replaced	ebook	26792950	1666225	11	11	obsidian-vault/paperPDFs/SIGGRAPH_2024/Deep_Hybrid_Camera_Deblurring_for_Smartphone_Cameras.pdf	qpdf ok
replaced	ebook	26796813	1290532	20	20	obsidian-vault/paperPDFs/CVPR_2026/SmokeSVD_Smoke_Reconstruction_from_A_Single_View_via_Progressive_Novel_View_Synthesis_and_Refinement_with_Diffusion_Models.pdf	qpdf ok
replaced	ebook	26795813	998384	12	12	obsidian-vault/paperPDFs/SIGGRAPH_ASIA_2025/SymBridge_A_Human_in_the_Loop_Cyber_Physical_Interactive_System_for_Adaptive_Human_Robot_Symbiosis.pdf	qpdf ok
replaced	ebook	26789812	2114539	20	20	obsidian-vault/paperPDFs/SIGGRAPH_ASIA_2024/Lumiere_A_Space_Time_Diffusion_Model_for_Video_Generation.pdf	qpdf ok
replaced	ebook	26726220	784587	15	15	obsidian-vault/paperPDFs/SIGGRAPH_2022/NeuralSound_Learning_based_Modal_Sound_Synthesis_With_Acoustic_Transfer.pdf	qpdf ok
replaced	ebook	26591945	1088745	19	19	obsidian-vault/paperPDFs/SIGGRAPH_2025/DeFillet_Detection_and_Removal_of_Fillet_Regions_in_Polygonal_CAD_Models.pdf	qpdf ok
replaced	ebook	26568547	905081	11	11	obsidian-vault/paperPDFs/SIGGRAPH_2026/Topologically_Consistent_Multi_view_3D_Head_Reconstruction_via_Coarse_Guided_Layered_Surface_Sampling.pdf	qpdf ok
replaced	ebook	26565477	1035570	14	14	obsidian-vault/paperPDFs/CVPR_2026/CARI4D_Category_Agnostic_4D_Reconstruction_of_Human_Object_Interaction.pdf	qpdf ok
replaced	ebook	26539197	897973	19	19	obsidian-vault/paperPDFs/SIGGRAPH_2023/AvatarReX_Real_time_Expressive_Full_body_Avatars.pdf	qpdf ok
replaced	ebook	26532531	956556	19	19	obsidian-vault/paperPDFs/CVPR_2026/WeMMU_Enhanced_Bridging_of_Vision_Language_Models_and_Diffusion_Models_via_Noisy_Query_Tokens.pdf	qpdf ok
replaced	ebook	26553204	1250737	21	21	obsidian-vault/paperPDFs/SIGGRAPH_ASIA_2025/Snapping_Deployable_Toroids_for_Modular_Gridshells.pdf	qpdf ok
replaced	ebook	27054984	1131569	12	12	obsidian-vault/paperPDFs/arXiv_2026/CamDirector_Camera_Trajectory_Control_for_Long_term_Video_Generation.pdf	qpdf ok
replaced	ebook	26746147	7061967	32	32	obsidian-vault/paperPDFs/SIGGRAPH_2023/CLIP_PAE_Projection_Augmentation_Embedding_to_Extract_Relevant_Features_for_a_Disentangled_Interpretable_and_Controllable_Text_Guided_Face_Manipulation.pdf	qpdf ok
replaced	ebook	26455552	1136607	12	12	obsidian-vault/paperPDFs/SIGGRAPH_ASIA_2025/Img2CAD_Reverse_Engineering_3D_CAD_Models_from_Images_through_VLM_Assisted_Conditional_Factorization.pdf	qpdf ok
kept	none	29676584	0	19		obsidian-vault/paperPDFs/CVPR_2026/HyperGaussians_High_Dimensional_Gaussian_Splatting_for_High_Fidelity_Animatable_Face_Avatars.pdf	timeout after 300s
replaced	ebook	26393687	626651	14	14	obsidian-vault/paperPDFs/SIGGRAPH_ASIA_2022/Neural_Cloth_Simulation.pdf	qpdf ok
replaced	ebook	26778854	1140993	16	16	obsidian-vault/paperPDFs/CVPR_2026/Cross_Hand_Latent_Representation_for_Vision_Language_Action_Models.pdf	qpdf ok
replaced	ebook	26436967	3367799	26	26	obsidian-vault/paperPDFs/SIGGRAPH_2025/DesignManager_An_Agent_Powered_Copilot_for_Designers_to_Integrate_AI_Design_Tools_into_Creative_Workflows.pdf	qpdf ok
replaced	ebook	26326529	2982416	33	33	obsidian-vault/paperPDFs/ICLR_2024/CADS_Unleashing_the_Diversity_of_Diffusion_Models_through_Condition_Annealed_Sampling.pdf	qpdf ok
replaced	ebook	26309772	1340017	49	49	obsidian-vault/paperPDFs/ICLR_2026/Latent_Particle_World_Models_Self_supervised_Object_centric_Stochastic_Dynamics_Modeling.pdf	qpdf ok
replaced	ebook	26411736	2193765	27	27	obsidian-vault/paperPDFs/CVPR_2026/SaPaVe_Towards_Active_Perception_and_Manipulation_in_Vision_Language_Action_Models_for_Robotics.pdf	qpdf ok
replaced	ebook	26271582	1460392	27	27	obsidian-vault/paperPDFs/ICLR_2026/AudioX_A_Unified_Framework_for_Anything_to_Audio_Generation.pdf	qpdf ok
replaced	ebook	26240438	1316076	20	20	obsidian-vault/paperPDFs/SIGGRAPH_2025/Sketch2Anim_Towards_Transferring_Sketch_Storyboards_into_3D_Animation.pdf	qpdf ok
replaced	ebook	27156882	1468450	18	18	obsidian-vault/paperPDFs/CVPR_2026/SAGE_Scalable_Agentic_3D_Scene_Generation_for_Embodied_AI.pdf	qpdf ok
replaced	ebook	26282019	1391110	18	18	obsidian-vault/paperPDFs/SIGGRAPH_ASIA_2025/StableMotion_Training_Motion_Cleanup_Models_with_Unpaired_Corrupted_Data.pdf	qpdf ok
replaced	ebook	26205308	1148836	16	16	obsidian-vault/paperPDFs/SIGGRAPH_2022/Guided_Bubbles_and_Wet_Foam_for_Realistic_Whitewater_Simulation.pdf	qpdf ok
replaced	ebook	26461913	1689785	19	19	obsidian-vault/paperPDFs/SIGGRAPH_ASIA_2025/RemixFusion_Residual_based_Mixed_Representation_for_Large_scale_Online_RGB_D_Reconstruction.pdf	qpdf ok
replaced	screen	29160232	1833154	29	29	obsidian-vault/paperPDFs/CVPR_2026/LottieGPT_Tokenizing_Vector_Animation_for_Autoregressive_Generation.pdf	qpdf ok
replaced	ebook	26149290	706565	10	10	obsidian-vault/paperPDFs/SIGGRAPH_2022/Self_conditioned_Generative_Adversarial_Networks_for_Image_Editing.pdf	qpdf ok
replaced	ebook	26124455	1464366	10	10	obsidian-vault/paperPDFs/SIGGRAPH_2024/A_Differential_Monte_Carlo_Solver_for_the_Poisson_Equation.pdf	qpdf ok
replaced	ebook	26153444	1252516	12	12	obsidian-vault/paperPDFs/CVPR_2026/RoadSceneBench_A_Lightweight_Benchmark_for_Mid_Level_Road_Scene_Understanding.pdf	qpdf ok
replaced	ebook	26108494	1960672	11	11	obsidian-vault/paperPDFs/SIGGRAPH_2023/Gloss_aware_Color_Correction_for_3D_Printing.pdf	qpdf ok
replaced	ebook	26229441	1194104	15	15	obsidian-vault/paperPDFs/SIGGRAPH_ASIA_2022/Reconstructing_Hand_Held_Objects_from_Monocular_Video.pdf	qpdf ok
replaced	ebook	27595432	2863277	19	19	obsidian-vault/paperPDFs/SIGGRAPH_2024/Split_Aperture_2_in_1_Computational_Cameras.pdf	qpdf ok
replaced	ebook	26384574	2236169	61	61	obsidian-vault/paperPDFs/ICLR_2026/Analytica_Soft_Propositional_Reasoning_for_Robust_and_Scalable_LLM_Driven_Analysis.pdf	qpdf ok
replaced	ebook	26114121	4355042	11	11	obsidian-vault/paperPDFs/SIGGRAPH_ASIA_2025/Neural_Image_abstraction_using_long_smoothing_B_splines.pdf	qpdf ok
replaced	ebook	26627791	1538085	22	22	obsidian-vault/paperPDFs/ICLR_2026/HAMLET_Switch_Your_Vision_Language_Action_Model_into_a_History_Aware_Policy.pdf	qpdf ok
replaced	ebook	26094934	603553	10	10	obsidian-vault/paperPDFs/SIGGRAPH_2025/MatCLIP_Light-_and_Shape-Insensitive_Assignment_of_PBR_Material_Models.pdf	qpdf ok
replaced	ebook	26033234	1191710	17	17	obsidian-vault/paperPDFs/SIGGRAPH_ASIA_2024/CBIL_Collective_Behavior_Imitation_Learning_for_Fish_from_Real_Videos.pdf	qpdf ok
replaced	ebook	26048181	692786	15	15	obsidian-vault/paperPDFs/CVPR_2026/WildPose_A_Unified_Framework_for_Robust_Pose_Estimation_in_the_Wild.pdf	qpdf ok
replaced	ebook	26000479	905586	10	10	obsidian-vault/paperPDFs/SIGGRAPH_2025/Fast_Isotropic_Median_Filtering.pdf	qpdf ok
replaced	ebook	26104074	1422318	12	12	obsidian-vault/paperPDFs/SIGGRAPH_2022/Dark_Stereo_Improving_Depth_Perception_Under_Low_Luminance.pdf	qpdf ok
replaced	ebook	26334276	766806	34	34	obsidian-vault/paperPDFs/ICLR_2026/OpenApps_Simulating_Environment_Variations_to_Measure_UI_Agent_Reliability.pdf	qpdf ok
replaced	ebook	26031162	2233345	15	15	obsidian-vault/paperPDFs/SIGGRAPH_ASIA_2025/JumpingGS_Level_jump_3D_Gaussian_Representation_for_Delicate_Textures_in_Aerial_Large_scale_Scene_Rendering.pdf	qpdf ok
replaced	ebook	25894158	531510	13	13	obsidian-vault/paperPDFs/SIGGRAPH_ASIA_2022/Fast_Octree_Neighborhood_Search_for_SPH_Simulations.pdf	qpdf ok
replaced	ebook	26512598	1302655	15	15	obsidian-vault/paperPDFs/CVPR_2026/Denoising_as_Path_Planning_Training_Free_Acceleration_of_Diffusion_Models_with_DPCache.pdf	qpdf ok
replaced	ebook	25981503	2550963	17	17	obsidian-vault/paperPDFs/CVPR_2026/A_Style_is_Worth_One_Code_Unlocking_Code_to_Style_Image_Generation_with_Discrete_Style_Space.pdf	qpdf ok
replaced	ebook	26053807	400728	14	14	obsidian-vault/paperPDFs/ICLR_2026/WAFT_Warping_Alone_Field_Transforms_for_Optical_Flow.pdf	qpdf ok
replaced	ebook	26294893	3097098	24	24	obsidian-vault/paperPDFs/SIGGRAPH_ASIA_2024/Inverse_Painting_Reconstructing_The_Painting_Process.pdf	qpdf ok
replaced	ebook	26214710	4683261	11	11	obsidian-vault/paperPDFs/arxiv_2025/RealisVSR_Detail-enhanced_Diffusion_for_Real-World_4K_Video_Super-Resolution.pdf	qpdf ok
replaced	ebook	25888954	1116863	13	13	obsidian-vault/paperPDFs/SIGGRAPH_2023/TEXTure_Text_guided_Texturing_of_3D_Shapes.pdf	qpdf ok
replaced	ebook	26797058	1481718	15	15	obsidian-vault/paperPDFs/SIGGRAPH_ASIA_2024/Follow_Your_Emoji_Fine_Controllable_and_Expressive_Freestyle_Portrait_Animation.pdf	qpdf ok
replaced	ebook	25945451	1588591	24	24	obsidian-vault/paperPDFs/ICLR_2026/Let_Features_Decide_Their_Own_Solvers_Hybrid_Feature_Caching_for_Diffusion_Transformers.pdf	qpdf ok
replaced	ebook	25818419	1796296	34	34	obsidian-vault/paperPDFs/ICLR_2026/Visual_Planning_Lets_Think_Only_with_Images.pdf	qpdf ok
replaced	ebook	25738478	1028101	13	13	obsidian-vault/paperPDFs/SIGGRAPH_ASIA_2025/Implicit_Incompressible_Porous_Flow_using_SPH.pdf	qpdf ok
replaced	ebook	25698174	852824	16	16	obsidian-vault/paperPDFs/SIGGRAPH_2022/NeuralTailor_Reconstructing_Sewing_Pattern_Structures_From_3D_Point_Clouds_of_Garments.pdf	qpdf ok
replaced	ebook	25693564	616776	14	14	obsidian-vault/paperPDFs/SIGGRAPH_ASIA_2024/mpcMech_Multi_Point_Conjugation_Mechanisms.pdf	qpdf ok
replaced	ebook	25606457	889948	11	11	obsidian-vault/paperPDFs/CVPR_2026/Thinking_in_360deg_Humanoid_Visual_Search_in_the_Wild.pdf	qpdf ok
replaced	ebook	26214710	4683261	11	11	obsidian-vault/paperPDFs/Uncategorized/arXiv_2025/2025_RealisVSR_Detail_enhanced_Diffusion_for_Real_World_4K_Video_Super_Resolution.pdf	qpdf ok
replaced	ebook	25605455	661150	10	10	obsidian-vault/paperPDFs/SIGGRAPH_2024/A_Realistic_Multi_scale_Surface_based_Cloth_Appearance_Model.pdf	qpdf ok
replaced	ebook	25682904	642245	11	11	obsidian-vault/paperPDFs/CVPR_2026/SketchFaceGS_Real_Time_Sketch_Driven_Face_Editing_and_Generation_with_Gaussian_Splatting.pdf	qpdf ok
replaced	ebook	25750807	1323009	16	16	obsidian-vault/paperPDFs/SIGGRAPH_ASIA_2024/Efficient_GPU_Cloth_Simulation_with_Non_distance_Barriers_and_Subspace_Reuse.pdf	qpdf ok
replaced	ebook	25807027	1519529	29	29	obsidian-vault/paperPDFs/ICLR_2026/A_Primer_on_SO3_Action_Representations_in_Deep_Reinforcement_Learning.pdf	qpdf ok
replaced	ebook	25559887	2973557	22	22	obsidian-vault/paperPDFs/CVPR_2026/Cross_View_Splatter_Feed_Forward_View_Synthesis_with_Georeferenced_Images.pdf	qpdf ok
replaced	ebook	25528869	915062	11	11	obsidian-vault/paperPDFs/arxiv_2025/Uni_Inter_Unifying_3D_Human_Motion_Synthesis_Across_Diverse_Interaction_Contexts.pdf	qpdf ok
replaced	ebook	25515145	1625377	16	16	obsidian-vault/paperPDFs/SIGGRAPH_ASIA_2025/Jackknife_Transmittance_and_MIS_Weight_Estimation.pdf	qpdf ok
replaced	ebook	25411461	1345206	13	13	obsidian-vault/paperPDFs/SIGGRAPH_ASIA_2022/Asynchronous_Collaborative_Autoscanning_with_Mode_Switching_for_Multi_Robot_Scene_Reconstruction.pdf	qpdf ok
kept	none	28844819	0	17		obsidian-vault/paperPDFs/CVPR_2026/FMPose3D_monocular_3D_pose_estimation_via_flow_matching.pdf	timeout after 300s
replaced	ebook	26184690	602832	13	13	obsidian-vault/paperPDFs/CVPR_2026/Diff4Splat_Repurposing_Video_Diffusion_Models_for_Dynamic_Scene_Generation.pdf	qpdf ok
replaced	ebook	25469136	1125995	20	20	obsidian-vault/paperPDFs/SIGGRAPH_ASIA_2023/GARM_LS_A_Gradient_Augmented_Reference_Map_Method_for_Level_Set_Fluid_Simulation.pdf	qpdf ok
replaced	ebook	25365918	4721185	20	20	obsidian-vault/paperPDFs/SIGGRAPH_ASIA_2024/Neural_Differential_Appearance_Equations.pdf	qpdf ok
replaced	ebook	25497656	2117908	20	20	obsidian-vault/paperPDFs/SIGGRAPH_2026/Subgrid_Marching_Tetrahedra.pdf	qpdf ok
replaced	ebook	25333687	1576368	15	15	obsidian-vault/paperPDFs/SIGGRAPH_2023/Geometric_Optimisation_via_Spectral_Shifting.pdf	qpdf ok
replaced	ebook	25342004	926826	19	19	obsidian-vault/paperPDFs/SIGGRAPH_2023/A_Convex_Optimization_Framework_for_Regularized_Geodesic_Distances.pdf	qpdf ok
replaced	ebook	25831631	3353365	19	19	obsidian-vault/paperPDFs/SIGGRAPH_2025/Topological_Offsets.pdf	qpdf ok
replaced	ebook	25329012	1811892	21	21	obsidian-vault/paperPDFs/CVPR_2026/RewardFlow_Generate_Images_by_Optimizing_What_You_Reward.pdf	qpdf ok
replaced	ebook	25827197	2043695	12	12	obsidian-vault/paperPDFs/SIGGRAPH_ASIA_2025/MATStruct_High_quality_Medial_Mesh_Computation_via_Structure_aware_Variational_Optimization.pdf	qpdf ok
replaced	ebook	25664851	1250796	15	15	obsidian-vault/paperPDFs/arxiv_2025/SMAP_Self_supervised_Motion_Adaptation_for_Physically_Plausible_Humanoid_Whole_body_Control.pdf	qpdf ok
replaced	ebook	25292784	3087681	16	16	obsidian-vault/paperPDFs/SIGGRAPH_ASIA_2023/Computational_Design_of_Flexible_Planar_Microstructures.pdf	qpdf ok
replaced	ebook	25257273	747716	12	12	obsidian-vault/paperPDFs/SIGGRAPH_ASIA_2025/Topology_Aware_Optimization_of_Gaussian_Primitives_for_Human_Centric_Volumetric_Videos.pdf	qpdf ok
replaced	ebook	25200604	1007948	15	15	obsidian-vault/paperPDFs/SIGGRAPH_2025/ViSA_Physics_based_Virtual_Stunt_Actors_for_Ballistic_Stunts.pdf	qpdf ok
replaced	ebook	25140512	2027102	39	39	obsidian-vault/paperPDFs/ICLR_2026/AlphaFlow_Understanding_and_Improving_MeanFlow_Models.pdf	qpdf ok
replaced	ebook	25138099	1058836	10	10	obsidian-vault/paperPDFs/SIGGRAPH_ASIA_2023/Input_Dependent_Uncorrelated_Weighting_for_Monte_Carlo_Denoising.pdf	qpdf ok
replaced	ebook	25287424	3356781	29	29	obsidian-vault/paperPDFs/CVPR_2026/PosterIQ_A_Design_Perspective_Benchmark_for_Poster_Understanding_and_Generation.pdf	qpdf ok
replaced	ebook	25236131	8957854	26	26	obsidian-vault/paperPDFs/NeurIPS_2024/Guiding_a_Diffusion_Model_with_a_Bad_Version_of_Itself.pdf	qpdf ok
replaced	ebook	25110367	1561382	13	13	obsidian-vault/paperPDFs/SIGGRAPH_2023/Locally_Attentional_SDF_Diffusion_for_Controllable_3D_Shape_Generation.pdf	qpdf ok
replaced	ebook	25365653	3010819	32	32	obsidian-vault/paperPDFs/ICLR_2025/CameraCtrl_Enabling_Camera_Control_for_Text_to_Video_Generation.pdf	qpdf ok
replaced	ebook	25084608	591200	12	12	obsidian-vault/paperPDFs/CVPR_2026/UniGen_1_5_Enhancing_Image_Generation_and_Editing_through_Reward_Unification_in_RL.pdf	qpdf ok
replaced	ebook	25086925	5579437	11	11	obsidian-vault/paperPDFs/SIGGRAPH_2022/Detecting_Viewer_perceived_Intended_Vector_Sketch_Connectivity.pdf	qpdf ok
replaced	ebook	25082514	1212677	19	19	obsidian-vault/paperPDFs/CVPR_2026/AVA_VLA_Improving_Vision_Language_Action_models_with_Active_Visual_Attention.pdf	qpdf ok
replaced	ebook	25049039	2338436	21	21	obsidian-vault/paperPDFs/SIGGRAPH_ASIA_2023/Neural_Gradient_Learning_and_Optimization_for_Oriented_Point_Normal_Estimation.pdf	qpdf ok
replaced	ebook	25817435	3112706	30	30	obsidian-vault/paperPDFs/CVPR_2026/3DReflecNet_A_Large_Scale_Dataset_for_3D_Reconstruction_of_Reflective_Transparent_and_Low_Texture_Objects.pdf	qpdf ok
replaced	ebook	25046385	2490223	10	10	obsidian-vault/paperPDFs/SIGGRAPH_2025/GarmentImage_Raster_Encoding_of_Garment_Sewing_Patterns_with_Diverse_Topologies.pdf	qpdf ok
replaced	ebook	25400118	2124380	14	14	obsidian-vault/paperPDFs/SIGGRAPH_ASIA_2022/LaplacianFusion_Detailed_3D_Clothed_Human_Body_Reconstruction.pdf	qpdf ok
replaced	ebook	24998363	1161335	17	17	obsidian-vault/paperPDFs/CVPR_2026/Sampling_Aware_Quantization_for_Diffusion_Models.pdf	qpdf ok
replaced	ebook	24948771	571563	12	12	obsidian-vault/paperPDFs/TOG_2018/Mode_adaptive_neural_networks_for_quadruped_motion_control.pdf	qpdf ok
replaced	ebook	25999529	1585763	28	28	obsidian-vault/paperPDFs/NEURIPS_2025/CineTechBench_A_Benchmark_for_Cinematographic_Technique_Understanding_and_Generation.pdf	qpdf ok
replaced	ebook	24850994	868309	10	10	obsidian-vault/paperPDFs/SIGGRAPH_2024/3D_Gaussian_Blendshapes_for_Head_Avatar_Animation.pdf	qpdf ok
replaced	ebook	24812767	944830	13	13	obsidian-vault/paperPDFs/SIGGRAPH_ASIA_2025/FreeArt3D_Training_Free_Articulated_Object_Generation_using_3D_Diffusion.pdf	qpdf ok
replaced	ebook	25346376	2547013	17	17	obsidian-vault/paperPDFs/SIGGRAPH_ASIA_2024/InstantDrag_Improving_Interactivity_in_Drag_based_Image_Editing.pdf	qpdf ok
replaced	ebook	25305040	1502361	26	26	obsidian-vault/paperPDFs/ICLR_2026/MotionStream_Real_Time_Video_Generation_with_Interactive_Motion_Controls.pdf	qpdf ok
replaced	ebook	24797145	867017	10	10	obsidian-vault/paperPDFs/SIGGRAPH_2024/Aperture_aware_Lens_Design.pdf	qpdf ok
replaced	ebook	24779044	730308	15	15	obsidian-vault/paperPDFs/ICLR_2026/ReconViaGen_Towards_Accurate_Multi_view_3D_Object_Reconstruction_via_Generation_bd913d15b45e.pdf	qpdf ok
replaced	ebook	24769635	873482	10	10	obsidian-vault/paperPDFs/SIGGRAPH_2023/Focal_Path_Guiding_for_Light_Transport_Simulation.pdf	qpdf ok
replaced	ebook	24878881	2884536	21	21	obsidian-vault/paperPDFs/SIGGRAPH_ASIA_2024/Multi_level_Partition_of_Unity_on_Differentiable_Moving_Particles.pdf	qpdf ok
replaced	ebook	24790147	971974	35	35	obsidian-vault/paperPDFs/ICLR_2026/Activation_Steering_with_a_Feedback_Controller.pdf	qpdf ok
replaced	ebook	25069289	1590774	21	21	obsidian-vault/paperPDFs/CVPR_2026/Chorus_Multi_Teacher_Pretraining_for_Holistic_3D_Gaussian_Scene_Encoding.pdf	qpdf ok
replaced	ebook	24682640	421733	9	9	obsidian-vault/paperPDFs/SIGGRAPH_2023/QuestEnvSim_Environment_aware_Simulated_Motion_Tracking_From_Sparse_Sensor_Input.pdf	qpdf ok
replaced	ebook	24686104	446245	12	12	obsidian-vault/paperPDFs/CVPR_2026/Adaptive_Action_Chunking_at_Inference_time_for_Vision_Language_Action_Models.pdf	qpdf ok
replaced	ebook	24759449	1493416	26	26	obsidian-vault/paperPDFs/ICLR_2026/UrbanGS_Efficient_and_Scalable_Architecture_for_Geometrically_Accurate_Large_Sce_dbeb8df34f9e.pdf	qpdf ok
replaced	ebook	24673022	1051887	11	11	obsidian-vault/paperPDFs/SIGGRAPH_ASIA_2025/Teamwork_Collaborative_Diffusion_with_Low_rank_Coordination_and_Adaptation.pdf	qpdf ok
kept	none	25002764	0	14		obsidian-vault/paperPDFs/SIGGRAPH_ASIA_2025/Scattering_Aware_Color_Calibration_for_3D_Printers_Using_a_Simple_Calibration_Target.pdf	size=25747820; pages=14; qpdf=True; checking obsidian-vault/paperPDFs/SIGGRAPH_ASIA_2025/Scattering_Aware_Color_Calibration_for_3D_Printers_Using_a_Simple_Calibration_Target.pdf.tmp-screen.1148793.pdf PDF Version: 1.4 File is not encrypted File is not linearized No syntax or stream encoding errors found; the file may still contain errors that qpdf cannot detect 
replaced	ebook	24706524	1311347	21	21	obsidian-vault/paperPDFs/SIGGRAPH_2025/Offset_Geometric_Contact.pdf	qpdf ok
replaced	ebook	25047078	1066929	21	21	obsidian-vault/paperPDFs/arxiv_2025/WorldMirror_Universal_3D_World_Reconstruction_with_Any_Prior_Prompting.pdf	qpdf ok
replaced	ebook	24614083	570782	12	12	obsidian-vault/paperPDFs/SIGGRAPH_ASIA_2023/Computational_Design_of_Wiring_Layout_on_Tight_Suits_with_Minimal_Motion_Resistance.pdf	qpdf ok
replaced	ebook	25475366	3282647	20	20	obsidian-vault/paperPDFs/SIGGRAPH_2023/Locally_Meshable_Frame_Fields.pdf	qpdf ok
replaced	ebook	24679439	1296749	10	10	obsidian-vault/paperPDFs/CVPR_2026/GauMVC_Generative_Decoupled_Gaussian_Representation_for_Human_centric_Multi_view_Video_Compression.pdf	qpdf ok
replaced	ebook	25575843	2433972	21	21	obsidian-vault/paperPDFs/SIGGRAPH_2023/Zero_shot_Image_to_image_Translation.pdf	qpdf ok
replaced	ebook	24520365	998823	13	13	obsidian-vault/paperPDFs/SIGGRAPH_2024/SketchDream_Sketch_based_Text_to_3D_Generation_and_Editing.pdf	qpdf ok
replaced	ebook	24497613	1220863	23	23	obsidian-vault/paperPDFs/SIGGRAPH_2025/Adaptive_Phase_Field_FLIP_for_Very_Large_Scale_Two_Phase_Fluid_Simulation.pdf	qpdf ok
replaced	ebook	24504857	2562836	16	16	obsidian-vault/paperPDFs/SIGGRAPH_2023/ConTesse_Accurate_Occluding_Contours_for_Subdivision_Surfaces.pdf	qpdf ok
replaced	ebook	24465622	1601377	16	16	obsidian-vault/paperPDFs/CVPR_2026/Efficient_Encoder_Free_Fourier_based_3D_Large_Multimodal_Model.pdf	qpdf ok
replaced	ebook	24450573	766608	20	20	obsidian-vault/paperPDFs/CVPR_2026/VGG_T3_Offline_Feed_Forward_3D_Reconstruction_at_Scale.pdf	qpdf ok
replaced	ebook	24444787	1167447	9	9	obsidian-vault/paperPDFs/SIGGRAPH_2022/Node_Graph_Optimization_Using_Differentiable_Proxies.pdf	qpdf ok
replaced	ebook	24407192	695214	10	10	obsidian-vault/paperPDFs/SIGGRAPH_2024/Towards_Motion_Metamers_for_Foveated_Rendering.pdf	qpdf ok
replaced	ebook	25364145	1187365	12	12	obsidian-vault/paperPDFs/SIGGRAPH_ASIA_2025/OmniPart_Part_Aware_3D_Generation_with_Semantic_Decoupling_and_Structural_Cohesion.pdf	qpdf ok
replaced	ebook	24890695	1836203	15	15	obsidian-vault/paperPDFs/SIGGRAPH_2023/ArrangementNet_Learning_Scene_Arrangements_for_Vectorized_Indoor_Scene_Modeling.pdf	qpdf ok
replaced	ebook	24432984	916685	14	14	obsidian-vault/paperPDFs/SIGGRAPH_ASIA_2024/Neural_Laplacian_Operator_for_3D_Point_Clouds.pdf	qpdf ok
replaced	ebook	24483452	1065981	27	27	obsidian-vault/paperPDFs/ECCV_2024/Generative_Camera_Dolly_Extreme_Monocular_Dynamic_Novel_View_Synthesis.pdf	qpdf ok
replaced	ebook	24344298	897645	16	16	obsidian-vault/paperPDFs/SIGGRAPH_2024/In_the_Quest_for_Scale_Optimal_Mappings.pdf	qpdf ok
replaced	ebook	24339427	920202	10	10	obsidian-vault/paperPDFs/CVPR_2026/PC_Talk_Precise_Facial_Animation_Control_for_Audio_Driven_Talking_Face_Generation.pdf	qpdf ok
replaced	ebook	24387096	459263	19	19	obsidian-vault/paperPDFs/ICLR_2026/Anatomy_aware_Representation_Learning_for_Medical_Ultrasound.pdf	qpdf ok
replaced	ebook	25273683	2402467	19	19	obsidian-vault/paperPDFs/SIGGRAPH_ASIA_2024/I2VEdit_First_Frame_Guided_Video_Editing_via_Image_to_Video_Diffusion_Models.pdf	qpdf ok
replaced	ebook	24284570	1385358	18	18	obsidian-vault/paperPDFs/SIGGRAPH_ASIA_2023/AvatarStudio_Text_driven_Editing_of_3D_Dynamic_Human_Head_Avatars.pdf	qpdf ok
replaced	ebook	24632582	4538429	19	19	obsidian-vault/paperPDFs/arXiv_2025/CFG_Zero_Improved_Classifier_Free_Guidance_for_Flow_Matching_Models.pdf	qpdf ok
replaced	ebook	24322521	1244735	15	15	obsidian-vault/paperPDFs/CVPR_2026/PvP_Data_Efficient_Humanoid_Robot_Learning_with_Proprioceptive_Privileged_Contrastive_Representations.pdf	qpdf ok
replaced	ebook	24343676	1509241	14	14	obsidian-vault/paperPDFs/SIGGRAPH_2023/3D_Gaussian_Splatting_for_Real_time_Radiance_Field_Rendering.pdf	qpdf ok
replaced	ebook	24336117	1166212	18	18	obsidian-vault/paperPDFs/SIGGRAPH_2023/Composite_Motion_Learning_With_Task_Control.pdf	qpdf ok
replaced	ebook	24171048	872629	13	13	obsidian-vault/paperPDFs/SIGGRAPH_ASIA_2025/Constructing_Diffusion_Avatar_with_Learnable_Embeddings.pdf	qpdf ok
replaced	ebook	24335161	3338217	39	39	obsidian-vault/paperPDFs/ICLR_2026/MotionWeaver_Holistic_4D_Anchored_Framework_for_Multi_Humanoid_Image_Animation.pdf	qpdf ok
replaced	ebook	24245354	1722259	13	13	obsidian-vault/paperPDFs/SIGGRAPH_2023/Image_Vectorization_and_Editing_via_Linear_Gradient_Layer_Decomposition.pdf	qpdf ok
replaced	ebook	24254847	3186176	54	54	obsidian-vault/paperPDFs/CVPR_2026/CSF_Black_box_Fingerprinting_via_Compositional_Semantics_for_Text_to_Image_Models.pdf	qpdf ok
replaced	ebook	24194071	993940	10	10	obsidian-vault/paperPDFs/SIGGRAPH_ASIA_2023/MyStyle_A_Controllable_Personalized_Generative_Prior.pdf	qpdf ok
replaced	ebook	24766821	1540216	24	24	obsidian-vault/paperPDFs/CVPR_2026/SoccerMaster_A_Vision_Foundation_Model_for_Soccer_Understanding.pdf	qpdf ok
replaced	ebook	24150972	569225	11	11	obsidian-vault/paperPDFs/CVPR_2026/Write_Where_It_Matters_Policy_Guided_Watermarks_for_3D_Gaussian_Splatting.pdf	qpdf ok
replaced	ebook	24141964	732835	9	9	obsidian-vault/paperPDFs/SIGGRAPH_2022/DCT_Net_Domain_calibrated_Translation_for_Portrait_Stylization.pdf	qpdf ok
replaced	ebook	24206021	1626103	22	22	obsidian-vault/paperPDFs/CVPR_2026/Planning_in_8_Tokens_A_Compact_Discrete_Tokenizer_for_Latent_World_Model.pdf	qpdf ok
replaced	ebook	24157106	504053	12	12	obsidian-vault/paperPDFs/CVPR_2026/HierEdit_Region_Aware_Hierarchical_Diffusion_for_Efficient_High_Resolution_Editing.pdf	qpdf ok
replaced	ebook	24099816	504843	10	10	obsidian-vault/paperPDFs/CVPR_2026/IMAIA_Interactive_Maps_AI_Assistant_for_Travel_Planning_and_Geo_Spatial_Intelligence.pdf	qpdf ok
replaced	ebook	24118493	1194103	14	14	obsidian-vault/paperPDFs/SIGGRAPH_ASIA_2023/Controllable_Group_Choreography_using_Contrastive_Diffusion.pdf	qpdf ok
replaced	ebook	24117591	821619	22	22	obsidian-vault/paperPDFs/NEURIPS_2025/MOSPA_Human_Motion_Generation_Driven_by_Spatial_Audio.pdf	qpdf ok
replaced	ebook	24074888	1478529	21	21	obsidian-vault/paperPDFs/ICLR_2026/Accelerated_co_design_of_robots_through_morphological_pretraining.pdf	qpdf ok
replaced	ebook	24029445	1229469	11	11	obsidian-vault/paperPDFs/SIGGRAPH_ASIA_2023/Efficient_Visualization_of_Light_Pollution_for_the_Night_Sky.pdf	qpdf ok
replaced	ebook	24127090	1179830	14	14	obsidian-vault/paperPDFs/SIGGRAPH_ASIA_2024/Differentiable_Photon_Mapping_using_Generalized_Path_Gradients.pdf	qpdf ok
replaced	ebook	24590116	2150204	24	24	obsidian-vault/paperPDFs/SIGGRAPH_2026/Canvas_to_Image_Compositional_Image_Generation_with_Multimodal_Controls.pdf	qpdf ok
replaced	ebook	24026181	936294	11	11	obsidian-vault/paperPDFs/SIGGRAPH_ASIA_2024/Compositional_Neural_Textures.pdf	qpdf ok
replaced	ebook	24571188	1888371	29	29	obsidian-vault/paperPDFs/CVPR_2026/Wan_Weaver_Interleaved_Multi_modal_Generation_via_Decoupled_Training.pdf	qpdf ok
replaced	ebook	24116008	3113272	17	17	obsidian-vault/paperPDFs/SIGGRAPH_2022/Practical_Level_of_detail_Aggregation_of_Fur_Appearance.pdf	qpdf ok
replaced	ebook	23928479	657289	16	16	obsidian-vault/paperPDFs/CVPR_2026/ReMoRa_Multimodal_Large_Language_Model_based_on_Refined_Motion_Representation_for_Long_Video_Understanding.pdf	qpdf ok
replaced	ebook	24129216	1078252	16	16	obsidian-vault/paperPDFs/CVPR_2026/RnG_A_Unified_Transformer_for_Complete_3D_Modeling_from_Partial_Observations.pdf	qpdf ok
replaced	ebook	23944817	1137017	12	12	obsidian-vault/paperPDFs/SIGGRAPH_2022/NeAT_Neural_Adaptive_Tomography.pdf	qpdf ok
replaced	ebook	23990447	648529	9	9	obsidian-vault/paperPDFs/SIGGRAPH_ASIA_2022/Lightweight_Neural_Basis_Functions_for_All_Frequency_Shading.pdf	qpdf ok
replaced	ebook	24319933	2136214	28	28	obsidian-vault/paperPDFs/WHITEPAPER_2025/Cosmos_Drive_Dreams_Scalable_Synthetic_Driving_Data_Generation_with_World_Foundation_Models.pdf	qpdf ok
replaced	ebook	23872214	1138150	11	11	obsidian-vault/paperPDFs/SIGGRAPH_ASIA_2024/Accelerate_Neural_Subspace_Based_Reduced_Order_Solver_of_Deformable_Simulation_by_Lipschitz_Optimization.pdf	qpdf ok
replaced	ebook	24510412	1588526	17	17	obsidian-vault/paperPDFs/SIGGRAPH_2026/CubePart_An_Open_Vocabulary_Part_Controllable_3D_Generator.pdf	qpdf ok
replaced	ebook	23839887	528337	9	9	obsidian-vault/paperPDFs/SIGGRAPH_2022/Holographic_Glasses_for_Virtual_Reality.pdf	qpdf ok
replaced	ebook	23994307	2341130	46	46	obsidian-vault/paperPDFs/ICLR_2026/RealPDEBench_A_Benchmark_for_Complex_Physical_Systems_with_Real_World_Data.pdf	qpdf ok
replaced	ebook	23821700	613457	22	22	obsidian-vault/paperPDFs/ICLR_2026/ReLi3D_Relightable_Multi_view_3D_Reconstruction_with_Disentangled_Illumination_5eeafb1d146e.pdf	qpdf ok
replaced	ebook	23899507	1305113	17	17	obsidian-vault/paperPDFs/SIGGRAPH_2025/Designing_Pin_pression_Gripper_and_Learning_its_Dexterous_Grasping_with_Online_In_hand_Adjustment.pdf	qpdf ok
replaced	ebook	23862324	6483382	64	64	obsidian-vault/paperPDFs/ICLR_2026/A_Two_Phase_Deep_Learning_Framework_for_Adaptive_Time_Stepping_in_High_Speed_Flow_Modeling.pdf	qpdf ok
replaced	ebook	23834859	2733916	39	39	obsidian-vault/paperPDFs/ICLR_2026/Aligning_Visual_Foundation_Encoders_to_Tokenizers_for_Diffusion_Models.pdf	qpdf ok
replaced	ebook	23820937	655429	13	13	obsidian-vault/paperPDFs/SIGGRAPH_ASIA_2022/PopStage_The_Generation_of_Stage_Cross_Editing_Video_based_on_Spatio_Temporal_Matching.pdf	qpdf ok
replaced	ebook	23832076	1498253	17	17	obsidian-vault/paperPDFs/NEURIPS_2024/StoryDiffusion.pdf	qpdf ok
replaced	ebook	23740903	451301	10	10	obsidian-vault/paperPDFs/SIGGRAPH_2022/CCP_Configurable_Crowd_Profiles.pdf	qpdf ok
replaced	ebook	24602929	2428550	16	16	obsidian-vault/paperPDFs/SIGGRAPH_ASIA_2022/SCULPTOR_Skeleton_Consistent_Face_Creation_Using_a_Learned_Parametric_Generator.pdf	qpdf ok
replaced	ebook	23849465	1628833	24	24	obsidian-vault/paperPDFs/arxiv_2024/VersatileMotion_A_Unified_Framework_for_Motion_Synthesis_and_Comprehension.pdf	qpdf ok
replaced	ebook	23739239	1976741	27	27	obsidian-vault/paperPDFs/CVPR_2026/Unifying_Perception_and_Action_A_Hybrid_Modality_Pipeline_with_Implicit_Visual_Chain_of_Thought_for_Robotic_Action_Generation.pdf	qpdf ok
replaced	ebook	23761213	2023794	18	18	obsidian-vault/paperPDFs/CVPR_2026/FlexAvatar_Flexible_Large_Reconstruction_Model_for_Animatable_Gaussian_Head_Avatars_with_Detailed_Deformation.pdf	qpdf ok
replaced	ebook	23849465	1628833	24	24	obsidian-vault/paperPDFs/arxiv_2024/MotionLLaMA_A_Unified_Framework_for_Motion_Synthesis_and_Comprehension.pdf	qpdf ok
replaced	ebook	23733828	986677	12	12	obsidian-vault/paperPDFs/SIGGRAPH_ASIA_2023/From_Skin_to_Skeleton_Towards_Biomechanically_Accurate_3D_Digital_Humans.pdf	qpdf ok
replaced	ebook	23813351	3588136	18	18	obsidian-vault/paperPDFs/CVPR_2026/FILTR_Extracting_Topological_Features_from_Pretrained_3D_Models.pdf	qpdf ok
replaced	ebook	23710147	1955608	25	25	obsidian-vault/paperPDFs/CVPR_2026/PixelDiT_Pixel_Diffusion_Transformers_for_Image_Generation.pdf	qpdf ok
replaced	ebook	23559834	781779	12	12	obsidian-vault/paperPDFs/SIGGRAPH_2024/GaussianPrediction_Dynamic_3D_Gaussian_Prediction_for_Motion_Extrapolation_and_Free_View_Synthesis.pdf	qpdf ok
replaced	ebook	24175688	6277149	20	20	obsidian-vault/paperPDFs/SIGGRAPH_2025/NeST_Neural_Stress_Tensor_Tomography_by_leveraging_3D_Photoelasticity.pdf	qpdf ok
replaced	ebook	23834176	1791543	19	19	obsidian-vault/paperPDFs/CVPR_2026/Spatia_Video_Generation_with_Updatable_Spatial_Memory.pdf	qpdf ok
replaced	ebook	23548420	1502303	10	10	obsidian-vault/paperPDFs/CVPR_2026/ReCoFuse_Ultra_Robust_Image_Fusion_via_Restorative_Multi_Modal_Diffusion_Reciprocal_Coupling.pdf	qpdf ok
replaced	ebook	23518217	1023918	15	15	obsidian-vault/paperPDFs/SIGGRAPH_2022/Tailored_Reality_Perception_aware_Scene_Restructuring_for_Adaptive_VR_Navigation.pdf	qpdf ok
replaced	ebook	23570034	955092	12	12	obsidian-vault/paperPDFs/SIGGRAPH_2024/Tele_Aloha_A_Telepresence_System_With_Low_budget_and_High_authenticity_Using_Sparse_RGB_Cameras.pdf	qpdf ok
replaced	ebook	23717745	1680444	20	20	obsidian-vault/paperPDFs/arxiv_2026/Matrix-Game_3.0:_Real-Time_and_Streaming_Interactive_World_Model_with_Long-Horizon_Memory.pdf	qpdf ok
replaced	ebook	23502471	592224	11	11	obsidian-vault/paperPDFs/CVPR_2026/ImageRAGTurbo_Towards_One_step_Text_to_Image_Generation_with_Retrieval_Augmented_Diffusion_Models.pdf	qpdf ok
replaced	ebook	23773650	1355336	19	19	obsidian-vault/paperPDFs/SIGGRAPH_2025/UltraMeshRenderer_Efficient_Structure_and_Management_of_GPU_Out_of_core_Memory_for_Real_time_Rendering_of_Gigantic_3D_Meshes.pdf	qpdf ok
replaced	ebook	23546464	1335301	15	15	obsidian-vault/paperPDFs/ICLR_2026/Mesh_Splatting_for_End_to_end_Multiview_Surface_Reconstruction_023e28fff1e0.pdf	qpdf ok
replaced	ebook	23738359	5333746	24	24	obsidian-vault/paperPDFs/SIGGRAPH_2025/Fluid_Simulation_on_Vortex_Particle_Flow_Maps.pdf	qpdf ok
replaced	ebook	23817723	2896689	11	11	obsidian-vault/paperPDFs/SIGGRAPH_2023/PhotoMat_A_Material_Generator_Learned_From_Single_Flash_Photos.pdf	qpdf ok
replaced	ebook	23505208	1088846	11	11	obsidian-vault/paperPDFs/SIGGRAPH_2025/Image-Space_Collage_and_Packing_with_Differentiable_Rendering.pdf	qpdf ok
replaced	ebook	23477959	1121843	24	24	obsidian-vault/paperPDFs/SIGGRAPH_ASIA_2024/GPU_Coroutines_for_Flexible_Splitting_and_Scheduling_of_Rendering_Tasks.pdf	qpdf ok
replaced	ebook	23390735	493208	11	11	obsidian-vault/paperPDFs/CVPR_2026/Learning_Diffeomorphism_for_Medical_Image_Registration_with_Time_Embedded_Architectures_Using_Semigroup_Regularization.pdf	qpdf ok
replaced	ebook	23403239	846872	14	14	obsidian-vault/paperPDFs/CVPR_2026/Any4D_Unified_Feed_Forward_Metric_4D_Reconstruction.pdf	qpdf ok
replaced	ebook	23977710	2451160	30	30	obsidian-vault/paperPDFs/ICLR_2026/Embodied_Navigation_Foundation_Model.pdf	qpdf ok
replaced	ebook	23339952	415958	10	10	obsidian-vault/paperPDFs/CVPR_2026/STUR3D_Spatio_Temporal_Unified_Representation_Learning_for_3D_Object_Detection.pdf	qpdf ok
replaced	ebook	23478938	16922788	13	13	obsidian-vault/paperPDFs/SIGGRAPH_2022/MatBuilder_Mastering_Sampling_Uniformity_Over_Projections.pdf	qpdf ok
replaced	ebook	23345004	777769	11	11	obsidian-vault/paperPDFs/SIGGRAPH_ASIA_2025/Multiphase_Particle_Based_Simulation_of_Poro_Elasto_Capillary_Effects.pdf	qpdf ok
replaced	ebook	23544991	1190947	20	20	obsidian-vault/paperPDFs/SIGGRAPH_ASIA_2025/Physics_Based_Motion_Imitation_with_Adversarial_Differential_Discriminators.pdf	qpdf ok
replaced	ebook	23236452	1845364	26	26	obsidian-vault/paperPDFs/NeurIPS_2024/Applying_Guidance_in_a_Limited_Interval_Improves_Sample_and_Distribution_Quality_in_Diffusion_Models.pdf	qpdf ok
replaced	ebook	23264240	1384726	20	20	obsidian-vault/paperPDFs/CVPR_2026/REVIVE_3D_Refinement_via_Encoded_Voluminous_Inflated_prior_for_Volume_Enhancement.pdf	qpdf ok
replaced	ebook	23878873	1767464	14	14	obsidian-vault/paperPDFs/CVPR_2026/UniPart_Part_Level_3D_Generation_with_Unified_3D_Geom_Seg_Latents.pdf	qpdf ok
replaced	ebook	23490976	476982	20	20	obsidian-vault/paperPDFs/EMNLP_2025/Reasoning_Paths_with_Reference_Objects_Elicit_Quantitative_Spatial_Reasoning_in_Large_Vision_Language_Models.pdf	qpdf ok
replaced	ebook	23216993	668808	10	10	obsidian-vault/paperPDFs/SIGGRAPH_ASIA_2023/SinMPI_Novel_View_Synthesis_from_a_Single_Image_with_Expanded_Multiplane_Images.pdf	qpdf ok
replaced	ebook	23316400	6371564	13	13	obsidian-vault/paperPDFs/CVPR_2026/Hearing_the_Room_Through_the_Shape_of_the_Drum_Modal_Guided_Sound_Recovery_from_Multi_Point_Surface_Vibrations.pdf	qpdf ok
replaced	ebook	23179566	1314842	18	18	obsidian-vault/paperPDFs/SIGGRAPH_2022/Approximate_Convex_Decomposition_for_3D_Meshes_With_Collision_aware_Concavity_and_Tree_Search.pdf	qpdf ok
replaced	ebook	23154329	1399174	21	21	obsidian-vault/paperPDFs/SIGGRAPH_2025/BANG_Dividing_3D_Assets_via_Generative_Exploded_Dynamics.pdf	qpdf ok
replaced	ebook	23220068	1346059	20	20	obsidian-vault/paperPDFs/CVPR_2026/MAPS_Preserving_Vision_Language_Representations_via_Module_Wise_Proximity_Scheduling_for_Better_Vision_Language_Action_Generalization.pdf	qpdf ok
replaced	ebook	23133841	1275062	13	13	obsidian-vault/paperPDFs/SIGGRAPH_2026/ReRoPE_Repurposing_RoPE_for_Relative_Camera_Control.pdf	qpdf ok
replaced	ebook	23369036	1652485	33	33	obsidian-vault/paperPDFs/NEURIPS_2024/InterDreamer_Zero_Shot_Text_to_3D_Dynamic_Human_Object_Interaction.pdf	qpdf ok
replaced	ebook	23727965	1624041	17	17	obsidian-vault/paperPDFs/CVPR_2025/PersonaHOI_Effortlessly_Improving_Personalized_Face_with_Human_Object_Interaction_Generation.pdf	qpdf ok
replaced	ebook	23113485	586592	10	10	obsidian-vault/paperPDFs/SIGGRAPH_2026/Streaming_of_rendered_content_with_adaptive_frame_rate_and_resolution.pdf	qpdf ok
replaced	ebook	23117992	877076	11	11	obsidian-vault/paperPDFs/SIGGRAPH_ASIA_2024/Bijective_Volumetric_Mapping_via_Star_Decomposition.pdf	qpdf ok
replaced	ebook	23063659	558925	9	9	obsidian-vault/paperPDFs/SIGGRAPH_2023/Perspective_correct_VR_Passthrough_Without_Reprojection.pdf	qpdf ok
replaced	ebook	23153989	1593499	33	33	obsidian-vault/paperPDFs/ICLR_2026/A_Probabilistic_Hard_Concept_Bottleneck_for_Steerable_Generative_Models.pdf	qpdf ok
replaced	ebook	23066150	1188150	11	11	obsidian-vault/paperPDFs/CVPR_2026/Towards_Storytelling_Animations_Joint_Synthesis_of_Human_and_Camera_Motions.pdf	qpdf ok
kept	none	26118868	0	12		obsidian-vault/paperPDFs/SIGGRAPH_2023/Example_based_Motion_Synthesis_via_Generative_Motion_Matching.pdf	timeout after 300s
replaced	ebook	23124957	777084	20	20	obsidian-vault/paperPDFs/CVPR_2026/SAM_3D_Body_Robust_Full_Body_Human_Mesh_Recovery.pdf	qpdf ok
replaced	ebook	23048879	3052591	16	16	obsidian-vault/paperPDFs/SIGGRAPH_ASIA_2024/NeRF_Casting_Improved_View_Dependent_Appearance_with_Consistent_Reflections.pdf	qpdf ok
replaced	ebook	23033713	1701289	13	13	obsidian-vault/paperPDFs/SIGGRAPH_2025/Revisiting_Tradition_and_Beyond_A_Customized_Bilateral_Filtering_Framework_for_Point_Cloud_Denoising.pdf	qpdf ok
replaced	ebook	23009839	879533	15	15	obsidian-vault/paperPDFs/SIGGRAPH_ASIA_2024/DARTS_Diffusion_Approximated_Residual_Time_Sampling_for_Time_of_flight_Rendering_in_Homogeneous_Scattering_Media.pdf	qpdf ok
replaced	ebook	23476402	1183246	11	11	obsidian-vault/paperPDFs/CVPR_2026/Grounded_Latents_for_Entity_Centric_4D_Scene_Generation.pdf	qpdf ok
replaced	ebook	23348919	1452345	17	17	obsidian-vault/paperPDFs/ICLR_2026/AttriCtrl_A_Generalizable_Framework_for_Controlling_Semantic_Attribute_Intensity_in_Diffusion_Models.pdf	qpdf ok
replaced	ebook	23178078	1717172	11	11	obsidian-vault/paperPDFs/SIGGRAPH_2024/2D_Gaussian_Splatting_for_Geometrically_Accurate_Radiance_Fields.pdf	qpdf ok
replaced	ebook	22995924	885268	12	12	obsidian-vault/paperPDFs/SIGGRAPH_2023/OpenMPD_A_Low_level_Presentation_Engine_for_Multimodal_Particle_based_Displays.pdf	qpdf ok
replaced	ebook	23872650	1186822	10	10	obsidian-vault/paperPDFs/CVPR_2026/MatMart_Material_Reconstruction_of_3D_Objects_via_Diffusion.pdf	qpdf ok
replaced	ebook	22948035	2674335	45	45	obsidian-vault/paperPDFs/NEURIPS_2025/Align_Your_Flow_Scaling_Continuous_Time_Flow_Map_Distillation.pdf	qpdf ok
replaced	ebook	22953831	1316448	21	21	obsidian-vault/paperPDFs/ICLR_2026/Seek_CAD_A_Self_refined_Generative_Modeling_for_3D_Parametric_CAD_Using_Local_In_3b6e5b4dcc73.pdf	qpdf ok
replaced	ebook	23121203	1320306	19	19	obsidian-vault/paperPDFs/ICLR_2026/ShapeGen4D_Towards_High_Quality_4D_Shape_Generation_from_Videos_3a1c93476b93.pdf	qpdf ok
replaced	ebook	23365461	2908560	32	32	obsidian-vault/paperPDFs/ICLR_2026/MTVCraft_Tokenizing_4D_Motion_for_Arbitrary_Character_Animation.pdf	qpdf ok
replaced	ebook	22950161	2791691	13	13	obsidian-vault/paperPDFs/SIGGRAPH_ASIA_2022/Geo_metric_A_Perceptual_Dataset_of_Distortions_on_Faces.pdf	qpdf ok
kept	none	25747768	0	25		obsidian-vault/paperPDFs/CVPR_2026/Uncertainty_guided_Compositional_Alignment_with_Part_to_Whole_Semantic_Representativeness_in_Hyperbolic_Vision_Language_Models.pdf	timeout after 300s
replaced	ebook	22897089	1041975	25	25	obsidian-vault/paperPDFs/SIGGRAPH_2023/COFS_COntrolable_Furniture_Layout_Synthesis.pdf	qpdf ok
replaced	ebook	22802284	726032	15	15	obsidian-vault/paperPDFs/PAMI_2025/EigenActor_Variant_Body_Object_Interaction_Generation_Evolved_from_Invariant_Action_Basis_Reasoning.pdf	qpdf ok
replaced	ebook	22720784	914237	25	25	obsidian-vault/paperPDFs/ICLR_2026/BLADE_Block_Sparse_Attention_Meets_Step_Distillation_for_Efficient_Video_Generation.pdf	qpdf ok
replaced	ebook	23035451	1510350	12	12	obsidian-vault/paperPDFs/SIGGRAPH_ASIA_2025/Uni3C_Unifying_Precisely_3D_Enhanced_Camera_and_Human_Motion_Controls_for_Video_Generation.pdf	qpdf ok
replaced	ebook	23338801	1905968	26	26	obsidian-vault/paperPDFs/ICLR_2026/JanusVLN_Decoupling_Semantics_and_Spatiality_with_Dual_Implicit_Memory_for_Vision_Language_Navigation.pdf	qpdf ok
replaced	ebook	23035663	3120063	50	50	obsidian-vault/paperPDFs/CVPR_2026/QUANTIPHY_A_Quantitative_Benchmark_Evaluating_Physical_Reasoning_Abilities_of_Vision_Language_Models.pdf	qpdf ok
replaced	ebook	22874331	1270020	15	15	obsidian-vault/paperPDFs/ICCV_2023/InterDiff:_Generating_3D_Human-Object_Interactions_with_Physics-Informed_Diffusion.pdf	qpdf ok
replaced	ebook	22659508	787693	13	13	obsidian-vault/paperPDFs/SIGGRAPH_2023/Inkjet_4D_Print_Self_folding_Tessellated_Origami_Objects_by_Inkjet_UV_Printing.pdf	qpdf ok
replaced	ebook	22569787	1049392	11	11	obsidian-vault/paperPDFs/SIGGRAPH_2023/AniFaceDrawing_Anime_Portrait_Exploration_During_Your_Sketching.pdf	qpdf ok
replaced	ebook	22863158	12702464	14	14	obsidian-vault/paperPDFs/SIGGRAPH_ASIA_2025/SZ_Sequences_Binary_Constructed_0_2_q_Sequences.pdf	qpdf ok
replaced	ebook	22524966	718634	14	14	obsidian-vault/paperPDFs/SIGGRAPH_2022/The_Hierarchical_Subspace_Iteration_Method_for_Laplace_Beltrami_Eigenproblems.pdf	qpdf ok
replaced	ebook	22502669	226079	2	2	obsidian-vault/paperPDFs/SIGGRAPH_2025/Sketch_based_Fluid_Video_Generation_Using_Motion_Guided_Diffusion_Models_in_Still_Landscape_Images.pdf	qpdf ok
replaced	ebook	22711561	2101718	14	14	obsidian-vault/paperPDFs/SIGGRAPH_2025/Instant_Self_Intersection_Repair_for_3D_Meshes.pdf	qpdf ok
replaced	ebook	23085874	1387008	12	12	obsidian-vault/paperPDFs/SIGGRAPH_ASIA_2024/XPBI_Position_Based_Dynamics_with_Smoothing_Kernels_Handles_Continuum_Inelasticity.pdf	qpdf ok
replaced	ebook	22640890	1586273	10	10	obsidian-vault/paperPDFs/SIGGRAPH_2023/Eventfulness_for_Interactive_Video_Alignment.pdf	qpdf ok
replaced	ebook	22477806	503752	11	11	obsidian-vault/paperPDFs/CVPR_2026/Otil_Accelerating_Diffusion_Model_Inference_via_Communication_Efficient_Multi_GPU_Parallelism.pdf	qpdf ok
replaced	ebook	22464740	955281	11	11	obsidian-vault/paperPDFs/SIGGRAPH_ASIA_2025/RCTrans_Transparent_Object_Reconstruction_in_Natural_Scene_via_Refractive_Correspondence_Estimation.pdf	qpdf ok
replaced	ebook	23004365	2083903	24	24	obsidian-vault/paperPDFs/CVPR_2026/MindPower_Enabling_Theory_of_Mind_Reasoning_in_VLM_based_Embodied_Agents.pdf	qpdf ok
replaced	ebook	22644773	5823941	23	23	obsidian-vault/paperPDFs/SIGGRAPH_2024/Object_level_Scene_Deocclusion.pdf	qpdf ok
replaced	ebook	22502393	1289666	17	17	obsidian-vault/paperPDFs/SIGGRAPH_2025/Data_Efficient_Discovery_of_Hyperelastic_TPMS_Metamaterials_with_Extreme_Energy_Dissipation.pdf	qpdf ok
replaced	ebook	22645998	1601749	20	20	obsidian-vault/paperPDFs/CVPR_2023/SceneDiffuser:_Diffusion-based_Generation,_Optimization,_and_Planning_in_3D_Scenes.pdf	qpdf ok
replaced	ebook	22469401	1333359	19	19	obsidian-vault/paperPDFs/SIGGRAPH_2023/Complex_Wrinkle_Field_Evolution.pdf	qpdf ok
replaced	ebook	22401354	1607190	12	12	obsidian-vault/paperPDFs/SIGGRAPH_ASIA_2023/VET_Visual_Error_Tomography_for_Point_Cloud_Completion_and_High_Quality_Neural_Rendering.pdf	qpdf ok
replaced	ebook	22379654	727843	14	14	obsidian-vault/paperPDFs/CVPR_2026/UST_Hand_An_Uncertainty_aware_Spatiotemporal_Point_Cloud_Interaction_Network_for_3D_Self_supervised_Hand_Pose_Estimation.pdf	qpdf ok
replaced	ebook	22381132	1057457	13	13	obsidian-vault/paperPDFs/SIGGRAPH_ASIA_2025/Prior_Enhanced_Gaussian_Splatting_for_Dynamic_Scene_Reconstruction_from_Casual_Video.pdf	qpdf ok
replaced	ebook	22552443	1945509	26	26	obsidian-vault/paperPDFs/CVPR_2026/SRPO_Self_Referential_Policy_Optimization_for_Vision_Language_Action_Models.pdf	qpdf ok
replaced	ebook	22438152	1540175	51	51	obsidian-vault/paperPDFs/ICLR_2026/A_Structured_Tagged_and_Localized_Visual_Question_Answering_Dataset_with_Full_Sentence_Answers_and_Scene_Graphs_for_Chest_X_ray_Images.pdf	qpdf ok
replaced	ebook	22359185	2298828	20	20	obsidian-vault/paperPDFs/arxiv_2023/TeG_DG_Textually_Guided_Domain_Generalization_for_Face_Anti_Spoofing.pdf	qpdf ok
replaced	ebook	22304734	1199862	21	21	obsidian-vault/paperPDFs/SIGGRAPH_2023/A_Sparse_Distributed_Gigascale_Resolution_Material_Point_Method.pdf	qpdf ok
replaced	ebook	22348287	785839	9	9	obsidian-vault/paperPDFs/SIGGRAPH_2023/Neural_Progressive_Meshes.pdf	qpdf ok
replaced	ebook	22935632	1997471	17	17	obsidian-vault/paperPDFs/SIGGRAPH_2026/UniVidX_A_Unified_Multimodal_Framework_for_Versatile_Video_Generation_via_Diffusion_Priors.pdf	qpdf ok
replaced	ebook	22352847	790377	20	20	obsidian-vault/paperPDFs/SIGGRAPH_2025/HexHex_Highspeed_Extraction_of_Hexahedral_Meshes.pdf	qpdf ok
replaced	ebook	22375669	1661116	12	12	obsidian-vault/paperPDFs/SIGGRAPH_2026/HoloPathTracer_Fast_and_Accurate_Wave_Path_Tracing_for_Holography.pdf	qpdf ok
replaced	ebook	22237247	3375976	9	9	obsidian-vault/paperPDFs/SIGGRAPH_2022/Perceptual_Requirements_for_Eye_tracked_Distortion_Correction_in_VR.pdf	qpdf ok
replaced	ebook	22284046	1253920	15	15	obsidian-vault/paperPDFs/SIGGRAPH_ASIA_2023/Robust_Zero_Level_Set_Extraction_from_Unsigned_Distance_Fields_Based_on_Double_Covering.pdf	qpdf ok
replaced	ebook	22171474	717732	10	10	obsidian-vault/paperPDFs/CVPR_2026/3D_LATTE_Latent_Space_3D_Editing_from_Textual_Instructions.pdf	qpdf ok
replaced	ebook	22291356	1969771	19	19	obsidian-vault/paperPDFs/SIGGRAPH_2022/AvatarCLIP_Zero_shot_Text_driven_Generation_and_Animation_of_3D_Avatars.pdf	qpdf ok
replaced	ebook	22974193	2128519	13	13	obsidian-vault/paperPDFs/SIGGRAPH_2024/Text_to_vector_Generation_With_Neural_Path_Representation.pdf	qpdf ok
replaced	ebook	22203894	604100	11	11	obsidian-vault/paperPDFs/SIGGRAPH_2026/Distributed_Affine_Body_Dynamics_with_Adaptive_Consensus.pdf	qpdf ok
replaced	ebook	22089065	652732	18	18	obsidian-vault/paperPDFs/CVPR_2026/ArtLLM_Generating_Articulated_Assets_via_3D_LLM.pdf	qpdf ok
replaced	ebook	22261998	1203592	13	13	obsidian-vault/paperPDFs/SIGGRAPH_2024/Split_and_Fit_Learning_B_Reps_via_Structure_aware_Voronoi_Partitioning.pdf	qpdf ok
replaced	ebook	22102742	1702214	20	20	obsidian-vault/paperPDFs/SIGGRAPH_ASIA_2024/Look_Ma_no_markers_holistic_performance_capture_without_the_hassle.pdf	qpdf ok
replaced	ebook	22084374	1398200	13	13	obsidian-vault/paperPDFs/CVPR_2026/D_2_FOSA_Dual_Diffusion_Guided_EEG_to_Image_Reconstruction_with_Frequency_Oriented_Semantic_Alignment.pdf	qpdf ok
replaced	ebook	22008210	1448135	18	18	obsidian-vault/paperPDFs/SIGGRAPH_2022/Procedural_Urban_Forestry.pdf	qpdf ok
replaced	ebook	22068474	997295	16	16	obsidian-vault/paperPDFs/CVPR_2026/Catalyst4D_High_Fidelity_3D_to_4D_Scene_Editing_via_Dynamic_Propagation.pdf	qpdf ok
replaced	ebook	22407180	1616030	20	20	obsidian-vault/paperPDFs/CVPR_2026/SeaCache_Spectral_Evolution_Aware_Cache_for_Accelerating_Diffusion_Models.pdf	qpdf ok
replaced	ebook	22047239	1161870	19	19	obsidian-vault/paperPDFs/SIGGRAPH_2022/Volume_Parametrization_Quantization_for_Hexahedral_Meshing.pdf	qpdf ok
replaced	ebook	22724970	1528666	14	14	obsidian-vault/paperPDFs/CVPR_2026/LATTICE_Democratize_High_Fidelity_3D_Generation_at_Scale.pdf	qpdf ok
replaced	ebook	21954525	503508	12	12	obsidian-vault/paperPDFs/SIGGRAPH_ASIA_2025/Discovering_Folding_Lines_for_Surface_Compression.pdf	qpdf ok
replaced	ebook	22399771	1612300	17	17	obsidian-vault/paperPDFs/CVPR_2024/NoiseCLR_A_Contrastive_Learning_Approach_for_Unsupervised_Discovery_of_Interpretable_Directions_in_Diffusion_Models.pdf	qpdf ok
replaced	ebook	21945975	832854	23	23	obsidian-vault/paperPDFs/ICLR_2026/ODE_GS_Latent_ODEs_for_Dynamic_Scene_Extrapolation_with_3D_Gaussian_Splatting_6975a66efdbb.pdf	qpdf ok
replaced	ebook	21957190	1374679	12	12	obsidian-vault/paperPDFs/SIGGRAPH_ASIA_2025/PhySIC_Physically_Plausible_3D_Human_Scene_Interaction_and_Contact_from_a_Single_Image.pdf	qpdf ok
replaced	ebook	22843509	615617	11	11	obsidian-vault/paperPDFs/SIGGRAPH_2022/Learning_Soccer_Juggling_Skills_With_Layer_wise_Mixture_of_Experts.pdf	qpdf ok
replaced	ebook	22127798	2349568	16	16	obsidian-vault/paperPDFs/SIGGRAPH_ASIA_2022/Make_Your_Own_Sprites_Aliasing_Aware_and_Cell_Controllable_Pixelization.pdf	qpdf ok
replaced	ebook	21871062	209863	2	2	obsidian-vault/paperPDFs/SIGGRAPH_2025/Sticking_Information_in_Plain_Sight_Encoding_and_Detecting_Hidden_Stickers_in_the_Real_World.pdf	qpdf ok
replaced	ebook	21873407	1167811	14	14	obsidian-vault/paperPDFs/SIGGRAPH_2023/Ultra_high_Resolution_SVBRDF_Recovery_From_a_Single_Image.pdf	qpdf ok
replaced	ebook	21941809	4009541	19	19	obsidian-vault/paperPDFs/SIGGRAPH_2023/Patternshop_Editing_Point_Patterns_by_Image_Manipulation.pdf	qpdf ok
replaced	ebook	21919829	1478713	33	33	obsidian-vault/paperPDFs/ICLR_2026/Instilling_an_Active_Mind_in_Avatars_via_Cognitive_Simulation.pdf	qpdf ok
replaced	ebook	22021649	2005567	17	17	obsidian-vault/paperPDFs/CVPR_2026/Where_Culture_Fades_Revealing_the_Cultural_Gap_in_Text_to_Image_Generation.pdf	qpdf ok
kept	none	24927687	0	17		obsidian-vault/paperPDFs/CVPR_2026/Ground_Reaction_Inertial_Poser_Physics_based_Human_Motion_Capture_from_Sparse_IMUs_and_Insole_Pressure_Sensors.pdf	timeout after 300s
replaced	ebook	22005704	825097	21	21	obsidian-vault/paperPDFs/ICLR_2026/Slow_Fast_Policy_Optimization_Reposition_Before_Update_for_LLM_Reasoning.pdf	qpdf ok
replaced	ebook	21866641	2426182	19	19	obsidian-vault/paperPDFs/SIGGRAPH_ASIA_2024/PALP_Prompt_Aligned_Personalization_of_Text_to_Image_Models.pdf	qpdf ok
replaced	ebook	21815224	3027801	16	16	obsidian-vault/paperPDFs/SIGGRAPH_ASIA_2022/Efficient_Differentiation_of_Pixel_Reconstruction_Filters_for_Path_Space_Differentiable_Rendering.pdf	qpdf ok
replaced	ebook	21747334	326620	11	11	obsidian-vault/paperPDFs/CVPR_2026/Nestwork_Conditional_3D_Furnished_House_Layout_Generation_through_Latent_Heterogeneous_Graph_Diffusion.pdf	qpdf ok
replaced	ebook	21830283	1751149	12	12	obsidian-vault/paperPDFs/SIGGRAPH_ASIA_2025/StyleSculptor_Zero_Shot_Style_Controllable_3D_Asset_Generation_with_Texture_Geometry_Dual_Guidance.pdf	qpdf ok
replaced	ebook	21800086	1065691	11	11	obsidian-vault/paperPDFs/SIGGRAPH_ASIA_2025/FreeMusco_Motion_Free_Learning_of_Latent_Control_for_Morphology_Adaptive_Locomotion_in_Musculoskeletal_Characters.pdf	qpdf ok
replaced	ebook	21985046	647867	10	10	obsidian-vault/paperPDFs/CVPR_2026/MS_2Gait_A_Multi_Scale_Spatio_Temporal_Fusion_Network_for_LiDAR_based_Gait_Recognition.pdf	qpdf ok
replaced	ebook	22230486	1185216	15	15	obsidian-vault/paperPDFs/CVPR_2026/3D_Space_as_a_Scratchpad_for_Editable_Text_to_Image_Generation.pdf	qpdf ok
replaced	ebook	21747317	1076802	20	20	obsidian-vault/paperPDFs/ICLR_2026/FantasyWorld_Geometry_Consistent_World_Modeling_via_Unified_Video_and_3D_Prediction.pdf	qpdf ok
replaced	ebook	21639266	1209828	17	17	obsidian-vault/paperPDFs/SIGGRAPH_2022/CLIP2StyleGAN_Unsupervised_Extraction_of_StyleGAN_Edit_Directions.pdf	qpdf ok
replaced	ebook	21634161	788073	22	22	obsidian-vault/paperPDFs/ICLR_2026/Cosmos_Policy_Fine_Tuning_Video_Models_for_Visuomotor_Control_and_Planning.pdf	qpdf ok
replaced	ebook	21944975	3249583	16	16	obsidian-vault/paperPDFs/SIGGRAPH_2022/EyeNeRF_A_Hybrid_Representation_for_Photorealistic_Synthesis_Animation_and_Relighting_of_Human_Eyes.pdf	qpdf ok
replaced	ebook	21904572	1336515	11	11	obsidian-vault/paperPDFs/SIGGRAPH_2023/Encoder_based_Domain_Tuning_for_Fast_Personalization_of_Text_to_image_Models.pdf	qpdf ok
replaced	ebook	21791884	422743	17	17	obsidian-vault/paperPDFs/arxiv_2024/MoDiPO:_text-to-motion_alignment_via_AI-feedback-driven_Direct_Preference_Optimization.pdf	qpdf ok
replaced	ebook	21628896	625804	16	16	obsidian-vault/paperPDFs/ICLR_2026/Guaranteed_Simply_Connected_Mesh_Reconstruction_from_an_Unorganized_Point_Cloud_5f2be3ee1ede.pdf	qpdf ok
replaced	ebook	21742177	2301513	27	27	obsidian-vault/paperPDFs/ICLR_2026/Stable_Video_Infinity_Infinite_Length_Video_Generation_with_Error_Recycling.pdf	qpdf ok
replaced	ebook	21605057	1639188	21	21	obsidian-vault/paperPDFs/ICLR_2026/Improving_2D_Diffusion_Models_for_3D_Medical_Imaging_with_InterSlice_Consistent_Stochasticity.pdf	qpdf ok
replaced	ebook	21725433	2196115	19	19	obsidian-vault/paperPDFs/SIGGRAPH_ASIA_2024/Towards_Unified_3D_Hair_Reconstruction_from_Single_View_Portraits.pdf	qpdf ok
replaced	ebook	21582168	1321054	31	31	obsidian-vault/paperPDFs/ICLR_2026/HWC_Loco_A_Hierarchical_Whole_Body_Control_Approach_to_Robust_Humanoid_Locomotion.pdf	qpdf ok
replaced	ebook	22398036	1462231	15	15	obsidian-vault/paperPDFs/CVPR_2026/PhysGen_Physically_Grounded_3D_Shape_Generation_for_Industrial_Design.pdf	qpdf ok
replaced	ebook	21491766	1228483	20	20	obsidian-vault/paperPDFs/SIGGRAPH_2024/CLAY_A_Controllable_Large_scale_Generative_Model_for_Creating_High_quality_3D_Assets.pdf	qpdf ok
replaced	ebook	21715632	2711683	17	17	obsidian-vault/paperPDFs/SIGGRAPH_ASIA_2022/Human_Performance_Modeling_and_Rendering_via_Neural_Animated_Mesh.pdf	qpdf ok
replaced	ebook	21471632	687780	14	14	obsidian-vault/paperPDFs/SIGGRAPH_2024/An_Induce_on_Boundary_Magnetostatic_Solver_for_Grid_based_Ferrofluids.pdf	qpdf ok
replaced	ebook	21499320	4116467	15	15	obsidian-vault/paperPDFs/SIGGRAPH_2023/StripMaker_Perception_driven_Learned_Vector_Sketch_Consolidation.pdf	qpdf ok
replaced	ebook	21733137	1800182	10	10	obsidian-vault/paperPDFs/SIGGRAPH_ASIA_2023/FuseSR_Super_Resolution_for_Real_time_Rendering_through_Efficient_Multi_resolution_Fusion.pdf	qpdf ok
replaced	ebook	21456739	3971774	20	20	obsidian-vault/paperPDFs/ICLR_2026/Bridging_the_Distribution_Gap_to_Harness_Pretrained_Diffusion_Priors_for_Super_Resolution.pdf	qpdf ok
replaced	ebook	21454012	1542789	19	19	obsidian-vault/paperPDFs/SIGGRAPH_2025/Dynamic_Mesh_Processing_on_the_GPU.pdf	qpdf ok
replaced	ebook	21440316	549881	11	11	obsidian-vault/paperPDFs/CVPR_2026/AeroDGS_Physically_Consistent_Dynamic_Gaussian_Splatting_for_Single_Sequence_Aerial_4D_Reconstruction.pdf	qpdf ok
replaced	ebook	21332486	1011692	11	11	obsidian-vault/paperPDFs/SIGGRAPH_ASIA_2025/AniMaker_Multi_Agent_Animated_Storytelling_with_MCTS_Driven_Clip_Generation.pdf	qpdf ok
replaced	ebook	21453914	909739	12	12	obsidian-vault/paperPDFs/SIGGRAPH_2025/Real_Time_Knit_Deformation_and_Rendering.pdf	qpdf ok
replaced	ebook	21512722	2464085	22	22	obsidian-vault/paperPDFs/CVPR_2026/Anatomica_Localized_Control_over_Geometric_and_Topological_Properties_for_Anatomical_Diffusion_Models.pdf	qpdf ok
replaced	ebook	21520168	1924382	26	26	obsidian-vault/paperPDFs/ICLR_2026/MomaGraph_State_Aware_Unified_Scene_Graphs_with_Vision_Language_Models_for_Embodied_Task_Planning.pdf	qpdf ok
replaced	ebook	21824630	1406955	16	16	obsidian-vault/paperPDFs/SIGGRAPH_ASIA_2025/Gaussian_See_Gaussian_Do_3D_Semantic_Motion_Transfer.pdf	qpdf ok
replaced	ebook	22625466	1523556	16	16	obsidian-vault/paperPDFs/SIGGRAPH_2026/AniGen_Unified_S_3_Fields_for_Animatable_3D_Asset_Generation.pdf	qpdf ok
replaced	ebook	22130675	2272985	11	11	obsidian-vault/paperPDFs/SIGGRAPH_ASIA_2025/ConsistEdit_Highly_Consistent_and_Precise_Training_free_Visual_Editing.pdf	qpdf ok
replaced	ebook	21304185	584022	13	13	obsidian-vault/paperPDFs/SIGGRAPH_ASIA_2022/Exact_3D_Path_Generation_via_3D_Cam_Linkage_Mechanisms.pdf	qpdf ok
replaced	ebook	21324030	1928023	17	17	obsidian-vault/paperPDFs/SIGGRAPH_2024/HAISOR_Human_Aware_Indoor_Scene_Optimization_via_Deep_Reinforcement_Learning.pdf	qpdf ok
replaced	ebook	21315482	517194	16	16	obsidian-vault/paperPDFs/ICLR_2026/RAP_3D_Rasterization_Augmented_End_to_End_Planning.pdf	qpdf ok
replaced	ebook	21244910	696082	13	13	obsidian-vault/paperPDFs/CVPR_2026/Learning_Straight_Flows_Variational_Flow_Matching_for_Efficient_Generation.pdf	qpdf ok
replaced	ebook	21230356	1283206	12	12	obsidian-vault/paperPDFs/SIGGRAPH_ASIA_2025/DvD_Unleashing_a_Generative_Paradigm_for_Document_Dewarping_via_Coordinates_based_Diffusion_Model.pdf	qpdf ok
replaced	ebook	21351870	1142552	15	15	obsidian-vault/paperPDFs/CVPR_2026/NeoVerse_Enhancing_4D_World_Model_with_in_the_wild_Monocular_Videos.pdf	qpdf ok
replaced	ebook	21203665	1217531	15	15	obsidian-vault/paperPDFs/SIGGRAPH_ASIA_2023/Enhancing_Diffusion_Models_with_3D_Perspective_Geometry_Constraints.pdf	qpdf ok
replaced	ebook	21208920	2325645	52	52	obsidian-vault/paperPDFs/ICLR_2026/OmniEVA_Embodied_Versatile_Planner_via_Task_Adaptive_3D_Grounded_and_Embodiment_aware_Reasoning.pdf	qpdf ok
replaced	ebook	21263680	1227873	14	14	obsidian-vault/paperPDFs/SIGGRAPH_ASIA_2024/Shuai_et_al_Reconstructing_Close_Human_Interactions_from_Multiple_Views.pdf	qpdf ok
replaced	ebook	21263680	1227873	14	14	obsidian-vault/paperPDFs/SIGGRAPH_ASIA_2023/Reconstructing_Close_Human_Interaction_from_Multiple_Views.pdf	qpdf ok
replaced	ebook	21178022	950206	18	18	obsidian-vault/paperPDFs/SIGGRAPH_2023/A_Sparse_Non_parametric_BRDF_Model.pdf	qpdf ok
replaced	ebook	21200122	1061881	15	15	obsidian-vault/paperPDFs/SIGGRAPH_ASIA_2025/MILo_Mesh_In_the_Loop_Gaussian_Splatting_for_Detailed_and_Efficient_Surface_Reconstruction.pdf	qpdf ok
replaced	ebook	21996928	2218527	12	12	obsidian-vault/paperPDFs/CVPR_2026/Lafite_A_Generative_Latent_Field_for_3D_Native_Texturing.pdf	qpdf ok
replaced	ebook	21408700	1612423	18	18	obsidian-vault/paperPDFs/ICLR_2026/SpatialHand_Generative_Object_Manipulation_from_3D_Prespective_ec957f118a1e.pdf	qpdf ok
replaced	ebook	21602214	1335678	11	11	obsidian-vault/paperPDFs/SIGGRAPH_ASIA_2025/OmnimatteZero_Fast_Training_free_Omnimatte_with_Pre_trained_Video_Diffusion_Models.pdf	qpdf ok
replaced	ebook	21202362	806930	20	20	obsidian-vault/paperPDFs/arxiv_2025/DualFlow_Unified_Multi_Modal_Interactive_Reactive_3D_Motion_Generation_via_Rectified_Flow.pdf	qpdf ok
replaced	ebook	21145150	505341	11	11	obsidian-vault/paperPDFs/CVPR_2026/Unifying_Precise_Keyframes_and_Semantic_Control_via_Multi_level_Diffusion.pdf	qpdf ok
replaced	ebook	21173236	3104828	23	23	obsidian-vault/paperPDFs/ECCV_2024/E_T_the_Exceptional_Trajectories_Text_to_camera_trajectory_generation_with_character_awareness.pdf	qpdf ok
replaced	ebook	21116894	653174	11	11	obsidian-vault/paperPDFs/SIGGRAPH_ASIA_2025/Inverse_Tiling_of_2D_Finite_Domains.pdf	qpdf ok
replaced	ebook	21150143	1412430	27	27	obsidian-vault/paperPDFs/CVPR_2026/DMGD_Train_Free_Dataset_Distillation_with_Semantic_Distribution_Matching_in_Diffusion_Models.pdf	qpdf ok
replaced	ebook	21147354	632238	12	12	obsidian-vault/paperPDFs/CVPR_2026/A_Provable_Energy_Guided_Test_Time_Defense_Boosting_Adversarial_Robustness_of_Large_Vision_Language_Models.pdf	qpdf ok
replaced	ebook	21154807	846325	11	11	obsidian-vault/paperPDFs/SIGGRAPH_ASIA_2023/CamP_Camera_Preconditioning_for_Neural_Radiance_Fields.pdf	qpdf ok
replaced	ebook	21236573	938655	32	32	obsidian-vault/paperPDFs/ICLR_2026/A_Fair_Bayesian_Inference_through_Matched_Gibbs_Posterior.pdf	qpdf ok
replaced	ebook	21225413	3791313	24	24	obsidian-vault/paperPDFs/SIGGRAPH_ASIA_2024/ReVersion_Diffusion_Based_Relation_Inversion_from_Images.pdf	qpdf ok
replaced	ebook	21065892	3330559	23	23	obsidian-vault/paperPDFs/SIGGRAPH_2024/Contact_Detection_Between_Curved_Fibres_High_Order_Makes_a_Difference.pdf	qpdf ok
replaced	ebook	21394306	1781848	11	11	obsidian-vault/paperPDFs/CVPR_2026/Localizing_Structuring_and_Rendering_Bridging_3D_and_2D_Vision_Language_Action_Models_for_Robotic_Manipulation.pdf	qpdf ok
replaced	ebook	21027805	834671	11	11	obsidian-vault/paperPDFs/SIGGRAPH_ASIA_2023/PSDR_Room_Single_Photo_to_Scene_using_Differentiable_Rendering.pdf	qpdf ok
replaced	ebook	20974343	1112329	15	15	obsidian-vault/paperPDFs/SIGGRAPH_2024/Interactive_Character_Control_with_Auto_Regressive_Motion_Diffusion_Models.pdf	qpdf ok
replaced	ebook	21034219	1406577	16	16	obsidian-vault/paperPDFs/SIGGRAPH_2025/Interspatial_Attention_for_Efficient_4D_Human_Video_Generation.pdf	qpdf ok
replaced	ebook	21102369	1456966	11	11	obsidian-vault/paperPDFs/SIGGRAPH_2026/OmniRoam_World_Wandering_via_Long_Horizon_Panoramic_Video_Generation.pdf	qpdf ok
replaced	ebook	21286228	2305634	26	26	obsidian-vault/paperPDFs/ICLR_2026/Generating_metamers_of_human_scene_understanding.pdf	qpdf ok
replaced	ebook	21502003	1982265	12	12	obsidian-vault/paperPDFs/CVPR_2026/Bridging_Facial_Understanding_and_Animation_via_Language_Models.pdf	qpdf ok
replaced	ebook	21536655	1529901	17	17	obsidian-vault/paperPDFs/CVPR_2026/CMDM_HP.pdf	qpdf ok
replaced	ebook	21235790	3078749	15	15	obsidian-vault/paperPDFs/CVPR_2026/LongStream_Long_Sequence_Streaming_Autoregressive_Visual_Geometry.pdf	qpdf ok
replaced	ebook	21244829	2379436	15	15	obsidian-vault/paperPDFs/SIGGRAPH_2024/3D_Layers_Bringing_Layer_based_Color_Editing_to_VR_Painting.pdf	qpdf ok
kept	none	23152273	0	23		obsidian-vault/paperPDFs/SIGGRAPH_2026/EgoForce_Forearm_Guided_Camera_Space_3D_Hand_Pose_from_a_Monocular_Egocentric_Camera.pdf	timeout after 300s
