sample_id,combo,camera_source,motion_source,camera_focal_l1_mean,camera_principal_l1_mean,camera_rotation_deg_max,camera_rotation_deg_mean,camera_translation_l2_max,camera_translation_l2_mean,joint_velocity_l2_mean,mpjpe_max,mpjpe_mean,num_frames,projection_onscreen_fraction,projection_positive_depth_fraction,projection_visible_fraction,projection_xy_l2_mean_px,projection_xy_l2_visible_mean_px,rifke_l1_mean,rifke_l2_frame_mean,root_joint_l2_max,root_joint_l2_mean,root_velocity_l2_mean
2012_EP6Qb7rzBmA_00022_001_a,gt_camera+gt_motion,gt,gt,0.0,0.0,0.03956468030810356,0.015196755528450012,0.0,0.0,0.0,0.0,0.0,40,0.4,1.0,1.0,0.0,0.0,0.0,0.0,0.0,0.0,0.0
2012_EP6Qb7rzBmA_00022_001_a,vae_camera+gt_motion,vae,gt,0.0,0.0,5.001944065093994,0.7560430765151978,0.24108847975730896,0.015911048278212547,0.0,0.0,0.0,40,0.4431818181818182,1.0,1.0,20.266298294067383,20.266298294067383,0.0,0.0,0.0,0.0,0.0
2012_EP6Qb7rzBmA_00022_001_a,gt_camera+vae_motion,gt,vae,0.0,0.0,0.03956468030810356,0.015196755528450012,0.0,0.0,0.01299439836293459,0.28765055537223816,0.0814516469836235,40,0.3931818181818182,1.0,1.0,45.270973205566406,45.270973205566406,0.016060153022408485,0.3349701464176178,0.14258421957492828,0.07712401449680328,0.010948455892503262
2012_EP6Qb7rzBmA_00022_001_a,vae_camera+vae_motion,vae,vae,0.0,0.0,5.001944065093994,0.7560430765151978,0.24108847975730896,0.015911048278212547,0.01299439836293459,0.28765055537223816,0.0814516469836235,40,0.4125,1.0,1.0,46.05528259277344,46.05528259277344,0.016060153022408485,0.3349701464176178,0.14258421957492828,0.07712401449680328,0.010948455892503262
2012_EP6Qb7rzBmA_00022_001_a,pulp_camera+gt_motion,pulp,gt,27.59026527404785,0.0,8.031281471252441,1.3782024383544922,0.07235478609800339,0.050346970558166504,0.0,0.0,0.0,40,0.39545454545454545,1.0,1.0,37.08888626098633,37.08888626098633,0.0,0.0,0.0,0.0,0.0
2012_EP6Qb7rzBmA_00022_001_a,gt_camera+pulp_motion,gt,pulp,0.0,0.0,0.03956468030810356,0.015196755528450012,0.0,0.0,0.010055719874799252,0.24810674786567688,0.05190825089812279,40,0.4068181818181818,1.0,1.0,32.74641799926758,32.74641799926758,0.016403229907155037,0.5309098958969116,0.14397688210010529,0.04523707926273346,0.0072499713860452175
2012_EP6Qb7rzBmA_00022_001_a,pulp_camera+pulp_motion,pulp,pulp,27.59026527404785,0.0,8.031281471252441,1.3782024383544922,0.07235478609800339,0.050346970558166504,0.010055719874799252,0.24810674786567688,0.05190825089812279,40,0.40795454545454546,1.0,1.0,28.74686622619629,28.74686622619629,0.016403229907155037,0.5309098958969116,0.14397688210010529,0.04523707926273346,0.0072499713860452175
2017_H1TQv3qA7PI_00018_001_a,gt_camera+gt_motion,gt,gt,0.0,0.0,0.03956468030810356,0.006194733083248138,0.0,0.0,0.0,0.0,0.0,76,0.5604066985645934,1.0,1.0,0.0,0.0,0.0,0.0,0.0,0.0,0.0
2017_H1TQv3qA7PI_00018_001_a,vae_camera+gt_motion,vae,gt,0.0,0.0,18.43780517578125,10.261199951171875,0.2911369502544403,0.06904321908950806,0.0,0.0,0.0,76,0.7344497607655502,1.0,1.0,125.24002075195312,125.24002075195312,0.0,0.0,0.0,0.0,0.0
2017_H1TQv3qA7PI_00018_001_a,gt_camera+vae_motion,gt,vae,0.0,0.0,0.03956468030810356,0.006194733083248138,0.0,0.0,0.06718825548887253,3.695239305496216,2.4648749828338623,76,0.2876794258373206,1.0,1.0,198.71287536621094,198.71287536621094,0.026462577283382416,0.5482367277145386,3.5832290649414062,2.524900436401367,0.06433882564306259
2017_H1TQv3qA7PI_00018_001_a,vae_camera+vae_motion,vae,vae,0.0,0.0,18.43780517578125,10.261199951171875,0.2911369502544403,0.06904321908950806,0.06718825548887253,3.695239305496216,2.4648749828338623,76,0.8444976076555024,1.0,1.0,190.5282440185547,190.5282440185547,0.026462577283382416,0.5482367277145386,3.5832290649414062,2.524900436401367,0.06433882564306259
2017_H1TQv3qA7PI_00018_001_a,pulp_camera+gt_motion,pulp,gt,16.362749099731445,0.0,13.120975494384766,2.262852430343628,0.4283874034881592,0.39892128109931946,0.0,0.0,0.0,76,0.541267942583732,1.0,1.0,194.49229431152344,194.49229431152344,0.0,0.0,0.0,0.0,0.0
2017_H1TQv3qA7PI_00018_001_a,gt_camera+pulp_motion,gt,pulp,0.0,0.0,0.03956468030810356,0.006194733083248138,0.0,0.0,0.042910266667604446,0.7306767702102661,0.24298276007175446,76,0.5376794258373205,1.0,1.0,110.49539947509766,110.49539947509766,0.03002101555466652,0.9054826498031616,0.3273365795612335,0.23603133857250214,0.029086701571941376
2017_H1TQv3qA7PI_00018_001_a,pulp_camera+pulp_motion,pulp,pulp,16.362749099731445,0.0,13.120975494384766,2.262852430343628,0.4283874034881592,0.39892128109931946,0.042910266667604446,0.7306767702102661,0.24298276007175446,76,0.6453349282296651,1.0,1.0,140.77947998046875,140.77947998046875,0.03002101555466652,0.9054826498031616,0.3273365795612335,0.23603133857250214,0.029086701571941376
2015_iL1JlXnbnt0_00000_000_a,gt_camera+gt_motion,gt,gt,0.0,0.0,0.0,0.0,0.0,0.0,0.0,0.0,0.0,40,0.5818181818181818,1.0,1.0,0.0,0.0,0.0,0.0,0.0,0.0,0.0
2015_iL1JlXnbnt0_00000_000_a,vae_camera+gt_motion,vae,gt,0.0,0.0,16.532695770263672,9.785611152648926,0.281544953584671,0.05915489047765732,0.0,0.0,0.0,40,0.5909090909090909,1.0,1.0,192.89874267578125,192.89874267578125,0.0,0.0,0.0,0.0,0.0
2015_iL1JlXnbnt0_00000_000_a,gt_camera+vae_motion,gt,vae,0.0,0.0,0.0,0.0,0.0,0.0,0.06519749760627747,1.2065404653549194,0.7091742157936096,40,0.6045454545454545,1.0,1.0,158.87890625,158.87890625,0.02541011944413185,0.5254837274551392,1.150823950767517,0.7085614204406738,0.06401980668306351
2015_iL1JlXnbnt0_00000_000_a,vae_camera+vae_motion,vae,vae,0.0,0.0,16.532695770263672,9.785611152648926,0.281544953584671,0.05915489047765732,0.06519749760627747,1.2065404653549194,0.7091742157936096,40,0.45681818181818185,1.0,1.0,210.57144165039062,210.57144165039062,0.02541011944413185,0.5254837274551392,1.150823950767517,0.7085614204406738,0.06401980668306351
2015_iL1JlXnbnt0_00000_000_a,pulp_camera+gt_motion,pulp,gt,156.14816284179688,0.0,6.586658954620361,3.577594757080078,0.27597469091415405,0.16991733014583588,0.0,0.0,0.0,40,0.5681818181818182,1.0,1.0,68.23197174072266,68.23197174072266,0.0,0.0,0.0,0.0,0.0
2015_iL1JlXnbnt0_00000_000_a,gt_camera+pulp_motion,gt,pulp,0.0,0.0,0.0,0.0,0.0,0.0,0.07818105816841125,1.343756914138794,0.3486700654029846,40,0.6261363636363636,1.0,1.0,103.21688842773438,103.21688842773438,0.036915089935064316,0.9047555923461914,1.1367820501327515,0.28383058309555054,0.07054384052753448
2015_iL1JlXnbnt0_00000_000_a,pulp_camera+pulp_motion,pulp,pulp,156.14816284179688,0.0,6.586658954620361,3.577594757080078,0.27597469091415405,0.16991733014583588,0.07818105816841125,1.343756914138794,0.3486700654029846,40,0.6090909090909091,1.0,1.0,141.20867919921875,141.20867919921875,0.036915089935064316,0.9047555923461914,1.1367820501327515,0.28383058309555054,0.07054384052753448
2016_3l4Uuh_byns_00001_000_a,gt_camera+gt_motion,gt,gt,0.0,0.0,0.0,0.0,0.0,0.0,0.0,0.0,0.0,27,0.9006734006734006,1.0,1.0,0.0,0.0,0.0,0.0,0.0,0.0,0.0
2016_3l4Uuh_byns_00001_000_a,vae_camera+gt_motion,vae,gt,0.0,0.0,5.083996772766113,1.5496065616607666,1.8656412363052368,0.1021757498383522,0.0,0.0,0.0,27,0.8451178451178452,1.0,1.0,37.04520797729492,37.04520797729492,0.0,0.0,0.0,0.0,0.0
2016_3l4Uuh_byns_00001_000_a,gt_camera+vae_motion,gt,vae,0.0,0.0,0.0,0.0,0.0,0.0,0.039212387055158615,0.6292322874069214,0.3455740213394165,27,0.8367003367003367,1.0,1.0,72.29342651367188,72.29342651367188,0.024539591744542122,0.5635948777198792,0.5473359823226929,0.3487170934677124,0.03856130316853523
2016_3l4Uuh_byns_00001_000_a,vae_camera+vae_motion,vae,vae,0.0,0.0,5.083996772766113,1.5496065616607666,1.8656412363052368,0.1021757498383522,0.039212387055158615,0.6292322874069214,0.3455740213394165,27,0.8316498316498316,1.0,1.0,52.908931732177734,52.908931732177734,0.024539591744542122,0.5635948777198792,0.5473359823226929,0.3487170934677124,0.03856130316853523
2016_3l4Uuh_byns_00001_000_a,pulp_camera+gt_motion,pulp,gt,18.538827896118164,0.0,9.31586742401123,2.4086544513702393,0.20100632309913635,0.14655019342899323,0.0,0.0,0.0,27,0.8501683501683501,1.0,1.0,65.47291564941406,65.47291564941406,0.0,0.0,0.0,0.0,0.0
2016_3l4Uuh_byns_00001_000_a,gt_camera+pulp_motion,gt,pulp,0.0,0.0,0.0,0.0,0.0,0.0,0.09217508882284164,2.2135672569274902,0.5760391354560852,27,0.8552188552188552,1.0,1.0,69.6080322265625,69.6080322265625,0.03980293497443199,1.2515250444412231,1.8459103107452393,0.5448755621910095,0.08560113608837128
2016_3l4Uuh_byns_00001_000_a,pulp_camera+pulp_motion,pulp,pulp,18.538827896118164,0.0,9.31586742401123,2.4086544513702393,0.20100632309913635,0.14655019342899323,0.09217508882284164,2.2135672569274902,0.5760391354560852,27,0.8552188552188552,1.0,1.0,47.89434814453125,47.89434814453125,0.03980293497443199,1.2515250444412231,1.8459103107452393,0.5448755621910095,0.08560113608837128
2012_mjdgDECpWr4_00000_000_a,gt_camera+gt_motion,gt,gt,0.0,0.0,0.03956468030810356,0.007157428655773401,0.0,0.0,0.0,0.0,0.0,55,0.8355371900826446,1.0,1.0,0.0,0.0,0.0,0.0,0.0,0.0,0.0
2012_mjdgDECpWr4_00000_000_a,vae_camera+gt_motion,vae,gt,0.0,0.0,15.562064170837402,10.832865715026855,0.7742547392845154,0.07492847740650177,0.0,0.0,0.0,55,0.9173553719008265,1.0,1.0,109.50267028808594,109.50267028808594,0.0,0.0,0.0,0.0,0.0
2012_mjdgDECpWr4_00000_000_a,gt_camera+vae_motion,gt,vae,0.0,0.0,0.03956468030810356,0.007157428655773401,0.0,0.0,0.056258879601955414,0.8004581332206726,0.43571001291275024,55,0.8966942148760331,1.0,1.0,108.33138275146484,108.33138275146484,0.02768777124583721,0.5438727736473083,0.6668518781661987,0.430654913187027,0.045985009521245956
2012_mjdgDECpWr4_00000_000_a,vae_camera+vae_motion,vae,vae,0.0,0.0,15.562064170837402,10.832865715026855,0.7742547392845154,0.07492847740650177,0.056258879601955414,0.8004581332206726,0.43571001291275024,55,0.8768595041322315,1.0,1.0,133.90234375,133.90234375,0.02768777124583721,0.5438727736473083,0.6668518781661987,0.430654913187027,0.045985009521245956
2012_mjdgDECpWr4_00000_000_a,pulp_camera+gt_motion,pulp,gt,13.421188354492188,0.0,10.103436470031738,2.3811516761779785,0.26155388355255127,0.22799964249134064,0.0,0.0,0.0,55,0.6413223140495867,1.0,1.0,56.55082702636719,56.55082702636719,0.0,0.0,0.0,0.0,0.0
2012_mjdgDECpWr4_00000_000_a,gt_camera+pulp_motion,gt,pulp,0.0,0.0,0.03956468030810356,0.007157428655773401,0.0,0.0,0.05094079300761223,0.7658801674842834,0.23702670633792877,55,0.6140495867768595,1.0,1.0,94.33625030517578,94.33625030517578,0.03465680405497551,0.9750701785087585,0.3546406328678131,0.1732887327671051,0.030214428901672363
2012_mjdgDECpWr4_00000_000_a,pulp_camera+pulp_motion,pulp,pulp,13.421188354492188,0.0,10.103436470031738,2.3811516761779785,0.26155388355255127,0.22799964249134064,0.05094079300761223,0.7658801674842834,0.23702670633792877,55,0.5429752066115703,1.0,1.0,104.41109466552734,104.41109466552734,0.03465680405497551,0.9750701785087585,0.3546406328678131,0.1732887327671051,0.030214428901672363
2011_7_ip79SGVLo_00001_000_a,gt_camera+gt_motion,gt,gt,0.0,0.0,0.0,0.0,0.0,0.0,0.0,0.0,0.0,210,0.5517316017316017,1.0,1.0,0.0,0.0,0.0,0.0,0.0,0.0,0.0
2011_7_ip79SGVLo_00001_000_a,vae_camera+gt_motion,vae,gt,0.0,0.0,3.058894634246826,0.7646475434303284,0.20838546752929688,0.003811257891356945,0.0,0.0,0.0,210,0.5205627705627706,1.0,1.0,13.308197975158691,13.308197975158691,0.0,0.0,0.0,0.0,0.0
2011_7_ip79SGVLo_00001_000_a,gt_camera+vae_motion,gt,vae,0.0,0.0,0.0,0.0,0.0,0.0,0.013655922375619411,2.406181812286377,1.0434225797653198,210,0.1471861471861472,1.0,1.0,680.1923217773438,680.1923217773438,0.022238638252019882,0.4668450355529785,1.764108657836914,0.9421771764755249,0.012225725688040257
2011_7_ip79SGVLo_00001_000_a,vae_camera+vae_motion,vae,vae,0.0,0.0,3.058894634246826,0.7646475434303284,0.20838546752929688,0.003811257891356945,0.013655922375619411,2.406181812286377,1.0434225797653198,210,0.13376623376623376,1.0,1.0,697.2982177734375,697.2982177734375,0.022238638252019882,0.4668450355529785,1.764108657836914,0.9421771764755249,0.012225725688040257
2011_7_ip79SGVLo_00001_000_a,pulp_camera+gt_motion,pulp,gt,21.341806411743164,0.0,10.261075019836426,1.1291919946670532,0.11761297285556793,0.04330446198582649,0.0,0.0,0.0,210,0.5867965367965368,1.0,1.0,32.104827880859375,32.104827880859375,0.0,0.0,0.0,0.0,0.0
2011_7_ip79SGVLo_00001_000_a,gt_camera+pulp_motion,gt,pulp,0.0,0.0,0.0,0.0,0.0,0.0,0.006947526708245277,0.4661390483379364,0.0611928291618824,210,0.5359307359307359,1.0,1.0,22.963464736938477,22.963464736938477,0.01834256947040558,0.5597676038742065,0.4387599229812622,0.0558011569082737,0.00564869400113821
2011_7_ip79SGVLo_00001_000_a,pulp_camera+pulp_motion,pulp,pulp,21.341806411743164,0.0,10.261075019836426,1.1291919946670532,0.11761297285556793,0.04330446198582649,0.006947526708245277,0.4661390483379364,0.0611928291618824,210,0.5445887445887446,1.0,1.0,30.104616165161133,30.104616165161133,0.01834256947040558,0.5597676038742065,0.4387599229812622,0.0558011569082737,0.00564869400113821
2011_VjlGOec7RVU_00001_000_a,gt_camera+gt_motion,gt,gt,0.0,0.0,0.0,0.0,0.0,0.0,0.0,0.0,0.0,202,0.6541404140414041,1.0,1.0,0.0,0.0,0.0,0.0,0.0,0.0,0.0
2011_VjlGOec7RVU_00001_000_a,vae_camera+gt_motion,vae,gt,0.0,0.0,11.84699535369873,1.2217601537704468,0.9311627745628357,0.019255531951785088,0.0,0.0,0.0,202,0.664041404140414,1.0,1.0,22.526838302612305,22.526838302612305,0.0,0.0,0.0,0.0,0.0
2011_VjlGOec7RVU_00001_000_a,gt_camera+vae_motion,gt,vae,0.0,0.0,0.0,0.0,0.0,0.0,0.03749505430459976,2.2916758060455322,1.4766167402267456,202,0.4014401440144014,1.0,1.0,130.92135620117188,130.92135620117188,0.0177452489733696,0.38598141074180603,2.19610333442688,1.4720768928527832,0.03680429235100746
2011_VjlGOec7RVU_00001_000_a,vae_camera+vae_motion,vae,vae,0.0,0.0,11.84699535369873,1.2217601537704468,0.9311627745628357,0.019255531951785088,0.03749505430459976,2.2916758060455322,1.4766167402267456,202,0.4282178217821782,1.0,1.0,130.74244689941406,130.74244689941406,0.0177452489733696,0.38598141074180603,2.19610333442688,1.4720768928527832,0.03680429235100746
2011_VjlGOec7RVU_00001_000_a,pulp_camera+gt_motion,pulp,gt,30.165470123291016,0.0,10.257506370544434,0.9439284801483154,0.3213850259780884,0.24842743575572968,0.0,0.0,0.0,202,0.6541404140414041,1.0,1.0,32.71946716308594,32.71946716308594,0.0,0.0,0.0,0.0,0.0
2011_VjlGOec7RVU_00001_000_a,gt_camera+pulp_motion,gt,pulp,0.0,0.0,0.0,0.0,0.0,0.0,0.030050821602344513,1.3579972982406616,0.17262066900730133,202,0.6707920792079208,1.0,1.0,27.98794174194336,27.98794174194336,0.017202412709593773,0.4419613182544708,1.0170797109603882,0.14071401953697205,0.029290778562426567
2011_VjlGOec7RVU_00001_000_a,pulp_camera+pulp_motion,pulp,pulp,30.165470123291016,0.0,10.257506370544434,0.9439284801483154,0.3213850259780884,0.24842743575572968,0.030050821602344513,1.3579972982406616,0.17262066900730133,202,0.6671917191719172,1.0,1.0,40.67829132080078,40.67829132080078,0.017202412709593773,0.4419613182544708,1.0170797109603882,0.14071401953697205,0.029290778562426567
2012_dOTGLArtfrQ_00009_000_a,gt_camera+gt_motion,gt,gt,0.0,0.0,0.02797645330429077,0.0012433979427441955,0.0,0.0,0.0,0.0,0.0,45,1.0,1.0,1.0,0.0,0.0,0.0,0.0,0.0,0.0,0.0
2012_dOTGLArtfrQ_00009_000_a,vae_camera+gt_motion,vae,gt,0.0,0.0,3.854578733444214,2.888864517211914,1.2022751569747925,0.04429112374782562,0.0,0.0,0.0,45,0.98989898989899,1.0,1.0,33.3498649597168,33.3498649597168,0.0,0.0,0.0,0.0,0.0
2012_dOTGLArtfrQ_00009_000_a,gt_camera+vae_motion,gt,vae,0.0,0.0,0.02797645330429077,0.0012433979427441955,0.0,0.0,0.03530184552073479,1.2148910760879517,0.42752525210380554,45,0.9101010101010101,1.0,1.0,46.687931060791016,46.687931060791016,0.023965908214449883,0.45740970969200134,1.0374068021774292,0.40638020634651184,0.03174273669719696
2012_dOTGLArtfrQ_00009_000_a,vae_camera+vae_motion,vae,vae,0.0,0.0,3.854578733444214,2.888864517211914,1.2022751569747925,0.04429112374782562,0.03530184552073479,1.2148910760879517,0.42752525210380554,45,0.6181818181818182,1.0,1.0,71.8714828491211,71.8714828491211,0.023965908214449883,0.45740970969200134,1.0374068021774292,0.40638020634651184,0.03174273669719696
2012_dOTGLArtfrQ_00009_000_a,pulp_camera+gt_motion,pulp,gt,26.048057556152344,0.0,2.5267744064331055,1.8252853155136108,0.23007649183273315,0.1570138782262802,0.0,0.0,0.0,45,0.9929292929292929,1.0,1.0,27.322072982788086,27.322072982788086,0.0,0.0,0.0,0.0,0.0
2012_dOTGLArtfrQ_00009_000_a,gt_camera+pulp_motion,gt,pulp,0.0,0.0,0.02797645330429077,0.0012433979427441955,0.0,0.0,0.03655543550848961,1.4848511219024658,0.21180565655231476,45,1.0,1.0,1.0,19.800437927246094,19.800437927246094,0.028874389827251434,0.7325159907341003,1.0447490215301514,0.1665547639131546,0.028787577524781227
2012_dOTGLArtfrQ_00009_000_a,pulp_camera+pulp_motion,pulp,pulp,26.048057556152344,0.0,2.5267744064331055,1.8252853155136108,0.23007649183273315,0.1570138782262802,0.03655543550848961,1.4848511219024658,0.21180565655231476,45,0.990909090909091,1.0,1.0,29.095550537109375,29.095550537109375,0.028874389827251434,0.7325159907341003,1.0447490215301514,0.1665547639131546,0.028787577524781227
2017_Sqnrzd0HCRY_00029_000_a,gt_camera+gt_motion,gt,gt,0.0,0.0,0.02797645330429077,0.0011904874118044972,0.0,0.0,0.0,0.0,0.0,47,0.5096711798839458,1.0,1.0,0.0,0.0,0.0,0.0,0.0,0.0,0.0
2017_Sqnrzd0HCRY_00029_000_a,vae_camera+gt_motion,vae,gt,0.0,0.0,6.732194423675537,1.2628265619277954,1.3556994199752808,0.04288608953356743,0.0,0.0,0.0,47,0.5019342359767892,1.0,1.0,42.22932815551758,42.22932815551758,0.0,0.0,0.0,0.0,0.0
2017_Sqnrzd0HCRY_00029_000_a,gt_camera+vae_motion,gt,vae,0.0,0.0,0.02797645330429077,0.0011904874118044972,0.0,0.0,0.06712409108877182,1.395829677581787,0.46591395139694214,47,0.5338491295938105,1.0,1.0,84.4346923828125,84.4346923828125,0.022490397095680237,0.4700862765312195,1.3054728507995605,0.4688307046890259,0.06409187614917755
2017_Sqnrzd0HCRY_00029_000_a,vae_camera+vae_motion,vae,vae,0.0,0.0,6.732194423675537,1.2628265619277954,1.3556994199752808,0.04288608953356743,0.06712409108877182,1.395829677581787,0.46591395139694214,47,0.5357833655705996,1.0,1.0,82.70381164550781,82.70381164550781,0.022490397095680237,0.4700862765312195,1.3054728507995605,0.4688307046890259,0.06409187614917755
2017_Sqnrzd0HCRY_00029_000_a,pulp_camera+gt_motion,pulp,gt,34.42412567138672,0.0,8.124702453613281,2.2361233234405518,0.1655295491218567,0.14919041097164154,0.0,0.0,0.0,47,0.6044487427466151,1.0,1.0,74.72831726074219,74.72831726074219,0.0,0.0,0.0,0.0,0.0
2017_Sqnrzd0HCRY_00029_000_a,gt_camera+pulp_motion,gt,pulp,0.0,0.0,0.02797645330429077,0.0011904874118044972,0.0,0.0,0.048005081713199615,0.8380998373031616,0.2181292325258255,47,0.41102514506769827,1.0,1.0,97.84891510009766,97.84891510009766,0.026568546891212463,0.7335401773452759,0.6340785026550293,0.1920192390680313,0.03921636939048767
2017_Sqnrzd0HCRY_00029_000_a,pulp_camera+pulp_motion,pulp,pulp,34.42412567138672,0.0,8.124702453613281,2.2361233234405518,0.1655295491218567,0.14919041097164154,0.048005081713199615,0.8380998373031616,0.2181292325258255,47,0.5473887814313346,1.0,1.0,85.51802825927734,85.51802825927734,0.026568546891212463,0.7335401773452759,0.6340785026550293,0.1920192390680313,0.03921636939048767
2011_FM-wfXvcbAY_00000_000_a,gt_camera+gt_motion,gt,gt,0.0,0.0,0.04845663905143738,0.03216663748025894,0.0,0.0,0.0,0.0,0.0,40,0.7204545454545455,1.0,1.0,0.0,0.0,0.0,0.0,0.0,0.0,0.0
2011_FM-wfXvcbAY_00000_000_a,vae_camera+gt_motion,vae,gt,0.0,0.0,8.270563125610352,2.505186080932617,0.23002395033836365,0.046059347689151764,0.0,0.0,0.0,40,0.6420454545454546,1.0,1.0,62.353309631347656,62.353309631347656,0.0,0.0,0.0,0.0,0.0
2011_FM-wfXvcbAY_00000_000_a,gt_camera+vae_motion,gt,vae,0.0,0.0,0.04845663905143738,0.03216663748025894,0.0,0.0,0.0756818950176239,1.0279667377471924,0.2949511408805847,40,0.6443181818181818,1.0,1.0,47.788673400878906,47.788673400878906,0.023029211908578873,0.47116684913635254,0.880409836769104,0.29524359107017517,0.07486319541931152
2011_FM-wfXvcbAY_00000_000_a,vae_camera+vae_motion,vae,vae,0.0,0.0,8.270563125610352,2.505186080932617,0.23002395033836365,0.046059347689151764,0.0756818950176239,1.0279667377471924,0.2949511408805847,40,0.5693181818181818,1.0,1.0,69.01870727539062,69.01870727539062,0.023029211908578873,0.47116684913635254,0.880409836769104,0.29524359107017517,0.07486319541931152
2011_FM-wfXvcbAY_00000_000_a,pulp_camera+gt_motion,pulp,gt,53.0246467590332,0.0,4.775365352630615,1.2680158615112305,0.23018909990787506,0.139152392745018,0.0,0.0,0.0,40,0.7284090909090909,1.0,1.0,47.63615036010742,47.63615036010742,0.0,0.0,0.0,0.0,0.0
2011_FM-wfXvcbAY_00000_000_a,gt_camera+pulp_motion,gt,pulp,0.0,0.0,0.04845663905143738,0.03216663748025894,0.0,0.0,0.07344793528318405,1.9103623628616333,0.3116093575954437,40,0.6318181818181818,1.0,1.0,40.06917190551758,40.06917190551758,0.02894752100110054,0.6438462138175964,1.7148507833480835,0.3091372847557068,0.06717878580093384
2011_FM-wfXvcbAY_00000_000_a,pulp_camera+pulp_motion,pulp,pulp,53.0246467590332,0.0,4.775365352630615,1.2680158615112305,0.23018909990787506,0.139152392745018,0.07344793528318405,1.9103623628616333,0.3116093575954437,40,0.6409090909090909,1.0,1.0,72.51275634765625,72.51275634765625,0.02894752100110054,0.6438462138175964,1.7148507833480835,0.3091372847557068,0.06717878580093384
2013_Tg3A7u83stA_00011_000_a,gt_camera+gt_motion,gt,gt,0.0,0.0,0.0,0.0,0.0,0.0,0.0,0.0,0.0,136,0.5909090909090909,1.0,1.0,0.0,0.0,0.0,0.0,0.0,0.0,0.0
2013_Tg3A7u83stA_00011_000_a,vae_camera+gt_motion,vae,gt,0.0,0.0,6.166818141937256,0.535298228263855,0.1312250941991806,0.008008360862731934,0.0,0.0,0.0,136,0.5935828877005348,1.0,1.0,4.278486728668213,4.278486728668213,0.0,0.0,0.0,0.0,0.0
2013_Tg3A7u83stA_00011_000_a,gt_camera+vae_motion,gt,vae,0.0,0.0,0.0,0.0,0.0,0.0,0.013033603318035603,1.3530808687210083,0.7198175191879272,136,0.23429144385026737,1.0,1.0,308.3833312988281,308.3833312988281,0.012896840460598469,0.2492828667163849,1.270520806312561,0.713901698589325,0.012254835106432438
2013_Tg3A7u83stA_00011_000_a,vae_camera+vae_motion,vae,vae,0.0,0.0,6.166818141937256,0.535298228263855,0.1312250941991806,0.008008360862731934,0.013033603318035603,1.3530808687210083,0.7198175191879272,136,0.2356283422459893,1.0,1.0,308.2683410644531,308.2683410644531,0.012896840460598469,0.2492828667163849,1.270520806312561,0.713901698589325,0.012254835106432438
2013_Tg3A7u83stA_00011_000_a,pulp_camera+gt_motion,pulp,gt,12.37082576751709,0.0,3.268303871154785,0.6190650463104248,0.07306861877441406,0.03426922485232353,0.0,0.0,0.0,136,0.5909090909090909,1.0,1.0,15.335402488708496,15.335402488708496,0.0,0.0,0.0,0.0,0.0
2013_Tg3A7u83stA_00011_000_a,gt_camera+pulp_motion,gt,pulp,0.0,0.0,0.0,0.0,0.0,0.0,0.009773875586688519,0.4740775525569916,0.05338792875409126,136,0.5909090909090909,1.0,1.0,13.713637351989746,13.713637351989746,0.009973432868719101,0.21238762140274048,0.3675723075866699,0.038498248904943466,0.007958433590829372
2013_Tg3A7u83stA_00011_000_a,pulp_camera+pulp_motion,pulp,pulp,12.37082576751709,0.0,3.268303871154785,0.6190650463104248,0.07306861877441406,0.03426922485232353,0.009773875586688519,0.4740775525569916,0.05338792875409126,136,0.589572192513369,1.0,1.0,18.599618911743164,18.599618911743164,0.009973432868719101,0.21238762140274048,0.3675723075866699,0.038498248904943466,0.007958433590829372
2017_teoyewW1bUY_00002_001_a,gt_camera+gt_motion,gt,gt,0.0,0.0,0.0,0.0,0.0,0.0,0.0,0.0,0.0,206,0.7272727272727273,1.0,1.0,0.0,0.0,0.0,0.0,0.0,0.0,0.0
2017_teoyewW1bUY_00002_001_a,vae_camera+gt_motion,vae,gt,0.0,0.0,11.165494918823242,4.26334810256958,0.42241817712783813,0.0545835867524147,0.0,0.0,0.0,206,0.5942188879082083,1.0,1.0,79.48822784423828,79.48822784423828,0.0,0.0,0.0,0.0,0.0
2017_teoyewW1bUY_00002_001_a,gt_camera+vae_motion,gt,vae,0.0,0.0,0.0,0.0,0.0,0.0,0.01654435135424137,1.6790053844451904,0.6687398552894592,206,0.7846425419240953,1.0,1.0,146.62803649902344,146.62803649902344,0.015001301653683186,0.3053862154483795,1.3670775890350342,0.6835067868232727,0.01657303422689438
2017_teoyewW1bUY_00002_001_a,vae_camera+vae_motion,vae,vae,0.0,0.0,11.165494918823242,4.26334810256958,0.42241817712783813,0.0545835867524147,0.01654435135424137,1.6790053844451904,0.6687398552894592,206,0.6610767872903796,1.0,1.0,117.3586196899414,117.3586196899414,0.015001301653683186,0.3053862154483795,1.3670775890350342,0.6835067868232727,0.01657303422689438
2017_teoyewW1bUY_00002_001_a,pulp_camera+gt_motion,pulp,gt,37.39643096923828,0.0,9.349392890930176,2.0075671672821045,0.3324517011642456,0.09036951512098312,0.0,0.0,0.0,206,0.7213150926743159,1.0,1.0,20.686100006103516,20.686100006103516,0.0,0.0,0.0,0.0,0.0
2017_teoyewW1bUY_00002_001_a,gt_camera+pulp_motion,gt,pulp,0.0,0.0,0.0,0.0,0.0,0.0,0.014158652164041996,0.9801474809646606,0.21641744673252106,206,0.7166813768755517,1.0,1.0,57.29928970336914,57.29928970336914,0.013266938738524914,0.2907463312149048,0.8459503054618835,0.13637658953666687,0.01339330431073904
2017_teoyewW1bUY_00002_001_a,pulp_camera+pulp_motion,pulp,pulp,37.39643096923828,0.0,9.349392890930176,2.0075671672821045,0.3324517011642456,0.09036951512098312,0.014158652164041996,0.9801474809646606,0.21641744673252106,206,0.7113857016769638,1.0,1.0,68.13420867919922,68.13420867919922,0.013266938738524914,0.2907463312149048,0.8459503054618835,0.13637658953666687,0.01339330431073904
2012_pFxOuE_0wqc_00005_000_a,gt_camera+gt_motion,gt,gt,0.0,0.0,0.0,0.0,0.0,0.0,0.0,0.0,0.0,129,0.9679351656095843,1.0,1.0,0.0,0.0,0.0,0.0,0.0,0.0,0.0
2012_pFxOuE_0wqc_00005_000_a,vae_camera+gt_motion,vae,gt,0.0,0.0,6.292203426361084,0.9848887324333191,2.0850236415863037,0.029791444540023804,0.0,0.0,0.0,129,0.9570119802677942,1.0,1.0,17.677284240722656,17.677284240722656,0.0,0.0,0.0,0.0,0.0
2012_pFxOuE_0wqc_00005_000_a,gt_camera+vae_motion,gt,vae,0.0,0.0,0.0,0.0,0.0,0.0,0.03970859572291374,0.8284163475036621,0.39130908250808716,129,0.9548978153629316,1.0,1.0,49.10151290893555,49.10151290893555,0.02132759615778923,0.4409109354019165,0.7270803451538086,0.3904365003108978,0.036544814705848694
2012_pFxOuE_0wqc_00005_000_a,vae_camera+vae_motion,vae,vae,0.0,0.0,6.292203426361084,0.9848887324333191,2.0850236415863037,0.029791444540023804,0.03970859572291374,0.8284163475036621,0.39130908250808716,129,0.9432699083861874,0.9978858350951374,0.9978858350951374,5691971.0,69.76842498779297,0.02132759615778923,0.4409109354019165,0.7270803451538086,0.3904365003108978,0.036544814705848694
2012_pFxOuE_0wqc_00005_000_a,pulp_camera+gt_motion,pulp,gt,6.585808753967285,0.0,11.91649341583252,0.9575587511062622,0.2318117469549179,0.15346437692642212,0.0,0.0,0.0,129,0.9393939393939394,1.0,1.0,25.511415481567383,25.511415481567383,0.0,0.0,0.0,0.0,0.0
2012_pFxOuE_0wqc_00005_000_a,gt_camera+pulp_motion,gt,pulp,0.0,0.0,0.0,0.0,0.0,0.0,0.030110014602541924,1.0612242221832275,0.13851706683635712,129,0.9566596194503171,1.0,1.0,19.297683715820312,19.297683715820312,0.024964425712823868,0.8434467315673828,0.7822263240814209,0.1207776889204979,0.02384633757174015
2012_pFxOuE_0wqc_00005_000_a,pulp_camera+pulp_motion,pulp,pulp,6.585808753967285,0.0,11.91649341583252,0.9575587511062622,0.2318117469549179,0.15346437692642212,0.030110014602541924,1.0612242221832275,0.13851706683635712,129,0.9323467230443975,1.0,1.0,29.328310012817383,29.328310012817383,0.024964425712823868,0.8434467315673828,0.7822263240814209,0.1207776889204979,0.02384633757174015
2017_1NnwUUf3RMg_00014_000_a,gt_camera+gt_motion,gt,gt,0.0,0.0,0.04845663905143738,0.022933639585971832,0.0,0.0,0.0,0.0,0.0,140,0.6525974025974026,1.0,1.0,0.0,0.0,0.0,0.0,0.0,0.0,0.0
2017_1NnwUUf3RMg_00014_000_a,vae_camera+gt_motion,vae,gt,0.0,0.0,8.037829399108887,1.6991181373596191,0.44873425364494324,0.026513712480664253,0.0,0.0,0.0,140,0.689935064935065,1.0,1.0,21.070852279663086,21.070852279663086,0.0,0.0,0.0,0.0,0.0
2017_1NnwUUf3RMg_00014_000_a,gt_camera+vae_motion,gt,vae,0.0,0.0,0.04845663905143738,0.022933639585971832,0.0,0.0,0.01415911503136158,1.1056543588638306,0.6603619456291199,140,0.7318181818181818,1.0,1.0,106.25018310546875,106.25018310546875,0.011552424170076847,0.24258749186992645,1.01082444190979,0.6575939655303955,0.013794521801173687
2017_1NnwUUf3RMg_00014_000_a,vae_camera+vae_motion,vae,vae,0.0,0.0,8.037829399108887,1.6991181373596191,0.44873425364494324,0.026513712480664253,0.01415911503136158,1.1056543588638306,0.6603619456291199,140,0.7464285714285714,1.0,1.0,121.8673095703125,121.8673095703125,0.011552424170076847,0.24258749186992645,1.01082444190979,0.6575939655303955,0.013794521801173687
2017_1NnwUUf3RMg_00014_000_a,pulp_camera+gt_motion,pulp,gt,13.995845794677734,0.0,6.814371585845947,0.5397613644599915,0.22849871218204498,0.14491640031337738,0.0,0.0,0.0,140,0.5587662337662338,1.0,1.0,32.8965950012207,32.8965950012207,0.0,0.0,0.0,0.0,0.0
2017_1NnwUUf3RMg_00014_000_a,gt_camera+pulp_motion,gt,pulp,0.0,0.0,0.04845663905143738,0.022933639585971832,0.0,0.0,0.015167626552283764,1.4943853616714478,0.13872846961021423,140,0.6058441558441559,1.0,1.0,43.76128387451172,43.76128387451172,0.01036460418254137,0.26638859510421753,1.3030879497528076,0.1363200843334198,0.014299342408776283
2017_1NnwUUf3RMg_00014_000_a,pulp_camera+pulp_motion,pulp,pulp,13.995845794677734,0.0,6.814371585845947,0.5397613644599915,0.22849871218204498,0.14491640031337738,0.015167626552283764,1.4943853616714478,0.13872846961021423,140,0.5230519480519481,1.0,1.0,58.969539642333984,58.969539642333984,0.01036460418254137,0.26638859510421753,1.3030879497528076,0.1363200843334198,0.014299342408776283
2018_MYkSUEjYLc0_00032_001_b,gt_camera+gt_motion,gt,gt,0.0,0.0,0.03956468030810356,0.0036146664060652256,0.0,0.0,0.0,0.0,0.0,158,1.0,1.0,1.0,0.0,0.0,0.0,0.0,0.0,0.0,0.0
2018_MYkSUEjYLc0_00032_001_b,vae_camera+gt_motion,vae,gt,0.0,0.0,3.9152660369873047,1.1863229274749756,0.3283115327358246,0.015233762562274933,0.0,0.0,0.0,158,0.9971231300345225,1.0,1.0,15.33019733428955,15.33019733428955,0.0,0.0,0.0,0.0,0.0
2018_MYkSUEjYLc0_00032_001_b,gt_camera+vae_motion,gt,vae,0.0,0.0,0.03956468030810356,0.0036146664060652256,0.0,0.0,0.08824078738689423,6.222489833831787,3.0309629440307617,158,0.27042577675489066,1.0,1.0,600.0714111328125,600.0714111328125,0.042161259800195694,0.8255962133407593,5.986810207366943,3.0263009071350098,0.08009111136198044
2018_MYkSUEjYLc0_00032_001_b,vae_camera+vae_motion,vae,vae,0.0,0.0,3.9152660369873047,1.1863229274749756,0.3283115327358246,0.015233762562274933,0.08824078738689423,6.222489833831787,3.0309629440307617,158,0.2859608745684695,1.0,1.0,597.7161865234375,597.7161865234375,0.042161259800195694,0.8255962133407593,5.986810207366943,3.0263009071350098,0.08009111136198044
2018_MYkSUEjYLc0_00032_001_b,pulp_camera+gt_motion,pulp,gt,17.033857345581055,0.0,5.167632102966309,2.061152219772339,0.3016544282436371,0.14992764592170715,0.0,0.0,0.0,158,1.0,1.0,1.0,45.60335159301758,45.60335159301758,0.0,0.0,0.0,0.0,0.0
2018_MYkSUEjYLc0_00032_001_b,gt_camera+pulp_motion,gt,pulp,0.0,0.0,0.03956468030810356,0.0036146664060652256,0.0,0.0,0.05687686800956726,1.6353857517242432,0.3630656898021698,158,0.9953970080552359,1.0,1.0,36.31901931762695,36.31901931762695,0.04875843599438667,1.4737848043441772,1.4440683126449585,0.2922179698944092,0.04332808405160904
2018_MYkSUEjYLc0_00032_001_b,pulp_camera+pulp_motion,pulp,pulp,17.033857345581055,0.0,5.167632102966309,2.061152219772339,0.3016544282436371,0.14992764592170715,0.05687686800956726,1.6353857517242432,0.3630656898021698,158,0.9971231300345225,1.0,1.0,33.944759368896484,33.944759368896484,0.04875843599438667,1.4737848043441772,1.4440683126449585,0.2922179698944092,0.04332808405160904
2011_DOtd-mykOhE_00027_001_a,gt_camera+gt_motion,gt,gt,0.0,0.0,0.03956468030810356,0.010218442417681217,0.0,0.0,0.0,0.0,0.0,44,0.9752066115702479,1.0,1.0,0.0,0.0,0.0,0.0,0.0,0.0,0.0
2011_DOtd-mykOhE_00027_001_a,vae_camera+gt_motion,vae,gt,0.0,0.0,8.679055213928223,4.549074172973633,0.2623900771141052,0.03475101292133331,0.0,0.0,0.0,44,0.6962809917355371,1.0,1.0,87.741943359375,87.741943359375,0.0,0.0,0.0,0.0,0.0
2011_DOtd-mykOhE_00027_001_a,gt_camera+vae_motion,gt,vae,0.0,0.0,0.03956468030810356,0.010218442417681217,0.0,0.0,0.030726756900548935,0.8061176538467407,0.21402090787887573,44,0.9948347107438017,1.0,1.0,34.915504455566406,34.915504455566406,0.045771289616823196,0.9362291693687439,0.3404121994972229,0.19294653832912445,0.02671906352043152
2011_DOtd-mykOhE_00027_001_a,vae_camera+vae_motion,vae,vae,0.0,0.0,8.679055213928223,4.549074172973633,0.2623900771141052,0.03475101292133331,0.030726756900548935,0.8061176538467407,0.21402090787887573,44,0.731404958677686,1.0,1.0,92.02410125732422,92.02410125732422,0.045771289616823196,0.9362291693687439,0.3404121994972229,0.19294653832912445,0.02671906352043152
2011_DOtd-mykOhE_00027_001_a,pulp_camera+gt_motion,pulp,gt,26.25750160217285,0.0,8.024923324584961,2.937877893447876,0.21722693741321564,0.1374860554933548,0.0,0.0,0.0,44,0.9328512396694215,1.0,1.0,60.010807037353516,60.010807037353516,0.0,0.0,0.0,0.0,0.0
2011_DOtd-mykOhE_00027_001_a,gt_camera+pulp_motion,gt,pulp,0.0,0.0,0.03956468030810356,0.010218442417681217,0.0,0.0,0.035039838403463364,1.385650873184204,0.25018003582954407,44,0.9721074380165289,1.0,1.0,39.86709976196289,39.86709976196289,0.04724465683102608,1.5518100261688232,1.0004907846450806,0.22581428289413452,0.027911141514778137
2011_DOtd-mykOhE_00027_001_a,pulp_camera+pulp_motion,pulp,pulp,26.25750160217285,0.0,8.024923324584961,2.937877893447876,0.21722693741321564,0.1374860554933548,0.035039838403463364,1.385650873184204,0.25018003582954407,44,0.9628099173553719,1.0,1.0,53.93780517578125,53.93780517578125,0.04724465683102608,1.5518100261688232,1.0004907846450806,0.22581428289413452,0.027911141514778137
2011_PztgWdMEJdg_00004_000_b,gt_camera+gt_motion,gt,gt,0.0,0.0,0.03956468030810356,0.002563527785241604,0.0,0.0,0.0,0.0,0.0,70,0.5246753246753246,1.0,1.0,0.0,0.0,0.0,0.0,0.0,0.0,0.0
2011_PztgWdMEJdg_00004_000_b,vae_camera+gt_motion,vae,gt,0.0,0.0,3.665006399154663,0.442072331905365,0.38733476400375366,0.020238099619746208,0.0,0.0,0.0,70,0.5564935064935065,1.0,1.0,9.535024642944336,9.535024642944336,0.0,0.0,0.0,0.0,0.0
2011_PztgWdMEJdg_00004_000_b,gt_camera+vae_motion,gt,vae,0.0,0.0,0.03956468030810356,0.002563527785241604,0.0,0.0,0.03473534807562828,2.103998899459839,0.9205026030540466,70,0.12012987012987013,0.9181818181818182,0.9181818181818182,781486144.0,7505.95263671875,0.02601388469338417,0.5571662187576294,1.874762773513794,0.8615503311157227,0.033450111746788025
2011_PztgWdMEJdg_00004_000_b,vae_camera+vae_motion,vae,vae,0.0,0.0,3.665006399154663,0.442072331905365,0.38733476400375366,0.020238099619746208,0.03473534807562828,2.103998899459839,0.9205026030540466,70,0.11558441558441558,0.9311688311688312,0.9311688311688312,656380800.0,10600.4189453125,0.02601388469338417,0.5571662187576294,1.874762773513794,0.8615503311157227,0.033450111746788025
2011_PztgWdMEJdg_00004_000_b,pulp_camera+gt_motion,pulp,gt,15.1322021484375,0.0,1.312240719795227,1.0057138204574585,0.1349768489599228,0.06640437990427017,0.0,0.0,0.0,70,0.4733766233766234,1.0,1.0,46.04930877685547,46.04930877685547,0.0,0.0,0.0,0.0,0.0
2011_PztgWdMEJdg_00004_000_b,gt_camera+pulp_motion,gt,pulp,0.0,0.0,0.03956468030810356,0.002563527785241604,0.0,0.0,0.015003683976829052,0.43484413623809814,0.0635959655046463,70,0.5584415584415584,1.0,1.0,30.25277328491211,30.25277328491211,0.01979578286409378,0.5170734524726868,0.2877872884273529,0.04347342252731323,0.011986219324171543
2011_PztgWdMEJdg_00004_000_b,pulp_camera+pulp_motion,pulp,pulp,15.1322021484375,0.0,1.312240719795227,1.0057138204574585,0.1349768489599228,0.06640437990427017,0.015003683976829052,0.43484413623809814,0.0635959655046463,70,0.4714285714285714,1.0,1.0,59.61623764038086,59.61623764038086,0.01979578286409378,0.5170734524726868,0.2877872884273529,0.04347342252731323,0.011986219324171543
2011_wY6sZJKyxo8_00000_000_a,gt_camera+gt_motion,gt,gt,0.0,0.0,0.03956468030810356,0.0046615274623036385,0.0,0.0,0.0,0.0,0.0,113,0.13676588897827835,1.0,1.0,0.0,0.0,0.0,0.0,0.0,0.0,0.0
2011_wY6sZJKyxo8_00000_000_a,vae_camera+gt_motion,vae,gt,0.0,0.0,8.224569320678711,1.5984519720077515,0.7331942319869995,0.016388526186347008,0.0,0.0,0.0,113,0.11866452131938858,1.0,1.0,33.83366394042969,33.83366394042969,0.0,0.0,0.0,0.0,0.0
2011_wY6sZJKyxo8_00000_000_a,gt_camera+vae_motion,gt,vae,0.0,0.0,0.03956468030810356,0.0046615274623036385,0.0,0.0,0.00810275413095951,0.34333404898643494,0.25225844979286194,113,0.33467417538214,1.0,1.0,155.7241668701172,155.7241668701172,0.010088268667459488,0.2003912329673767,0.31795287132263184,0.25277382135391235,0.007892699912190437
2011_wY6sZJKyxo8_00000_000_a,vae_camera+vae_motion,vae,vae,0.0,0.0,8.224569320678711,1.5984519720077515,0.7331942319869995,0.016388526186347008,0.00810275413095951,0.34333404898643494,0.25225844979286194,113,0.3177795655671762,1.0,1.0,145.77023315429688,145.77023315429688,0.010088268667459488,0.2003912329673767,0.31795287132263184,0.25277382135391235,0.007892699912190437
2011_wY6sZJKyxo8_00000_000_a,pulp_camera+gt_motion,pulp,gt,7.621673107147217,0.0,2.876439332962036,0.7268062233924866,0.1036805808544159,0.028169553726911545,0.0,0.0,0.0,113,0.1745776347546259,1.0,1.0,25.14470863342285,25.14470863342285,0.0,0.0,0.0,0.0,0.0
2011_wY6sZJKyxo8_00000_000_a,gt_camera+pulp_motion,gt,pulp,0.0,0.0,0.03956468030810356,0.0046615274623036385,0.0,0.0,0.0069012949243187904,0.3440452814102173,0.056734442710876465,113,0.07401448109412712,1.0,1.0,53.38564682006836,53.38564682006836,0.007711405400186777,0.3079074025154114,0.23865008354187012,0.054281193763017654,0.006057392340153456
2011_wY6sZJKyxo8_00000_000_a,pulp_camera+pulp_motion,pulp,pulp,7.621673107147217,0.0,2.876439332962036,0.7268062233924866,0.1036805808544159,0.028169553726911545,0.0069012949243187904,0.3440452814102173,0.056734442710876465,113,0.09372485921158488,1.0,1.0,54.9316291809082,54.9316291809082,0.007711405400186777,0.3079074025154114,0.23865008354187012,0.054281193763017654,0.006057392340153456
2012_W1fv8bPOwGk_00001_000_a,gt_camera+gt_motion,gt,gt,0.0,0.0,0.03956468030810356,0.02642306312918663,0.0,0.0,0.0,0.0,0.0,52,0.5611888111888111,1.0,1.0,0.0,0.0,0.0,0.0,0.0,0.0,0.0
2012_W1fv8bPOwGk_00001_000_a,vae_camera+gt_motion,vae,gt,0.0,0.0,8.865720748901367,0.5012506246566772,0.29199880361557007,0.01764870434999466,0.0,0.0,0.0,52,0.5743006993006993,1.0,1.0,10.00790786743164,10.00790786743164,0.0,0.0,0.0,0.0,0.0
2012_W1fv8bPOwGk_00001_000_a,gt_camera+vae_motion,gt,vae,0.0,0.0,0.03956468030810356,0.02642306312918663,0.0,0.0,0.04209275543689728,1.1525523662567139,0.565513551235199,52,0.6092657342657343,1.0,1.0,89.74894714355469,89.74894714355469,0.023955056443810463,0.4880828857421875,1.0421226024627686,0.5580453872680664,0.039905231446027756
2012_W1fv8bPOwGk_00001_000_a,vae_camera+vae_motion,vae,vae,0.0,0.0,8.865720748901367,0.5012506246566772,0.29199880361557007,0.01764870434999466,0.04209275543689728,1.1525523662567139,0.565513551235199,52,0.6127622377622378,1.0,1.0,91.1329116821289,91.1329116821289,0.023955056443810463,0.4880828857421875,1.0421226024627686,0.5580453872680664,0.039905231446027756
2012_W1fv8bPOwGk_00001_000_a,pulp_camera+gt_motion,pulp,gt,31.430856704711914,0.0,2.801698923110962,0.9012835621833801,0.0697965919971466,0.05001368001103401,0.0,0.0,0.0,52,0.5594405594405595,1.0,1.0,18.57856559753418,18.57856559753418,0.0,0.0,0.0,0.0,0.0
2012_W1fv8bPOwGk_00001_000_a,gt_camera+pulp_motion,gt,pulp,0.0,0.0,0.03956468030810356,0.02642306312918663,0.0,0.0,0.030044035986065865,0.5955250859260559,0.15374836325645447,52,0.5375874125874126,1.0,1.0,40.536380767822266,40.536380767822266,0.02822871319949627,0.9666787385940552,0.4238859713077545,0.14952677488327026,0.026935366913676262
2012_W1fv8bPOwGk_00001_000_a,pulp_camera+pulp_motion,pulp,pulp,31.430856704711914,0.0,2.801698923110962,0.9012835621833801,0.0697965919971466,0.05001368001103401,0.030044035986065865,0.5955250859260559,0.15374836325645447,52,0.5524475524475524,1.0,1.0,44.99762725830078,44.99762725830078,0.02822871319949627,0.9666787385940552,0.4238859713077545,0.14952677488327026,0.026935366913676262
2015_9F_FhwkKdSw_00061_000_a,gt_camera+gt_motion,gt,gt,0.0,0.0,0.03956468030810356,0.005073052365332842,0.0,0.0,0.0,0.0,0.0,62,0.8211143695014663,1.0,1.0,0.0,0.0,0.0,0.0,0.0,0.0,0.0
2015_9F_FhwkKdSw_00061_000_a,vae_camera+gt_motion,vae,gt,0.0,0.0,5.256354331970215,0.8081943392753601,0.17124609649181366,0.022571321576833725,0.0,0.0,0.0,62,0.8181818181818182,1.0,1.0,5.4453935623168945,5.4453935623168945,0.0,0.0,0.0,0.0,0.0
2015_9F_FhwkKdSw_00061_000_a,gt_camera+vae_motion,gt,vae,0.0,0.0,0.03956468030810356,0.005073052365332842,0.0,0.0,0.05120738595724106,0.960231602191925,0.42537721991539,62,0.8387096774193549,1.0,1.0,45.33107376098633,45.33107376098633,0.02117258682847023,0.45905300974845886,0.8584448099136353,0.42466962337493896,0.04547926411032677
2015_9F_FhwkKdSw_00061_000_a,vae_camera+vae_motion,vae,vae,0.0,0.0,5.256354331970215,0.8081943392753601,0.17124609649181366,0.022571321576833725,0.05120738595724106,0.960231602191925,0.42537721991539,62,0.8335777126099707,1.0,1.0,48.31703567504883,48.31703567504883,0.02117258682847023,0.45905300974845886,0.8584448099136353,0.42466962337493896,0.04547926411032677
2015_9F_FhwkKdSw_00061_000_a,pulp_camera+gt_motion,pulp,gt,8.964701652526855,0.0,6.362175464630127,1.1929060220718384,0.13510935008525848,0.05436762049794197,0.0,0.0,0.0,62,0.8152492668621701,1.0,1.0,15.160113334655762,15.160113334655762,0.0,0.0,0.0,0.0,0.0
2015_9F_FhwkKdSw_00061_000_a,gt_camera+pulp_motion,gt,pulp,0.0,0.0,0.03956468030810356,0.005073052365332842,0.0,0.0,0.05526898428797722,1.328964114189148,0.24173030257225037,62,0.8225806451612904,1.0,1.0,27.68471908569336,27.68471908569336,0.027533570304512978,0.8253191113471985,0.7289496064186096,0.19847676157951355,0.040646135807037354
2015_9F_FhwkKdSw_00061_000_a,pulp_camera+pulp_motion,pulp,pulp,8.964701652526855,0.0,6.362175464630127,1.1929060220718384,0.13510935008525848,0.05436762049794197,0.05526898428797722,1.328964114189148,0.24173030257225037,62,0.8115835777126099,1.0,1.0,24.375736236572266,24.375736236572266,0.027533570304512978,0.8253191113471985,0.7289496064186096,0.19847676157951355,0.040646135807037354
2017_1rP402h6Euo_00005_001_a,gt_camera+gt_motion,gt,gt,0.0,0.0,0.04845663905143738,0.01380422618240118,0.0,0.0,0.0,0.0,0.0,99,0.1487603305785124,1.0,1.0,0.0,0.0,0.0,0.0,0.0,0.0,0.0
2017_1rP402h6Euo_00005_001_a,vae_camera+gt_motion,vae,gt,0.0,0.0,5.586441516876221,1.1884685754776,0.5827245712280273,0.015457929112017155,0.0,0.0,0.0,99,0.1290174471992654,0.9995408631772268,0.9995408631772268,2389939.25,33.21781539916992,0.0,0.0,0.0,0.0,0.0
2017_1rP402h6Euo_00005_001_a,gt_camera+vae_motion,gt,vae,0.0,0.0,0.04845663905143738,0.01380422618240118,0.0,0.0,0.011682538315653801,0.5382505059242249,0.20321543514728546,99,0.16483011937557393,1.0,1.0,180.8429718017578,180.8429718017578,0.01007550023496151,0.20798185467720032,0.47492465376853943,0.20319831371307373,0.010225784964859486
2017_1rP402h6Euo_00005_001_a,vae_camera+vae_motion,vae,vae,0.0,0.0,5.586441516876221,1.1884685754776,0.5827245712280273,0.015457929112017155,0.011682538315653801,0.5382505059242249,0.20321543514728546,99,0.16069788797061524,1.0,1.0,185.8094940185547,185.8094940185547,0.01007550023496151,0.20798185467720032,0.47492465376853943,0.20319831371307373,0.010225784964859486
2017_1rP402h6Euo_00005_001_a,pulp_camera+gt_motion,pulp,gt,8.794524192810059,0.0,6.669915199279785,1.1326935291290283,0.07549827545881271,0.04715587571263313,0.0,0.0,0.0,99,0.12718089990817263,1.0,1.0,69.05165100097656,69.05165100097656,0.0,0.0,0.0,0.0,0.0
2017_1rP402h6Euo_00005_001_a,gt_camera+pulp_motion,gt,pulp,0.0,0.0,0.04845663905143738,0.01380422618240118,0.0,0.0,0.010188356041908264,0.22253382205963135,0.07339586317539215,99,0.09595959595959595,1.0,1.0,73.69844818115234,73.69844818115234,0.008370233699679375,0.24033480882644653,0.15151157975196838,0.06431993097066879,0.006643402390182018
2017_1rP402h6Euo_00005_001_a,pulp_camera+pulp_motion,pulp,pulp,8.794524192810059,0.0,6.669915199279785,1.1326935291290283,0.07549827545881271,0.04715587571263313,0.010188356041908264,0.22253382205963135,0.07339586317539215,99,0.08723599632690542,1.0,1.0,81.65675354003906,81.65675354003906,0.008370233699679375,0.24033480882644653,0.15151157975196838,0.06431993097066879,0.006643402390182018
2012_oR_XFDHk0Kk_00000_000_a,gt_camera+gt_motion,gt,gt,0.0,0.0,0.0,0.0,0.0,0.0,0.0,0.0,0.0,75,0.7715151515151515,1.0,1.0,0.0,0.0,0.0,0.0,0.0,0.0,0.0
2012_oR_XFDHk0Kk_00000_000_a,vae_camera+gt_motion,vae,gt,0.0,0.0,6.3400702476501465,0.49273183941841125,0.912731945514679,0.022763513028621674,0.0,0.0,0.0,75,0.7709090909090909,1.0,1.0,7.657284736633301,7.657284736633301,0.0,0.0,0.0,0.0,0.0
2012_oR_XFDHk0Kk_00000_000_a,gt_camera+vae_motion,gt,vae,0.0,0.0,0.0,0.0,0.0,0.0,0.03292063996195793,1.364333152770996,0.5890695452690125,75,0.7484848484848485,1.0,1.0,139.65126037597656,139.65126037597656,0.02014511451125145,0.4385262429714203,1.284163475036621,0.5852348208427429,0.03207261860370636
2012_oR_XFDHk0Kk_00000_000_a,vae_camera+vae_motion,vae,vae,0.0,0.0,6.3400702476501465,0.49273183941841125,0.912731945514679,0.022763513028621674,0.03292063996195793,1.364333152770996,0.5890695452690125,75,0.7448484848484849,1.0,1.0,153.37322998046875,153.37322998046875,0.02014511451125145,0.4385262429714203,1.284163475036621,0.5852348208427429,0.03207261860370636
2012_oR_XFDHk0Kk_00000_000_a,pulp_camera+gt_motion,pulp,gt,7.241469860076904,0.0,3.549168586730957,0.8269329071044922,0.07432039082050323,0.04004548117518425,0.0,0.0,0.0,75,0.7575757575757576,1.0,1.0,9.645051002502441,9.645051002502441,0.0,0.0,0.0,0.0,0.0
2012_oR_XFDHk0Kk_00000_000_a,gt_camera+pulp_motion,gt,pulp,0.0,0.0,0.0,0.0,0.0,0.0,0.021085532382130623,0.5642990469932556,0.08795493096113205,75,0.7630303030303031,1.0,1.0,17.619749069213867,17.619749069213867,0.017921440303325653,0.5536599159240723,0.2971610426902771,0.056375253945589066,0.01681755669414997
2012_oR_XFDHk0Kk_00000_000_a,pulp_camera+pulp_motion,pulp,pulp,7.241469860076904,0.0,3.549168586730957,0.8269329071044922,0.07432039082050323,0.04004548117518425,0.021085532382130623,0.5642990469932556,0.08795493096113205,75,0.7563636363636363,1.0,1.0,17.670549392700195,17.670549392700195,0.017921440303325653,0.5536599159240723,0.2971610426902771,0.056375253945589066,0.01681755669414997
2017_jdYgR4Vqwuw_00008_000_a,gt_camera+gt_motion,gt,gt,0.0,0.0,0.03956468030810356,0.015183541923761368,0.0,0.0,0.0,0.0,0.0,118,0.5828197226502311,1.0,1.0,0.0,0.0,0.0,0.0,0.0,0.0,0.0
2017_jdYgR4Vqwuw_00008_000_a,vae_camera+gt_motion,vae,gt,0.0,0.0,3.99948787689209,0.2462770789861679,0.11320260912179947,0.006469502113759518,0.0,0.0,0.0,118,0.5859013867488444,1.0,1.0,3.934847116470337,3.934847116470337,0.0,0.0,0.0,0.0,0.0
2017_jdYgR4Vqwuw_00008_000_a,gt_camera+vae_motion,gt,vae,0.0,0.0,0.03956468030810356,0.015183541923761368,0.0,0.0,0.009832924231886864,1.0148296356201172,0.3698664605617523,118,0.6140215716486903,1.0,1.0,45.83444595336914,45.83444595336914,0.01375542301684618,0.2958831191062927,0.7969678044319153,0.36673495173454285,0.009309925138950348
2017_jdYgR4Vqwuw_00008_000_a,vae_camera+vae_motion,vae,vae,0.0,0.0,3.99948787689209,0.2462770789861679,0.11320260912179947,0.006469502113759518,0.009832924231886864,1.0148296356201172,0.3698664605617523,118,0.6209553158705701,1.0,1.0,47.8480339050293,47.8480339050293,0.01375542301684618,0.2958831191062927,0.7969678044319153,0.36673495173454285,0.009309925138950348
2017_jdYgR4Vqwuw_00008_000_a,pulp_camera+gt_motion,pulp,gt,10.261218070983887,0.0,2.4038729667663574,0.565153181552887,0.12426219880580902,0.06917190551757812,0.0,0.0,0.0,118,0.5408320493066255,1.0,1.0,25.12062644958496,25.12062644958496,0.0,0.0,0.0,0.0,0.0
2017_jdYgR4Vqwuw_00008_000_a,gt_camera+pulp_motion,gt,pulp,0.0,0.0,0.03956468030810356,0.015183541923761368,0.0,0.0,0.009521872736513615,0.7153953313827515,0.07610063254833221,118,0.5697226502311248,1.0,1.0,9.884315490722656,9.884315490722656,0.012946453876793385,0.4325309097766876,0.6492098569869995,0.07400596886873245,0.008504598401486874
2017_jdYgR4Vqwuw_00008_000_a,pulp_camera+pulp_motion,pulp,pulp,10.261218070983887,0.0,2.4038729667663574,0.565153181552887,0.12426219880580902,0.06917190551757812,0.009521872736513615,0.7153953313827515,0.07610063254833221,118,0.525808936825886,1.0,1.0,28.349498748779297,28.349498748779297,0.012946453876793385,0.4325309097766876,0.6492098569869995,0.07400596886873245,0.008504598401486874
2017_QRWluPmgyow_00004_001_a,gt_camera+gt_motion,gt,gt,0.0,0.0,0.0,0.0,0.0,0.0,0.0,0.0,0.0,34,0.42513368983957217,1.0,1.0,0.0,0.0,0.0,0.0,0.0,0.0,0.0
2017_QRWluPmgyow_00004_001_a,vae_camera+gt_motion,vae,gt,0.0,0.0,3.949824810028076,0.757830798625946,0.10399249196052551,0.009799323044717312,0.0,0.0,0.0,34,0.42780748663101603,1.0,1.0,10.52235221862793,10.52235221862793,0.0,0.0,0.0,0.0,0.0
2017_QRWluPmgyow_00004_001_a,gt_camera+vae_motion,gt,vae,0.0,0.0,0.0,0.0,0.0,0.0,0.030090978369116783,0.9040669798851013,0.5902206301689148,34,0.5240641711229946,1.0,1.0,69.74576568603516,69.74576568603516,0.01865968108177185,0.39812755584716797,0.8785430192947388,0.589991569519043,0.029733926057815552
2017_QRWluPmgyow_00004_001_a,vae_camera+vae_motion,vae,vae,0.0,0.0,3.949824810028076,0.757830798625946,0.10399249196052551,0.009799323044717312,0.030090978369116783,0.9040669798851013,0.5902206301689148,34,0.5240641711229946,1.0,1.0,71.07585144042969,71.07585144042969,0.01865968108177185,0.39812755584716797,0.8785430192947388,0.589991569519043,0.029733926057815552
2017_QRWluPmgyow_00004_001_a,pulp_camera+gt_motion,pulp,gt,14.515438079833984,0.0,9.165938377380371,1.448585867881775,0.12137400358915329,0.06001090258359909,0.0,0.0,0.0,34,0.47058823529411764,1.0,1.0,33.506690979003906,33.506690979003906,0.0,0.0,0.0,0.0,0.0
2017_QRWluPmgyow_00004_001_a,gt_camera+pulp_motion,gt,pulp,0.0,0.0,0.0,0.0,0.0,0.0,0.02199108526110649,0.6618402600288391,0.12380033731460571,34,0.4077540106951872,1.0,1.0,30.110122680664062,30.110122680664062,0.02154466137290001,0.48730984330177307,0.5237520337104797,0.12399990111589432,0.019301999360322952
2017_QRWluPmgyow_00004_001_a,pulp_camera+pulp_motion,pulp,pulp,14.515438079833984,0.0,9.165938377380371,1.448585867881775,0.12137400358915329,0.06001090258359909,0.02199108526110649,0.6618402600288391,0.12380033731460571,34,0.4144385026737968,1.0,1.0,30.596656799316406,30.596656799316406,0.02154466137290001,0.48730984330177307,0.5237520337104797,0.12399990111589432,0.019301999360322952
2016_Fjr_CQHJiCo_00004_000_a,gt_camera+gt_motion,gt,gt,0.0,0.0,0.05595290660858154,0.03403938561677933,0.0,0.0,0.0,0.0,0.0,85,0.5417112299465241,1.0,1.0,0.0,0.0,0.0,0.0,0.0,0.0,0.0
2016_Fjr_CQHJiCo_00004_000_a,vae_camera+gt_motion,vae,gt,0.0,0.0,5.4551005363464355,0.46780046820640564,0.8232264518737793,0.015335648320615292,0.0,0.0,0.0,85,0.5342245989304812,1.0,1.0,5.452910900115967,5.452910900115967,0.0,0.0,0.0,0.0,0.0
2016_Fjr_CQHJiCo_00004_000_a,gt_camera+vae_motion,gt,vae,0.0,0.0,0.05595290660858154,0.03403938561677933,0.0,0.0,0.01990426518023014,1.0209087133407593,0.4253290891647339,85,0.6090909090909091,1.0,1.0,55.10198211669922,55.10198211669922,0.01920800283551216,0.39545854926109314,0.9862192273139954,0.4188121557235718,0.01880878582596779
2016_Fjr_CQHJiCo_00004_000_a,vae_camera+vae_motion,vae,vae,0.0,0.0,5.4551005363464355,0.46780046820640564,0.8232264518737793,0.015335648320615292,0.01990426518023014,1.0209087133407593,0.4253290891647339,85,0.6021390374331551,1.0,1.0,55.97271728515625,55.97271728515625,0.01920800283551216,0.39545854926109314,0.9862192273139954,0.4188121557235718,0.01880878582596779
2016_Fjr_CQHJiCo_00004_000_a,pulp_camera+gt_motion,pulp,gt,12.97945785522461,0.0,6.408909797668457,0.7417828440666199,0.06900396943092346,0.050726789981126785,0.0,0.0,0.0,85,0.49518716577540106,1.0,1.0,16.901155471801758,16.901155471801758,0.0,0.0,0.0,0.0,0.0
2016_Fjr_CQHJiCo_00004_000_a,gt_camera+pulp_motion,gt,pulp,0.0,0.0,0.05595290660858154,0.03403938561677933,0.0,0.0,0.015768462792038918,0.4647161364555359,0.11904896795749664,85,0.5112299465240642,1.0,1.0,26.886430740356445,26.886430740356445,0.016107723116874695,0.4433230757713318,0.4192334711551666,0.07589266449213028,0.012362347915768623
2016_Fjr_CQHJiCo_00004_000_a,pulp_camera+pulp_motion,pulp,pulp,12.97945785522461,0.0,6.408909797668457,0.7417828440666199,0.06900396943092346,0.050726789981126785,0.015768462792038918,0.4647161364555359,0.11904896795749664,85,0.474331550802139,1.0,1.0,29.855350494384766,29.855350494384766,0.016107723116874695,0.4433230757713318,0.4192334711551666,0.07589266449213028,0.012362347915768623
2012_CwLcHWwjkV4_00008_000_a,gt_camera+gt_motion,gt,gt,0.0,0.0,0.03956468030810356,0.0011072317138314247,0.0,0.0,0.0,0.0,0.0,61,0.6885245901639344,1.0,1.0,0.0,0.0,0.0,0.0,0.0,0.0,0.0
2012_CwLcHWwjkV4_00008_000_a,vae_camera+gt_motion,vae,gt,0.0,0.0,18.914356231689453,12.373689651489258,0.8756763935089111,0.05710244178771973,0.0,0.0,0.0,61,0.5789865871833085,1.0,1.0,143.787353515625,143.787353515625,0.0,0.0,0.0,0.0,0.0
2012_CwLcHWwjkV4_00008_000_a,gt_camera+vae_motion,gt,vae,0.0,0.0,0.03956468030810356,0.0011072317138314247,0.0,0.0,0.07474589347839355,3.826887369155884,1.7749409675598145,61,0.14605067064083457,1.0,1.0,413.5256042480469,413.5256042480469,0.02480222098529339,0.5144428014755249,3.6167304515838623,1.768157958984375,0.07158045470714569
2012_CwLcHWwjkV4_00008_000_a,vae_camera+vae_motion,vae,vae,0.0,0.0,18.914356231689453,12.373689651489258,0.8756763935089111,0.05710244178771973,0.07474589347839355,3.826887369155884,1.7749409675598145,61,0.09165424739195231,1.0,1.0,546.2074584960938,546.2074584960938,0.02480222098529339,0.5144428014755249,3.6167304515838623,1.768157958984375,0.07158045470714569
2012_CwLcHWwjkV4_00008_000_a,pulp_camera+gt_motion,pulp,gt,23.590335845947266,0.0,5.296609878540039,1.780473232269287,0.37749648094177246,0.12781357765197754,0.0,0.0,0.0,61,0.763785394932936,1.0,1.0,57.634395599365234,57.634395599365234,0.0,0.0,0.0,0.0,0.0
2012_CwLcHWwjkV4_00008_000_a,gt_camera+pulp_motion,gt,pulp,0.0,0.0,0.03956468030810356,0.0011072317138314247,0.0,0.0,0.05604211241006851,2.4501419067382812,0.38276177644729614,61,0.650521609538003,1.0,1.0,45.4933967590332,45.4933967590332,0.03152228891849518,1.1326898336410522,2.190629243850708,0.3665512800216675,0.04971189796924591
2012_CwLcHWwjkV4_00008_000_a,pulp_camera+pulp_motion,pulp,pulp,23.590335845947266,0.0,5.296609878540039,1.780473232269287,0.37749648094177246,0.12781357765197754,0.05604211241006851,2.4501419067382812,0.38276177644729614,61,0.7235469448584203,1.0,1.0,56.53711700439453,56.53711700439453,0.03152228891849518,1.1326898336410522,2.190629243850708,0.3665512800216675,0.04971189796924591
2017_LpDRf3h6OHw_00008_000_b,gt_camera+gt_motion,gt,gt,0.0,0.0,0.03956468030810356,0.004824366886168718,0.0,0.0,0.0,0.0,0.0,14,0.5681818181818182,1.0,1.0,0.0,0.0,0.0,0.0,0.0,0.0,0.0
2017_LpDRf3h6OHw_00008_000_b,vae_camera+gt_motion,vae,gt,0.0,0.0,5.504737854003906,3.359853506088257,0.22752104699611664,0.04361271113157272,0.0,0.0,0.0,14,0.6233766233766234,1.0,1.0,61.905128479003906,61.905128479003906,0.0,0.0,0.0,0.0,0.0
2017_LpDRf3h6OHw_00008_000_b,gt_camera+vae_motion,gt,vae,0.0,0.0,0.03956468030810356,0.004824366886168718,0.0,0.0,0.037039849907159805,0.3787471055984497,0.22269216179847717,14,0.17857142857142858,1.0,1.0,75.09677124023438,75.09677124023438,0.02890166826546192,0.6147955656051636,0.25839611887931824,0.21438336372375488,0.033854302018880844
2017_LpDRf3h6OHw_00008_000_b,vae_camera+vae_motion,vae,vae,0.0,0.0,5.504737854003906,3.359853506088257,0.22752104699611664,0.04361271113157272,0.037039849907159805,0.3787471055984497,0.22269216179847717,14,0.21103896103896103,1.0,1.0,105.7778091430664,105.7778091430664,0.02890166826546192,0.6147955656051636,0.25839611887931824,0.21438336372375488,0.033854302018880844
2017_LpDRf3h6OHw_00008_000_b,pulp_camera+gt_motion,pulp,gt,133.49427795410156,0.0,12.278637886047363,5.471365928649902,0.20695267617702484,0.1474754363298416,0.0,0.0,0.0,14,0.5844155844155844,1.0,1.0,137.0429229736328,137.0429229736328,0.0,0.0,0.0,0.0,0.0
2017_LpDRf3h6OHw_00008_000_b,gt_camera+pulp_motion,gt,pulp,0.0,0.0,0.03956468030810356,0.004824366886168718,0.0,0.0,0.0884900614619255,1.1909247636795044,0.44130271673202515,14,0.23376623376623376,1.0,1.0,83.97879791259766,83.97879791259766,0.038070425391197205,1.2198389768600464,1.0123428106307983,0.3661946654319763,0.08153583109378815
2017_LpDRf3h6OHw_00008_000_b,pulp_camera+pulp_motion,pulp,pulp,133.49427795410156,0.0,12.278637886047363,5.471365928649902,0.20695267617702484,0.1474754363298416,0.0884900614619255,1.1909247636795044,0.44130271673202515,14,0.551948051948052,1.0,1.0,77.13931274414062,77.13931274414062,0.038070425391197205,1.2198389768600464,1.0123428106307983,0.3661946654319763,0.08153583109378815
2012_wrrxHvC1J7I_00009_001_a,gt_camera+gt_motion,gt,gt,0.0,0.0,0.02797645330429077,0.003197308862581849,0.0,0.0,0.0,0.0,0.0,35,0.6610389610389611,1.0,1.0,0.0,0.0,0.0,0.0,0.0,0.0,0.0
2012_wrrxHvC1J7I_00009_001_a,vae_camera+gt_motion,vae,gt,0.0,0.0,28.54806137084961,14.633216857910156,0.6582553386688232,0.13660643994808197,0.0,0.0,0.0,35,0.6844155844155844,1.0,1.0,137.0765838623047,137.0765838623047,0.0,0.0,0.0,0.0,0.0
2012_wrrxHvC1J7I_00009_001_a,gt_camera+vae_motion,gt,vae,0.0,0.0,0.02797645330429077,0.003197308862581849,0.0,0.0,0.0766579881310463,0.8759754300117493,0.2994477450847626,35,0.574025974025974,1.0,1.0,141.3463134765625,141.3463134765625,0.03828953951597214,0.7668158411979675,0.6623495221138,0.29974403977394104,0.06721556186676025
2012_wrrxHvC1J7I_00009_001_a,vae_camera+vae_motion,vae,vae,0.0,0.0,28.54806137084961,14.633216857910156,0.6582553386688232,0.13660643994808197,0.0766579881310463,0.8759754300117493,0.2994477450847626,35,0.564935064935065,1.0,1.0,196.0916748046875,196.0916748046875,0.03828953951597214,0.7668158411979675,0.6623495221138,0.29974403977394104,0.06721556186676025
2012_wrrxHvC1J7I_00009_001_a,pulp_camera+gt_motion,pulp,gt,53.261878967285156,0.0,24.714475631713867,10.97772216796875,0.6531550884246826,0.3279206454753876,0.0,0.0,0.0,35,0.487012987012987,1.0,1.0,265.7849426269531,265.7849426269531,0.0,0.0,0.0,0.0,0.0
2012_wrrxHvC1J7I_00009_001_a,gt_camera+pulp_motion,gt,pulp,0.0,0.0,0.02797645330429077,0.003197308862581849,0.0,0.0,0.07299444824457169,0.6955989599227905,0.19170714914798737,35,0.6415584415584416,1.0,1.0,88.4205322265625,88.4205322265625,0.04945444315671921,1.333164930343628,0.2832834720611572,0.13883738219738007,0.05545467510819435
2012_wrrxHvC1J7I_00009_001_a,pulp_camera+pulp_motion,pulp,pulp,53.261878967285156,0.0,24.714475631713867,10.97772216796875,0.6531550884246826,0.3279206454753876,0.07299444824457169,0.6955989599227905,0.19170714914798737,35,0.4935064935064935,1.0,1.0,238.92532348632812,238.92532348632812,0.04945444315671921,1.333164930343628,0.2832834720611572,0.13883738219738007,0.05545467510819435
2019_O4PP1tdCHJA_00007_003_c,gt_camera+gt_motion,gt,gt,0.0,0.0,0.02797645330429077,0.0015542474575340748,0.0,0.0,0.0,0.0,0.0,18,0.5984848484848485,1.0,1.0,0.0,0.0,0.0,0.0,0.0,0.0,0.0
2019_O4PP1tdCHJA_00007_003_c,vae_camera+gt_motion,vae,gt,0.0,0.0,3.9866385459899902,0.7065104246139526,0.10742221027612686,0.012809302657842636,0.0,0.0,0.0,18,0.5959595959595959,1.0,1.0,10.06637191772461,10.06637191772461,0.0,0.0,0.0,0.0,0.0
2019_O4PP1tdCHJA_00007_003_c,gt_camera+vae_motion,gt,vae,0.0,0.0,0.02797645330429077,0.0015542474575340748,0.0,0.0,0.038083937019109726,0.3531591296195984,0.12041697651147842,18,0.5732323232323232,1.0,1.0,47.50688552856445,47.50688552856445,0.04210604354739189,0.8606626987457275,0.15245577692985535,0.10430607199668884,0.0334404855966568
2019_O4PP1tdCHJA_00007_003_c,vae_camera+vae_motion,vae,vae,0.0,0.0,3.9866385459899902,0.7065104246139526,0.10742221027612686,0.012809302657842636,0.038083937019109726,0.3531591296195984,0.12041697651147842,18,0.5732323232323232,1.0,1.0,48.93592071533203,48.93592071533203,0.04210604354739189,0.8606626987457275,0.15245577692985535,0.10430607199668884,0.0334404855966568
2019_O4PP1tdCHJA_00007_003_c,pulp_camera+gt_motion,pulp,gt,140.57257080078125,0.0,1.7914400100708008,0.9764788150787354,0.14533007144927979,0.12217846512794495,0.0,0.0,0.0,18,0.5353535353535354,1.0,1.0,51.47890853881836,51.47890853881836,0.0,0.0,0.0,0.0,0.0
2019_O4PP1tdCHJA_00007_003_c,gt_camera+pulp_motion,gt,pulp,0.0,0.0,0.02797645330429077,0.0015542474575340748,0.0,0.0,0.029929926618933678,0.5460545420646667,0.13231265544891357,18,0.6262626262626263,1.0,1.0,30.364444732666016,30.364444732666016,0.05264037847518921,2.00435733795166,0.229474276304245,0.11193650215864182,0.018626010045409203
2019_O4PP1tdCHJA_00007_003_c,pulp_camera+pulp_motion,pulp,pulp,140.57257080078125,0.0,1.7914400100708008,0.9764788150787354,0.14533007144927979,0.12217846512794495,0.029929926618933678,0.5460545420646667,0.13231265544891357,18,0.5454545454545454,1.0,1.0,64.42176818847656,64.42176818847656,0.05264037847518921,2.00435733795166,0.229474276304245,0.11193650215864182,0.018626010045409203
2017_-arTRBtT9d4_00033_000_a,gt_camera+gt_motion,gt,gt,0.0,0.0,0.02797645330429077,0.0002497897658031434,0.0,0.0,0.0,0.0,0.0,112,0.8551136363636364,1.0,1.0,0.0,0.0,0.0,0.0,0.0,0.0,0.0
2017_-arTRBtT9d4_00033_000_a,vae_camera+gt_motion,vae,gt,0.0,0.0,25.2662410736084,19.75398063659668,0.4353257417678833,0.03870891407132149,0.0,0.0,0.0,112,0.7991071428571429,1.0,1.0,78.31839752197266,78.31839752197266,0.0,0.0,0.0,0.0,0.0
2017_-arTRBtT9d4_00033_000_a,gt_camera+vae_motion,gt,vae,0.0,0.0,0.02797645330429077,0.0002497897658031434,0.0,0.0,0.18232949078083038,3.0391154289245605,1.9895683526992798,112,0.26866883116883117,1.0,1.0,152.7452392578125,152.7452392578125,0.028630711138248444,0.6002927422523499,2.8981118202209473,1.9891979694366455,0.1744777262210846
2017_-arTRBtT9d4_00033_000_a,vae_camera+vae_motion,vae,vae,0.0,0.0,25.2662410736084,19.75398063659668,0.4353257417678833,0.03870891407132149,0.18232949078083038,3.0391154289245605,1.9895683526992798,112,0.11444805194805195,1.0,1.0,192.30494689941406,192.30494689941406,0.028630711138248444,0.6002927422523499,2.8981118202209473,1.9891979694366455,0.1744777262210846
2017_-arTRBtT9d4_00033_000_a,pulp_camera+gt_motion,pulp,gt,17.627323150634766,0.0,6.354959011077881,2.5311543941497803,0.6487259268760681,0.6091694235801697,0.0,0.0,0.0,112,0.6034902597402597,1.0,1.0,150.9014892578125,150.9014892578125,0.0,0.0,0.0,0.0,0.0
2017_-arTRBtT9d4_00033_000_a,gt_camera+pulp_motion,gt,pulp,0.0,0.0,0.02797645330429077,0.0002497897658031434,0.0,0.0,0.16789451241493225,2.125934600830078,0.6636543869972229,112,0.7840909090909091,1.0,1.0,54.13750457763672,54.13750457763672,0.0431540422141552,1.5141171216964722,1.5801948308944702,0.651045024394989,0.15619173645973206
2017_-arTRBtT9d4_00033_000_a,pulp_camera+pulp_motion,pulp,pulp,17.627323150634766,0.0,6.354959011077881,2.5311543941497803,0.6487259268760681,0.6091694235801697,0.16789451241493225,2.125934600830078,0.6636543869972229,112,0.7711038961038961,1.0,1.0,129.91424560546875,129.91424560546875,0.0431540422141552,1.5141171216964722,1.5801948308944702,0.651045024394989,0.15619173645973206
2017_hY6HUmWzaO8_00027_004_a,gt_camera+gt_motion,gt,gt,0.0,0.0,0.03956468030810356,0.003554796800017357,0.0,0.0,0.0,0.0,0.0,38,0.09210526315789473,1.0,1.0,0.0,0.0,0.0,0.0,0.0,0.0,0.0
2017_hY6HUmWzaO8_00027_004_a,vae_camera+gt_motion,vae,gt,0.0,0.0,10.148656845092773,1.725947380065918,0.21719056367874146,0.02152142859995365,0.0,0.0,0.0,38,0.1076555023923445,1.0,1.0,44.23526382446289,44.23526382446289,0.0,0.0,0.0,0.0,0.0
2017_hY6HUmWzaO8_00027_004_a,gt_camera+vae_motion,gt,vae,0.0,0.0,0.03956468030810356,0.003554796800017357,0.0,0.0,0.018388263881206512,0.24561604857444763,0.12657351791858673,38,0.09808612440191387,1.0,1.0,118.25643920898438,118.25643920898438,0.014233315363526344,0.3038746416568756,0.20835746824741364,0.12320037931203842,0.017018849030137062
2017_hY6HUmWzaO8_00027_004_a,vae_camera+vae_motion,vae,vae,0.0,0.0,10.148656845092773,1.725947380065918,0.21719056367874146,0.02152142859995365,0.018388263881206512,0.24561604857444763,0.12657351791858673,38,0.1076555023923445,1.0,1.0,121.81460571289062,121.81460571289062,0.014233315363526344,0.3038746416568756,0.20835746824741364,0.12320037931203842,0.017018849030137062
2017_hY6HUmWzaO8_00027_004_a,pulp_camera+gt_motion,pulp,gt,38.16749954223633,0.0,9.302820205688477,1.8519586324691772,0.15832030773162842,0.12030088156461716,0.0,0.0,0.0,38,0.08971291866028708,1.0,1.0,68.45079803466797,68.45079803466797,0.0,0.0,0.0,0.0,0.0
2017_hY6HUmWzaO8_00027_004_a,gt_camera+pulp_motion,gt,pulp,0.0,0.0,0.03956468030810356,0.003554796800017357,0.0,0.0,0.017357755452394485,0.24597422778606415,0.08924324810504913,38,0.09688995215311005,1.0,1.0,81.65612030029297,81.65612030029297,0.01505149994045496,0.5709040760993958,0.14023268222808838,0.06410529464483261,0.014716881327331066
2017_hY6HUmWzaO8_00027_004_a,pulp_camera+pulp_motion,pulp,pulp,38.16749954223633,0.0,9.302820205688477,1.8519586324691772,0.15832030773162842,0.12030088156461716,0.017357755452394485,0.24597422778606415,0.08924324810504913,38,0.08732057416267942,1.0,1.0,93.09922790527344,93.09922790527344,0.01505149994045496,0.5709040760993958,0.14023268222808838,0.06410529464483261,0.014716881327331066
2012_D8V0rLDKZL8_00000_000_a,gt_camera+gt_motion,gt,gt,0.0,0.0,0.03956468030810356,0.0044261738657951355,0.0,0.0,0.0,0.0,0.0,80,0.3346590909090909,1.0,1.0,0.0,0.0,0.0,0.0,0.0,0.0,0.0
2012_D8V0rLDKZL8_00000_000_a,vae_camera+gt_motion,vae,gt,0.0,0.0,23.15522575378418,12.479692459106445,0.2155836671590805,0.03724459558725357,0.0,0.0,0.0,80,0.4556818181818182,1.0,1.0,202.2078094482422,202.2078094482422,0.0,0.0,0.0,0.0,0.0
2012_D8V0rLDKZL8_00000_000_a,gt_camera+vae_motion,gt,vae,0.0,0.0,0.03956468030810356,0.0044261738657951355,0.0,0.0,0.032219331711530685,0.7554704546928406,0.40271610021591187,80,0.2278409090909091,1.0,1.0,153.07308959960938,153.07308959960938,0.02788153849542141,0.6131595373153687,0.685982882976532,0.3997531533241272,0.031151313334703445
2012_D8V0rLDKZL8_00000_000_a,vae_camera+vae_motion,vae,vae,0.0,0.0,23.15522575378418,12.479692459106445,0.2155836671590805,0.03724459558725357,0.032219331711530685,0.7554704546928406,0.40271610021591187,80,0.48011363636363635,1.0,1.0,259.7164306640625,259.7164306640625,0.02788153849542141,0.6131595373153687,0.685982882976532,0.3997531533241272,0.031151313334703445
2012_D8V0rLDKZL8_00000_000_a,pulp_camera+gt_motion,pulp,gt,37.18822479248047,0.0,7.864868640899658,2.9798214435577393,0.40196171402931213,0.2187819927930832,0.0,0.0,0.0,80,0.4329545454545455,1.0,1.0,152.8185577392578,152.8185577392578,0.0,0.0,0.0,0.0,0.0
2012_D8V0rLDKZL8_00000_000_a,gt_camera+pulp_motion,gt,pulp,0.0,0.0,0.03956468030810356,0.0044261738657951355,0.0,0.0,0.018174530938267708,0.6424683928489685,0.16025730967521667,80,0.24431818181818182,1.0,1.0,84.59266662597656,84.59266662597656,0.025390513241291046,0.6170142889022827,0.16992315649986267,0.11021339893341064,0.014187862165272236
2012_D8V0rLDKZL8_00000_000_a,pulp_camera+pulp_motion,pulp,pulp,37.18822479248047,0.0,7.864868640899658,2.9798214435577393,0.40196171402931213,0.2187819927930832,0.018174530938267708,0.6424683928489685,0.16025730967521667,80,0.4119318181818182,1.0,1.0,155.6671905517578,155.6671905517578,0.025390513241291046,0.6170142889022827,0.16992315649986267,0.11021339893341064,0.014187862165272236
2019_vcdDRblTOmM_00038_001_a,gt_camera+gt_motion,gt,gt,0.0,0.0,0.03956468030810356,0.02109006978571415,0.0,0.0,0.0,0.0,0.0,35,0.08441558441558442,1.0,1.0,0.0,0.0,0.0,0.0,0.0,0.0,0.0
2019_vcdDRblTOmM_00038_001_a,vae_camera+gt_motion,vae,gt,0.0,0.0,8.40003776550293,0.7518783807754517,0.5830526351928711,0.02698679454624653,0.0,0.0,0.0,35,0.08051948051948052,0.9987012987012988,0.9987012987012988,3343444.0,122.681884765625,0.0,0.0,0.0,0.0,0.0
2019_vcdDRblTOmM_00038_001_a,gt_camera+vae_motion,gt,vae,0.0,0.0,0.03956468030810356,0.02109006978571415,0.0,0.0,0.020572541281580925,0.4223167300224304,0.16146311163902283,35,0.04415584415584416,1.0,1.0,281.0313720703125,281.0313720703125,0.021934883669018745,0.41971513628959656,0.3571973741054535,0.1548059731721878,0.019477887079119682
2019_vcdDRblTOmM_00038_001_a,vae_camera+vae_motion,vae,vae,0.0,0.0,8.40003776550293,0.7518783807754517,0.5830526351928711,0.02698679454624653,0.020572541281580925,0.4223167300224304,0.16146311163902283,35,0.04155844155844156,0.9935064935064936,0.9935064935064936,24489570.0,479.89031982421875,0.021934883669018745,0.41971513628959656,0.3571973741054535,0.1548059731721878,0.019477887079119682
2019_vcdDRblTOmM_00038_001_a,pulp_camera+gt_motion,pulp,gt,27.86202621459961,0.0,2.0111026763916016,0.6095202565193176,0.028204582631587982,0.023329388350248337,0.0,0.0,0.0,35,0.07662337662337662,1.0,1.0,46.80216598510742,46.80216598510742,0.0,0.0,0.0,0.0,0.0
2019_vcdDRblTOmM_00038_001_a,gt_camera+pulp_motion,gt,pulp,0.0,0.0,0.03956468030810356,0.02109006978571415,0.0,0.0,0.011135207489132881,0.2122843861579895,0.028950313106179237,35,0.08311688311688312,1.0,1.0,53.88174057006836,53.88174057006836,0.021503251045942307,1.690263032913208,0.0520491749048233,0.0217316634953022,0.005629908759146929
2019_vcdDRblTOmM_00038_001_a,pulp_camera+pulp_motion,pulp,pulp,27.86202621459961,0.0,2.0111026763916016,0.6095202565193176,0.028204582631587982,0.023329388350248337,0.011135207489132881,0.2122843861579895,0.028950313106179237,35,0.07272727272727272,1.0,1.0,62.82470703125,62.82470703125,0.021503251045942307,1.690263032913208,0.0520491749048233,0.0217316634953022,0.005629908759146929
2015_t31U3QAkClM_00023_001_c,gt_camera+gt_motion,gt,gt,0.0,0.0,0.03956468030810356,0.016432274132966995,0.0,0.0,0.0,0.0,0.0,129,0.7075405214940098,1.0,1.0,0.0,0.0,0.0,0.0,0.0,0.0,0.0
2015_t31U3QAkClM_00023_001_c,vae_camera+gt_motion,vae,gt,0.0,0.0,10.912046432495117,1.6401633024215698,1.3491127490997314,0.03075382672250271,0.0,0.0,0.0,129,0.7586328400281889,1.0,1.0,38.219703674316406,38.219703674316406,0.0,0.0,0.0,0.0,0.0
2015_t31U3QAkClM_00023_001_c,gt_camera+vae_motion,gt,vae,0.0,0.0,0.03956468030810356,0.016432274132966995,0.0,0.0,0.03536390885710716,3.0709829330444336,1.8589049577713013,129,0.4584214235377026,1.0,1.0,321.0464172363281,321.0464172363281,0.017591891810297966,0.36624130606651306,3.039046049118042,1.855849266052246,0.03505473583936691
2015_t31U3QAkClM_00023_001_c,vae_camera+vae_motion,vae,vae,0.0,0.0,10.912046432495117,1.6401633024215698,1.3491127490997314,0.03075382672250271,0.03536390885710716,3.0709829330444336,1.8589049577713013,129,0.49823819591261453,1.0,1.0,309.9177551269531,309.9177551269531,0.017591891810297966,0.36624130606651306,3.039046049118042,1.855849266052246,0.03505473583936691
2015_t31U3QAkClM_00023_001_c,pulp_camera+gt_motion,pulp,gt,39.766380310058594,0.0,10.277586936950684,0.7824273109436035,0.08055152744054794,0.056369032710790634,0.0,0.0,0.0,129,0.748062015503876,1.0,1.0,27.74155616760254,27.74155616760254,0.0,0.0,0.0,0.0,0.0
2015_t31U3QAkClM_00023_001_c,gt_camera+pulp_motion,gt,pulp,0.0,0.0,0.03956468030810356,0.016432274132966995,0.0,0.0,0.019536571577191353,0.9186908602714539,0.1411566287279129,129,0.682522903453136,1.0,1.0,37.62017059326172,37.62017059326172,0.01899879239499569,0.6002284288406372,0.7742331027984619,0.1348429173231125,0.017819281667470932
2015_t31U3QAkClM_00023_001_c,pulp_camera+pulp_motion,pulp,pulp,39.766380310058594,0.0,10.277586936950684,0.7824273109436035,0.08055152744054794,0.056369032710790634,0.019536571577191353,0.9186908602714539,0.1411566287279129,129,0.7290345313601128,1.0,1.0,41.58344650268555,41.58344650268555,0.01899879239499569,0.6002284288406372,0.7742331027984619,0.1348429173231125,0.017819281667470932
2019_eUogxXRPC7E_00006_000_a,gt_camera+gt_motion,gt,gt,0.0,0.0,0.03956468030810356,0.005409660283476114,0.0,0.0,0.0,0.0,0.0,168,0.6539502164502164,1.0,1.0,0.0,0.0,0.0,0.0,0.0,0.0,0.0
2019_eUogxXRPC7E_00006_000_a,vae_camera+gt_motion,vae,gt,0.0,0.0,11.236661911010742,2.474905014038086,0.29266852140426636,0.017178112640976906,0.0,0.0,0.0,168,0.6985930735930735,1.0,1.0,37.69175720214844,37.69175720214844,0.0,0.0,0.0,0.0,0.0
2019_eUogxXRPC7E_00006_000_a,gt_camera+vae_motion,gt,vae,0.0,0.0,0.03956468030810356,0.005409660283476114,0.0,0.0,0.031281549483537674,1.7322674989700317,0.89299076795578,168,0.49134199134199136,1.0,1.0,95.3389663696289,95.3389663696289,0.015876926481723785,0.35781359672546387,1.6228772401809692,0.8938895463943481,0.03014981374144554
2019_eUogxXRPC7E_00006_000_a,vae_camera+vae_motion,vae,vae,0.0,0.0,11.236661911010742,2.474905014038086,0.29266852140426636,0.017178112640976906,0.031281549483537674,1.7322674989700317,0.89299076795578,168,0.5581709956709957,1.0,1.0,89.31834411621094,89.31834411621094,0.015876926481723785,0.35781359672546387,1.6228772401809692,0.8938895463943481,0.03014981374144554
2019_eUogxXRPC7E_00006_000_a,pulp_camera+gt_motion,pulp,gt,9.115139961242676,0.0,3.0594065189361572,1.0506612062454224,0.1745012402534485,0.07636431604623795,0.0,0.0,0.0,168,0.6607142857142857,1.0,1.0,15.90386962890625,15.90386962890625,0.0,0.0,0.0,0.0,0.0
2019_eUogxXRPC7E_00006_000_a,gt_camera+pulp_motion,gt,pulp,0.0,0.0,0.03956468030810356,0.005409660283476114,0.0,0.0,0.03173140808939934,2.2793173789978027,0.37772274017333984,168,0.6377164502164502,1.0,1.0,41.54214859008789,41.54214859008789,0.018269868567585945,0.49603453278541565,1.966179370880127,0.3466009795665741,0.027595339342951775
2019_eUogxXRPC7E_00006_000_a,pulp_camera+pulp_motion,pulp,pulp,9.115139961242676,0.0,3.0594065189361572,1.0506612062454224,0.1745012402534485,0.07636431604623795,0.03173140808939934,2.2793173789978027,0.37772274017333984,168,0.6452922077922078,1.0,1.0,37.6786994934082,37.6786994934082,0.018269868567585945,0.49603453278541565,1.966179370880127,0.3466009795665741,0.027595339342951775
2012_4ZOT0aLogWU_00009_000_b,gt_camera+gt_motion,gt,gt,0.0,0.0,0.05595290660858154,0.038439106196165085,0.0,0.0,0.0,0.0,0.0,108,0.22727272727272727,1.0,1.0,0.0,0.0,0.0,0.0,0.0,0.0,0.0
2012_4ZOT0aLogWU_00009_000_b,vae_camera+gt_motion,vae,gt,0.0,0.0,5.007894039154053,0.6822565793991089,0.28241971135139465,0.0081626046448946,0.0,0.0,0.0,108,0.2281144781144781,1.0,1.0,13.640064239501953,13.640064239501953,0.0,0.0,0.0,0.0,0.0
2012_4ZOT0aLogWU_00009_000_b,gt_camera+vae_motion,gt,vae,0.0,0.0,0.05595290660858154,0.038439106196165085,0.0,0.0,0.008801409974694252,0.8687824606895447,0.45130786299705505,108,0.2984006734006734,1.0,1.0,155.68443298339844,155.68443298339844,0.01409147772938013,0.352321058511734,0.8042986989021301,0.4547560214996338,0.008565375581383705
2012_4ZOT0aLogWU_00009_000_b,vae_camera+vae_motion,vae,vae,0.0,0.0,5.007894039154053,0.6822565793991089,0.28241971135139465,0.0081626046448946,0.008801409974694252,0.8687824606895447,0.45130786299705505,108,0.28619528619528617,1.0,1.0,149.70619201660156,149.70619201660156,0.01409147772938013,0.352321058511734,0.8042986989021301,0.4547560214996338,0.008565375581383705
2012_4ZOT0aLogWU_00009_000_b,pulp_camera+gt_motion,pulp,gt,7.394408226013184,0.0,4.380610466003418,0.4043935239315033,0.07932636886835098,0.05465562641620636,0.0,0.0,0.0,108,0.1632996632996633,1.0,1.0,30.753665924072266,30.753665924072266,0.0,0.0,0.0,0.0,0.0
2012_4ZOT0aLogWU_00009_000_b,gt_camera+pulp_motion,gt,pulp,0.0,0.0,0.05595290660858154,0.038439106196165085,0.0,0.0,0.0032762615010142326,0.11463256925344467,0.022797243669629097,108,0.2302188552188552,1.0,1.0,19.732444763183594,19.732444763183594,0.00967267993837595,0.37161293625831604,0.05739617347717285,0.018793169409036636,0.001845332095399499
2012_4ZOT0aLogWU_00009_000_b,pulp_camera+pulp_motion,pulp,pulp,7.394408226013184,0.0,4.380610466003418,0.4043935239315033,0.07932636886835098,0.05465562641620636,0.0032762615010142326,0.11463256925344467,0.022797243669629097,108,0.19318181818181818,1.0,1.0,24.758386611938477,24.758386611938477,0.00967267993837595,0.37161293625831604,0.05739617347717285,0.018793169409036636,0.001845332095399499
2016_7HZj_fM4yTg_00029_000_a,gt_camera+gt_motion,gt,gt,0.0,0.0,0.05595290660858154,0.014346377924084663,0.0,0.0,0.0,0.0,0.0,39,0.6468531468531469,1.0,1.0,0.0,0.0,0.0,0.0,0.0,0.0,0.0
2016_7HZj_fM4yTg_00029_000_a,vae_camera+gt_motion,vae,gt,0.0,0.0,12.898731231689453,1.5913465023040771,1.2261396646499634,0.06767959892749786,0.0,0.0,0.0,39,0.6666666666666666,1.0,1.0,29.32126235961914,29.32126235961914,0.0,0.0,0.0,0.0,0.0
2016_7HZj_fM4yTg_00029_000_a,gt_camera+vae_motion,gt,vae,0.0,0.0,0.05595290660858154,0.014346377924084663,0.0,0.0,0.05042366310954094,1.4222416877746582,0.6133459806442261,39,0.36713286713286714,1.0,1.0,85.0152816772461,85.0152816772461,0.02057093009352684,0.40567025542259216,1.380096197128296,0.6095820665359497,0.04573215916752815
2016_7HZj_fM4yTg_00029_000_a,vae_camera+vae_motion,vae,vae,0.0,0.0,12.898731231689453,1.5913465023040771,1.2261396646499634,0.06767959892749786,0.05042366310954094,1.4222416877746582,0.6133459806442261,39,0.4090909090909091,1.0,1.0,85.5882339477539,85.5882339477539,0.02057093009352684,0.40567025542259216,1.380096197128296,0.6095820665359497,0.04573215916752815
2016_7HZj_fM4yTg_00029_000_a,pulp_camera+gt_motion,pulp,gt,19.936603546142578,0.0,10.42348861694336,3.30161190032959,0.42430758476257324,0.16407622396945953,0.0,0.0,0.0,39,0.6911421911421911,1.0,1.0,57.87027359008789,57.87027359008789,0.0,0.0,0.0,0.0,0.0
2016_7HZj_fM4yTg_00029_000_a,gt_camera+pulp_motion,gt,pulp,0.0,0.0,0.05595290660858154,0.014346377924084663,0.0,0.0,0.05582126975059509,1.326239824295044,0.28085431456565857,39,0.6247086247086248,1.0,1.0,25.97201919555664,25.97201919555664,0.02619353123009205,0.8391515016555786,1.1183346509933472,0.2684963643550873,0.049526166170835495
2016_7HZj_fM4yTg_00029_000_a,pulp_camera+pulp_motion,pulp,pulp,19.936603546142578,0.0,10.42348861694336,3.30161190032959,0.42430758476257324,0.16407622396945953,0.05582126975059509,1.326239824295044,0.28085431456565857,39,0.682983682983683,1.0,1.0,55.42185592651367,55.42185592651367,0.02619353123009205,0.8391515016555786,1.1183346509933472,0.2684963643550873,0.049526166170835495
2017_3KdgZgQRDU0_00004_000_a,gt_camera+gt_motion,gt,gt,0.0,0.0,0.03956468030810356,0.0060277702286839485,0.0,0.0,0.0,0.0,0.0,97,0.17432052483598875,1.0,1.0,0.0,0.0,0.0,0.0,0.0,0.0,0.0
2017_3KdgZgQRDU0_00004_000_a,vae_camera+gt_motion,vae,gt,0.0,0.0,7.896848201751709,1.1572023630142212,0.6024612188339233,0.020002305507659912,0.0,0.0,0.0,97,0.12511715089034678,1.0,1.0,25.672698974609375,25.672698974609375,0.0,0.0,0.0,0.0,0.0
2017_3KdgZgQRDU0_00004_000_a,gt_camera+vae_motion,gt,vae,0.0,0.0,0.03956468030810356,0.0060277702286839485,0.0,0.0,0.01305339764803648,0.8642023801803589,0.31997179985046387,97,0.27928772258669166,1.0,1.0,232.95916748046875,232.95916748046875,0.012270571663975716,0.24437208473682404,0.7521155476570129,0.333091139793396,0.012905578128993511
2017_3KdgZgQRDU0_00004_000_a,vae_camera+vae_motion,vae,vae,0.0,0.0,7.896848201751709,1.1572023630142212,0.6024612188339233,0.020002305507659912,0.01305339764803648,0.8642023801803589,0.31997179985046387,97,0.26382380506091846,1.0,1.0,229.7537078857422,229.7537078857422,0.012270571663975716,0.24437208473682404,0.7521155476570129,0.333091139793396,0.012905578128993511
2017_3KdgZgQRDU0_00004_000_a,pulp_camera+gt_motion,pulp,gt,14.948392868041992,0.0,5.476899147033691,0.8363175392150879,0.09934071451425552,0.055667538195848465,0.0,0.0,0.0,97,0.11293345829428304,1.0,1.0,73.38522338867188,73.38522338867188,0.0,0.0,0.0,0.0,0.0
2017_3KdgZgQRDU0_00004_000_a,gt_camera+pulp_motion,gt,pulp,0.0,0.0,0.03956468030810356,0.0060277702286839485,0.0,0.0,0.006634271703660488,0.1485922485589981,0.03942117467522621,97,0.15557638238050608,1.0,1.0,24.299213409423828,24.299213409423828,0.009801811538636684,0.48356908559799194,0.07892496883869171,0.03785362094640732,0.005376901011914015
2017_3KdgZgQRDU0_00004_000_a,pulp_camera+pulp_motion,pulp,pulp,14.948392868041992,0.0,5.476899147033691,0.8363175392150879,0.09934071451425552,0.055667538195848465,0.006634271703660488,0.1485922485589981,0.03942117467522621,97,0.09887535145267104,1.0,1.0,63.90456771850586,63.90456771850586,0.009801811538636684,0.48356908559799194,0.07892496883869171,0.03785362094640732,0.005376901011914015
2017_Bxh85MB9FOE_00011_001_a,gt_camera+gt_motion,gt,gt,0.0,0.0,0.02797645330429077,0.0038149708416312933,0.0,0.0,0.0,0.0,0.0,66,0.5840220385674931,1.0,1.0,0.0,0.0,0.0,0.0,0.0,0.0,0.0
2017_Bxh85MB9FOE_00011_001_a,vae_camera+gt_motion,vae,gt,0.0,0.0,9.012100219726562,5.354475498199463,0.4167059659957886,0.04200317710638046,0.0,0.0,0.0,66,0.731404958677686,1.0,1.0,53.61093521118164,53.61093521118164,0.0,0.0,0.0,0.0,0.0
2017_Bxh85MB9FOE_00011_001_a,gt_camera+vae_motion,gt,vae,0.0,0.0,0.02797645330429077,0.0038149708416312933,0.0,0.0,0.056683510541915894,3.40902042388916,1.6172300577163696,66,0.3884297520661157,1.0,1.0,167.5894317626953,167.5894317626953,0.020050188526511192,0.4341309368610382,3.086732864379883,1.6239843368530273,0.055204179137945175
2017_Bxh85MB9FOE_00011_001_a,vae_camera+vae_motion,vae,vae,0.0,0.0,9.012100219726562,5.354475498199463,0.4167059659957886,0.04200317710638046,0.056683510541915894,3.40902042388916,1.6172300577163696,66,0.49449035812672176,1.0,1.0,169.4401092529297,169.4401092529297,0.020050188526511192,0.4341309368610382,3.086732864379883,1.6239843368530273,0.055204179137945175
2017_Bxh85MB9FOE_00011_001_a,pulp_camera+gt_motion,pulp,gt,24.56867790222168,0.0,3.624283790588379,1.560664415359497,0.3487769067287445,0.1759072095155716,0.0,0.0,0.0,66,0.5771349862258953,1.0,1.0,22.98772621154785,22.98772621154785,0.0,0.0,0.0,0.0,0.0
2017_Bxh85MB9FOE_00011_001_a,gt_camera+pulp_motion,gt,pulp,0.0,0.0,0.02797645330429077,0.0038149708416312933,0.0,0.0,0.03500001132488251,1.0896509885787964,0.21817974746227264,66,0.5922865013774105,1.0,1.0,14.926674842834473,14.926674842834473,0.025665534660220146,0.8190170526504517,1.0547078847885132,0.2162475287914276,0.034995343536138535
2017_Bxh85MB9FOE_00011_001_a,pulp_camera+pulp_motion,pulp,pulp,24.56867790222168,0.0,3.624283790588379,1.560664415359497,0.3487769067287445,0.1759072095155716,0.03500001132488251,1.0896509885787964,0.21817974746227264,66,0.5847107438016529,1.0,1.0,15.889808654785156,15.889808654785156,0.025665534660220146,0.8190170526504517,1.0547078847885132,0.2162475287914276,0.034995343536138535
2017_f2Hz2k2PcfI_00000_000_a,gt_camera+gt_motion,gt,gt,0.0,0.0,0.0,0.0,0.0,0.0,0.0,0.0,0.0,38,0.3181818181818182,1.0,1.0,0.0,0.0,0.0,0.0,0.0,0.0,0.0
2017_f2Hz2k2PcfI_00000_000_a,vae_camera+gt_motion,vae,gt,0.0,0.0,3.4359278678894043,0.38195523619651794,0.31413188576698303,0.016049394384026527,0.0,0.0,0.0,38,0.3241626794258373,1.0,1.0,10.817371368408203,10.817371368408203,0.0,0.0,0.0,0.0,0.0
2017_f2Hz2k2PcfI_00000_000_a,gt_camera+vae_motion,gt,vae,0.0,0.0,0.0,0.0,0.0,0.0,0.010757746174931526,0.3769230544567108,0.17254489660263062,38,0.3672248803827751,1.0,1.0,98.79118347167969,98.79118347167969,0.024172447621822357,0.5481670498847961,0.3147397041320801,0.16324424743652344,0.009716250002384186
2017_f2Hz2k2PcfI_00000_000_a,vae_camera+vae_motion,vae,vae,0.0,0.0,3.4359278678894043,0.38195523619651794,0.31413188576698303,0.016049394384026527,0.010757746174931526,0.3769230544567108,0.17254489660263062,38,0.3708133971291866,1.0,1.0,103.03213500976562,103.03213500976562,0.024172447621822357,0.5481670498847961,0.3147397041320801,0.16324424743652344,0.009716250002384186
2017_f2Hz2k2PcfI_00000_000_a,pulp_camera+gt_motion,pulp,gt,15.544147491455078,0.0,2.0707483291625977,0.6716211438179016,0.07675757259130478,0.06068684533238411,0.0,0.0,0.0,38,0.2822966507177033,1.0,1.0,65.35475158691406,65.35475158691406,0.0,0.0,0.0,0.0,0.0
2017_f2Hz2k2PcfI_00000_000_a,gt_camera+pulp_motion,gt,pulp,0.0,0.0,0.0,0.0,0.0,0.0,0.006959313061088324,0.199810191988945,0.051323533058166504,38,0.31220095693779903,1.0,1.0,41.4858283996582,41.4858283996582,0.021502863615751266,0.5193915367126465,0.038861799985170364,0.02047339454293251,0.003490023547783494
2017_f2Hz2k2PcfI_00000_000_a,pulp_camera+pulp_motion,pulp,pulp,15.544147491455078,0.0,2.0707483291625977,0.6716211438179016,0.07675757259130478,0.06068684533238411,0.006959313061088324,0.199810191988945,0.051323533058166504,38,0.26913875598086123,1.0,1.0,68.4728775024414,68.4728775024414,0.021502863615751266,0.5193915367126465,0.038861799985170364,0.02047339454293251,0.003490023547783494
2014_XrvB53IDIqM_00008_000_a,gt_camera+gt_motion,gt,gt,0.0,0.0,0.02797645330429077,0.001998318126425147,0.0,0.0,0.0,0.0,0.0,42,0.18181818181818182,1.0,1.0,0.0,0.0,0.0,0.0,0.0,0.0,0.0
2014_XrvB53IDIqM_00008_000_a,vae_camera+gt_motion,vae,gt,0.0,0.0,3.549058198928833,0.6930327415466309,0.23013612627983093,0.010480044409632683,0.0,0.0,0.0,42,0.18506493506493507,1.0,1.0,11.705077171325684,11.705077171325684,0.0,0.0,0.0,0.0,0.0
2014_XrvB53IDIqM_00008_000_a,gt_camera+vae_motion,gt,vae,0.0,0.0,0.02797645330429077,0.001998318126425147,0.0,0.0,0.014221728779375553,0.49845510721206665,0.18544583022594452,42,0.11904761904761904,1.0,1.0,83.1250991821289,83.1250991821289,0.018764540553092957,0.38874557614326477,0.4036543071269989,0.18269464373588562,0.01258875709027052
2014_XrvB53IDIqM_00008_000_a,vae_camera+vae_motion,vae,vae,0.0,0.0,3.549058198928833,0.6930327415466309,0.23013612627983093,0.010480044409632683,0.014221728779375553,0.49845510721206665,0.18544583022594452,42,0.11904761904761904,1.0,1.0,79.97545623779297,79.97545623779297,0.018764540553092957,0.38874557614326477,0.4036543071269989,0.18269464373588562,0.01258875709027052
2014_XrvB53IDIqM_00008_000_a,pulp_camera+gt_motion,pulp,gt,27.479259490966797,0.0,3.4092702865600586,1.1577823162078857,0.034383755177259445,0.018971040844917297,0.0,0.0,0.0,42,0.1461038961038961,1.0,1.0,29.19183921813965,29.19183921813965,0.0,0.0,0.0,0.0,0.0
2014_XrvB53IDIqM_00008_000_a,gt_camera+pulp_motion,gt,pulp,0.0,0.0,0.02797645330429077,0.001998318126425147,0.0,0.0,0.01073848083615303,0.33180809020996094,0.04787455126643181,42,0.15043290043290045,1.0,1.0,25.819183349609375,25.819183349609375,0.018757816404104233,0.49617594480514526,0.19957013428211212,0.037621546536684036,0.007983844727277756
2014_XrvB53IDIqM_00008_000_a,pulp_camera+pulp_motion,pulp,pulp,27.479259490966797,0.0,3.4092702865600586,1.1577823162078857,0.034383755177259445,0.018971040844917297,0.01073848083615303,0.33180809020996094,0.04787455126643181,42,0.12987012987012986,1.0,1.0,40.55966567993164,40.55966567993164,0.018757816404104233,0.49617594480514526,0.19957013428211212,0.037621546536684036,0.007983844727277756
2019_Nwru3-Uif_Q_00018_000_a,gt_camera+gt_motion,gt,gt,0.0,0.0,0.02797645330429077,0.0008477712981402874,0.0,0.0,0.0,0.0,0.0,99,0.8888888888888888,1.0,1.0,0.0,0.0,0.0,0.0,0.0,0.0,0.0
2019_Nwru3-Uif_Q_00018_000_a,vae_camera+gt_motion,vae,gt,0.0,0.0,6.325271129608154,1.2365942001342773,1.594423532485962,0.05698927491903305,0.0,0.0,0.0,99,0.9067952249770431,1.0,1.0,23.935684204101562,23.935684204101562,0.0,0.0,0.0,0.0,0.0
2019_Nwru3-Uif_Q_00018_000_a,gt_camera+vae_motion,gt,vae,0.0,0.0,0.02797645330429077,0.0008477712981402874,0.0,0.0,0.08752138167619705,2.1648452281951904,1.1364078521728516,99,0.9467401285583104,1.0,1.0,81.56513214111328,81.56513214111328,0.025289850309491158,0.5286900401115417,2.0172505378723145,1.1300352811813354,0.08373969048261642
2019_Nwru3-Uif_Q_00018_000_a,vae_camera+vae_motion,vae,vae,0.0,0.0,6.325271129608154,1.2365942001342773,1.594423532485962,0.05698927491903305,0.08752138167619705,2.1648452281951904,1.1364078521728516,99,0.9646464646464646,1.0,1.0,96.49504089355469,96.49504089355469,0.025289850309491158,0.5286900401115417,2.0172505378723145,1.1300352811813354,0.08373969048261642
2019_Nwru3-Uif_Q_00018_000_a,pulp_camera+gt_motion,pulp,gt,37.1721305847168,0.0,5.2600812911987305,1.9221752882003784,0.4854033589363098,0.15662969648838043,0.0,0.0,0.0,99,0.9123048668503214,1.0,1.0,25.986648559570312,25.986648559570312,0.0,0.0,0.0,0.0,0.0
2019_Nwru3-Uif_Q_00018_000_a,gt_camera+pulp_motion,gt,pulp,0.0,0.0,0.02797645330429077,0.0008477712981402874,0.0,0.0,0.06991983205080032,2.647724151611328,0.31356966495513916,99,0.871900826446281,1.0,1.0,22.314037322998047,22.314037322998047,0.02960117720067501,0.9896504282951355,2.561352014541626,0.30697983503341675,0.06285147368907928
2019_Nwru3-Uif_Q_00018_000_a,pulp_camera+pulp_motion,pulp,pulp,37.1721305847168,0.0,5.2600812911987305,1.9221752882003784,0.4854033589363098,0.15662969648838043,0.06991983205080032,2.647724151611328,0.31356966495513916,99,0.8934802571166207,1.0,1.0,32.34661865234375,32.34661865234375,0.02960117720067501,0.9896504282951355,2.561352014541626,0.30697983503341675,0.06285147368907928
2011_ZoFNL5lwimk_00000_004_a,gt_camera+gt_motion,gt,gt,0.0,0.0,0.03956468030810356,0.011653243564069271,0.0,0.0,0.0,0.0,0.0,38,0.4090909090909091,1.0,1.0,0.0,0.0,0.0,0.0,0.0,0.0,0.0
2011_ZoFNL5lwimk_00000_004_a,vae_camera+gt_motion,vae,gt,0.0,0.0,6.392735481262207,1.6258723735809326,0.13007408380508423,0.020429257303476334,0.0,0.0,0.0,38,0.4138755980861244,1.0,1.0,43.47710037231445,43.47710037231445,0.0,0.0,0.0,0.0,0.0
2011_ZoFNL5lwimk_00000_004_a,gt_camera+vae_motion,gt,vae,0.0,0.0,0.03956468030810356,0.011653243564069271,0.0,0.0,0.05437877029180527,2.5678768157958984,0.9503622055053711,38,0.045454545454545456,0.4700956937799043,0.4700956937799043,1562140032.0,5420.919921875,0.03702465817332268,0.7149657011032104,1.7466181516647339,0.967472493648529,0.052282918244600296
2011_ZoFNL5lwimk_00000_004_a,vae_camera+vae_motion,vae,vae,0.0,0.0,6.392735481262207,1.6258723735809326,0.13007408380508423,0.020429257303476334,0.05437877029180527,2.5678768157958984,0.9503622055053711,38,0.04665071770334928,0.4665071770334928,0.4665071770334928,1599785472.0,4461.513671875,0.03702465817332268,0.7149657011032104,1.7466181516647339,0.967472493648529,0.052282918244600296
2011_ZoFNL5lwimk_00000_004_a,pulp_camera+gt_motion,pulp,gt,28.410696029663086,0.0,4.318741798400879,1.2101004123687744,0.1241949275135994,0.07937266677618027,0.0,0.0,0.0,38,0.36483253588516745,1.0,1.0,91.22821044921875,91.22821044921875,0.0,0.0,0.0,0.0,0.0
2011_ZoFNL5lwimk_00000_004_a,gt_camera+pulp_motion,gt,pulp,0.0,0.0,0.03956468030810356,0.011653243564069271,0.0,0.0,0.020906146615743637,0.4414135813713074,0.09764546155929565,38,0.36004784688995217,1.0,1.0,101.39491271972656,101.39491271972656,0.03764159604907036,1.031598448753357,0.10939021408557892,0.06381490081548691,0.01031478401273489
2011_ZoFNL5lwimk_00000_004_a,pulp_camera+pulp_motion,pulp,pulp,28.410696029663086,0.0,4.318741798400879,1.2101004123687744,0.1241949275135994,0.07937266677618027,0.020906146615743637,0.4414135813713074,0.09764546155929565,38,0.3672248803827751,1.0,1.0,86.7134017944336,86.7134017944336,0.03764159604907036,1.031598448753357,0.10939021408557892,0.06381490081548691,0.01031478401273489
2014_OywTdKpHE8M_00026_000_a,gt_camera+gt_motion,gt,gt,0.0,0.0,0.02797645330429077,0.0004304069734644145,0.0,0.0,0.0,0.0,0.0,65,0.8041958041958042,1.0,1.0,0.0,0.0,0.0,0.0,0.0,0.0,0.0
2014_OywTdKpHE8M_00026_000_a,vae_camera+gt_motion,vae,gt,0.0,0.0,7.336657524108887,1.0058013200759888,1.3817968368530273,0.033905185759067535,0.0,0.0,0.0,65,0.793006993006993,1.0,1.0,9.763467788696289,9.763467788696289,0.0,0.0,0.0,0.0,0.0
2014_OywTdKpHE8M_00026_000_a,gt_camera+vae_motion,gt,vae,0.0,0.0,0.02797645330429077,0.0004304069734644145,0.0,0.0,0.05405385419726372,1.0429980754852295,0.42262235283851624,65,0.7979020979020979,1.0,1.0,67.84934997558594,67.84934997558594,0.022716589272022247,0.46587303280830383,0.7372287511825562,0.41088631749153137,0.051036395132541656
2014_OywTdKpHE8M_00026_000_a,vae_camera+vae_motion,vae,vae,0.0,0.0,7.336657524108887,1.0058013200759888,1.3817968368530273,0.033905185759067535,0.05405385419726372,1.0429980754852295,0.42262235283851624,65,0.7895104895104895,1.0,1.0,69.34162902832031,69.34162902832031,0.022716589272022247,0.46587303280830383,0.7372287511825562,0.41088631749153137,0.051036395132541656
2014_OywTdKpHE8M_00026_000_a,pulp_camera+gt_motion,pulp,gt,9.204645156860352,0.0,4.579281330108643,1.2319899797439575,0.17840930819511414,0.1332622468471527,0.0,0.0,0.0,65,0.8,1.0,1.0,16.256738662719727,16.256738662719727,0.0,0.0,0.0,0.0,0.0
2014_OywTdKpHE8M_00026_000_a,gt_camera+pulp_motion,gt,pulp,0.0,0.0,0.02797645330429077,0.0004304069734644145,0.0,0.0,0.0484292134642601,0.9060869812965393,0.1909494698047638,65,0.7937062937062938,1.0,1.0,19.157672882080078,19.157672882080078,0.026468617841601372,0.649717390537262,0.595930278301239,0.15097464621067047,0.042073316872119904
2014_OywTdKpHE8M_00026_000_a,pulp_camera+pulp_motion,pulp,pulp,9.204645156860352,0.0,4.579281330108643,1.2319899797439575,0.17840930819511414,0.1332622468471527,0.0484292134642601,0.9060869812965393,0.1909494698047638,65,0.7888111888111888,1.0,1.0,27.968059539794922,27.968059539794922,0.026468617841601372,0.649717390537262,0.595930278301239,0.15097464621067047,0.042073316872119904
2016_DkVjSKOdczM_00019_000_a,gt_camera+gt_motion,gt,gt,0.0,0.0,0.0,0.0,0.0,0.0,0.0,0.0,0.0,74,0.32002457002457,1.0,1.0,0.0,0.0,0.0,0.0,0.0,0.0,0.0
2016_DkVjSKOdczM_00019_000_a,vae_camera+gt_motion,vae,gt,0.0,0.0,4.094620704650879,0.6388312578201294,0.27356037497520447,0.00722774863243103,0.0,0.0,0.0,74,0.32125307125307123,1.0,1.0,6.027915000915527,6.027915000915527,0.0,0.0,0.0,0.0,0.0
2016_DkVjSKOdczM_00019_000_a,gt_camera+vae_motion,gt,vae,0.0,0.0,0.0,0.0,0.0,0.0,0.008379592560231686,0.4527437388896942,0.2138003557920456,74,0.22113022113022113,1.0,1.0,125.46287536621094,125.46287536621094,0.0155637226998806,0.3119411766529083,0.33536496758461,0.19925226271152496,0.007560413796454668
2016_DkVjSKOdczM_00019_000_a,vae_camera+vae_motion,vae,vae,0.0,0.0,4.094620704650879,0.6388312578201294,0.27356037497520447,0.00722774863243103,0.008379592560231686,0.4527437388896942,0.2138003557920456,74,0.23095823095823095,1.0,1.0,125.40353393554688,125.40353393554688,0.0155637226998806,0.3119411766529083,0.33536496758461,0.19925226271152496,0.007560413796454668
2016_DkVjSKOdczM_00019_000_a,pulp_camera+gt_motion,pulp,gt,12.516443252563477,0.0,4.482443809509277,0.6161682605743408,0.10034806281328201,0.05581382289528847,0.0,0.0,0.0,74,0.30282555282555285,1.0,1.0,21.36333465576172,21.36333465576172,0.0,0.0,0.0,0.0,0.0
2016_DkVjSKOdczM_00019_000_a,gt_camera+pulp_motion,gt,pulp,0.0,0.0,0.0,0.0,0.0,0.0,0.004732111934572458,0.1264495700597763,0.022656148299574852,74,0.3286240786240786,1.0,1.0,11.004878044128418,11.004878044128418,0.01375593338161707,0.3981669843196869,0.037222716957330704,0.021106725558638573,0.0027468788903206587
2016_DkVjSKOdczM_00019_000_a,pulp_camera+pulp_motion,pulp,pulp,12.516443252563477,0.0,4.482443809509277,0.6161682605743408,0.10034806281328201,0.05581382289528847,0.004732111934572458,0.1264495700597763,0.022656148299574852,74,0.30773955773955775,1.0,1.0,18.649866104125977,18.649866104125977,0.01375593338161707,0.3981669843196869,0.037222716957330704,0.021106725558638573,0.0027468788903206587
2017_hK62U-Gm_hI_00008_000_a,gt_camera+gt_motion,gt,gt,0.0,0.0,0.03956468030810356,0.007036359049379826,0.0,0.0,0.0,0.0,0.0,99,0.546831955922865,1.0,1.0,0.0,0.0,0.0,0.0,0.0,0.0,0.0
2017_hK62U-Gm_hI_00008_000_a,vae_camera+gt_motion,vae,gt,0.0,0.0,9.789705276489258,7.495584011077881,1.2356230020523071,0.05297889560461044,0.0,0.0,0.0,99,0.4164370982552801,1.0,1.0,91.02424621582031,91.02424621582031,0.0,0.0,0.0,0.0,0.0
2017_hK62U-Gm_hI_00008_000_a,gt_camera+vae_motion,gt,vae,0.0,0.0,0.03956468030810356,0.007036359049379826,0.0,0.0,0.030443372204899788,2.352724075317383,0.812251627445221,99,0.6919191919191919,1.0,1.0,161.24208068847656,161.24208068847656,0.02098214440047741,0.45654022693634033,2.0881388187408447,0.8127784132957458,0.028726408258080482
2017_hK62U-Gm_hI_00008_000_a,vae_camera+vae_motion,vae,vae,0.0,0.0,9.789705276489258,7.495584011077881,1.2356230020523071,0.05297889560461044,0.030443372204899788,2.352724075317383,0.812251627445221,99,0.6505968778696052,1.0,1.0,172.9635772705078,172.9635772705078,0.02098214440047741,0.45654022693634033,2.0881388187408447,0.8127784132957458,0.028726408258080482
2017_hK62U-Gm_hI_00008_000_a,pulp_camera+gt_motion,pulp,gt,35.87584686279297,0.0,7.20769739151001,4.26633882522583,0.2741701304912567,0.16135865449905396,0.0,0.0,0.0,99,0.519742883379247,1.0,1.0,114.13395690917969,114.13395690917969,0.0,0.0,0.0,0.0,0.0
2017_hK62U-Gm_hI_00008_000_a,gt_camera+pulp_motion,gt,pulp,0.0,0.0,0.03956468030810356,0.007036359049379826,0.0,0.0,0.01696355827152729,0.8155524134635925,0.1865820735692978,99,0.4857667584940312,1.0,1.0,77.31079864501953,77.31079864501953,0.021013405174016953,0.6727368235588074,0.7083773016929626,0.188431978225708,0.014045278541743755
2017_hK62U-Gm_hI_00008_000_a,pulp_camera+pulp_motion,pulp,pulp,35.87584686279297,0.0,7.20769739151001,4.26633882522583,0.2741701304912567,0.16135865449905396,0.01696355827152729,0.8155524134635925,0.1865820735692978,99,0.4444444444444444,1.0,1.0,107.45840454101562,107.45840454101562,0.021013405174016953,0.6727368235588074,0.7083773016929626,0.188431978225708,0.014045278541743755
2011_6HJqPZ-KmZs_00010_000_a,gt_camera+gt_motion,gt,gt,0.0,0.0,0.03956468030810356,0.00391364935785532,0.0,0.0,0.0,0.0,0.0,106,0.5,1.0,1.0,0.0,0.0,0.0,0.0,0.0,0.0,0.0
2011_6HJqPZ-KmZs_00010_000_a,vae_camera+gt_motion,vae,gt,0.0,0.0,5.248669147491455,0.3476197123527527,0.09739391505718231,0.005761087406426668,0.0,0.0,0.0,106,0.5038593481989708,1.0,1.0,4.0338521003723145,4.0338521003723145,0.0,0.0,0.0,0.0,0.0
2011_6HJqPZ-KmZs_00010_000_a,gt_camera+vae_motion,gt,vae,0.0,0.0,0.03956468030810356,0.00391364935785532,0.0,0.0,0.00823605339974165,0.6754180788993835,0.3561355769634247,106,0.5042881646655232,1.0,1.0,31.18377113342285,31.18377113342285,0.014104639180004597,0.3117944598197937,0.6526108980178833,0.3530143201351166,0.007935278117656708
2011_6HJqPZ-KmZs_00010_000_a,vae_camera+vae_motion,vae,vae,0.0,0.0,5.248669147491455,0.3476197123527527,0.09739391505718231,0.005761087406426668,0.00823605339974165,0.6754180788993835,0.3561355769634247,106,0.5090051457975986,1.0,1.0,33.231807708740234,33.231807708740234,0.014104639180004597,0.3117944598197937,0.6526108980178833,0.3530143201351166,0.007935278117656708
2011_6HJqPZ-KmZs_00010_000_a,pulp_camera+gt_motion,pulp,gt,19.485858917236328,0.0,3.857016086578369,0.45733019709587097,0.06039544567465782,0.04476746544241905,0.0,0.0,0.0,106,0.5008576329331046,1.0,1.0,17.250076293945312,17.250076293945312,0.0,0.0,0.0,0.0,0.0
2011_6HJqPZ-KmZs_00010_000_a,gt_camera+pulp_motion,gt,pulp,0.0,0.0,0.03956468030810356,0.00391364935785532,0.0,0.0,0.00767113734036684,0.6266556978225708,0.04710691422224045,106,0.5,1.0,1.0,11.326205253601074,11.326205253601074,0.012306347489356995,0.31698986887931824,0.5076400637626648,0.04380713030695915,0.006888506468385458
2011_6HJqPZ-KmZs_00010_000_a,pulp_camera+pulp_motion,pulp,pulp,19.485858917236328,0.0,3.857016086578369,0.45733019709587097,0.06039544567465782,0.04476746544241905,0.00767113734036684,0.6266556978225708,0.04710691422224045,106,0.5,1.0,1.0,18.84063720703125,18.84063720703125,0.012306347489356995,0.31698986887931824,0.5076400637626648,0.04380713030695915,0.006888506468385458
2017_QHU65AAx6uk_00002_001_b,gt_camera+gt_motion,gt,gt,0.0,0.0,0.0,0.0,0.0,0.0,0.0,0.0,0.0,34,0.43983957219251335,1.0,1.0,0.0,0.0,0.0,0.0,0.0,0.0,0.0
2017_QHU65AAx6uk_00002_001_b,vae_camera+gt_motion,vae,gt,0.0,0.0,3.2861058712005615,0.44583845138549805,0.1162184551358223,0.00850706361234188,0.0,0.0,0.0,34,0.44385026737967914,1.0,1.0,9.563387870788574,9.563387870788574,0.0,0.0,0.0,0.0,0.0
2017_QHU65AAx6uk_00002_001_b,gt_camera+vae_motion,gt,vae,0.0,0.0,0.0,0.0,0.0,0.0,0.04518812522292137,0.39322492480278015,0.17697028815746307,34,0.3877005347593583,1.0,1.0,91.45494079589844,91.45494079589844,0.06706447899341583,1.4362095594406128,0.3445774018764496,0.183253675699234,0.04061342030763626
2017_QHU65AAx6uk_00002_001_b,vae_camera+vae_motion,vae,vae,0.0,0.0,3.2861058712005615,0.44583845138549805,0.1162184551358223,0.00850706361234188,0.04518812522292137,0.39322492480278015,0.17697028815746307,34,0.393048128342246,1.0,1.0,89.24496459960938,89.24496459960938,0.06706447899341583,1.4362095594406128,0.3445774018764496,0.183253675699234,0.04061342030763626
2017_QHU65AAx6uk_00002_001_b,pulp_camera+gt_motion,pulp,gt,34.75539016723633,0.0,7.288683891296387,1.5810155868530273,0.06826824694871902,0.04222391918301582,0.0,0.0,0.0,34,0.4385026737967914,1.0,1.0,55.83256530761719,55.83256530761719,0.0,0.0,0.0,0.0,0.0
2017_QHU65AAx6uk_00002_001_b,gt_camera+pulp_motion,gt,pulp,0.0,0.0,0.0,0.0,0.0,0.0,0.029623473063111305,0.5848105549812317,0.12765541672706604,34,0.38235294117647056,1.0,1.0,57.038734436035156,57.038734436035156,0.07313652336597443,1.938492774963379,0.40551304817199707,0.08838478475809097,0.018530530855059624
2017_QHU65AAx6uk_00002_001_b,pulp_camera+pulp_motion,pulp,pulp,34.75539016723633,0.0,7.288683891296387,1.5810155868530273,0.06826824694871902,0.04222391918301582,0.029623473063111305,0.5848105549812317,0.12765541672706604,34,0.38235294117647056,1.0,1.0,41.166500091552734,41.166500091552734,0.07313652336597443,1.938492774963379,0.40551304817199707,0.08838478475809097,0.018530530855059624
2015_TQCgzi4j3eM_00027_000_a,gt_camera+gt_motion,gt,gt,0.0,0.0,0.06255725026130676,0.04805832728743553,0.0,0.0,0.0,0.0,0.0,109,0.2481234361968307,1.0,1.0,0.0,0.0,0.0,0.0,0.0,0.0,0.0
2015_TQCgzi4j3eM_00027_000_a,vae_camera+gt_motion,vae,gt,0.0,0.0,9.875099182128906,7.270132541656494,0.8345494270324707,0.043390221893787384,0.0,0.0,0.0,109,0.3803169307756464,1.0,1.0,195.67001342773438,195.67001342773438,0.0,0.0,0.0,0.0,0.0
2015_TQCgzi4j3eM_00027_000_a,gt_camera+vae_motion,gt,vae,0.0,0.0,0.06255725026130676,0.04805832728743553,0.0,0.0,0.03144767880439758,2.791938066482544,1.2624491453170776,109,0.0779816513761468,0.816930775646372,0.816930775646372,2149808640.0,6245.47607421875,0.03173369914293289,0.6688470244407654,2.6183247566223145,1.2760387659072876,0.030404236167669296
2015_TQCgzi4j3eM_00027_000_a,vae_camera+vae_motion,vae,vae,0.0,0.0,9.875099182128906,7.270132541656494,0.8345494270324707,0.043390221893787384,0.03144767880439758,2.791938066482544,1.2624491453170776,109,0.08798999165971642,0.8519599666388658,0.8519599666388658,1710673536.0,8841.8681640625,0.03173369914293289,0.6688470244407654,2.6183247566223145,1.2760387659072876,0.030404236167669296
2015_TQCgzi4j3eM_00027_000_a,pulp_camera+gt_motion,pulp,gt,11.777433395385742,0.0,9.77837085723877,1.4765517711639404,0.19006110727787018,0.12939858436584473,0.0,0.0,0.0,109,0.1409507923269391,1.0,1.0,161.5882568359375,161.5882568359375,0.0,0.0,0.0,0.0,0.0
2015_TQCgzi4j3eM_00027_000_a,gt_camera+pulp_motion,gt,pulp,0.0,0.0,0.06255725026130676,0.04805832728743553,0.0,0.0,0.015854880213737488,0.4106622338294983,0.11395883560180664,109,0.22894078398665554,1.0,1.0,108.21160888671875,108.21160888671875,0.029613381251692772,0.6924577355384827,0.35264304280281067,0.12001311779022217,0.010401886887848377
2015_TQCgzi4j3eM_00027_000_a,pulp_camera+pulp_motion,pulp,pulp,11.777433395385742,0.0,9.77837085723877,1.4765517711639404,0.19006110727787018,0.12939858436584473,0.015854880213737488,0.4106622338294983,0.11395883560180664,109,0.13010842368640535,1.0,1.0,171.30345153808594,171.30345153808594,0.029613381251692772,0.6924577355384827,0.35264304280281067,0.12001311779022217,0.010401886887848377
2015_xNGdLsWV0_k_00008_000_a,gt_camera+gt_motion,gt,gt,0.0,0.0,0.0,0.0,0.0,0.0,0.0,0.0,0.0,99,0.3039485766758494,1.0,1.0,0.0,0.0,0.0,0.0,0.0,0.0,0.0
2015_xNGdLsWV0_k_00008_000_a,vae_camera+gt_motion,vae,gt,0.0,0.0,6.997790813446045,3.1804981231689453,0.5441371202468872,0.026987610384821892,0.0,0.0,0.0,99,0.3971533516988062,1.0,1.0,59.65492248535156,59.65492248535156,0.0,0.0,0.0,0.0,0.0
2015_xNGdLsWV0_k_00008_000_a,gt_camera+vae_motion,gt,vae,0.0,0.0,0.0,0.0,0.0,0.0,0.0190117284655571,0.9660184383392334,0.4555341303348541,99,0.21808999081726355,1.0,1.0,192.9933319091797,192.9933319091797,0.016194555908441544,0.3247961103916168,0.8263955116271973,0.43775808811187744,0.017415093258023262
2015_xNGdLsWV0_k_00008_000_a,vae_camera+vae_motion,vae,vae,0.0,0.0,6.997790813446045,3.1804981231689453,0.5441371202468872,0.026987610384821892,0.0190117284655571,0.9660184383392334,0.4555341303348541,99,0.2860422405876951,1.0,1.0,211.26025390625,211.26025390625,0.016194555908441544,0.3247961103916168,0.8263955116271973,0.43775808811187744,0.017415093258023262
2015_xNGdLsWV0_k_00008_000_a,pulp_camera+gt_motion,pulp,gt,10.789827346801758,0.0,4.057916164398193,1.2636064291000366,0.11336574703454971,0.045434288680553436,0.0,0.0,0.0,99,0.2598714416896235,1.0,1.0,41.60973358154297,41.60973358154297,0.0,0.0,0.0,0.0,0.0
2015_xNGdLsWV0_k_00008_000_a,gt_camera+pulp_motion,gt,pulp,0.0,0.0,0.0,0.0,0.0,0.0,0.013205050490796566,0.2550148069858551,0.06590510904788971,99,0.28512396694214875,1.0,1.0,47.105865478515625,47.105865478515625,0.014987862668931484,0.502536952495575,0.2092934101819992,0.049990471452474594,0.008933119475841522
2015_xNGdLsWV0_k_00008_000_a,pulp_camera+pulp_motion,pulp,pulp,10.789827346801758,0.0,4.057916164398193,1.2636064291000366,0.11336574703454971,0.045434288680553436,0.013205050490796566,0.2550148069858551,0.06590510904788971,99,0.24793388429752067,1.0,1.0,58.57853317260742,58.57853317260742,0.014987862668931484,0.502536952495575,0.2092934101819992,0.049990471452474594,0.008933119475841522
2019_1Ylk2e-x--8_00017_000_a,gt_camera+gt_motion,gt,gt,0.0,0.0,0.03956468030810356,0.006936970166862011,0.0,0.0,0.0,0.0,0.0,168,0.6336580086580087,1.0,1.0,0.0,0.0,0.0,0.0,0.0,0.0,0.0
2019_1Ylk2e-x--8_00017_000_a,vae_camera+gt_motion,vae,gt,0.0,0.0,7.736037254333496,2.055260181427002,0.1407543420791626,0.006275651045143604,0.0,0.0,0.0,168,0.5792748917748918,1.0,1.0,24.862516403198242,24.862516403198242,0.0,0.0,0.0,0.0,0.0
2019_1Ylk2e-x--8_00017_000_a,gt_camera+vae_motion,gt,vae,0.0,0.0,0.03956468030810356,0.006936970166862011,0.0,0.0,0.018266599625349045,1.5529676675796509,0.6188798546791077,168,0.3695887445887446,1.0,1.0,126.9074478149414,126.9074478149414,0.01581469178199768,0.34061259031295776,1.2424830198287964,0.6224787831306458,0.01804942823946476
2019_1Ylk2e-x--8_00017_000_a,vae_camera+vae_motion,vae,vae,0.0,0.0,7.736037254333496,2.055260181427002,0.1407543420791626,0.006275651045143604,0.018266599625349045,1.5529676675796509,0.6188798546791077,168,0.3587662337662338,1.0,1.0,148.32395935058594,148.32395935058594,0.01581469178199768,0.34061259031295776,1.2424830198287964,0.6224787831306458,0.01804942823946476
2019_1Ylk2e-x--8_00017_000_a,pulp_camera+gt_motion,pulp,gt,7.021372318267822,0.0,3.624500274658203,0.8157662749290466,0.2502119839191437,0.15707199275493622,0.0,0.0,0.0,168,0.4721320346320346,1.0,1.0,55.31666564941406,55.31666564941406,0.0,0.0,0.0,0.0,0.0
2019_1Ylk2e-x--8_00017_000_a,gt_camera+pulp_motion,gt,pulp,0.0,0.0,0.03956468030810356,0.006936970166862011,0.0,0.0,0.0158506128937006,1.1683341264724731,0.1258561611175537,168,0.60254329004329,1.0,1.0,40.372955322265625,40.372955322265625,0.013455001637339592,0.37811756134033203,0.9363325238227844,0.08586002886295319,0.014538955874741077
2019_1Ylk2e-x--8_00017_000_a,pulp_camera+pulp_motion,pulp,pulp,7.021372318267822,0.0,3.624500274658203,0.8157662749290466,0.2502119839191437,0.15707199275493622,0.0158506128937006,1.1683341264724731,0.1258561611175537,168,0.33116883116883117,1.0,1.0,87.680908203125,87.680908203125,0.013455001637339592,0.37811756134033203,0.9363325238227844,0.08586002886295319,0.014538955874741077
2017_ki3zzZ-GsGI_00002_000_a,gt_camera+gt_motion,gt,gt,0.0,0.0,0.02797645330429077,0.003376468550413847,0.0,0.0,0.0,0.0,0.0,58,0.7272727272727273,1.0,1.0,0.0,0.0,0.0,0.0,0.0,0.0,0.0
2017_ki3zzZ-GsGI_00002_000_a,vae_camera+gt_motion,vae,gt,0.0,0.0,4.424211025238037,0.4444611668586731,0.13524819910526276,0.0057095978409051895,0.0,0.0,0.0,58,0.7272727272727273,1.0,1.0,5.903578758239746,5.903578758239746,0.0,0.0,0.0,0.0,0.0
2017_ki3zzZ-GsGI_00002_000_a,gt_camera+vae_motion,gt,vae,0.0,0.0,0.02797645330429077,0.003376468550413847,0.0,0.0,0.022405844181776047,0.580037534236908,0.28636059165000916,58,0.7272727272727273,1.0,1.0,77.97127532958984,77.97127532958984,0.014188754372298717,0.2956705093383789,0.4714128077030182,0.28182050585746765,0.02182922326028347
2017_ki3zzZ-GsGI_00002_000_a,vae_camera+vae_motion,vae,vae,0.0,0.0,4.424211025238037,0.4444611668586731,0.13524819910526276,0.0057095978409051895,0.022405844181776047,0.580037534236908,0.28636059165000916,58,0.7272727272727273,1.0,1.0,77.82363891601562,77.82363891601562,0.014188754372298717,0.2956705093383789,0.4714128077030182,0.28182050585746765,0.02182922326028347
2017_ki3zzZ-GsGI_00002_000_a,pulp_camera+gt_motion,pulp,gt,19.81316375732422,0.0,8.314274787902832,0.9587459564208984,0.07006581872701645,0.06441590189933777,0.0,0.0,0.0,58,0.7241379310344828,1.0,1.0,21.02010726928711,21.02010726928711,0.0,0.0,0.0,0.0,0.0
2017_ki3zzZ-GsGI_00002_000_a,gt_camera+pulp_motion,gt,pulp,0.0,0.0,0.02797645330429077,0.003376468550413847,0.0,0.0,0.024068178609013557,1.0419318675994873,0.13668914139270782,58,0.7202194357366771,1.0,1.0,23.345840454101562,23.345840454101562,0.015022199600934982,0.4263254404067993,0.7377566695213318,0.1051873117685318,0.021475784480571747
2017_ki3zzZ-GsGI_00002_000_a,pulp_camera+pulp_motion,pulp,pulp,19.81316375732422,0.0,8.314274787902832,0.9587459564208984,0.07006581872701645,0.06441590189933777,0.024068178609013557,1.0419318675994873,0.13668914139270782,58,0.7092476489028213,1.0,1.0,25.581064224243164,25.581064224243164,0.015022199600934982,0.4263254404067993,0.7377566695213318,0.1051873117685318,0.021475784480571747
2011_Fh-7WQr_daM_00005_003_b,gt_camera+gt_motion,gt,gt,0.0,0.0,0.02797645330429077,0.0007880690973252058,0.0,0.0,0.0,0.0,0.0,71,0.3681177976952625,1.0,1.0,0.0,0.0,0.0,0.0,0.0,0.0,0.0
2011_Fh-7WQr_daM_00005_003_b,vae_camera+gt_motion,vae,gt,0.0,0.0,12.442736625671387,3.219209671020508,0.8224650025367737,0.026096871122717857,0.0,0.0,0.0,71,0.3181818181818182,1.0,1.0,63.666526794433594,63.666526794433594,0.0,0.0,0.0,0.0,0.0
2011_Fh-7WQr_daM_00005_003_b,gt_camera+vae_motion,gt,vae,0.0,0.0,0.02797645330429077,0.0007880690973252058,0.0,0.0,0.03708526864647865,2.1191062927246094,1.1708396673202515,71,0.04353393085787452,1.0,1.0,1524.2535400390625,1524.2535400390625,0.05025237053632736,1.0505636930465698,1.731895089149475,1.1555780172348022,0.03600844740867615
2011_Fh-7WQr_daM_00005_003_b,vae_camera+vae_motion,vae,vae,0.0,0.0,12.442736625671387,3.219209671020508,0.8224650025367737,0.026096871122717857,0.03708526864647865,2.1191062927246094,1.1708396673202515,71,0.02240717029449424,0.9871959026888605,0.9871959026888605,149787936.0,2113.27099609375,0.05025237053632736,1.0505636930465698,1.731895089149475,1.1555780172348022,0.03600844740867615
2011_Fh-7WQr_daM_00005_003_b,pulp_camera+gt_motion,pulp,gt,41.60579299926758,0.0,9.415131568908691,2.0893216133117676,0.20326374471187592,0.054882507771253586,0.0,0.0,0.0,71,0.3758002560819462,1.0,1.0,23.59623908996582,23.59623908996582,0.0,0.0,0.0,0.0,0.0
2011_Fh-7WQr_daM_00005_003_b,gt_camera+pulp_motion,gt,pulp,0.0,0.0,0.02797645330429077,0.0007880690973252058,0.0,0.0,0.013500191271305084,0.6078816056251526,0.08329770714044571,71,0.3508322663252241,1.0,1.0,40.025352478027344,40.025352478027344,0.04453207924962044,1.1984429359436035,0.2579135000705719,0.04892155900597572,0.008890301920473576
2011_Fh-7WQr_daM_00005_003_b,pulp_camera+pulp_motion,pulp,pulp,41.60579299926758,0.0,9.415131568908691,2.0893216133117676,0.20326374471187592,0.054882507771253586,0.013500191271305084,0.6078816056251526,0.08329770714044571,71,0.34827144686299616,1.0,1.0,45.652618408203125,45.652618408203125,0.04453207924962044,1.1984429359436035,0.2579135000705719,0.04892155900597572,0.008890301920473576
2015_2oGfncb2usc_00004_000_a,gt_camera+gt_motion,gt,gt,0.0,0.0,0.03956468030810356,0.0011645023478195071,0.0,0.0,0.0,0.0,0.0,58,0.10344827586206896,1.0,1.0,0.0,0.0,0.0,0.0,0.0,0.0,0.0
2015_2oGfncb2usc_00004_000_a,vae_camera+gt_motion,vae,gt,0.0,0.0,5.907835960388184,0.689436674118042,0.4662192165851593,0.02060733735561371,0.0,0.0,0.0,58,0.10579937304075235,1.0,1.0,41.50783157348633,41.50783157348633,0.0,0.0,0.0,0.0,0.0
2015_2oGfncb2usc_00004_000_a,gt_camera+vae_motion,gt,vae,0.0,0.0,0.03956468030810356,0.0011645023478195071,0.0,0.0,0.023157820105552673,1.1969491243362427,0.5552003979682922,58,0.0219435736677116,0.34247648902821315,0.34247648902821315,2689812224.0,4212.15478515625,0.01181564386934042,0.2518731653690338,0.9629723429679871,0.553954541683197,0.022310737520456314
2015_2oGfncb2usc_00004_000_a,vae_camera+vae_motion,vae,vae,0.0,0.0,5.907835960388184,0.689436674118042,0.4662192165851593,0.02060733735561371,0.023157820105552673,1.1969491243362427,0.5552003979682922,58,0.024294670846394983,0.3448275862068966,0.3448275862068966,2669570048.0,3697.361083984375,0.01181564386934042,0.2518731653690338,0.9629723429679871,0.553954541683197,0.022310737520456314
2015_2oGfncb2usc_00004_000_a,pulp_camera+gt_motion,pulp,gt,19.214948654174805,0.0,2.7948431968688965,0.6675222516059875,0.11351057142019272,0.08105596899986267,0.0,0.0,0.0,58,0.06504702194357367,1.0,1.0,92.67509460449219,92.67509460449219,0.0,0.0,0.0,0.0,0.0
2015_2oGfncb2usc_00004_000_a,gt_camera+pulp_motion,gt,pulp,0.0,0.0,0.03956468030810356,0.0011645023478195071,0.0,0.0,0.011003326624631882,0.1751660406589508,0.072744220495224,58,0.13087774294670845,1.0,1.0,153.69126892089844,153.69126892089844,0.012818699702620506,0.5711363554000854,0.1673940122127533,0.07028932869434357,0.009201093576848507
2015_2oGfncb2usc_00004_000_a,pulp_camera+pulp_motion,pulp,pulp,19.214948654174805,0.0,2.7948431968688965,0.6675222516059875,0.11351057142019272,0.08105596899986267,0.011003326624631882,0.1751660406589508,0.072744220495224,58,0.05721003134796238,1.0,1.0,107.40479278564453,107.40479278564453,0.012818699702620506,0.5711363554000854,0.1673940122127533,0.07028932869434357,0.009201093576848507
2016_LiI1LdPRcQM_00043_000_a,gt_camera+gt_motion,gt,gt,0.0,0.0,0.0,0.0,0.0,0.0,0.0,0.0,0.0,62,0.2719941348973607,1.0,1.0,0.0,0.0,0.0,0.0,0.0,0.0,0.0
2016_LiI1LdPRcQM_00043_000_a,vae_camera+gt_motion,vae,gt,0.0,0.0,3.131253480911255,0.5092910528182983,0.2707967162132263,0.010306168347597122,0.0,0.0,0.0,62,0.26832844574780057,1.0,1.0,17.035888671875,17.035888671875,0.0,0.0,0.0,0.0,0.0
2016_LiI1LdPRcQM_00043_000_a,gt_camera+vae_motion,gt,vae,0.0,0.0,0.0,0.0,0.0,0.0,0.01783522590994835,1.325056552886963,0.4863734841346741,62,0.07038123167155426,1.0,1.0,732.5225219726562,732.5225219726562,0.014883480966091156,0.302847683429718,0.8690785765647888,0.47969716787338257,0.01627737283706665
2016_LiI1LdPRcQM_00043_000_a,vae_camera+vae_motion,vae,vae,0.0,0.0,3.131253480911255,0.5092910528182983,0.2707967162132263,0.010306168347597122,0.01783522590994835,1.325056552886963,0.4863734841346741,62,0.07111436950146628,1.0,1.0,723.0673828125,723.0673828125,0.014883480966091156,0.302847683429718,0.8690785765647888,0.47969716787338257,0.01627737283706665
2016_LiI1LdPRcQM_00043_000_a,pulp_camera+gt_motion,pulp,gt,35.05929946899414,0.0,4.102933883666992,0.9985397458076477,0.054927460849285126,0.03499183803796768,0.0,0.0,0.0,62,0.24193548387096775,1.0,1.0,36.18585205078125,36.18585205078125,0.0,0.0,0.0,0.0,0.0
2016_LiI1LdPRcQM_00043_000_a,gt_camera+pulp_motion,gt,pulp,0.0,0.0,0.0,0.0,0.0,0.0,0.008139570243656635,0.33566606044769287,0.029886307194828987,62,0.27126099706744866,1.0,1.0,31.17255401611328,31.17255401611328,0.018382031470537186,0.5238432884216309,0.04378100857138634,0.02637721411883831,0.0031599868088960648
2016_LiI1LdPRcQM_00043_000_a,pulp_camera+pulp_motion,pulp,pulp,35.05929946899414,0.0,4.102933883666992,0.9985397458076477,0.054927460849285126,0.03499183803796768,0.008139570243656635,0.33566606044769287,0.029886307194828987,62,0.23313782991202345,1.0,1.0,44.836814880371094,44.836814880371094,0.018382031470537186,0.5238432884216309,0.04378100857138634,0.02637721411883831,0.0031599868088960648
2017_oG-MKxVWwi4_00000_009_a,gt_camera+gt_motion,gt,gt,0.0,0.0,0.03956468030810356,0.005919233430176973,0.0,0.0,0.0,0.0,0.0,37,0.09090909090909091,1.0,1.0,0.0,0.0,0.0,0.0,0.0,0.0,0.0
2017_oG-MKxVWwi4_00000_009_a,vae_camera+gt_motion,vae,gt,0.0,0.0,6.4187541007995605,0.7694551348686218,0.7886918783187866,0.03331829980015755,0.0,0.0,0.0,37,0.0945945945945946,1.0,1.0,21.36183738708496,21.36183738708496,0.0,0.0,0.0,0.0,0.0
2017_oG-MKxVWwi4_00000_009_a,gt_camera+vae_motion,gt,vae,0.0,0.0,0.03956468030810356,0.005919233430176973,0.0,0.0,0.013233054429292679,0.36866024136543274,0.10609295219182968,37,0.11179361179361179,1.0,1.0,52.55142593383789,52.55142593383789,0.010106012225151062,0.20903189480304718,0.32679852843284607,0.10182404518127441,0.0128386951982975
2017_oG-MKxVWwi4_00000_009_a,vae_camera+vae_motion,vae,vae,0.0,0.0,6.4187541007995605,0.7694551348686218,0.7886918783187866,0.03331829980015755,0.013233054429292679,0.36866024136543274,0.10609295219182968,37,0.11179361179361179,1.0,1.0,64.12032318115234,64.12032318115234,0.010106012225151062,0.20903189480304718,0.32679852843284607,0.10182404518127441,0.0128386951982975
2017_oG-MKxVWwi4_00000_009_a,pulp_camera+gt_motion,pulp,gt,46.9030876159668,0.0,4.2497124671936035,0.9979116916656494,0.08035274595022202,0.02174483612179756,0.0,0.0,0.0,37,0.0945945945945946,1.0,1.0,36.97550582885742,36.97550582885742,0.0,0.0,0.0,0.0,0.0
2017_oG-MKxVWwi4_00000_009_a,gt_camera+pulp_motion,gt,pulp,0.0,0.0,0.03956468030810356,0.005919233430176973,0.0,0.0,0.010453538037836552,0.2076326161623001,0.03803291544318199,37,0.09090909090909091,1.0,1.0,22.384811401367188,22.384811401367188,0.01132949348539114,0.6902369856834412,0.1643778681755066,0.034215301275253296,0.008190949447453022
2017_oG-MKxVWwi4_00000_009_a,pulp_camera+pulp_motion,pulp,pulp,46.9030876159668,0.0,4.2497124671936035,0.9979116916656494,0.08035274595022202,0.02174483612179756,0.010453538037836552,0.2076326161623001,0.03803291544318199,37,0.09090909090909091,1.0,1.0,32.28339385986328,32.28339385986328,0.01132949348539114,0.6902369856834412,0.1643778681755066,0.034215301275253296,0.008190949447453022
2017_lhzE7_0RSow_00023_000_a,gt_camera+gt_motion,gt,gt,0.0,0.0,0.03956468030810356,0.0031199222430586815,0.0,0.0,0.0,0.0,0.0,124,1.0,1.0,1.0,0.0,0.0,0.0,0.0,0.0,0.0,0.0
2017_lhzE7_0RSow_00023_000_a,vae_camera+gt_motion,vae,gt,0.0,0.0,9.572365760803223,2.3095781803131104,0.7320483922958374,0.03627995029091835,0.0,0.0,0.0,124,1.0,1.0,1.0,20.168704986572266,20.168704986572266,0.0,0.0,0.0,0.0,0.0
2017_lhzE7_0RSow_00023_000_a,gt_camera+vae_motion,gt,vae,0.0,0.0,0.03956468030810356,0.0031199222430586815,0.0,0.0,0.02219083346426487,1.4493944644927979,0.7944560647010803,124,1.0,1.0,1.0,15.878064155578613,15.878064155578613,0.015524855814874172,0.3577241897583008,1.3856384754180908,0.7915589809417725,0.021692052483558655
2017_lhzE7_0RSow_00023_000_a,vae_camera+vae_motion,vae,vae,0.0,0.0,9.572365760803223,2.3095781803131104,0.7320483922958374,0.03627995029091835,0.02219083346426487,1.4493944644927979,0.7944560647010803,124,1.0,1.0,1.0,9.93919563293457,9.93919563293457,0.015524855814874172,0.3577241897583008,1.3856384754180908,0.7915589809417725,0.021692052483558655
2017_lhzE7_0RSow_00023_000_a,pulp_camera+gt_motion,pulp,gt,20.53731346130371,0.0,6.130469799041748,1.3325387239456177,0.2890630066394806,0.20060837268829346,0.0,0.0,0.0,124,1.0,1.0,1.0,12.819067001342773,12.819067001342773,0.0,0.0,0.0,0.0,0.0
2017_lhzE7_0RSow_00023_000_a,gt_camera+pulp_motion,gt,pulp,0.0,0.0,0.03956468030810356,0.0031199222430586815,0.0,0.0,0.03189968690276146,2.2701544761657715,0.31548741459846497,124,1.0,1.0,1.0,14.843721389770508,14.843721389770508,0.017192348837852478,0.44785094261169434,2.1087164878845215,0.3076876401901245,0.03078111633658409
2017_lhzE7_0RSow_00023_000_a,pulp_camera+pulp_motion,pulp,pulp,20.53731346130371,0.0,6.130469799041748,1.3325387239456177,0.2890630066394806,0.20060837268829346,0.03189968690276146,2.2701544761657715,0.31548741459846497,124,1.0,1.0,1.0,9.861642837524414,9.861642837524414,0.017192348837852478,0.44785094261169434,2.1087164878845215,0.3076876401901245,0.03078111633658409
2016_8MoQTjNnlmA_00003_000_a,gt_camera+gt_motion,gt,gt,0.0,0.0,0.02797645330429077,0.0005086627788841724,0.0,0.0,0.0,0.0,0.0,55,1.0,1.0,1.0,0.0,0.0,0.0,0.0,0.0,0.0,0.0
2016_8MoQTjNnlmA_00003_000_a,vae_camera+gt_motion,vae,gt,0.0,0.0,12.061859130859375,2.6186161041259766,1.8843780755996704,0.06911993771791458,0.0,0.0,0.0,55,0.9900826446280991,1.0,1.0,41.57049560546875,41.57049560546875,0.0,0.0,0.0,0.0,0.0
2016_8MoQTjNnlmA_00003_000_a,gt_camera+vae_motion,gt,vae,0.0,0.0,0.02797645330429077,0.0005086627788841724,0.0,0.0,0.10711368173360825,1.0570614337921143,0.46691370010375977,55,1.0,1.0,1.0,46.10126495361328,46.10126495361328,0.030490078032016754,0.6133749485015869,0.8416121006011963,0.4326019287109375,0.09691771864891052
2016_8MoQTjNnlmA_00003_000_a,vae_camera+vae_motion,vae,vae,0.0,0.0,12.061859130859375,2.6186161041259766,1.8843780755996704,0.06911993771791458,0.10711368173360825,1.0570614337921143,0.46691370010375977,55,0.9892561983471074,1.0,1.0,52.76932144165039,52.76932144165039,0.030490078032016754,0.6133749485015869,0.8416121006011963,0.4326019287109375,0.09691771864891052
2016_8MoQTjNnlmA_00003_000_a,pulp_camera+gt_motion,pulp,gt,19.686546325683594,0.0,7.679971218109131,1.944252371788025,0.19265420734882355,0.04559410363435745,0.0,0.0,0.0,55,1.0,1.0,1.0,25.31315803527832,25.31315803527832,0.0,0.0,0.0,0.0,0.0
2016_8MoQTjNnlmA_00003_000_a,gt_camera+pulp_motion,gt,pulp,0.0,0.0,0.02797645330429077,0.0005086627788841724,0.0,0.0,0.107249416410923,1.434622049331665,0.25070151686668396,55,1.0,1.0,1.0,19.641054153442383,19.641054153442383,0.04761774465441704,2.2307631969451904,1.3313449621200562,0.2187252789735794,0.09887895733118057
2016_8MoQTjNnlmA_00003_000_a,pulp_camera+pulp_motion,pulp,pulp,19.686546325683594,0.0,7.679971218109131,1.944252371788025,0.19265420734882355,0.04559410363435745,0.107249416410923,1.434622049331665,0.25070151686668396,55,0.9867768595041322,1.0,1.0,36.176734924316406,36.176734924316406,0.04761774465441704,2.2307631969451904,1.3313449621200562,0.2187252789735794,0.09887895733118057
2014_aokJADOVMC0_00023_000_a,gt_camera+gt_motion,gt,gt,0.0,0.0,0.04845663905143738,0.025553137063980103,0.0,0.0,0.0,0.0,0.0,90,0.2106060606060606,1.0,1.0,0.0,0.0,0.0,0.0,0.0,0.0,0.0
2014_aokJADOVMC0_00023_000_a,vae_camera+gt_motion,vae,gt,0.0,0.0,4.055792331695557,0.324923038482666,0.2866024971008301,0.00929284654557705,0.0,0.0,0.0,90,0.21161616161616162,1.0,1.0,10.582679748535156,10.582679748535156,0.0,0.0,0.0,0.0,0.0
2014_aokJADOVMC0_00023_000_a,gt_camera+vae_motion,gt,vae,0.0,0.0,0.04845663905143738,0.025553137063980103,0.0,0.0,0.011555242352187634,0.7638392448425293,0.3734976053237915,90,0.2792929292929293,1.0,1.0,159.89161682128906,159.89161682128906,0.01019444689154625,0.24567748606204987,0.7386996746063232,0.3726450502872467,0.011111902073025703
2014_aokJADOVMC0_00023_000_a,vae_camera+vae_motion,vae,vae,0.0,0.0,4.055792331695557,0.324923038482666,0.2866024971008301,0.00929284654557705,0.011555242352187634,0.7638392448425293,0.3734976053237915,90,0.2823232323232323,1.0,1.0,158.9902801513672,158.9902801513672,0.01019444689154625,0.24567748606204987,0.7386996746063232,0.3726450502872467,0.011111902073025703
2014_aokJADOVMC0_00023_000_a,pulp_camera+gt_motion,pulp,gt,18.89997100830078,0.0,2.9719014167785645,0.42115744948387146,0.03258797153830528,0.025321274995803833,0.0,0.0,0.0,90,0.1873737373737374,1.0,1.0,23.986379623413086,23.986379623413086,0.0,0.0,0.0,0.0,0.0
2014_aokJADOVMC0_00023_000_a,gt_camera+pulp_motion,gt,pulp,0.0,0.0,0.04845663905143738,0.025553137063980103,0.0,0.0,0.006948881316930056,0.10099983960390091,0.017932595685124397,90,0.18838383838383838,1.0,1.0,14.590147972106934,14.590147972106934,0.010461517609655857,0.7593246698379517,0.03435632586479187,0.011853311210870743,0.004502997733652592
2014_aokJADOVMC0_00023_000_a,pulp_camera+pulp_motion,pulp,pulp,18.89997100830078,0.0,2.9719014167785645,0.42115744948387146,0.03258797153830528,0.025321274995803833,0.006948881316930056,0.10099983960390091,0.017932595685124397,90,0.17373737373737375,1.0,1.0,28.241235733032227,28.241235733032227,0.010461517609655857,0.7593246698379517,0.03435632586479187,0.011853311210870743,0.004502997733652592
2017_RuZhnKanGQ4_00066_000_a,gt_camera+gt_motion,gt,gt,0.0,0.0,0.0,0.0,0.0,0.0,0.0,0.0,0.0,39,0.35664335664335667,1.0,1.0,0.0,0.0,0.0,0.0,0.0,0.0,0.0
2017_RuZhnKanGQ4_00066_000_a,vae_camera+gt_motion,vae,gt,0.0,0.0,5.031079292297363,0.5320459008216858,0.7561425566673279,0.025559986010193825,0.0,0.0,0.0,39,0.3531468531468531,1.0,1.0,15.445979118347168,15.445979118347168,0.0,0.0,0.0,0.0,0.0
2017_RuZhnKanGQ4_00066_000_a,gt_camera+vae_motion,gt,vae,0.0,0.0,0.0,0.0,0.0,0.0,0.017003048211336136,0.6584292054176331,0.1587342619895935,39,0.4090909090909091,1.0,1.0,74.36337280273438,74.36337280273438,0.02172531560063362,0.44475045800209045,0.42448124289512634,0.14161615073680878,0.015525121241807938
2017_RuZhnKanGQ4_00066_000_a,vae_camera+vae_motion,vae,vae,0.0,0.0,5.031079292297363,0.5320459008216858,0.7561425566673279,0.025559986010193825,0.017003048211336136,0.6584292054176331,0.1587342619895935,39,0.40675990675990675,1.0,1.0,80.05755615234375,80.05755615234375,0.02172531560063362,0.44475045800209045,0.42448124289512634,0.14161615073680878,0.015525121241807938
2017_RuZhnKanGQ4_00066_000_a,pulp_camera+gt_motion,pulp,gt,28.86702537536621,0.0,3.3213067054748535,1.0317442417144775,0.08901990950107574,0.06256096810102463,0.0,0.0,0.0,39,0.2925407925407925,1.0,1.0,37.053035736083984,37.053035736083984,0.0,0.0,0.0,0.0,0.0
2017_RuZhnKanGQ4_00066_000_a,gt_camera+pulp_motion,gt,pulp,0.0,0.0,0.0,0.0,0.0,0.0,0.009200452826917171,0.29661116003990173,0.040060557425022125,39,0.3811188811188811,1.0,1.0,19.652856826782227,19.652856826782227,0.022101033478975296,0.6713629364967346,0.038716550916433334,0.027574816718697548,0.004529977682977915
2017_RuZhnKanGQ4_00066_000_a,pulp_camera+pulp_motion,pulp,pulp,28.86702537536621,0.0,3.3213067054748535,1.0317442417144775,0.08901990950107574,0.06256096810102463,0.009200452826917171,0.29661116003990173,0.040060557425022125,39,0.35664335664335667,1.0,1.0,32.380950927734375,32.380950927734375,0.022101033478975296,0.6713629364967346,0.038716550916433334,0.027574816718697548,0.004529977682977915
2015_VEc6d81jgQ0_00081_001_a,gt_camera+gt_motion,gt,gt,0.0,0.0,0.03956468030810356,0.00842802319675684,0.0,0.0,0.0,0.0,0.0,34,0.7272727272727273,1.0,1.0,0.0,0.0,0.0,0.0,0.0,0.0,0.0
2015_VEc6d81jgQ0_00081_001_a,vae_camera+gt_motion,vae,gt,0.0,0.0,6.028768062591553,0.9633138179779053,0.20244573056697845,0.017326079308986664,0.0,0.0,0.0,34,0.7299465240641712,1.0,1.0,9.784244537353516,9.784244537353516,0.0,0.0,0.0,0.0,0.0
2015_VEc6d81jgQ0_00081_001_a,gt_camera+vae_motion,gt,vae,0.0,0.0,0.03956468030810356,0.00842802319675684,0.0,0.0,0.022350765764713287,0.5691312551498413,0.19302140176296234,34,0.7272727272727273,1.0,1.0,36.78810501098633,36.78810501098633,0.020310819149017334,0.397666335105896,0.4775298833847046,0.1887800246477127,0.020921166986227036
2015_VEc6d81jgQ0_00081_001_a,vae_camera+vae_motion,vae,vae,0.0,0.0,6.028768062591553,0.9633138179779053,0.20244573056697845,0.017326079308986664,0.022350765764713287,0.5691312551498413,0.19302140176296234,34,0.7299465240641712,1.0,1.0,39.54352569580078,39.54352569580078,0.020310819149017334,0.397666335105896,0.4775298833847046,0.1887800246477127,0.020921166986227036
2015_VEc6d81jgQ0_00081_001_a,pulp_camera+gt_motion,pulp,gt,13.474448204040527,0.0,10.985980987548828,1.9142568111419678,0.1473691612482071,0.07513266801834106,0.0,0.0,0.0,34,0.7272727272727273,1.0,1.0,31.02021026611328,31.02021026611328,0.0,0.0,0.0,0.0,0.0
2015_VEc6d81jgQ0_00081_001_a,gt_camera+pulp_motion,gt,pulp,0.0,0.0,0.03956468030810356,0.00842802319675684,0.0,0.0,0.03757587820291519,1.1810775995254517,0.2453363984823227,34,0.7272727272727273,1.0,1.0,31.045482635498047,31.045482635498047,0.02015334740281105,0.4677540063858032,0.8447248935699463,0.2128707319498062,0.03369518741965294
2015_VEc6d81jgQ0_00081_001_a,pulp_camera+pulp_motion,pulp,pulp,13.474448204040527,0.0,10.985980987548828,1.9142568111419678,0.1473691612482071,0.07513266801834106,0.03757587820291519,1.1810775995254517,0.2453363984823227,34,0.7259358288770054,1.0,1.0,29.77639389038086,29.77639389038086,0.02015334740281105,0.4677540063858032,0.8447248935699463,0.2128707319498062,0.03369518741965294
2017_fbkfr-S420o_00035_000_a,gt_camera+gt_motion,gt,gt,0.0,0.0,0.03956468030810356,0.009713014587759972,0.0,0.0,0.0,0.0,0.0,89,0.49846782431052095,1.0,1.0,0.0,0.0,0.0,0.0,0.0,0.0,0.0
2017_fbkfr-S420o_00035_000_a,vae_camera+gt_motion,vae,gt,0.0,0.0,7.426872253417969,0.34659239649772644,0.680795431137085,0.01287822239100933,0.0,0.0,0.0,89,0.49948927477017363,1.0,1.0,32.13235092163086,32.13235092163086,0.0,0.0,0.0,0.0,0.0
2017_fbkfr-S420o_00035_000_a,gt_camera+vae_motion,gt,vae,0.0,0.0,0.03956468030810356,0.009713014587759972,0.0,0.0,0.03243018686771393,1.4636363983154297,0.9015305042266846,89,0.38764044943820225,1.0,1.0,307.04541015625,307.04541015625,0.02350579760968685,0.48361968994140625,1.4123481512069702,0.8969759345054626,0.03180224448442459
2017_fbkfr-S420o_00035_000_a,vae_camera+vae_motion,vae,vae,0.0,0.0,7.426872253417969,0.34659239649772644,0.680795431137085,0.01287822239100933,0.03243018686771393,1.4636363983154297,0.9015305042266846,89,0.3891726251276813,1.0,1.0,305.59710693359375,305.59710693359375,0.02350579760968685,0.48361968994140625,1.4123481512069702,0.8969759345054626,0.03180224448442459
2017_fbkfr-S420o_00035_000_a,pulp_camera+gt_motion,pulp,gt,11.261954307556152,0.0,1.8058027029037476,0.6046329736709595,0.10275158286094666,0.05952887982130051,0.0,0.0,0.0,89,0.47088866189989786,1.0,1.0,48.52678298950195,48.52678298950195,0.0,0.0,0.0,0.0,0.0
2017_fbkfr-S420o_00035_000_a,gt_camera+pulp_motion,gt,pulp,0.0,0.0,0.03956468030810356,0.009713014587759972,0.0,0.0,0.009444709867238998,0.3084551692008972,0.10901036113500595,89,0.48978549540347294,1.0,1.0,44.29801559448242,44.29801559448242,0.021781159564852715,0.6398982405662537,0.18280188739299774,0.1023404598236084,0.0058925580233335495
2017_fbkfr-S420o_00035_000_a,pulp_camera+pulp_motion,pulp,pulp,11.261954307556152,0.0,1.8058027029037476,0.6046329736709595,0.10275158286094666,0.05952887982130051,0.009444709867238998,0.3084551692008972,0.10901036113500595,89,0.466802860061287,1.0,1.0,29.256484985351562,29.256484985351562,0.021781159564852715,0.6398982405662537,0.18280188739299774,0.1023404598236084,0.0058925580233335495
2018_IAaXyDc1gjk_00035_000_a,gt_camera+gt_motion,gt,gt,0.0,0.0,0.03956468030810356,0.00745715806260705,0.0,0.0,0.0,0.0,0.0,85,0.49893048128342243,1.0,1.0,0.0,0.0,0.0,0.0,0.0,0.0,0.0
2018_IAaXyDc1gjk_00035_000_a,vae_camera+gt_motion,vae,gt,0.0,0.0,8.985374450683594,1.5287939310073853,1.2227458953857422,0.03671775758266449,0.0,0.0,0.0,85,0.4502673796791444,1.0,1.0,20.365453720092773,20.365453720092773,0.0,0.0,0.0,0.0,0.0
2018_IAaXyDc1gjk_00035_000_a,gt_camera+vae_motion,gt,vae,0.0,0.0,0.03956468030810356,0.00745715806260705,0.0,0.0,0.03489438444375992,1.9327361583709717,0.8780364990234375,85,0.560427807486631,1.0,1.0,297.69598388671875,297.69598388671875,0.025454994291067123,0.537912905216217,1.809692621231079,0.8825846314430237,0.0336962454020977
2018_IAaXyDc1gjk_00035_000_a,vae_camera+vae_motion,vae,vae,0.0,0.0,8.985374450683594,1.5287939310073853,1.2227458953857422,0.03671775758266449,0.03489438444375992,1.9327361583709717,0.8780364990234375,85,0.5796791443850268,1.0,1.0,303.5009460449219,303.5009460449219,0.025454994291067123,0.537912905216217,1.809692621231079,0.8825846314430237,0.0336962454020977
2018_IAaXyDc1gjk_00035_000_a,pulp_camera+gt_motion,pulp,gt,20.65839958190918,0.0,12.244547843933105,1.610098123550415,0.17517398297786713,0.05898594111204147,0.0,0.0,0.0,85,0.5192513368983958,1.0,1.0,35.29161071777344,35.29161071777344,0.0,0.0,0.0,0.0,0.0
2018_IAaXyDc1gjk_00035_000_a,gt_camera+pulp_motion,gt,pulp,0.0,0.0,0.03956468030810356,0.00745715806260705,0.0,0.0,0.03025001659989357,0.9335262775421143,0.25260958075523376,85,0.38288770053475935,1.0,1.0,53.891170501708984,53.891170501708984,0.024934228509664536,0.7150600552558899,0.5636473894119263,0.16238903999328613,0.025345467031002045
2018_IAaXyDc1gjk_00035_000_a,pulp_camera+pulp_motion,pulp,pulp,20.65839958190918,0.0,12.244547843933105,1.610098123550415,0.17517398297786713,0.05898594111204147,0.03025001659989357,0.9335262775421143,0.25260958075523376,85,0.4385026737967914,1.0,1.0,62.70547103881836,62.70547103881836,0.024934228509664536,0.7150600552558899,0.5636473894119263,0.16238903999328613,0.025345467031002045
2016_kZgaz49f5aE_00066_001_a,gt_camera+gt_motion,gt,gt,0.0,0.0,0.0,0.0,0.0,0.0,0.0,0.0,0.0,55,0.7388429752066116,1.0,1.0,0.0,0.0,0.0,0.0,0.0,0.0,0.0
2016_kZgaz49f5aE_00066_001_a,vae_camera+gt_motion,vae,gt,0.0,0.0,3.648836374282837,0.7204076647758484,1.6296287775039673,0.04304606840014458,0.0,0.0,0.0,55,0.7231404958677686,1.0,1.0,14.285837173461914,14.285837173461914,0.0,0.0,0.0,0.0,0.0
2016_kZgaz49f5aE_00066_001_a,gt_camera+vae_motion,gt,vae,0.0,0.0,0.0,0.0,0.0,0.0,0.03002394177019596,0.9740294814109802,0.449207603931427,55,0.7504132231404959,1.0,1.0,77.70608520507812,77.70608520507812,0.017320288345217705,0.3491328954696655,0.9052523970603943,0.4492621421813965,0.02949516475200653
2016_kZgaz49f5aE_00066_001_a,vae_camera+vae_motion,vae,vae,0.0,0.0,3.648836374282837,0.7204076647758484,1.6296287775039673,0.04304606840014458,0.03002394177019596,0.9740294814109802,0.449207603931427,55,0.7272727272727273,1.0,1.0,79.26681518554688,79.26681518554688,0.017320288345217705,0.3491328954696655,0.9052523970603943,0.4492621421813965,0.02949516475200653
2016_kZgaz49f5aE_00066_001_a,pulp_camera+gt_motion,pulp,gt,16.581907272338867,0.0,8.348260879516602,1.3689336776733398,0.2055429220199585,0.13823090493679047,0.0,0.0,0.0,55,0.7256198347107438,1.0,1.0,28.319246292114258,28.319246292114258,0.0,0.0,0.0,0.0,0.0
2016_kZgaz49f5aE_00066_001_a,gt_camera+pulp_motion,gt,pulp,0.0,0.0,0.0,0.0,0.0,0.0,0.030188018456101418,0.7958168983459473,0.15287558734416962,55,0.7537190082644628,1.0,1.0,28.50799560546875,28.50799560546875,0.018991006538271904,0.5136920809745789,0.7472587823867798,0.14870209991931915,0.02795097604393959
2016_kZgaz49f5aE_00066_001_a,pulp_camera+pulp_motion,pulp,pulp,16.581907272338867,0.0,8.348260879516602,1.3689336776733398,0.2055429220199585,0.13823090493679047,0.030188018456101418,0.7958168983459473,0.15287558734416962,55,0.7272727272727273,1.0,1.0,23.522674560546875,23.522674560546875,0.018991006538271904,0.5136920809745789,0.7472587823867798,0.14870209991931915,0.02795097604393959
