camera_abs_mean,camera_sq_mean,human_abs_mean,human_sq_mean,index,mode,model_loss,model_vs_noisy_ratio,model_vs_zero_ratio,noisy_xt_loss,sample_id,text_zero_delta,text_zero_loss,timestep,valid_frames,visible_shuffle_delta,visible_shuffle_loss,visible_zero_delta,visible_zero_loss,zero_target_loss
0.19236290454864502,0.08619026094675064,0.21448229253292084,0.10197222232818604,0,camera,0.0007888556574471295,0.0007216102676466107,0.0028338453266769648,1.093187928199768,2011_-4GsCEopbd4_00008_001_a,-7.117004133760929e-05,0.0007176856161095202,836,18,0.39183565974235535,0.39262452721595764,0.26911649107933044,0.26990535855293274,0.27836933732032776
0.20798622071743011,0.09467210620641708,0.21144883334636688,0.0879676342010498,1,camera,0.0005647488287650049,0.00046200945507735014,0.0025964754167944193,1.2223750352859497,2011_-4GsCEopbd4_00017_000_a,-5.9641257394105196e-05,0.0005051075713708997,968,27,0.824373185634613,0.8249379396438599,0.19301244616508484,0.19357720017433167,0.21750594675540924
0.364816814661026,0.3391755223274231,0.2992452085018158,0.18112368881702423,2,camera,0.000453555112471804,0.0009599545155651867,0.0007396049913950264,0.4724756181240082,2011_-EuO6OFypLo_00002_000_a,-8.454080671072006e-06,0.000445101031800732,468,40,0.4625008702278137,0.46295443177223206,0.5202115178108215,0.5206650495529175,0.6132396459579468
0.2986184358596802,0.20124034583568573,0.233897402882576,0.1093333438038826,3,camera,0.000308383401716128,0.0010249674087390304,0.0007669916958548129,0.30087143182754517,2011_-EuO6OFypLo_00002_000_b,-1.646694727241993e-06,0.000306736706988886,355,35,0.28721460700035095,0.2875230014324188,0.31679075956344604,0.3170991539955139,0.40206876397132874
0.2842530608177185,0.1603032648563385,0.21049396693706512,0.08338731527328491,4,camera,0.0001843633217504248,0.0002713623980525881,0.0006616577156819403,0.6793988943099976,2011_-EuO6OFypLo_00020_000_a,1.7231577658094466e-05,0.00020159489940851927,586,40,0.20943583548069,0.20962019264698029,0.25766485929489136,0.25784921646118164,0.2786385118961334
0.6768509745597839,0.8902453780174255,0.4483899176120758,0.3980374336242676,5,camera,0.001725787646137178,0.0008388622081838548,0.0013321005972102284,2.057295799255371,2011_-MG8-wCvzpE_00002_000_a,8.193892426788807e-05,0.001807726570405066,962,51,1.2631549835205078,1.2648807764053345,1.2232259511947632,1.2249517440795898,1.2955385446548462
0.628781259059906,1.0498305559158325,0.4103747308254242,0.3967743515968323,6,camera,0.0032932863105088472,0.0015588640235364437,0.0014453621115535498,2.112619400024414,2011_-MG8-wCvzpE_00002_001_a,-0.00024865218438208103,0.003044634126126766,815,34,2.862760066986084,2.866053342819214,2.2391912937164307,2.2424845695495605,2.278519868850708
0.4129786491394043,0.5300306081771851,0.26831066608428955,0.16423848271369934,7,camera,0.0008677023579366505,0.00040011954843066633,0.000719559786375612,2.168607711791992,2011_-RBjiJto4hc_00027_000_a,-3.3646414522081614e-05,0.0008340559434145689,964,32,1.551104187965393,1.5519719123840332,1.220284342765808,1.2211520671844482,1.2058794498443604
0.2011793553829193,0.10645631700754166,0.22972185909748077,0.1435004323720932,8,camera,0.0020208065398037434,0.0024330592714250088,0.0050106532871723175,0.8305619955062866,2011_-UAElWXbk3I_00000_000_a,-6.674067117273808e-05,0.0019540658686310053,668,16,0.5813420414924622,0.583362877368927,0.3982311487197876,0.40025195479393005,0.40330201387405396
0.3559401035308838,0.2716551423072815,0.5350576639175415,0.6839876174926758,9,camera,0.004111273679882288,0.003345067845657468,0.008452558889985085,1.229055404663086,2011_-UAElWXbk3I_00000_001_a,-0.00018421653658151627,0.003927057143300772,835,40,0.5332603454589844,0.5373716354370117,0.47369569540023804,0.477806955575943,0.4863939881324768
0.23820938169956207,0.13255126774311066,0.2789291441440582,0.18142715096473694,10,camera,0.0005540670244954526,0.0004808731027878821,0.001895120833069086,1.1522104740142822,2011_-WW51YaWO-4_00007_000_a,2.1654879674315453e-05,0.0005757219041697681,868,30,1.0128055810928345,1.0133596658706665,0.2635796070098877,0.26413366198539734,0.29236501455307007
0.326567679643631,0.20201055705547333,0.35500526428222656,0.2456108182668686,11,camera,0.00023260102898348123,0.0046200258657336235,0.0008008418953977525,0.0503462590277195,2011_-WW51YaWO-4_00007_002_a,5.320936907082796e-06,0.00023792196589056402,135,50,0.34528225660324097,0.34551486372947693,0.22613555192947388,0.22636815905570984,0.29044562578201294
0.1753857433795929,0.06407061964273453,0.20109982788562775,0.08102283626794815,12,camera,0.0005415970226749778,0.0004873073776252568,0.003186238696798682,1.1114073991775513,2011_-Y2wqkD2KVM_00040_000_a,-2.968561602756381e-05,0.000511911406647414,969,20,0.8283036351203918,0.828845202922821,0.1488002985715866,0.1493418961763382,0.16998004913330078
0.3265218436717987,0.1891351342201233,0.26830169558525085,0.12702754139900208,13,camera,0.00046012899838387966,0.00038788074743933976,0.00184885342605412,1.1862640380859375,2011_-fJwmmnPHok_00006_000_a,1.1598254786804318e-05,0.000471727253170684,914,55,0.6510605812072754,0.6515207290649414,0.2482965886592865,0.24875672161579132,0.24887262284755707
0.35294750332832336,0.31290116906166077,0.2604304254055023,0.13038302958011627,14,camera,0.0003247138811275363,0.0005407145945355296,0.0005215862765908241,0.600527286529541,2011_-fJwmmnPHok_00007_000_a,-7.408380042761564e-07,0.00032397304312326014,503,36,0.7848674654960632,0.7851921916007996,0.5469382405281067,0.547262966632843,0.6225506663322449
0.3088970482349396,0.20960558950901031,0.22829198837280273,0.09586041420698166,15,camera,0.00017603365995455533,0.0020397373009473085,0.0004759395378641784,0.08630212396383286,2011_-fJwmmnPHok_00007_001_a,-1.5873039956204593e-05,0.00016016061999835074,181,40,0.5700784921646118,0.5702545046806335,0.23318254947662354,0.23335857689380646,0.3698655962944031
0.25352317094802856,0.1264025866985321,0.20854678750038147,0.07983285933732986,16,camera,5.7716835726751015e-05,0.017059771344065666,0.00027425287407822907,0.003383212722837925,2011_-nkqrSaJf1g_00012_000_b,1.9303744920762256e-05,7.702058064751327e-05,29,41,0.17282365262508392,0.1728813648223877,0.12780556082725525,0.12786327302455902,0.2104511708021164
0.27260932326316833,0.18924793601036072,0.22112618386745453,0.09297459572553635,17,camera,0.0002787841367535293,0.00028779954300262034,0.0006410145433619618,0.9686747193336487,2011_-qK58CZslAs_00001_000_a,1.4819786883890629e-05,0.00029360392363741994,707,30,0.8546375036239624,0.8549162745475769,0.39906570315361023,0.39934447407722473,0.43491077423095703
0.43628430366516113,0.47579824924468994,0.307793527841568,0.21121715009212494,18,camera,0.0014286492951214314,0.0011539252009242773,0.0014839011710137129,1.2380778789520264,2011_-rq6IBVPcBU_00001_000_a,-7.5917923822999e-06,0.0014210575027391315,726,36,1.3125869035720825,1.314015507698059,0.9532487988471985,0.9546774625778198,0.9627658128738403
0.29558828473091125,0.24204254150390625,0.21081574261188507,0.08740554749965668,19,camera,0.0006558491149917245,0.0004064760578330606,0.0008217112044803798,1.6134999990463257,2011_-tUodP_Wus4_00031_000_a,-2.6642344892024994e-05,0.0006292067700996995,899,21,1.2679206132888794,1.2685765027999878,0.8196819424629211,0.8203377723693848,0.798150360584259
0.3435696065425873,0.3086344599723816,0.22868014872074127,0.10227762162685394,20,camera,0.00018407618335913867,0.0007515554898418486,0.0002604199107736349,0.24492692947387695,2011_-tUodP_Wus4_00031_001_a,6.483984179794788e-06,0.00019056016753893346,319,31,0.4924575686454773,0.4926416575908661,0.5560742020606995,0.5562582612037659,0.7068437337875366
0.15670926868915558,0.056466758251190186,0.1934603601694107,0.08435535430908203,21,camera,0.0006415360840037465,0.0014638277934864163,0.0025878262240439653,0.4382592737674713,2011_-zIzLRgwdxA_00019_000_a,2.356385812163353e-05,0.00066509994212538,450,10,0.19122184813022614,0.19186338782310486,0.21218280494213104,0.21282434463500977,0.2479054033756256
0.17293068766593933,0.07338952273130417,0.19315430521965027,0.07524897158145905,22,camera,0.0002614715485833585,0.015851719304919243,0.0009962156182155013,0.016494838520884514,2011_-zIzLRgwdxA_00019_001_a,9.326497092843056e-06,0.0002707980456762016,76,15,0.20339640974998474,0.20365788042545319,0.12301214039325714,0.12327361106872559,0.26246482133865356
0.23127061128616333,0.1420217901468277,0.2690320909023285,0.188216894865036,23,camera,0.006362676154822111,0.004493999760597944,0.012483906000852585,1.415815830230713,2011_00pBYZ1yofs_00026_000_a,-0.0001368052326142788,0.006225870922207832,950,18,0.8280940055847168,0.8344566822052002,0.5223512649536133,0.5287139415740967,0.5096703171730042
0.269570916891098,0.18300271034240723,0.22954407334327698,0.10538645833730698,24,camera,0.0005245382199063897,0.06466948240995407,0.001059319474734366,0.008111062459647655,2011_00pBYZ1yofs_00026_001_a,1.2701086234301329e-05,0.000537239306140691,49,25,0.550156831741333,0.5506813526153564,0.3298204839229584,0.3303450345993042,0.49516528844833374
0.2757362425327301,0.17284929752349854,0.2687179148197174,0.1503676027059555,25,camera,0.0008072821074165404,0.0006579600158147514,0.0024962914176285267,1.2269470691680908,2011_06KH47jZbG0_00062_000_a,-3.357278183102608e-05,0.0007737093255855143,927,37,0.35458555817604065,0.35539284348487854,0.29166555404663086,0.29247283935546875,0.3233925700187683
0.21315695345401764,0.09335070848464966,0.2371661365032196,0.11872337758541107,26,camera,0.0009426245233044028,0.0009142344351857901,0.0048309871926903725,1.0310534238815308,2011_06KH47jZbG0_00062_001_a,1.6005942597985268e-06,0.0009442251175642014,792,30,0.735952615737915,0.7368952631950378,0.17716388404369354,0.17810650169849396,0.19512046873569489
0.41656309366226196,0.5148672461509705,0.2877495288848877,0.17362940311431885,27,camera,0.0004491373256314546,0.05231586471199989,0.00038356351433321834,0.008585107512772083,2011_0IxeTLiovq8_00000_000_a,-2.6797177270054817e-05,0.00042234014836139977,53,32,0.7311776876449585,0.7316268086433411,0.4671526849269867,0.46760183572769165,1.17095947265625
0.2620273232460022,0.23456843197345734,0.21383032202720642,0.10082340240478516,28,camera,0.0006131199770607054,0.001774926669895649,0.0006490621599368751,0.3454339802265167,2011_0IxeTLiovq8_00000_001_a,-2.6000256184488535e-05,0.0005871197208762169,381,17,0.0,0.0006131199770607054,0.8480261564254761,0.8486392498016357,0.9446244239807129
0.41935664415359497,0.5462151169776917,0.27810385823249817,0.18289409577846527,29,camera,0.0005239548627287149,0.0015057726996019483,0.0003582481003832072,0.3479641079902649,2011_0JXwzlRcYWk_00043_000_a,7.939990609884262e-06,0.0005318948533385992,365,27,1.0849100351333618,1.0854339599609375,1.061583399772644,1.0621073246002197,1.4625475406646729
0.20509988069534302,0.10479190945625305,0.19758006930351257,0.07952601462602615,30,camera,0.0005462206318043172,0.0009280453086830676,0.0014566689496859908,0.5885710716247559,2011_0LzZVYshI7s_00001_000_a,2.0195147953927517e-06,0.00054824014659971,505,17,0.5608035922050476,0.5613498091697693,0.37164589762687683,0.3721921145915985,0.37497925758361816
0.3538639545440674,0.23692850768566132,0.3400871455669403,0.24290044605731964,31,camera,0.00044572263141162694,0.3000253140926361,0.0012031440855935216,0.0014856167836114764,2011_0LzZVYshI7s_00001_001_a,-1.795872231014073e-05,0.0004277639091014862,17,46,0.2827112674713135,0.28315699100494385,0.23609448969364166,0.23654021322727203,0.37046489119529724
0.2485964000225067,0.19829410314559937,0.20716844499111176,0.09451606869697571,32,camera,0.0006061908788979053,0.000537580344825983,0.0008186163031496108,1.1276284456253052,2011_0fTXzdHoip8_00000_000_a,-1.7780752386897802e-05,0.0005884101265110075,756,18,0.3858485221862793,0.386454701423645,0.7038471698760986,0.7044533491134644,0.7405067086219788
0.46013733744621277,0.5061821341514587,0.29134130477905273,0.16790874302387238,33,camera,0.00025283588911406696,0.0022598733194172382,0.0003130089899059385,0.11188056319952011,2011_0fTXzdHoip8_00000_001_a,-1.9047540263272822e-05,0.00023378834885079414,204,46,0.8848059177398682,0.8850587606430054,0.46377846598625183,0.46403130888938904,0.8077592253684998
0.30234432220458984,0.2098298817873001,0.2640678882598877,0.12735845148563385,34,camera,0.0002610161027405411,0.0014296888839453459,0.0007371089304797351,0.18256846070289612,2011_0hau_p3N-MI_00003_000_a,-4.207482561469078e-06,0.000256808620179072,272,42,0.20748212933540344,0.20774313807487488,0.2759664058685303,0.2762274146080017,0.35410791635513306
0.3994063436985016,0.36376094818115234,0.2681158185005188,0.14059759676456451,35,camera,0.0010997469071298838,0.0006882019224576652,0.0015917568234726787,1.598000407218933,2011_0hau_p3N-MI_00014_000_a,-3.741926047950983e-05,0.001062327646650374,956,38,1.5239771604537964,1.5250768661499023,0.6237372159957886,0.6248369812965393,0.6909013390541077
0.31132063269615173,0.22301392257213593,0.3319341242313385,0.22843872010707855,36,camera,0.000550442433450371,0.000738385773729533,0.0013302116421982646,0.7454673051834106,2011_0j4aiJowI8I_00002_000_a,5.380192305892706e-06,0.0005558226257562637,598,38,0.5949693918228149,0.5955198407173157,0.3185209333896637,0.31907138228416443,0.4138006269931793
0.3834652304649353,0.2710874378681183,0.33000946044921875,0.21190951764583588,37,camera,0.0003786472661886364,0.0009341721306554973,0.0010494764428585768,0.40532922744750977,2011_0lNb6NAV6jg_00000_000_a,2.558311098255217e-05,0.0004042303771711886,422,55,0.501275897026062,0.5016545653343201,0.33454838395118713,0.3349270224571228,0.36079636216163635
0.3487461805343628,0.37520158290863037,0.24715319275856018,0.13423718512058258,38,camera,0.00048736133612692356,0.00032929162262007594,0.00045535966637544334,1.480029582977295,2011_0lNb6NAV6jg_00004_000_a,-2.7445232262834907e-05,0.00045991610386408865,801,25,2.7755990028381348,2.7760863304138184,1.0922905206680298,1.0927778482437134,1.0702778100967407
0.4308811128139496,0.3679715692996979,0.34444302320480347,0.23405945301055908,39,camera,0.0002475666406098753,0.0013489819830283523,0.000493778963573277,0.1835210919380188,2011_0qvpcfYFHcw_00000_001_a,2.629094524309039e-06,0.00025019573513418436,272,54,1.1336252689361572,1.1338728666305542,0.3607986271381378,0.3610461950302124,0.5013713836669922
0.3106795847415924,0.224175363779068,0.2754475474357605,0.16666217148303986,40,camera,0.00021728762658312917,0.0024623407516628504,0.0004683148581534624,0.08824433386325836,2011_0qvpcfYFHcw_00000_001_b,9.302835678681731e-06,0.0002265904622618109,186,34,0.4810904562473297,0.4813077449798584,0.337166428565979,0.3373837172985077,0.4639776349067688
0.3999815583229065,0.3319641053676605,0.33426281809806824,0.22547556459903717,41,camera,0.0002974561066366732,0.0014366547111421824,0.0006020169821567833,0.2070477306842804,2011_0qvpcfYFHcw_00000_002_a,-4.850473487749696e-06,0.0002926056331489235,285,49,0.3380691409111023,0.3383665978908539,0.35231277346611023,0.3526102304458618,0.4940991997718811
0.46882325410842896,0.39096489548683167,0.39145147800445557,0.28005144000053406,42,camera,0.000444363453425467,0.0006046848720870912,0.0009641933720558882,0.7348678112030029,2011_0qvpcfYFHcw_00000_002_b,-3.095070132985711e-05,0.0004134127520956099,598,63,0.45848649740219116,0.4589308500289917,0.39079615473747253,0.39124050736427307,0.46086549758911133
0.1925405114889145,0.09479538351297379,0.232815220952034,0.1485673040151596,43,camera,0.0010050078853964806,0.06845363974571228,0.0025336146354675293,0.014681585133075714,2011_0qvpcfYFHcw_00000_002_c,3.203179221600294e-05,0.0010370396776124835,68,14,0.24728311598300934,0.2482881247997284,0.2591290771961212,0.2601340711116791,0.3966695964336395
0.4131605625152588,0.33196964859962463,0.32469433546066284,0.19921863079071045,44,camera,0.0003796789678744972,0.0004101392987649888,0.0007967767887748778,0.9257317185401917,2011_0qvpcfYFHcw_00000_002_d,-2.2325606551021338e-05,0.00035735336132347584,687,51,0.46073341369628906,0.4611130952835083,0.4265146255493164,0.42689430713653564,0.4765186011791229
0.20231960713863373,0.10499537736177444,0.23716868460178375,0.1569775938987732,45,camera,0.001648820354603231,0.07463481277227402,0.0036785181146115065,0.022091839462518692,2011_0qvpcfYFHcw_00000_002_e,5.0317030400037766e-06,0.0016538520576432347,87,14,0.1940927356481552,0.19574154913425446,0.30977678298950195,0.3114255964756012,0.44822949171066284
0.30744847655296326,0.18714703619480133,0.28584936261177063,0.1571723073720932,46,camera,0.00043083823402412236,0.0004149902379140258,0.0015182247152552009,1.0381888151168823,2011_0qvpcfYFHcw_00005_000_a,-3.4069205867126584e-05,0.0003967690281569958,772,47,0.16889525949954987,0.16932609677314758,0.2593217194080353,0.2597525715827942,0.28377765417099
0.28675204515457153,0.17329223453998566,0.24305570125579834,0.1143195852637291,47,camera,0.00027868591132573783,0.0005595503025688231,0.0007727842894382775,0.49805334210395813,2011_0sNSVtTcxpo_00034_000_a,7.564784027636051e-06,0.0002862506953533739,475,33,0.29422086477279663,0.29449954628944397,0.3632611036300659,0.36353978514671326,0.3606257438659668
0.31884685158729553,0.22096827626228333,0.2540474534034729,0.1301460564136505,48,camera,0.0005954161169938743,0.0005334570305421948,0.001307417405769229,1.1161463260650635,2011_0t6IIdmOIOQ_00001_000_a,7.192313205450773e-06,0.0006026084301993251,773,34,0.6734104156494141,0.6740058064460754,0.4670203626155853,0.4676157832145691,0.45541393756866455
0.2610946595668793,0.15310901403427124,0.21412093937397003,0.08821180462837219,49,camera,0.000534516351763159,0.00045245036017149687,0.0013648247113451362,1.1813812255859375,2011_0uSOiu_WUDw_00002_000_a,-1.689366763457656e-05,0.0005176226841285825,869,26,1.0330768823623657,1.0336114168167114,0.4290573298931122,0.4295918345451355,0.3916373550891876
0.25446072220802307,0.1736469864845276,0.2332814633846283,0.11940865218639374,50,camera,0.0009535981225781143,0.0016066143289208412,0.0017985464073717594,0.593545138835907,2011_0yOwWkbamyM_00031_000_a,-3.104656934738159e-05,0.0009225515532307327,538,22,0.660304844379425,0.6612584590911865,0.5062311887741089,0.5071848034858704,0.5302048921585083
0.24724994599819183,0.11605939269065857,0.23356954753398895,0.10442376136779785,51,camera,0.0006278991932049394,0.0005226623034104705,0.003002363722771406,1.2013477087020874,2011_1-G0Fxf9IYU_00017_000_a,-2.8866867069154978e-05,0.0005990323261357844,968,37,0.346064031124115,0.34669193625450134,0.20027832686901093,0.20090623199939728,0.20913495123386383
0.20769080519676208,0.13678568601608276,0.23555009067058563,0.14971861243247986,52,camera,0.0012777517549693584,0.0043414197862148285,0.0019200555980205536,0.2943165600299835,2011_1-HbIkCjDbk_00019_000_a,-2.44705006480217e-07,0.0012775070499628782,352,13,0.678040623664856,0.679318368434906,0.5476365685462952,0.5489143133163452,0.6654764413833618
0.2162216752767563,0.10238268226385117,0.3716842532157898,0.35246092081069946,53,camera,0.0009296161588281393,0.041329436004161835,0.004150774795562029,0.02249283343553543,2011_117FZnev4Os_00061_000_a,1.7918122466653585e-05,0.0009475342812947929,88,29,0.264305979013443,0.2652356028556824,0.17080849409103394,0.17173810303211212,0.22396208345890045
0.23487281799316406,0.11924053728580475,0.2725725769996643,0.15727576613426208,54,camera,0.0007590422756038606,0.0011337194591760635,0.0028384660836309195,0.669515073299408,2011_11nfPZqT5c0_00010_000_a,1.4849298167973757e-05,0.0007738915737718344,581,29,0.83643639087677,0.8371954560279846,0.23019257187843323,0.23095160722732544,0.26741284132003784
0.6694213151931763,1.05104398727417,0.4443213939666748,0.37639501690864563,55,camera,0.0008025892311707139,0.05925271660089493,0.0006139083416201174,0.013545189052820206,2011_12Iosf6btzM_00011_000_a,-2.4557579308748245e-05,0.0007780316518619657,65,60,0.7230231165885925,0.7238256931304932,0.5171639323234558,0.5179665088653564,1.3073437213897705
0.20901496708393097,0.11745117604732513,0.22601318359375,0.1191805824637413,56,camera,0.0011104256846010685,0.0012765261344611645,0.0023145705927163363,0.8698809146881104,2011_12Iosf6btzM_00011_000_b,2.8028036467731e-05,0.0011384537210687995,635,15,1.064400553703308,1.0655109882354736,0.4350985586643219,0.4362089931964874,0.4797545075416565
0.17692583799362183,0.0788409560918808,0.1935518980026245,0.08443017303943634,57,camera,0.00129022728651762,0.0008024981361813843,0.003075732383877039,1.607763648033142,2011_12Iosf6btzM_00011_001_a,3.580562770366669e-05,0.0013260329142212868,985,10,2.068795919418335,2.0700862407684326,0.3958938419818878,0.3971840739250183,0.4194861948490143
0.20074224472045898,0.10576694458723068,0.1980166733264923,0.07827337831258774,58,camera,0.0009116447763517499,0.0007237346726469696,0.0025524250231683254,1.2596395015716553,2011_12Iosf6btzM_00011_002_a,-0.00016799831064417958,0.0007436464657075703,983,18,0.24855266511440277,0.24946430325508118,0.30937692523002625,0.31028857827186584,0.3571680784225464
0.22751356661319733,0.125072181224823,0.2906475067138672,0.21944232285022736,59,camera,0.0012705811532214284,0.14350354671478271,0.0034838817082345486,0.008854005485773087,2011_1BRteOP9UL8_00007_000_a,-5.6925928220152855e-06,0.0012648885603994131,50,22,0.27231162786483765,0.27358222007751465,0.23343457281589508,0.2347051501274109,0.3647027313709259
0.3160315454006195,0.18245132267475128,0.3408375084400177,0.2160595804452896,60,camera,0.0003306613944005221,0.0007822305778972805,0.0012665512040257454,0.42271602153778076,2011_1Ez6dw3ywcc_00005_000_a,1.8581689801067114e-05,0.0003492430842015892,436,50,0.28980541229248047,0.29013606905937195,0.21937903761863708,0.21970969438552856,0.2610722780227661
0.2782389521598816,0.17268526554107666,0.25289103388786316,0.12043822556734085,61,camera,0.0006214534514583647,0.0005110202473588288,0.0021533090621232986,1.2161033153533936,2011_1Ez6dw3ywcc_00030_000_a,-5.928962491452694e-05,0.0005621638265438378,952,42,0.45516765117645264,0.45578911900520325,0.2781442105770111,0.2787656784057617,0.28860393166542053
0.3368842601776123,0.320298433303833,0.25599992275238037,0.13772784173488617,62,camera,0.00040983528015203774,0.0011144725140184164,0.0005383694660849869,0.3677392303943634,2011_1Ez6dw3ywcc_00036_000_a,4.551431629806757e-06,0.0004143867117818445,393,30,0.580565869808197,0.5809757113456726,0.6126638650894165,0.6130737066268921,0.7612528204917908
0.26633524894714355,0.15507248044013977,0.19830669462680817,0.07600004225969315,63,camera,0.00026811243151314557,0.0003124255745206028,0.0006954764830879867,0.8581641912460327,2011_1Ez6dw3ywcc_00038_000_a,1.0201329132542014e-05,0.0002783137606456876,663,27,0.24301795661449432,0.24328607320785522,0.33703505992889404,0.33730316162109375,0.3855089843273163
0.4656672179698944,0.5908471345901489,0.343868613243103,0.245840921998024,64,camera,0.0006212143925949931,0.00084779440658167,0.0006425737519748509,0.7327417731285095,2011_1FZ2FA-epcE_00008_000_a,-1.1867203284054995e-05,0.0006093471893109381,564,45,0.36774203181266785,0.36836323142051697,0.7842429280281067,0.7848641276359558,0.9667596817016602
0.2395571917295456,0.11008669435977936,0.2808263599872589,0.14815989136695862,65,camera,0.0005763912340626121,0.001210386399179697,0.00312601774930954,0.4762043058872223,2011_1JyApnR4o9U_00029_000_a,4.098052158951759e-06,0.0005804892862215638,479,40,0.45557335019111633,0.45614972710609436,0.16297906637191772,0.16355545818805695,0.18438515067100525
0.19855235517024994,0.08162636309862137,0.21167227625846863,0.0865153893828392,66,camera,0.0004242414725013077,0.0004958203644491732,0.0024169927928596735,0.8556354641914368,2011_1KbamNWEfdw_00001_000_a,-6.079993909224868e-06,0.00041816147859208286,708,28,0.2459980547428131,0.24642229080200195,0.15702468156814575,0.1574489176273346,0.17552450299263
0.2935393750667572,0.1735687106847763,0.23635579645633698,0.09766342490911484,67,camera,0.00033821171382442117,0.0003082362818531692,0.0014622756280004978,1.0972481966018677,2011_1MJg1718M74_00023_000_a,1.1148513294756413e-06,0.0003393265651538968,869,54,0.521452009677887,0.5217902064323425,0.1831304430961609,0.18346865475177765,0.23129135370254517
0.2893785536289215,0.17680510878562927,0.23750174045562744,0.10473186522722244,68,camera,0.00023331282136496156,0.012839650735259056,0.0007192156626842916,0.018171275034546852,2011_1Qb-2KSKByg_00030_000_a,-1.6392470570281148e-05,0.00021692035079468042,79,38,0.4288389980792999,0.4290723204612732,0.22994698584079742,0.2301802933216095,0.3243989646434784
0.2109471708536148,0.09357006847858429,0.21813251078128815,0.094027079641819,69,camera,0.0004237719113007188,0.00047635840019211173,0.0022266379091888666,0.889607310295105,2011_1Qb-2KSKByg_00034_000_a,-2.861770917661488e-05,0.0003951542021241039,732,31,0.6691126227378845,0.6695364117622375,0.17127184569835663,0.17169561982154846,0.19031918048858643
0.18923908472061157,0.0843266174197197,0.18430067598819733,0.06446611881256104,70,camera,0.0011355157475918531,0.007098135072737932,0.0035664464812725782,0.15997381508350372,2011_1Qb-2KSKByg_00036_000_a,-5.0129485316574574e-05,0.0010853862622752786,261,15,0.6192752718925476,0.6204107999801636,0.3004608154296875,0.30159634351730347,0.31838855147361755
0.31450483202934265,0.20732979476451874,0.25258439779281616,0.1308014839887619,71,camera,0.0008042955887503922,0.0008742688805796206,0.0020931304898113012,0.9199636578559875,2011_1Qb-2KSKByg_00036_001_a,-2.9261282179504633e-05,0.0007750343065708876,700,38,0.5897828936576843,0.5905871987342834,0.37385293841362,0.3746572434902191,0.3842548727989197
0.37134748697280884,0.3477639853954315,0.2998960018157959,0.17400537431240082,72,camera,0.0006325889262370765,0.0005541744758374989,0.0010323507012799382,1.1414977312088013,2011_1VZzulIl0DI_00005_000_a,-1.0208983439952135e-05,0.0006223799427971244,769,41,2.9995439052581787,3.000176429748535,0.5574886202812195,0.5581212043762207,0.6127655506134033
0.3479245901107788,0.23554494976997375,0.38164466619491577,0.2712944746017456,73,camera,0.0007439610199071467,0.0008187988423742354,0.0025038577150553465,0.9086005091667175,2011_1YCz4y8b58k_00011_000_a,-1.169857569038868e-06,0.0007427911623381078,681,58,0.1258649080991745,0.12660886347293854,0.27873536944389343,0.27947932481765747,0.297125905752182
0.2892518639564514,0.17057745158672333,0.2973257303237915,0.20120136439800262,74,camera,0.00041845423402264714,0.0006366469897329807,0.0014366660034283996,0.657278299331665,2011_1Zro4CfP9wY_00031_000_a,-3.85515158995986e-06,0.0004145990824326873,576,41,0.17458489537239075,0.17500334978103638,0.24114999175071716,0.2415684461593628,0.2912675738334656
0.29477035999298096,0.23538635671138763,0.25159239768981934,0.14430883526802063,75,camera,0.000995643436908722,0.0013931909343227744,0.0012965034693479538,0.7146496772766113,2011_1_-RGLVHmOA_00012_000_a,-3.7044635973870754e-05,0.0009585988009348512,595,21,0.9594561457633972,0.9604517817497253,0.7258474826812744,0.7268431186676025,0.7679450511932373
0.1900182068347931,0.08061446994543076,0.22057653963565826,0.10820981860160828,76,camera,0.0005344818346202374,0.0016687964089214802,0.0019944042433053255,0.3202798366546631,2011_1eH4YUzgfN4_00008_000_a,-1.2729782611131668e-05,0.0005217520520091057,355,17,0.6629530191421509,0.6634874939918518,0.23964957892894745,0.24018405377864838,0.26799073815345764
0.25479885935783386,0.11746625602245331,0.26956185698509216,0.13485154509544373,77,camera,0.00028554367600008845,0.002327898982912302,0.0015954392729327083,0.1226615384221077,2011_1eH4YUzgfN4_00008_001_a,-2.3048254661262035e-05,0.0002624954213388264,217,45,0.37706050276756287,0.3773460388183594,0.1225571259856224,0.12284266948699951,0.1789749562740326
0.340897798538208,0.2695865333080292,0.2777616083621979,0.15718452632427216,78,camera,0.00029640484717674553,0.007431552745401859,0.0005549697089008987,0.039884645491838455,2011_1n4wtaSq7AY_00008_000_a,-4.980401718057692e-05,0.0002466008299961686,120,36,0.43065470457077026,0.4309511184692383,0.32946163415908813,0.32975804805755615,0.5340919494628906
0.38158875703811646,0.35739225149154663,0.3495941460132599,0.2553519308567047,79,camera,0.001304415869526565,0.0034046515356749296,0.0019731041975319386,0.3831275701522827,2011_1zOSmScTr_w_00002_000_a,-1.4787190593779087e-05,0.001289628678932786,404,39,0.7419271469116211,0.7432315349578857,0.5627777576446533,0.564082145690918,0.661098301410675
0.22280871868133545,0.1020936444401741,0.19125626981258392,0.0645570233464241,80,camera,0.00021504830510821193,0.0002526849857531488,0.0009917657589539886,0.85105299949646,2011_22VmzX35pvM_00002_000_a,2.5527551770210266e-06,0.00021760106028523296,689,30,0.7029463052749634,0.703161358833313,0.19680659472942352,0.19702164828777313,0.21683377027511597
0.27143922448158264,0.14307692646980286,0.2294183224439621,0.09246125817298889,81,camera,6.084306733100675e-05,0.016441140323877335,0.0002851707977242768,0.0037006596103310585,2011_22VmzX35pvM_00002_001_a,9.373197826789692e-06,7.021626515779644e-05,31,47,0.10829855501651764,0.10835939645767212,0.12559930980205536,0.12566015124320984,0.21335658431053162
0.3526589572429657,0.2246246337890625,0.2915182113647461,0.15244169533252716,82,camera,0.00031715459772385657,0.053240757435560226,0.0010499664349481463,0.0059569887816905975,2011_22VmzX35pvM_00011_000_a,-1.6525154933333397e-07,0.00031698934617452323,42,54,0.13680769503116608,0.13712485134601593,0.1687716841697693,0.16908884048461914,0.30206164717674255
0.3336457312107086,0.20458956062793732,0.299549400806427,0.16299401223659515,83,camera,0.00022464426001533866,0.003171162214130163,0.0007228203467093408,0.07083972543478012,2011_22VmzX35pvM_00011_000_b,-7.135909982025623e-06,0.00021750835003331304,162,47,0.2742006778717041,0.27442532777786255,0.23614291846752167,0.23636756837368011,0.31078851222991943
0.19105780124664307,0.08966945856809616,0.2546308636665344,0.1812906116247177,84,camera,0.0018450793577358127,0.00268211355432868,0.00545539753511548,0.6879199147224426,2011_26-SvRLhthc_00020_000_a,-1.7191516235470772e-05,0.001827887841500342,585,15,0.2849724590778351,0.2868175506591797,0.29795652627944946,0.29980161786079407,0.33821171522140503
0.2665894627571106,0.19835679233074188,0.23619258403778076,0.12289052456617355,85,camera,0.00039979550638236105,0.0030828199815005064,0.0006247158162295818,0.12968499958515167,2011_26MkbK_C-lM_00008_000_a,1.2932461686432362e-05,0.0004127279680687934,234,21,0.842337429523468,0.8427371978759766,0.4521586298942566,0.4525584280490875,0.6399638056755066
0.3539052903652191,0.33878079056739807,0.3812684714794159,0.37275227904319763,86,camera,0.0006160542834550142,0.3316737413406372,0.0008111308561637998,0.001857410417869687,2011_26MkbK_C-lM_00009_000_a,-2.9842951335012913e-05,0.0005862113321200013,20,32,0.6658608913421631,0.6664769649505615,0.31822672486305237,0.3188427686691284,0.7595005035400391
0.32367148995399475,0.2513112425804138,0.2782520353794098,0.15515871345996857,87,camera,0.0004933672025799751,0.0010493723675608635,0.000996932154521346,0.4701545536518097,2011_28JhyDR8-5M_00022_000_a,3.8086436688899994e-06,0.0004971758462488651,464,36,0.6406538486480713,0.6411471962928772,0.4528898596763611,0.4533832371234894,0.4948854446411133
0.3301085829734802,0.22789429128170013,0.23511670529842377,0.09971830248832703,88,camera,0.0003067642683163285,0.0003044447803404182,0.0009144083596765995,1.00761878490448,2011_28JhyDR8-5M_00022_000_b,-4.07514744438231e-06,0.0003026891208719462,780,49,0.383902907371521,0.38420966267585754,0.3263828754425049,0.32668963074684143,0.33547842502593994
0.7932440638542175,1.422958493232727,0.38331517577171326,0.3057115375995636,89,camera,0.0016855221474543214,0.000729404971934855,0.0007326875347644091,2.3108179569244385,2011_29KrhW9Ft4E_00002_000_b,-0.00018112617544829845,0.001504395972006023,832,46,2.5556561946868896,2.5573418140411377,2.1155757904052734,2.1172614097595215,2.3004651069641113
0.5622845888137817,0.731381356716156,0.31741929054260254,0.2070102095603943,90,camera,0.00087120127864182,0.00042421772377565503,0.0007880297489464283,2.0536653995513916,2011_29nIXG5KJYw_00000_000_a,-6.231886800378561e-06,0.0008649693918414414,991,49,2.411170482635498,2.412041664123535,1.0103329420089722,1.0112041234970093,1.105543613433838
0.30473843216896057,0.2147350311279297,0.25135260820388794,0.12194140255451202,91,camera,0.00038198468973860145,0.016358671709895134,0.0008629628573544323,0.023350592702627182,2011_29nIXG5KJYw_00016_000_a,1.015057205222547e-05,0.0003921352617908269,87,34,0.5960536599159241,0.5964356660842896,0.30546391010284424,0.30584588646888733,0.44264325499534607
0.316117525100708,0.1863280087709427,0.3136354088783264,0.19295179843902588,92,camera,0.0010477721225470304,0.0008626686758361757,0.003786710789427161,1.2145707607269287,2011_2C6FHPmqETM_00001_000_a,-4.221114795655012e-05,0.0010055609745904803,924,48,0.6352930665016174,0.636340856552124,0.26127946376800537,0.2623272240161896,0.27669715881347656
0.31804075837135315,0.21610219776630402,0.25101491808891296,0.12569549679756165,93,camera,0.00014284336066339165,0.0022965730167925358,0.000356255128281191,0.06219848245382309,2011_2C6FHPmqETM_00001_001_a,-3.6024575820192695e-06,0.00013924090308137238,150,38,0.7869998216629028,0.7871426939964294,0.31323257088661194,0.31337541341781616,0.40095803141593933
0.42299216985702515,0.3692234456539154,0.4642263948917389,0.48950597643852234,94,camera,0.001433134893886745,0.00400218740105629,0.0026241338346153498,0.3580878973007202,2011_2CEYOnJqPE4_00008_000_a,-3.0098133720457554e-05,0.0014030367601662874,379,49,0.7346717119216919,0.7361048460006714,0.47511425614356995,0.47654739022254944,0.5461363792419434
0.2327854484319687,0.18476401269435883,0.2787628173828125,0.333850622177124,95,camera,0.002655205549672246,0.002243979601189494,0.0031168018467724323,1.1832574605941772,2011_2Ee6xrIGhcY_00037_000_a,-2.162158489227295e-05,0.002633583964779973,739,14,0.7741316556930542,0.7767868638038635,0.8319345712661743,0.8345897793769836,0.8519006371498108
0.29887932538986206,0.17807595431804657,0.26089203357696533,0.13333381712436676,96,camera,0.0006576190353371203,0.0007007346139289439,0.002157804323360324,0.9384709000587463,2011_2L0A2D7zV7A_00028_000_a,1.2809992767870426e-05,0.0006704290281049907,749,41,2.0692079067230225,2.0698654651641846,0.29521462321281433,0.2958722412586212,0.3047630488872528
0.19830437004566193,0.09700969606637955,0.18949748575687408,0.07199593633413315,97,camera,0.0003200086939614266,0.0005249501555226743,0.0009390981867909431,0.6095982789993286,2011_2QT4mFNVyzc_00002_000_a,1.0047137038782239e-05,0.00033005583100020885,574,17,0.4647713899612427,0.46509140729904175,0.3018842935562134,0.30220431089401245,0.3407616913318634
0.34807297587394714,0.21885935962200165,0.25850042700767517,0.11453674733638763,98,camera,0.00029704958433285356,0.0005408920696936548,0.0009953762637451291,0.5491845607757568,2011_2QT4mFNVyzc_00006_000_a,2.643023617565632e-05,0.0003234798205085099,490,53,0.2311088889837265,0.23140594363212585,0.3008781373500824,0.30117517709732056,0.2984294295310974
0.2538255453109741,0.11481688171625137,0.21051925420761108,0.07420968264341354,99,camera,0.00024995539570227265,0.000248352880589664,0.0018420519772917032,1.0064525604248047,2011_2V5LfF6uxT0_00007_000_a,4.992412868887186e-06,0.00025494780857115984,805,61,0.30323153734207153,0.30348148941993713,0.11890380829572678,0.11915376037359238,0.1356939971446991
0.19291235506534576,0.07552006095647812,0.19966953992843628,0.07516826689243317,100,camera,0.0004538272914942354,0.00044835027074441314,0.003016808070242405,1.0122159719467163,2011_2Vam2a4r9vo_00004_000_a,5.873327609151602e-06,0.000459700619103387,797,30,0.3079231381416321,0.3083769679069519,0.13385075330734253,0.13430458307266235,0.15043292939662933
0.7906801700592041,1.4050770998001099,0.4780294895172119,0.43477702140808105,101,camera,0.00235713180154562,0.0010477813193574548,0.00121591379866004,2.249640941619873,2011_2bMvW5QUMYk_00000_000_a,6.411201320588589e-05,0.002421243814751506,899,54,2.2676784992218018,2.270035743713379,1.9325182437896729,1.9348753690719604,1.9385682344436646
0.22315600514411926,0.12347118556499481,0.24682821333408356,0.14645926654338837,102,camera,0.0006727829459123313,0.001653758343309164,0.0017138068797066808,0.4068205952644348,2011_2eqWGVKtm5w_00007_000_a,1.180265098810196e-05,0.0006845855969004333,428,20,0.2937032878398895,0.29437607526779175,0.35794538259506226,0.3586181700229645,0.39256638288497925
0.2042367160320282,0.09722039848566055,0.21567706763744354,0.1043599545955658,103,camera,0.001161899883300066,0.0014552242355421185,0.0035860766656696796,0.7984335422515869,2011_2h8rH8zxA64_00027_000_a,2.7595204301178455e-05,0.0011894950876012444,644,18,0.11158007383346558,0.11274197697639465,0.3131800889968872,0.3143419921398163,0.32400307059288025
0.35067540407180786,0.235582172870636,0.34128326177597046,0.2212963104248047,104,camera,0.0012666285037994385,0.0010026074014604092,0.003996368497610092,1.2633345127105713,2011_2hs_qcU6410_00000_000_a,-4.380941390991211e-05,0.0012228190898895264,987,54,0.3258661925792694,0.32713282108306885,0.29278168082237244,0.2940483093261719,0.3169448673725128
0.3176891803741455,0.24274688959121704,0.30739811062812805,0.21577957272529602,105,camera,0.0012654371093958616,0.0008751143468543887,0.002368607558310032,1.4460248947143555,2011_2sFAyhjR8_o_00031_000_a,1.9917264580726624e-05,0.0012853543739765882,970,32,0.8874084949493408,0.8886739611625671,0.5282822847366333,0.5295477509498596,0.5342535972595215
0.23787151277065277,0.13157711923122406,0.21655139327049255,0.09509667009115219,106,camera,0.0005718343309126794,0.0005272929556667805,0.0016100808279588819,1.0844718217849731,2011_303wyvo5Uow_00015_000_a,6.537884473800659e-06,0.0005783722153864801,839,24,1.2071279287338257,1.2076997756958008,0.3923134505748749,0.39288529753685,0.3551587760448456
0.26124706864356995,0.18489520251750946,0.22118592262268066,0.10088515281677246,107,camera,0.0008833950269035995,0.0006630353163927794,0.001695165759883821,1.3323498964309692,2011_303wyvo5Uow_00015_001_a,-4.167843144387007e-06,0.0008792271837592125,888,24,0.9015662670135498,0.9024496674537659,0.547785758972168,0.548669159412384,0.5211260318756104
0.2619771361351013,0.2458733171224594,0.20811040699481964,0.10818784683942795,108,camera,0.0016338609857484698,0.017698021605610847,0.0012636668980121613,0.09231884777545929,2011_303wyvo5Uow_00015_002_a,-9.43988561630249e-05,0.001539462129585445,189,13,1.6053186655044556,1.6069525480270386,1.0863231420516968,1.0879570245742798,1.292952299118042
0.20908765494823456,0.10379113256931305,0.29450950026512146,0.2390701323747635,109,camera,0.0005826468113809824,0.06885317713022232,0.0018313530599698424,0.00846216268837452,2011_32me3lMxEDU_00015_000_a,3.979657776653767e-06,0.0005866264691576362,49,20,0.3240175247192383,0.3246001601219177,0.1912696659564972,0.19185231626033783,0.31815099716186523
0.20805177092552185,0.0891101211309433,0.2377444952726364,0.13121967017650604,110,camera,0.000796582258772105,0.0017803445225581527,0.0035665840841829777,0.4474315345287323,2011_32me3lMxEDU_00015_001_a,-4.669884219765663e-06,0.0007919123745523393,443,24,0.13340722024440765,0.13420380651950836,0.18654300272464752,0.18733958899974823,0.22334599494934082
0.23019419610500336,0.11575482785701752,0.18931181728839874,0.06698966771364212,111,camera,0.0002995804825332016,0.00027013258659280837,0.0011552454670891166,1.1090127229690552,2011_331wiVQINn8_00004_000_a,-2.3690517991781235e-06,0.00029721143073402345,831,29,0.9008080959320068,0.901107668876648,0.24936912953853607,0.24966871738433838,0.259321928024292
0.15815076231956482,0.05484366416931152,0.15804947912693024,0.0451488122344017,112,camera,0.00019921548664569855,0.000962714955676347,0.0008140759309753776,0.20693092048168182,2011_331wiVQINn8_00004_001_a,1.5320329112000763e-05,0.0002145358157576993,296,10,0.08820778876543045,0.088407002389431,0.22721892595291138,0.22741813957691193,0.24471363425254822
0.3144972324371338,0.17892307043075562,0.2788398265838623,0.13938207924365997,113,camera,0.00054005446145311,0.00042487611062824726,0.0021478082053363323,1.2710869312286377,2011_331wiVQINn8_00005_000_b,-5.803653039038181e-06,0.0005342508084140718,998,51,0.6235602498054504,0.6241003274917603,0.24922960996627808,0.2497696578502655,0.2514444589614868
0.270465612411499,0.1435018926858902,0.244693785905838,0.10845747590065002,114,camera,0.0002310397248947993,0.00027461041463539004,0.0009971519466489553,0.8413363695144653,2011_331wiVQINn8_00005_000_c,4.479370545595884e-06,0.00023551909544039518,707,43,1.0170000791549683,1.0172311067581177,0.2172403186559677,0.21747136116027832,0.2316996157169342
0.3114495873451233,0.1784861832857132,0.2433876097202301,0.11267537623643875,115,camera,0.00023012769815977663,0.00025423732586205006,0.0007701797876507044,0.9051688313484192,2011_331wiVQINn8_00006_000_a,6.862232112325728e-06,0.00023698993027210236,705,42,1.0191189050674438,1.0193489789962769,0.2590372562408447,0.2592673897743225,0.2987973690032959
0.17771784961223602,0.07548709213733673,0.1897651106119156,0.07670620083808899,116,camera,0.00047523793182335794,0.011792050674557686,0.001412467798218131,0.040301550179719925,2011_398qkvR92GU_00010_000_a,-3.576022572815418e-05,0.00043947770609520376,121,12,0.6841471195220947,0.6846223473548889,0.26126930117607117,0.26174452900886536,0.33645930886268616
0.19524984061717987,0.09372975677251816,0.18593142926692963,0.06875742226839066,117,camera,0.00044502445962280035,0.0006269352161325514,0.0010684834560379386,0.7098411917686462,2011_3A3iNVaLod4_00002_000_a,4.404748324304819e-06,0.00044942920794710517,577,13,0.8213774561882019,0.821822464466095,0.44731804728507996,0.4477630853652954,0.4165010452270508
0.3599632978439331,0.24651987850666046,0.23586812615394592,0.10436984896659851,118,camera,0.0002044454449787736,0.001541915233246982,0.00046587290125899017,0.13259188830852509,2011_3A3iNVaLod4_00002_001_a,-1.3749406207352877e-05,0.00019069603877142072,229,40,0.5356314778327942,0.5358359217643738,0.3469771146774292,0.3471815586090088,0.43884381651878357
0.28543177247047424,0.19002565741539001,0.23430262506008148,0.102202869951725,119,camera,0.00027244185912422836,0.0003324360295664519,0.0007402269402518868,0.8195316791534424,2011_3YM3AYZaTZ0_00002_000_a,-3.903667675331235e-06,0.0002685381914488971,650,36,0.6869601011276245,0.6872325539588928,0.3830272853374481,0.38329973816871643,0.36805179715156555
0.18072441220283508,0.07479801774024963,0.19323138892650604,0.0784003883600235,120,camera,0.0013740648282691836,0.0023711451794952154,0.005063078831881285,0.5794941782951355,2011_3ZPlgOWbkcY_00008_000_a,8.203438483178616e-05,0.0014560992131009698,521,15,0.23507356643676758,0.23644763231277466,0.2485339641571045,0.24990803003311157,0.2713891863822937
0.3669806122779846,0.3159428536891937,0.307388573884964,0.20914024114608765,121,camera,0.0008441023528575897,0.0007197639788500965,0.001339236623607576,1.1727488040924072,2011_3dluAhOU1cA_00011_000_a,-5.404773401096463e-05,0.0007900546188466251,779,36,1.1055046319961548,1.1063487529754639,0.5802702307701111,0.5811143517494202,0.6302862167358398
0.2693779170513153,0.2092842161655426,0.26106026768684387,0.1599419265985489,122,camera,0.0016823146725073457,0.0028835725970566273,0.002495097927749157,0.583413302898407,2011_3eGHDodwIZI_00012_000_a,-1.5494530089199543e-05,0.0016668201424181461,501,21,1.0836937427520752,1.0853760242462158,0.6251117587089539,0.6267940998077393,0.6742479801177979
0.19625091552734375,0.10228003561496735,0.19688770174980164,0.08231767266988754,123,camera,0.0007354271365329623,0.003132970305159688,0.0016879193717613816,0.23473797738552094,2011_3eGHDodwIZI_00012_001_a,-3.7478574085980654e-05,0.0006979485624469817,315,14,0.38921070098876953,0.3899461328983307,0.44127219915390015,0.4420076310634613,0.435700386762619
0.270967960357666,0.13715271651744843,0.24435952305793762,0.1085565984249115,124,camera,0.00019451718253549188,0.003311876440420747,0.0008995700045488775,0.058733224868774414,2011_3eGHDodwIZI_00022_000_a,1.929569407366216e-06,0.0001964467519428581,148,44,0.6158642172813416,0.6160587072372437,0.16137413680553436,0.16156865656375885,0.2162335067987442
0.19509278237819672,0.08031950891017914,0.19456221163272858,0.07331583648920059,125,camera,0.0005095366504974663,0.0006321637192741036,0.0024895223323255777,0.8060200810432434,2011_3eGHDodwIZI_00022_000_b,-3.679946530610323e-06,0.000505856703966856,644,23,0.16939526796340942,0.16990479826927185,0.1966569572687149,0.19716648757457733,0.2046724557876587
0.2484164983034134,0.1379006803035736,0.273086279630661,0.16856929659843445,126,camera,0.0005221421597525477,0.05423349514603615,0.0016509501729160547,0.009627669118344784,2011_3fwlRWBtHLg_00003_000_a,3.2161769922822714e-05,0.0005543039296753705,54,29,0.17971059679985046,0.18023273348808289,0.21032190322875977,0.2108440399169922,0.3162676692008972
0.2438303679227829,0.2119176983833313,0.2269219309091568,0.13397683203220367,127,camera,0.0004967061104252934,0.02476632036268711,0.00048599796718917787,0.020055709406733513,2011_3o2ACEr9NmQ_00034_000_a,-1.2619071640074253e-05,0.0004840870387852192,83,14,0.7688410878181458,0.7693377733230591,0.4612541198730469,0.4617508351802826,1.0220333337783813
0.19236290454864502,0.08619026094675064,0.21448229253292084,0.10197222232818604,0,human,0.003204161999747157,0.007479333318769932,0.010114158503711224,0.4284020960330963,2011_-4GsCEopbd4_00008_001_a,0.00030686124227941036,0.0035110232420265675,434,18,0.21328864991664886,0.21649281680583954,0.27357202768325806,0.27677619457244873,0.31679967045783997
0.20798622071743011,0.09467210620641708,0.21144883334636688,0.0879676342010498,1,human,0.0015719865914434195,0.01636018045246601,0.00859028473496437,0.09608613699674606,2011_-4GsCEopbd4_00017_000_a,-0.00012160302139818668,0.0014503835700452328,191,27,0.19328312575817108,0.19485510885715485,0.12357470393180847,0.12514668703079224,0.18299587070941925
0.364816814661026,0.3391755223274231,0.2992452085018158,0.18112368881702423,2,human,0.005040853284299374,0.010322424583137035,0.01680769957602024,0.4883400499820709,2011_-EuO6OFypLo_00002_000_a,0.0001078527420759201,0.005148706026375294,465,40,0.2358587086200714,0.24089956283569336,0.26616600155830383,0.2712068557739258,0.29991334676742554
0.2986184358596802,0.20124034583568573,0.233897402882576,0.1093333438038826,3,human,0.005034901201725006,0.005427566822618246,0.0259696077555418,0.9276534914970398,2011_-EuO6OFypLo_00002_000_b,-0.0003882558085024357,0.00464664539322257,758,35,0.1973538100719452,0.2023887187242508,0.18480175733566284,0.18983666598796844,0.19387666881084442
0.2842530608177185,0.1603032648563385,0.21049396693706512,0.08338731527328491,4,human,0.0005439568776637316,0.0014658067375421524,0.004290714859962463,0.37109726667404175,2011_-EuO6OFypLo_00020_000_a,4.3629377614706755e-05,0.0005875862552784383,404,40,0.07786636799573898,0.0784103274345398,0.11653173714876175,0.11707569658756256,0.1267753541469574
0.6768509745597839,0.8902453780174255,0.4483899176120758,0.3980374336242676,5,human,0.006634265184402466,0.014805144630372524,0.011735092848539352,0.4481053948402405,2011_-MG8-wCvzpE_00002_000_a,0.0004892167635262012,0.007123481947928667,442,51,0.5835366249084473,0.5901709198951721,0.47549501061439514,0.4821292757987976,0.5653355717658997
0.628781259059906,1.0498305559158325,0.4103747308254242,0.3967743515968323,6,human,0.008849555626511574,0.02329595945775509,0.01085767149925232,0.379875123500824,2011_-MG8-wCvzpE_00002_001_a,0.00010656286031007767,0.008956118486821651,394,34,0.6346545815467834,0.6435041427612305,0.6263723969459534,0.6352219581604004,0.8150509595870972
0.4129786491394043,0.5300306081771851,0.26831066608428955,0.16423848271369934,7,human,0.0030985623598098755,0.010993695817887783,0.0103079192340374,0.2818490266799927,2011_-RBjiJto4hc_00027_000_a,0.00019910605624318123,0.0032976684160530567,343,32,0.37709885835647583,0.3801974058151245,0.24586433172225952,0.2489628940820694,0.30060017108917236
0.2011793553829193,0.10645631700754166,0.22972185909748077,0.1435004323720932,8,human,0.004904755391180515,1.3433674573898315,0.009168609045445919,0.0036510899662971497,2011_-UAElWXbk3I_00000_000_a,-3.1076837331056595e-05,0.004873678553849459,30,16,0.2104177623987198,0.21532252430915833,0.1996602863073349,0.20456504821777344,0.534950852394104
0.3559401035308838,0.2716551423072815,0.5350576639175415,0.6839876174926758,9,human,0.013174643740057945,2.8161487579345703,0.010583040304481983,0.004678248427808285,2011_-UAElWXbk3I_00000_001_a,-0.0001838989555835724,0.012990744784474373,36,40,0.3284207582473755,0.3415954113006592,0.3284333348274231,0.3416079878807068,1.2448827028274536
0.23820938169956207,0.13255126774311066,0.2789291441440582,0.18142715096473694,10,human,0.0021498531568795443,0.003105767536908388,0.005425610579550266,0.6922131776809692,2011_-WW51YaWO-4_00007_000_a,-7.68147874623537e-05,0.0020730383694171906,576,30,0.31160473823547363,0.3137545883655548,0.35668930411338806,0.35883915424346924,0.396241694688797
0.326567679643631,0.20201055705547333,0.35500526428222656,0.2456108182668686,11,human,0.0010728263296186924,0.07314334809780121,0.00306618120521307,0.014667448587715626,2011_-WW51YaWO-4_00007_002_a,-3.3824355341494083e-05,0.0010390019742771983,69,50,0.31132760643959045,0.3124004304409027,0.1530686616897583,0.15414148569107056,0.3498900532722473
0.1753857433795929,0.06407061964273453,0.20109982788562775,0.08102283626794815,12,human,0.0014008119469508529,0.0032693345565348864,0.0066953315399587154,0.42847004532814026,2011_-Y2wqkD2KVM_00040_000_a,0.00010967638809233904,0.001510488335043192,442,20,0.22840899229049683,0.22980980575084686,0.15600533783435822,0.15740615129470825,0.2092221975326538
0.3265218436717987,0.1891351342201233,0.26830169558525085,0.12702754139900208,13,human,0.0029592402279376984,0.0027191422414034605,0.01852911151945591,1.0882991552352905,2011_-fJwmmnPHok_00006_000_a,6.195134483277798e-05,0.0030211915727704763,895,55,0.4683417081832886,0.47130095958709717,0.15068794786930084,0.15364718437194824,0.15970762073993683
0.35294750332832336,0.31290116906166077,0.2604304254055023,0.13038302958011627,14,human,0.005204941611737013,0.005134315229952335,0.023586628958582878,1.0137557983398438,2011_-fJwmmnPHok_00007_000_a,-0.0002711373381316662,0.004933804273605347,791,36,0.2158661186695099,0.2210710644721985,0.18950538337230682,0.19471032917499542,0.22067339718341827
0.3088970482349396,0.20960558950901031,0.22829198837280273,0.09586041420698166,15,human,0.0022175353951752186,0.002283448586240411,0.015919772908091545,0.97113436460495,2011_-fJwmmnPHok_00007_001_a,-0.00011135195381939411,0.0021061834413558245,785,40,0.3035900592803955,0.30580759048461914,0.12258179485797882,0.12479933351278305,0.13929441571235657
0.25352317094802856,0.1264025866985321,0.20854678750038147,0.07983285933732986,16,human,0.0008341526263393462,0.0007565701380372047,0.0070692324079573154,1.1025450229644775,2011_-nkqrSaJf1g_00012_000_b,1.2164353393018246e-05,0.0008463169797323644,979,41,0.2713533639907837,0.2721875309944153,0.11900883913040161,0.11984299123287201,0.11799762398004532
0.27260932326316833,0.18924793601036072,0.22112618386745453,0.09297459572553635,17,human,0.0006183491786941886,0.023958567529916763,0.0034844058100134134,0.02580910548567772,2011_-qK58CZslAs_00001_000_a,-1.3127690181136131e-05,0.0006052214885130525,94,30,0.2622266411781311,0.262844979763031,0.08950980752706528,0.09012815356254578,0.1774618774652481
0.43628430366516113,0.47579824924468994,0.307793527841568,0.21121715009212494,18,human,0.010091038420796394,0.007265470456331968,0.025240296497941017,1.3889036178588867,2011_-rq6IBVPcBU_00001_000_a,0.0008052671328186989,0.010896305553615093,987,36,0.483658105134964,0.49374914169311523,0.3831421136856079,0.39323315024375916,0.399798721075058
0.29558828473091125,0.24204254150390625,0.21081574261188507,0.08740554749965668,19,human,0.0014296395238488913,0.006577623076736927,0.00666301092132926,0.21734896302223206,2011_-tUodP_Wus4_00031_000_a,-8.750474080443382e-05,0.0013421347830444574,304,21,0.23858657479286194,0.24001620709896088,0.17249111831188202,0.17392075061798096,0.21456359326839447
0.3435696065425873,0.3086344599723816,0.22868014872074127,0.10227762162685394,20,human,0.0008759163320064545,0.0038767640944570303,0.004992433823645115,0.2259400635957718,2011_-tUodP_Wus4_00031_001_a,9.349838364869356e-06,0.0008852661703713238,317,31,0.129231259226799,0.13010717928409576,0.13647937774658203,0.13735529780387878,0.17544876039028168
0.15670926868915558,0.056466758251190186,0.1934603601694107,0.08435535430908203,21,human,0.00557332020252943,0.010627112351357937,0.0163208469748497,0.524443507194519,2011_-zIzLRgwdxA_00019_000_a,0.0007489342242479324,0.006322254426777363,507,10,0.3488520085811615,0.3544253408908844,0.2853195071220398,0.2908928394317627,0.3414847254753113
0.17293068766593933,0.07338952273130417,0.19315430521965027,0.07524897158145905,22,human,0.001665053074248135,0.05787866190075874,0.007477016653865576,0.028767995536327362,2011_-zIzLRgwdxA_00019_001_a,1.001567579805851e-05,0.0016750687500461936,102,15,0.15910060703754425,0.1607656627893448,0.1143459752202034,0.11601103097200394,0.22268949449062347
0.23127061128616333,0.1420217901468277,0.2690320909023285,0.188216894865036,23,human,0.010913348756730556,0.08513340353965759,0.016487091779708862,0.12819114327430725,2011_00pBYZ1yofs_00026_000_a,0.00010139495134353638,0.011014743708074093,228,18,0.6294001936912537,0.6403135657310486,0.463197261095047,0.47411060333251953,0.6619328856468201
0.269570916891098,0.18300271034240723,0.22954407334327698,0.10538645833730698,24,human,0.0027307546697556973,0.0024031552020460367,0.011410629376769066,1.1363205909729004,2011_00pBYZ1yofs_00026_001_a,0.0001487636473029852,0.0028795183170586824,889,25,0.3270956873893738,0.3298264443874359,0.22541572153568268,0.2281464785337448,0.23931674659252167
0.2757362425327301,0.17284929752349854,0.2687179148197174,0.1503676027059555,25,human,0.004049386363476515,0.0071159228682518005,0.016147775575518608,0.5690599083900452,2011_06KH47jZbG0_00062_000_a,-2.998998388648033e-05,0.0040193963795900345,518,37,0.24207134544849396,0.24612073600292206,0.21710439026355743,0.22115378081798553,0.25077053904533386
0.21315695345401764,0.09335070848464966,0.2371661365032196,0.11872337758541107,26,human,0.00539238890632987,0.009064246900379658,0.022087683901190758,0.5949075222015381,2011_06KH47jZbG0_00062_001_a,-0.00015158066526055336,0.005240808241069317,535,30,0.19957995414733887,0.20497234165668488,0.23555348813533783,0.24094587564468384,0.2441355437040329
0.41656309366226196,0.5148672461509705,0.2877495288848877,0.17362940311431885,27,human,0.0017261379398405552,0.23921917378902435,0.004907544236630201,0.00721571734175086,2011_0IxeTLiovq8_00000_000_a,-6.0063437558710575e-05,0.0016660745022818446,46,32,0.1711481660604477,0.1728743016719818,0.14967425167560577,0.1514003872871399,0.3517315089702606
0.2620273232460022,0.23456843197345734,0.21383032202720642,0.10082340240478516,28,human,0.001933700405061245,0.030230196192860603,0.006291452329605818,0.06396585702896118,2011_0IxeTLiovq8_00000_001_a,-6.106297951191664e-05,0.0018726374255493283,153,17,0.23455801606178284,0.23649170994758606,0.17491617798805237,0.1768498718738556,0.30735358595848083
0.41935664415359497,0.5462151169776917,0.27810385823249817,0.18289409577846527,29,human,0.0029637350235134363,0.0166732519865036,0.007512716576457024,0.17775386571884155,2011_0JXwzlRcYWk_00043_000_a,-3.3938558772206306e-05,0.00292979646474123,266,27,0.30282700061798096,0.3057907223701477,0.28454461693763733,0.2875083386898041,0.39449578523635864
0.20509988069534302,0.10479190945625305,0.19758006930351257,0.07952601462602615,30,human,0.005083476658910513,0.007534166797995567,0.021841375157237053,0.6747231483459473,2011_0LzZVYshI7s_00001_000_a,0.0003160056658089161,0.005399482324719429,591,17,0.5305752158164978,0.5356587171554565,0.2157188057899475,0.22080227732658386,0.23274527490139008
0.3538639545440674,0.23692850768566132,0.3400871455669403,0.24290044605731964,31,human,0.005670333746820688,0.008239980787038803,0.015158683061599731,0.6881489157676697,2011_0LzZVYshI7s_00001_001_a,-5.976296961307526e-06,0.005664357449859381,582,46,0.4818825423717499,0.4875528812408447,0.32402536273002625,0.3296957015991211,0.3740650713443756
0.2485964000225067,0.19829410314559937,0.20716844499111176,0.09451606869697571,32,human,0.0027676953468471766,0.004716265946626663,0.011453780345618725,0.5868403911590576,2011_0fTXzdHoip8_00000_000_a,2.609402872622013e-05,0.0027937893755733967,537,18,0.4365333914756775,0.439301073551178,0.20897817611694336,0.21174587309360504,0.24164032936096191
0.46013733744621277,0.5061821341514587,0.29134130477905273,0.16790874302387238,33,human,0.0029459879733622074,0.003830135799944401,0.012626764364540577,0.7691602110862732,2011_0fTXzdHoip8_00000_001_a,-9.015132673084736e-05,0.00285583664663136,639,46,0.21696028113365173,0.2199062705039978,0.20718155801296234,0.2101275473833084,0.23331297934055328
0.30234432220458984,0.2098298817873001,0.2640678882598877,0.12735845148563385,34,human,0.002706636907532811,0.009537569247186184,0.013879464007914066,0.2837868630886078,2011_0hau_p3N-MI_00003_000_a,-2.3843953385949135e-05,0.002682792954146862,344,42,0.14986929297447205,0.15257592499256134,0.15373578667640686,0.15644241869449615,0.19501018524169922
0.3994063436985016,0.36376094818115234,0.2681158185005188,0.14059759676456451,35,human,0.0025460864417254925,0.031777724623680115,0.01085270568728447,0.0801217332482338,2011_0hau_p3N-MI_00014_000_a,-5.621463060379028e-05,0.002489871811121702,179,38,0.16908222436904907,0.17162831127643585,0.15337790548801422,0.155923992395401,0.23460383713245392
0.31132063269615173,0.22301392257213593,0.3319341242313385,0.22843872010707855,36,human,0.0051146759651601315,0.011697819456458092,0.012616194784641266,0.4372332692146301,2011_0j4aiJowI8I_00002_000_a,0.0004163794219493866,0.005531055387109518,441,38,0.2888331413269043,0.29394781589508057,0.313769668340683,0.31888434290885925,0.40540561079978943
0.3834652304649353,0.2710874378681183,0.33000946044921875,0.21190951764583588,37,human,0.002201334573328495,0.00261739082634449,0.007974741980433464,0.8410415649414062,2011_0lNb6NAV6jg_00000_000_a,7.192720659077168e-05,0.0022732617799192667,681,55,0.28693217039108276,0.2891335189342499,0.2453649938106537,0.2475663274526596,0.27603834867477417
0.3487461805343628,0.37520158290863037,0.24715319275856018,0.13423718512058258,38,human,0.0023589020129293203,0.001987817930057645,0.007769017945975065,1.1866791248321533,2011_0lNb6NAV6jg_00004_000_a,-0.000134272500872612,0.0022246295120567083,904,25,0.2838088274002075,0.2861677408218384,0.2730356752872467,0.27539458870887756,0.3036293685436249
0.4308811128139496,0.3679715692996979,0.34444302320480347,0.23405945301055908,39,human,0.0018244677921757102,0.009470148012042046,0.005878772120922804,0.19265462458133698,2011_0qvpcfYFHcw_00000_001_a,-0.00010510580614209175,0.0017193619860336185,278,54,0.2590753734111786,0.2608998417854309,0.22507363557815552,0.22689810395240784,0.3103484511375427
0.3106795847415924,0.224175363779068,0.2754475474357605,0.16666217148303986,40,human,0.006915368139743805,0.0060676587745547295,0.021248217672109604,1.13970947265625,2011_0qvpcfYFHcw_00000_001_b,0.0001302175223827362,0.007045585662126541,841,34,0.34206274151802063,0.34897810220718384,0.31876417994499207,0.3256795406341553,0.3254563808441162
0.3999815583229065,0.3319641053676605,0.33426281809806824,0.22547556459903717,41,human,0.0005261776968836784,0.9474101066589355,0.001622911891900003,0.0005553853698074818,2011_0qvpcfYFHcw_00000_002_a,1.9587052520364523e-05,0.000545764749404043,8,49,0.14906534552574158,0.14959152042865753,0.12458458542823792,0.12511076033115387,0.3242182731628418
0.46882325410842896,0.39096489548683167,0.39145147800445557,0.28005144000053406,42,human,0.0011578742414712906,0.039467111229896545,0.0035551951732486486,0.029337700456380844,2011_0qvpcfYFHcw_00000_002_b,-1.8403748981654644e-05,0.001139470492489636,101,63,0.18650014698505402,0.18765802681446075,0.16369155049324036,0.1648494303226471,0.32568514347076416
0.1925405114889145,0.09479538351297379,0.232815220952034,0.1485673040151596,43,human,0.029896246269345284,0.01976412534713745,0.046574126929044724,1.5126521587371826,2011_0qvpcfYFHcw_00000_002_c,0.002883048728108406,0.03277929499745369,965,14,0.5775482058525085,0.6074444651603699,0.6642171144485474,0.6941133737564087,0.64190673828125
0.4131605625152588,0.33196964859962463,0.32469433546066284,0.19921863079071045,44,human,0.002104739658534527,0.012524555437266827,0.007594520226120949,0.16804905235767365,2011_0qvpcfYFHcw_00000_002_d,0.00010505877435207367,0.0022097984328866005,263,51,0.1840607225894928,0.1861654669046402,0.1971578299999237,0.1992625743150711,0.27713924646377563
0.20231960713863373,0.10499537736177444,0.23716868460178375,0.1569775938987732,45,human,0.038196779787540436,0.026950977742671967,0.05643355846405029,1.4172687530517578,2011_0qvpcfYFHcw_00000_002_e,0.0020294971764087677,0.040226276963949203,872,14,0.8760446906089783,0.9142414927482605,0.6824692487716675,0.7206660509109497,0.676845133304596
0.30744847655296326,0.18714703619480133,0.28584936261177063,0.1571723073720932,46,human,0.003733072429895401,0.007503258530050516,0.016192449256777763,0.4975268244743347,2011_0qvpcfYFHcw_00005_000_a,-8.368981070816517e-05,0.003649382619187236,476,47,0.21870362758636475,0.22243669629096985,0.20700757205486298,0.21074064075946808,0.23054403066635132
0.28675204515457153,0.17329223453998566,0.24305570125579834,0.1143195852637291,47,human,0.0017274877754971385,0.025475917384028435,0.008180180564522743,0.06780865788459778,2011_0sNSVtTcxpo_00034_000_a,-2.0995154045522213e-05,0.0017064926214516163,162,33,0.1427062451839447,0.14443373680114746,0.1298362761735916,0.13156376779079437,0.2111796736717224
0.31884685158729553,0.22096827626228333,0.2540474534034729,0.1301460564136505,48,human,0.005340443924069405,0.004497949965298176,0.021873125806450844,1.1873061656951904,2011_0t6IIdmOIOQ_00001_000_a,-5.837157368659973e-05,0.005282072350382805,942,34,0.3039315938949585,0.30927205085754395,0.2227736860513687,0.22811412811279297,0.24415549635887146
0.2610946595668793,0.15310901403427124,0.21412093937397003,0.08821180462837219,49,human,0.0013247395399957895,0.008317109197378159,0.0075401985086500645,0.15927883982658386,2011_0uSOiu_WUDw_00002_000_a,-5.829730071127415e-06,0.0013189098099246621,254,26,0.1842736154794693,0.18559835851192474,0.12727612257003784,0.1286008656024933,0.17569027841091156
0.25446072220802307,0.1736469864845276,0.2332814633846283,0.11940865218639374,50,human,0.0032163297291845083,0.19873423874378204,0.010079869069159031,0.01618407480418682,2011_0yOwWkbamyM_00031_000_a,-8.489005267620087e-05,0.0031314396765083075,75,22,0.14958684146404266,0.15280316770076752,0.150859996676445,0.15407632291316986,0.3190844655036926
0.24724994599819183,0.11605939269065857,0.23356954753398895,0.10442376136779785,51,human,0.0017993961228057742,0.05669086053967476,0.010191868059337139,0.031740497797727585,2011_1-G0Fxf9IYU_00017_000_a,-1.0180287063121796e-05,0.0017892158357426524,105,37,0.08012121915817261,0.08192061632871628,0.0985584557056427,0.10035785287618637,0.17655214667320251
0.20769080519676208,0.13678568601608276,0.23555009067058563,0.14971861243247986,52,human,0.016347289085388184,0.017136352136731148,0.02423192746937275,0.9539538621902466,2011_1-HbIkCjDbk_00019_000_a,-0.0009428495541214943,0.01540443953126669,668,13,0.6692508459091187,0.6855981349945068,0.6491250395774841,0.6654723286628723,0.6746177673339844
0.2162216752767563,0.10238268226385117,0.3716842532157898,0.35246092081069946,53,human,0.010736956261098385,0.005967136938124895,0.012580209411680698,1.799347996711731,2011_117FZnev4Os_00061_000_a,0.002400568686425686,0.01313752494752407,979,29,0.8510783314704895,0.8618152737617493,0.8667436242103577,0.8774805665016174,0.8534799218177795
0.23487281799316406,0.11924053728580475,0.2725725769996643,0.15727576613426208,54,human,0.012733379378914833,0.010663121938705444,0.03674830123782158,1.1941511631011963,2011_11nfPZqT5c0_00010_000_a,0.005451761186122894,0.018185140565037727,866,29,0.5490503311157227,0.5617837309837341,0.372551828622818,0.3852851986885071,0.34650254249572754
0.6694213151931763,1.05104398727417,0.4443213939666748,0.37639501690864563,55,human,0.0033354167826473713,0.13341422379016876,0.00732252886518836,0.02500045858323574,2011_12Iosf6btzM_00011_000_a,2.8934096917510033e-05,0.0033643508795648813,94,60,0.22921325266361237,0.23254866898059845,0.21909146010875702,0.2224268764257431,0.45550066232681274
0.20901496708393097,0.11745117604732513,0.22601318359375,0.1191805824637413,56,human,0.010687259957194328,0.010020333342254162,0.025363247841596603,1.0665572881698608,2011_12Iosf6btzM_00011_000_b,-0.0005072811618447304,0.010179978795349598,783,15,0.5516732931137085,0.5623605251312256,0.4040462076663971,0.4147334694862366,0.42136794328689575
0.17692583799362183,0.0788409560918808,0.1935518980026245,0.08443017303943634,57,human,0.0049591222777962685,0.007251832168549299,0.01340243499726057,0.6838440299034119,2011_12Iosf6btzM_00011_001_a,-5.8684032410383224e-05,0.004900438245385885,605,10,0.3687573969364166,0.3737165331840515,0.33107972145080566,0.33603885769844055,0.37001651525497437
0.20074224472045898,0.10576694458723068,0.1980166733264923,0.07827337831258774,58,human,0.0037305455189198256,0.003232730319723487,0.017733722925186157,1.1539921760559082,2011_12Iosf6btzM_00011_002_a,-0.0009962355252355337,0.002734309993684292,922,18,0.5560623407363892,0.5597928762435913,0.20147451758384705,0.2052050679922104,0.21036449074745178
0.22751356661319733,0.125072181224823,0.2906475067138672,0.21944232285022736,59,human,0.004100846592336893,1.552711844444275,0.006219713948667049,0.0026410866994410753,2011_1BRteOP9UL8_00007_000_a,2.785399556159973e-05,0.004128700587898493,25,22,0.2425806224346161,0.24668146669864655,0.23415638506412506,0.23825722932815552,0.659330427646637
0.3160315454006195,0.18245132267475128,0.3408375084400177,0.2160595804452896,60,human,0.0049760048277676105,0.004935647826641798,0.01625247299671173,1.0081766843795776,2011_1Ez6dw3ywcc_00005_000_a,-0.00014343950897455215,0.004832565318793058,767,50,0.3168729841709137,0.32184898853302,0.2897372543811798,0.29471325874328613,0.3061690926551819
0.2782389521598816,0.17268526554107666,0.25289103388786316,0.12043822556734085,61,human,0.003807955654338002,0.0043129767291247845,0.020438026636838913,0.8829066157341003,2011_1Ez6dw3ywcc_00030_000_a,0.00019073882140219212,0.003998694475740194,712,42,0.24991542100906372,0.2537233829498291,0.1578584611415863,0.16166642308235168,0.18631719052791595
0.3368842601776123,0.320298433303833,0.25599992275238037,0.13772784173488617,62,human,0.003631572937592864,0.007388736587017775,0.013203066773712635,0.49150121212005615,2011_1Ez6dw3ywcc_00036_000_a,-0.00016390765085816383,0.0034676652867347,473,30,0.350649356842041,0.35428091883659363,0.2523336112499237,0.2559651732444763,0.27505525946617126
0.26633524894714355,0.15507248044013977,0.19830669462680817,0.07600004225969315,63,human,0.0006603422807529569,0.016939597204327583,0.004369274713099003,0.038982171565294266,2011_1Ez6dw3ywcc_00038_000_a,7.162062684074044e-05,0.0007319629075936973,119,27,0.1628008335828781,0.16346117854118347,0.10119208693504333,0.1018524318933487,0.15113314986228943
0.4656672179698944,0.5908471345901489,0.343868613243103,0.245840921998024,64,human,0.002368900226429105,0.06784559786319733,0.006252003833651543,0.03491605073213577,2011_1FZ2FA-epcE_00008_000_a,-4.119705408811569e-06,0.0023647805210202932,112,45,0.2392898052930832,0.24165870249271393,0.2148168683052063,0.21718576550483704,0.3789025545120239
0.2395571917295456,0.11008669435977936,0.2808263599872589,0.14815989136695862,65,human,0.0025220713578164577,0.00797516480088234,0.010150684043765068,0.31624066829681396,2011_1JyApnR4o9U_00029_000_a,-4.736008122563362e-06,0.0025173353496938944,368,40,0.24060602486133575,0.24312809109687805,0.1933741271495819,0.1958961933851242,0.2484631985425949
0.19855235517024994,0.08162636309862137,0.21167227625846863,0.0865153893828392,66,human,0.0018195286393165588,0.0026572300121188164,0.010553481057286263,0.6847463846206665,2011_1KbamNWEfdw_00001_000_a,1.925800461322069e-05,0.0018387866439297795,590,28,0.1153588593006134,0.11717838793992996,0.1434372067451477,0.14525674283504486,0.1724102795124054
0.2935393750667572,0.1735687106847763,0.23635579645633698,0.09766342490911484,67,human,0.001409247750416398,0.0037718957755714655,0.011607429012656212,0.37361788749694824,2011_1MJg1718M74_00023_000_a,-6.493180990219116e-06,0.001402754569426179,409,54,0.12005191296339035,0.1214611604809761,0.09961327910423279,0.10102252662181854,0.12140911817550659
0.2893785536289215,0.17680510878562927,0.23750174045562744,0.10473186522722244,68,human,0.003922054078429937,0.0036062232684344053,0.02257060632109642,1.087579369544983,2011_1Qb-2KSKByg_00030_000_a,0.0002694348804652691,0.0041914889588952065,849,38,0.4842623174190521,0.4881843626499176,0.14420008659362793,0.1481221467256546,0.17376822233200073
0.2109471708536148,0.09357006847858429,0.21813251078128815,0.094027079641819,69,human,0.0012574053835123777,0.020170744508504868,0.007024857215583324,0.062338076531887054,2011_1Qb-2KSKByg_00034_000_a,1.3326411135494709e-05,0.0012707317946478724,151,31,0.0,0.0012574053835123777,0.11151247471570969,0.11276987940073013,0.17899373173713684
0.18923908472061157,0.0843266174197197,0.18430067598819733,0.06446611881256104,70,human,0.002602456836029887,0.002350692404434085,0.014274503104388714,1.1071022748947144,2011_1Qb-2KSKByg_00036_000_a,7.434515282511711e-06,0.002609891351312399,950,15,0.1358412653207779,0.138443723320961,0.16667863726615906,0.16928109526634216,0.18231505155563354
0.31450483202934265,0.20732979476451874,0.25258439779281616,0.1308014839887619,71,human,0.00262214383110404,0.008011427707970142,0.011652803979814053,0.32730045914649963,2011_1Qb-2KSKByg_00036_001_a,-5.875551141798496e-05,0.002563388319686055,377,38,0.35538217425346375,0.3580043315887451,0.18413498997688293,0.1867571324110031,0.2250225692987442
0.37134748697280884,0.3477639853954315,0.2998960018157959,0.17400537431240082,72,human,0.0054023717530071735,0.00529323099181056,0.020056920126080513,1.0206189155578613,2011_1VZzulIl0DI_00005_000_a,0.00030146585777401924,0.005703837610781193,825,41,0.409629225730896,0.4150316119194031,0.2629251778125763,0.2683275640010834,0.2693520188331604
0.3479245901107788,0.23554494976997375,0.38164466619491577,0.2712944746017456,73,human,0.008315534330904484,0.006456097587943077,0.024587595835328102,1.2880125045776367,2011_1YCz4y8b58k_00011_000_a,0.0014723492786288261,0.00978788360953331,950,58,0.3277827799320221,0.336098313331604,0.3239990472793579,0.3323145806789398,0.3382003903388977
0.2892518639564514,0.17057745158672333,0.2973257303237915,0.20120136439800262,74,human,0.0032167856115847826,0.0028590834699571133,0.009455944411456585,1.1251107454299927,2011_1Zro4CfP9wY_00031_000_a,9.899213910102844e-05,0.003315777750685811,836,41,0.26313042640686035,0.266347199678421,0.3443753123283386,0.3475920855998993,0.34018659591674805
0.29477035999298096,0.23538635671138763,0.25159239768981934,0.14430883526802063,75,human,0.007511063013225794,0.022476743906736374,0.018317515030503273,0.3341704308986664,2011_1_-RGLVHmOA_00012_000_a,-8.586142212152481e-05,0.007425201591104269,380,21,0.7077555656433105,0.7152666449546814,0.32687312364578247,0.33438417315483093,0.41004812717437744
0.1900182068347931,0.08061446994543076,0.22057653963565826,0.10820981860160828,76,human,0.007391803432255983,0.005985281430184841,0.020702678710222244,1.2349967956542969,2011_1eH4YUzgfN4_00008_000_a,0.00036171264946460724,0.007753516081720591,866,17,0.28621184825897217,0.29360365867614746,0.35119885206222534,0.35859066247940063,0.3570457398891449
0.25479885935783386,0.11746625602245331,0.26956185698509216,0.13485154509544373,77,human,0.006143937353044748,0.0073775602504611015,0.03044990450143814,0.8327871561050415,2011_1eH4YUzgfN4_00008_001_a,9.220791980624199e-05,0.00623614527285099,664,45,0.30602502822875977,0.3121689558029175,0.16127760708332062,0.16742154955863953,0.20177197456359863
0.340897798538208,0.2695865333080292,0.2777616083621979,0.15718452632427216,78,human,0.007374972105026245,0.006399405188858509,0.025747159495949745,1.1524465084075928,2011_1n4wtaSq7AY_00008_000_a,0.0002783355303108692,0.007653307635337114,844,36,0.3672999441623688,0.374674916267395,0.287777841091156,0.29515281319618225,0.2864382863044739
0.38158875703811646,0.35739225149154663,0.3495941460132599,0.2553519308567047,79,human,0.0027523923199623823,2.694566249847412,0.0061632138676941395,0.0010214602807536721,2011_1zOSmScTr_w_00002_000_a,-0.00011558597907423973,0.0026368063408881426,13,39,0.21252162754535675,0.21527402102947235,0.1611355096101761,0.1638879030942917,0.44658392667770386
0.22280871868133545,0.1020936444401741,0.19125626981258392,0.0645570233464241,80,human,0.0008744507795199752,0.0008515936206094921,0.008008203469216824,1.0268404483795166,2011_22VmzX35pvM_00002_000_a,5.163991590961814e-05,0.0009260906954295933,912,30,0.23109430074691772,0.2319687455892563,0.09031163901090622,0.09118609130382538,0.10919437557458878
0.27143922448158264,0.14307692646980286,0.2294183224439621,0.09246125817298889,81,human,0.0007868304383009672,0.0007204842404462397,0.006186822894960642,1.092085599899292,2011_22VmzX35pvM_00002_001_a,-1.5057623386383057e-05,0.0007717728149145842,942,47,0.16494151949882507,0.1657283455133438,0.12644141912460327,0.127228245139122,0.12717843055725098
0.3526589572429657,0.2246246337890625,0.2915182113647461,0.15244169533252716,82,human,0.002960571087896824,0.0031160269863903522,0.015014602802693844,0.9501108527183533,2011_22VmzX35pvM_00011_000_a,0.000639923382550478,0.003600494470447302,749,54,0.2907005846500397,0.2936611473560333,0.1846558302640915,0.18761640787124634,0.19717945158481598
0.3336457312107086,0.20458956062793732,0.299549400806427,0.16299401223659515,83,human,0.004225447308272123,0.004901575390249491,0.01788611337542534,0.8620590567588806,2011_22VmzX35pvM_00011_000_b,-0.0003002728335559368,0.0039251744747161865,710,47,0.19255632162094116,0.19678176939487457,0.21679657697677612,0.22102202475070953,0.23624178767204285
0.19105780124664307,0.08966945856809616,0.2546308636665344,0.1812906116247177,84,human,0.020081566646695137,0.021974703297019005,0.027224568650126457,0.9138492941856384,2011_26-SvRLhthc_00020_000_a,0.00033149123191833496,0.020413057878613472,663,15,0.6764882206916809,0.6965698003768921,0.7096207737922668,0.729702353477478,0.7376266121864319
0.2665894627571106,0.19835679233074188,0.23619258403778076,0.12289052456617355,85,human,0.001993177691474557,0.06341143697500229,0.00607336638495326,0.031432464718818665,2011_26MkbK_C-lM_00008_000_a,3.817211836576462e-05,0.0020313498098403215,105,21,0.18316511809825897,0.18515829741954803,0.16416549682617188,0.16615867614746094,0.3281833529472351
0.3539052903652191,0.33878079056739807,0.3812684714794159,0.37275227904319763,86,human,0.0032903230749070644,0.05343799665570259,0.003984784707427025,0.06157272309064865,2011_26MkbK_C-lM_00009_000_a,0.00018760119564831257,0.003477924270555377,149,32,0.3837786614894867,0.3870689868927002,0.32777541875839233,0.33106574416160583,0.8257216215133667
0.32367148995399475,0.2513112425804138,0.2782520353794098,0.15515871345996857,87,human,0.0064850072376430035,0.005411974154412746,0.023737918585538864,1.1982702016830444,2011_28JhyDR8-5M_00022_000_a,0.00019789068028330803,0.0066828979179263115,947,36,0.4969951808452606,0.5034801959991455,0.249043807387352,0.2555288076400757,0.273191899061203
0.3301085829734802,0.22789429128170013,0.23511670529842377,0.09971830248832703,88,human,0.0011749492259696126,0.0017637272831052542,0.008902606554329395,0.6661739945411682,2011_28JhyDR8-5M_00022_000_b,9.600771591067314e-07,0.0011759093031287193,583,49,0.1256612241268158,0.12683618068695068,0.11439213901758194,0.11556708812713623,0.1319781094789505
0.7932440638542175,1.422958493232727,0.38331517577171326,0.3057115375995636,89,human,0.008164266124367714,0.010906126350164413,0.018421974033117294,0.7485944628715515,2011_29KrhW9Ft4E_00002_000_b,0.00023666676133871078,0.008400932885706425,605,46,0.3839157521724701,0.39208000898361206,0.38275477290153503,0.390919029712677,0.4431808590888977
0.5622845888137817,0.731381356716156,0.31741929054260254,0.2070102095603943,90,human,0.0043389201164245605,0.004698309116065502,0.015084680169820786,0.9235067367553711,2011_29nIXG5KJYw_00000_000_a,-3.857770934700966e-05,0.004300342407077551,713,49,0.3453822433948517,0.34972116351127625,0.27730149030685425,0.2816404104232788,0.28763753175735474
0.30473843216896057,0.2147350311279297,0.25135260820388794,0.12194140255451202,91,human,0.0022428096272051334,0.0018933239625766873,0.010006353259086609,1.1845884323120117,2011_29nIXG5KJYw_00016_000_a,-4.650326445698738e-05,0.002196306362748146,911,34,0.19949185848236084,0.20173466205596924,0.2207510620355606,0.222993865609169,0.2241385579109192
0.316117525100708,0.1863280087709427,0.3136354088783264,0.19295179843902588,92,human,0.008222181349992752,0.037252191454172134,0.029438244178891182,0.2207167148590088,2011_2C6FHPmqETM_00001_000_a,-0.00019103195518255234,0.0080311493948102,302,48,0.16816505789756775,0.1763872355222702,0.1943276822566986,0.20254985988140106,0.279302716255188
0.31804075837135315,0.21610219776630402,0.25101491808891296,0.12569549679756165,93,human,0.000654340663459152,0.009848912246525288,0.0030706811230629683,0.06643786281347275,2011_2C6FHPmqETM_00001_001_a,4.162342520430684e-05,0.0006959640886634588,156,38,0.08996138721704483,0.09061572700738907,0.1253076195716858,0.12596195936203003,0.21309299767017365
0.42299216985702515,0.3692234456539154,0.4642263948917389,0.48950597643852234,94,human,0.006392022594809532,0.008033650927245617,0.009307575412094593,0.7956560254096985,2011_2CEYOnJqPE4_00008_000_a,0.00027042441070079803,0.00666244700551033,610,49,0.6521425843238831,0.658534586429596,0.6047227382659912,0.6111147403717041,0.6867548823356628
0.2327854484319687,0.18476401269435883,0.2787628173828125,0.333850622177124,95,human,0.005250294227153063,0.11183805018663406,0.0038159245159476995,0.04694550856947899,2011_2Ee6xrIGhcY_00037_000_a,-4.529906436800957e-05,0.005204995162785053,133,14,0.49945470690727234,0.504705011844635,0.5565809011459351,0.5618311762809753,1.3758904933929443
0.29887932538986206,0.17807595431804657,0.26089203357696533,0.13333381712436676,96,human,0.005866107530891895,0.004865146242082119,0.02737739495933056,1.205741286277771,2011_2L0A2D7zV7A_00028_000_a,-0.0004461919888854027,0.005419915542006493,944,41,0.5616676807403564,0.5675337910652161,0.21616655588150024,0.22203266620635986,0.2142682820558548
0.19830437004566193,0.09700969606637955,0.18949748575687408,0.07199593633413315,97,human,0.0017247184878215194,0.0020919214002788067,0.008564996533095837,0.8244661688804626,2011_2QT4mFNVyzc_00002_000_a,9.536393918097019e-05,0.0018200824270024896,687,17,0.3154604434967041,0.3171851634979248,0.19310064613819122,0.19482536613941193,0.2013682723045349
0.34807297587394714,0.21885935962200165,0.25850042700767517,0.11453674733638763,98,human,0.001312021049670875,0.002283814363181591,0.009124462492763996,0.5744867324829102,2011_2QT4mFNVyzc_00006_000_a,-2.5875167921185493e-05,0.0012861458817496896,530,53,0.36938241124153137,0.37069442868232727,0.13506612181663513,0.13637813925743103,0.14379160106182098
0.2538255453109741,0.11481688171625137,0.21051925420761108,0.07420968264341354,99,human,0.0004810343962162733,0.0009394484222866595,0.005742181092500687,0.5120391845703125,2011_2V5LfF6uxT0_00007_000_a,-2.1141255274415016e-05,0.0004598931409418583,500,61,0.1616189330816269,0.16209997236728668,0.0797700360417366,0.0802510678768158,0.08377207070589066
0.19291235506534576,0.07552006095647812,0.19966953992843628,0.07516826689243317,100,human,0.001159530133008957,0.1645156443119049,0.00849225278943777,0.0070481449365615845,2011_2Vam2a4r9vo_00004_000_a,-9.277136996388435e-07,0.001158602419309318,46,30,0.10894371569156647,0.11010324209928513,0.06239844486117363,0.06355797499418259,0.1365397572517395
0.7906801700592041,1.4050770998001099,0.4780294895172119,0.43477702140808105,101,human,0.006664968095719814,0.024984104558825493,0.011736602522432804,0.26676833629608154,2011_2bMvW5QUMYk_00000_000_a,8.015381172299385e-05,0.006745121907442808,336,54,0.5657923817634583,0.5724573731422424,0.4306080937385559,0.4372730553150177,0.5678788423538208
0.22315600514411926,0.12347118556499481,0.24682821333408356,0.14645926654338837,102,human,0.002992383437231183,0.034443896263837814,0.006649606395512819,0.08687703311443329,2011_2eqWGVKtm5w_00007_000_a,4.5701395720243454e-05,0.0030380848329514265,184,20,0.29383283853530884,0.29682523012161255,0.27875009179115295,0.28174248337745667,0.4500091075897217
0.2042367160320282,0.09722039848566055,0.21567706763744354,0.1043599545955658,103,human,0.006557264365255833,0.006478467490524054,0.02067842334508896,1.0121629238128662,2011_2h8rH8zxA64_00027_000_a,0.0006669880822300911,0.007224252447485924,786,18,1.0395504236221313,1.0461076498031616,0.30824750661849976,0.3148047626018524,0.31710660457611084
0.35067540407180786,0.235582172870636,0.34128326177597046,0.2212963104248047,104,human,0.005673140753060579,0.022244034335017204,0.01947314664721489,0.2550410032272339,2011_2hs_qcU6410_00000_000_a,-2.2156164050102234e-06,0.005670925136655569,324,54,0.20883780717849731,0.2145109474658966,0.2147669941186905,0.22044013440608978,0.2913314998149872
0.3176891803741455,0.24274688959121704,0.30739811062812805,0.21577957272529602,105,human,0.013526596128940582,0.011755597777664661,0.029766572639346123,1.150651454925537,2011_2sFAyhjR8_o_00031_000_a,0.0006216904148459435,0.014148286543786526,799,32,0.47577187418937683,0.4892984628677368,0.4219873249530792,0.4355139136314392,0.45442235469818115
0.23787151277065277,0.13157711923122406,0.21655139327049255,0.09509667009115219,106,human,0.00116191734559834,0.007092881947755814,0.005749215371906757,0.16381455957889557,2011_303wyvo5Uow_00015_000_a,3.198976628482342e-05,0.0011939071118831635,256,24,0.3222203254699707,0.3233822286128998,0.14735549688339233,0.1485174149274826,0.20210015773773193
0.26124706864356995,0.18489520251750946,0.22118592262268066,0.10088515281677246,107,human,0.004009786993265152,0.006138144992291927,0.01712854579091072,0.6532571315765381,2011_303wyvo5Uow_00015_001_a,0.0003765183500945568,0.004386305343359709,586,24,0.2871954143047333,0.29120519757270813,0.22287113964557648,0.22688092291355133,0.23409967124462128
0.2619771361351013,0.2458733171224594,0.20811040699481964,0.10818784683942795,108,human,0.00827099196612835,0.0064759934321045876,0.01790403015911579,1.277177333831787,2011_303wyvo5Uow_00015_002_a,0.0013136379420757294,0.009584629908204079,870,13,0.5432330369949341,0.5515040159225464,0.40820759534835815,0.41647857427597046,0.46196258068084717
0.20908765494823456,0.10379113256931305,0.29450950026512146,0.2390701323747635,109,human,0.009268691763281822,0.007785422261804342,0.011604011058807373,1.190518856048584,2011_32me3lMxEDU_00015_000_a,-0.000507451593875885,0.008761240169405937,750,20,0.8099464774131775,0.8192151784896851,0.7767558693885803,0.7860245704650879,0.7987489700317383
0.20805177092552185,0.0891101211309433,0.2377444952726364,0.13121967017650604,110,human,0.010782715864479542,0.012005423195660114,0.03221140801906586,0.8981537818908691,2011_32me3lMxEDU_00015_001_a,0.0016573099419474602,0.012440025806427002,722,24,0.2929111123085022,0.30369383096694946,0.31559231877326965,0.3263750374317169,0.33474835753440857
0.23019419610500336,0.11575482785701752,0.18931181728839874,0.06698966771364212,111,human,0.0007354167755693197,0.000729409686755389,0.006150686647742987,1.0082355737686157,2011_331wiVQINn8_00004_000_a,0.00021806341828778386,0.0009534801938571036,859,29,0.1237860769033432,0.12452149391174316,0.11255814135074615,0.11329355835914612,0.11956661194562912
0.15815076231956482,0.05484366416931152,0.15804947912693024,0.0451488122344017,112,human,0.0010761223966255784,0.002001293934881687,0.009165308438241482,0.5377132892608643,2011_331wiVQINn8_00004_001_a,0.00021165155339986086,0.0012877739500254393,496,10,0.3296976685523987,0.33077380061149597,0.09943634271621704,0.10051246732473373,0.11741256713867188
0.3144972324371338,0.17892307043075562,0.2788398265838623,0.13938207924365997,113,human,0.0005812705494463444,0.096014104783535,0.0030768043361604214,0.006054012104868889,2011_331wiVQINn8_00005_000_b,-2.8278969693928957e-05,0.0005529915797524154,42,51,0.09580601751804352,0.09638728946447372,0.0777481198310852,0.07832939177751541,0.18892021477222443
0.270465612411499,0.1435018926858902,0.244693785905838,0.10845747590065002,114,human,0.0018254838651046157,0.004353484138846397,0.011130675673484802,0.4193156063556671,2011_331wiVQINn8_00005_000_c,-0.00013446470256894827,0.0016910191625356674,437,43,0.21927791833877563,0.22110339999198914,0.1531805694103241,0.1550060510635376,0.16400477290153503
0.3114495873451233,0.1784861832857132,0.2433876097202301,0.11267537623643875,115,human,0.00043865697807632387,0.009253878146409988,0.0025183612015098333,0.04740250110626221,2011_331wiVQINn8_00006_000_a,5.122166476212442e-05,0.0004898786428384483,131,42,0.13081148266792297,0.13125014305114746,0.10708848387002945,0.10752714425325394,0.17418350279331207
0.17771784961223602,0.07548709213733673,0.1897651106119156,0.07670620083808899,116,human,0.005926480051130056,0.0067759486846625805,0.020058756694197655,0.8746347427368164,2011_398qkvR92GU_00010_000_a,-0.00021830853074789047,0.005708171520382166,666,12,0.42330196499824524,0.42922845482826233,0.28604066371917725,0.29196715354919434,0.2954559922218323
0.19524984061717987,0.09372975677251816,0.18593142926692963,0.06875742226839066,117,human,0.004807193763554096,0.004113161005079746,0.022617440670728683,1.1687346696853638,2011_3A3iNVaLod4_00002_000_a,-0.00031922291964292526,0.004487970843911171,961,13,0.3558925986289978,0.3606998026371002,0.17258550226688385,0.17739269137382507,0.21254366636276245
0.3599632978439331,0.24651987850666046,0.23586812615394592,0.10436984896659851,118,human,0.0019161313539370894,0.0018397021340206265,0.012080053798854351,1.0415443181991577,2011_3A3iNVaLod4_00002_001_a,-7.404538337141275e-05,0.0018420859705656767,823,40,0.1706773191690445,0.17259344458580017,0.1453479528427124,0.14726407825946808,0.15861943364143372
0.28543177247047424,0.19002565741539001,0.23430262506008148,0.102202869951725,119,human,0.0007544287946075201,0.006272935774177313,0.004402246326208115,0.12026725709438324,2011_3YM3AYZaTZ0_00002_000_a,0.00016776029951870441,0.0009221890941262245,216,36,0.1585712432861328,0.15932567417621613,0.11060497909784317,0.11135940998792648,0.17137360572814941
0.18072441220283508,0.07479801774024963,0.19323138892650604,0.0784003883600235,120,human,0.012528730556368828,0.027562202885746956,0.049905095249414444,0.4545620083808899,2011_3ZPlgOWbkcY_00008_000_a,0.00045238807797431946,0.012981118634343147,466,15,0.2638542950153351,0.27638301253318787,0.2134687453508377,0.22599747776985168,0.251051127910614
0.3669806122779846,0.3159428536891937,0.307388573884964,0.20914024114608765,121,human,0.004081376828253269,0.012862582691013813,0.01039692759513855,0.31730616092681885,2011_3dluAhOU1cA_00011_000_a,-0.000284392386674881,0.003796984441578388,368,36,0.45708179473876953,0.46116316318511963,0.3192133903503418,0.3232947587966919,0.3925560414791107
0.2693779170513153,0.2092842161655426,0.26106026768684387,0.1599419265985489,122,human,0.004524559713900089,0.05388134717941284,0.01011828426271677,0.08397265523672104,2011_3eGHDodwIZI_00012_000_a,-3.707408905029297e-05,0.004487485624849796,181,21,0.3410234749317169,0.34554803371429443,0.2892439365386963,0.2937684953212738,0.44716671109199524
0.19625091552734375,0.10228003561496735,0.19688770174980164,0.08231767266988754,123,human,0.004602332133799791,0.03434302285313606,0.01597883738577366,0.1340106874704361,2011_3eGHDodwIZI_00012_001_a,-0.00014371750876307487,0.0044586146250367165,230,14,0.5846802592277527,0.5892825722694397,0.19639921188354492,0.20100153982639313,0.28802672028541565
0.270967960357666,0.13715271651744843,0.24435952305793762,0.1085565984249115,124,human,0.0007276436663232744,0.005457472521811724,0.004536240361630917,0.13332979381084442,2011_3eGHDodwIZI_00022_000_a,2.148596104234457e-05,0.0007491296273656189,231,44,0.20294395089149475,0.20367158949375153,0.1283891499042511,0.12911678850650787,0.16040676832199097
0.19509278237819672,0.08031950891017914,0.19456221163272858,0.07331583648920059,125,human,0.0010217478265985847,0.002198430709540844,0.006292328238487244,0.4647623598575592,2011_3eGHDodwIZI_00022_000_b,0.00017980276606976986,0.0012015505926683545,467,23,0.4181278944015503,0.41914963722229004,0.16178837418556213,0.16281011700630188,0.1623799353837967
0.2484164983034134,0.1379006803035736,0.273086279630661,0.16856929659843445,126,human,0.007734339684247971,0.016017526388168335,0.020345816388726234,0.4828672707080841,2011_3fwlRWBtHLg_00003_000_a,8.491333574056625e-05,0.007819253019988537,475,29,0.4595596492290497,0.46729397773742676,0.35542505979537964,0.3631593883037567,0.38014400005340576
0.2438303679227829,0.2119176983833313,0.2269219309091568,0.13397683203220367,127,human,0.0026500863023102283,0.12471309304237366,0.005035528913140297,0.02124946378171444,2011_3o2ACEr9NmQ_00034_000_a,5.1677925512194633e-05,0.002701764227822423,84,14,0.24020880460739136,0.24285888671875,0.2089298516511917,0.21157993376255035,0.5262776613235474
0.19236290454864502,0.08619026094675064,0.21448229253292084,0.10197222232818604,0,joint,0.018208615481853485,0.04609286040067673,0.05989881977438927,0.3950420022010803,2011_-4GsCEopbd4_00008_001_a,-0.0001678112894296646,0.01804080419242382,424,18,,,,,0.30398955941200256
0.20798622071743011,0.09467210620641708,0.21144883334636688,0.0879676342010498,1,joint,0.015746472403407097,0.024943120777606964,0.08095905184745789,0.6312952041625977,2011_-4GsCEopbd4_00017_000_a,0.0011422038078308105,0.016888676211237907,548,27,,,,,0.19449922442436218
0.364816814661026,0.3391755223274231,0.2992452085018158,0.18112368881702423,2,joint,0.010020987130701542,0.06405609101057053,0.024782618507742882,0.1564408242702484,2011_-EuO6OFypLo_00002_000_a,0.00016137585043907166,0.010182362981140614,250,40,,,,,0.4043554663658142
0.2986184358596802,0.20124034583568573,0.233897402882576,0.1093333438038826,3,joint,0.08746334910392761,0.0708499476313591,0.3322141468524933,1.2344871759414673,2011_-EuO6OFypLo_00002_000_b,0.01728113740682602,0.10474448651075363,918,35,,,,,0.26327401399612427
0.2842530608177185,0.1603032648563385,0.21049396693706512,0.08338731527328491,4,joint,0.04373499006032944,0.038311999291181564,0.2465382069349289,1.1415481567382812,2011_-EuO6OFypLo_00020_000_a,0.00856020301580429,0.05229519307613373,946,40,,,,,0.17739640176296234
0.6768509745597839,0.8902453780174255,0.4483899176120758,0.3980374336242676,5,joint,0.003744649002328515,0.18616749346256256,0.004630245268344879,0.020114408805966377,2011_-MG8-wCvzpE_00002_000_a,-3.417953848838806e-07,0.003744307206943631,81,51,,,,,0.8087366223335266
0.628781259059906,1.0498305559158325,0.4103747308254242,0.3967743515968323,6,joint,0.08868616819381714,0.08004147559404373,0.06806964427232742,1.1080026626586914,2011_-MG8-wCvzpE_00002_001_a,0.0010974034667015076,0.08978357166051865,672,34,,,,,1.302873969078064
0.4129786491394043,0.5300306081771851,0.26831066608428955,0.16423848271369934,7,joint,0.054383259266614914,0.053437456488609314,0.09028365463018417,1.0176992416381836,2011_-RBjiJto4hc_00027_000_a,0.00074043869972229,0.055123697966337204,716,32,,,,,0.60235995054245
0.2011793553829193,0.10645631700754166,0.22972185909748077,0.1435004323720932,8,joint,0.07785425335168839,0.07497167587280273,0.15854071080684662,1.0384489297866821,2011_-UAElWXbk3I_00000_000_a,-0.0006684362888336182,0.07718581706285477,754,16,,,,,0.49106788635253906
0.3559401035308838,0.2716551423072815,0.5350576639175415,0.6839876174926758,9,joint,0.051819439977407455,0.11490980535745621,0.05223454162478447,0.4509575068950653,2011_-UAElWXbk3I_00000_001_a,-0.0012110918760299683,0.05060834810137749,432,40,,,,,0.9920530915260315
0.23820938169956207,0.13255126774311066,0.2789291441440582,0.18142715096473694,10,joint,0.02783961221575737,0.03405629098415375,0.0769866406917572,0.8174586892127991,2011_-WW51YaWO-4_00007_000_a,0.001736452803015709,0.02957606501877308,647,30,,,,,0.3616161346435547
0.326567679643631,0.20201055705547333,0.35500526428222656,0.2456108182668686,11,joint,0.014623203314840794,0.03585482016205788,0.04430263489484787,0.4078448414802551,2011_-WW51YaWO-4_00007_002_a,0.0002668891102075577,0.014890092425048351,426,50,,,,,0.3300752639770508
0.1753857433795929,0.06407061964273453,0.20109982788562775,0.08102283626794815,12,joint,0.004553893115371466,0.025292886421084404,0.02321738936007023,0.18004639446735382,2011_-Y2wqkD2KVM_00040_000_a,0.00040310202166438103,0.004956995137035847,270,20,,,,,0.19614148139953613
0.3265218436717987,0.1891351342201233,0.26830169558525085,0.12702754139900208,13,joint,0.00696501275524497,0.03056241013109684,0.03676840662956238,0.22789475321769714,2011_-fJwmmnPHok_00006_000_a,0.00016756821423768997,0.00713258096948266,312,55,,,,,0.18942928314208984
0.35294750332832336,0.31290116906166077,0.2604304254055023,0.13038302958011627,14,joint,0.009299155324697495,0.04162832722067833,0.026221949607133865,0.2233852744102478,2011_-fJwmmnPHok_00007_000_a,-6.377510726451874e-05,0.009235380217432976,303,36,,,,,0.35463249683380127
0.3088970482349396,0.20960558950901031,0.22829198837280273,0.09586041420698166,15,joint,0.052431415766477585,0.04849647730588913,0.24256791174411774,1.0811386108398438,2011_-fJwmmnPHok_00007_001_a,0.0030084922909736633,0.05543990805745125,849,40,,,,,0.21615149080753326
0.25352317094802856,0.1264025866985321,0.20854678750038147,0.07983285933732986,16,joint,0.06687018275260925,0.05821174383163452,0.44934967160224915,1.1487404108047485,2011_-nkqrSaJf1g_00012_000_b,0.036231428384780884,0.10310161113739014,980,41,,,,,0.14881546795368195
0.27260932326316833,0.18924793601036072,0.22112618386745453,0.09297459572553635,17,joint,0.07872455567121506,0.06376951187849045,0.2990166246891022,1.2345170974731445,2011_-qK58CZslAs_00001_000_a,0.012780748307704926,0.09150530397891998,976,30,,,,,0.26327818632125854
0.43628430366516113,0.47579824924468994,0.307793527841568,0.21121715009212494,18,joint,0.009665263816714287,0.10964085161685944,0.016452791169285774,0.08815385401248932,2011_-rq6IBVPcBU_00001_000_a,-7.600151002407074e-05,0.009589262306690216,184,36,,,,,0.5874543786048889
0.29558828473091125,0.24204254150390625,0.21081574261188507,0.08740554749965668,19,joint,0.05416186526417732,0.048484716564416885,0.1323951631784439,1.1170915365219116,2011_-tUodP_Wus4_00031_000_a,-0.002219613641500473,0.05194225162267685,822,21,,,,,0.4090924859046936
0.3435696065425873,0.3086344599723816,0.22868014872074127,0.10227762162685394,20,joint,0.019921692088246346,0.022123895585536957,0.05650255084037781,0.900460422039032,2011_-tUodP_Wus4_00031_001_a,-0.00041648000478744507,0.0195052120834589,702,31,,,,,0.35258039832115173
0.15670926868915558,0.056466758251190186,0.1934603601694107,0.08435535430908203,21,joint,0.10502960532903671,0.08719880133867264,0.33848676085472107,1.204484462738037,2011_-zIzLRgwdxA_00019_000_a,0.04365675896406174,0.14868636429309845,924,10,,,,,0.3102916181087494
0.17293068766593933,0.07338952273130417,0.19315430521965027,0.07524897158145905,22,joint,0.11084458231925964,0.09941466897726059,0.46978411078453064,1.1149721145629883,2011_-zIzLRgwdxA_00019_001_a,-0.01821008324623108,0.09263449907302856,853,15,,,,,0.23594792187213898
0.23127061128616333,0.1420217901468277,0.2690320909023285,0.188216894865036,23,joint,0.05612597614526749,0.1044149249792099,0.09183233231306076,0.5375282764434814,2011_00pBYZ1yofs_00026_000_a,3.8955360651016235e-05,0.0561649315059185,488,18,,,,,0.6111788153648376
0.269570916891098,0.18300271034240723,0.22954407334327698,0.10538645833730698,24,joint,0.04102833569049835,0.04058980569243431,0.12639674544334412,1.0108039379119873,2011_00pBYZ1yofs_00026_001_a,0.0004981271922588348,0.04152646288275719,743,25,,,,,0.32459962368011475
0.2757362425327301,0.17284929752349854,0.2687179148197174,0.1503676027059555,25,joint,0.0011947598541155457,29.67086410522461,0.0043449304066598415,4.0267106669489294e-05,2011_06KH47jZbG0_00062_000_a,-1.5347148291766644e-05,0.001179412705823779,0,37,,,,,0.2749778926372528
0.21315695345401764,0.09335070848464966,0.2371661365032196,0.11872337758541107,26,joint,0.021326499059796333,0.06684548407793045,0.09362055361270905,0.31904172897338867,2011_06KH47jZbG0_00062_001_a,-0.00012154504656791687,0.021204954013228416,375,30,,,,,0.22779719531536102
0.41656309366226196,0.5148672461509705,0.2877495288848877,0.17362940311431885,27,joint,0.04547467827796936,0.05244635045528412,0.07278191298246384,0.8670703768730164,2011_0IxeTLiovq8_00000_000_a,0.0010291151702404022,0.04650379344820976,637,32,,,,,0.6248074173927307
0.2620273232460022,0.23456843197345734,0.21383032202720642,0.10082340240478516,28,joint,0.06759759038686752,0.06513789296150208,0.13005109131336212,1.0377614498138428,2011_0IxeTLiovq8_00000_001_a,-0.0013067349791526794,0.06629085540771484,745,17,,,,,0.5197771787643433
0.41935664415359497,0.5462151169776917,0.27810385823249817,0.18289409577846527,29,joint,0.05697356164455414,0.04808283597230911,0.07591281831264496,1.1849043369293213,2011_0JXwzlRcYWk_00043_000_a,-0.001110721379518509,0.05586284026503563,774,27,,,,,0.7505130767822266
0.20509988069534302,0.10479190945625305,0.19758006930351257,0.07952601462602615,30,joint,0.030124420300126076,0.04313696548342705,0.10752706974744797,0.6983435153961182,2011_0LzZVYshI7s_00001_000_a,0.0012147445231676102,0.031339164823293686,591,17,,,,,0.28015661239624023
0.3538639545440674,0.23692850768566132,0.3400871455669403,0.24290044605731964,31,joint,0.02424992248415947,0.040034420788288116,0.06503672897815704,0.6057268381118774,2011_0LzZVYshI7s_00001_001_a,-0.0003632735460996628,0.023886648938059807,542,46,,,,,0.3728650212287903
0.2485964000225067,0.19829410314559937,0.20716844499111176,0.09451606869697571,32,joint,0.004689386580139399,0.0418107807636261,0.011495592072606087,0.11215735971927643,2011_0fTXzdHoip8_00000_000_a,8.218223229050636e-05,0.004771568812429905,213,18,,,,,0.40792909264564514
0.46013733744621277,0.5061821341514587,0.29134130477905273,0.16790874302387238,33,joint,0.014593524858355522,0.04333242401480675,0.03435427322983742,0.33678072690963745,2011_0fTXzdHoip8_00000_001_a,-6.239581853151321e-05,0.014531129039824009,379,46,,,,,0.4247950613498688
0.30234432220458984,0.2098298817873001,0.2640678882598877,0.12735845148563385,34,joint,0.005726740695536137,0.05868596211075783,0.023087715730071068,0.09758280217647552,2011_0hau_p3N-MI_00003_000_a,-1.800665631890297e-05,0.005708734039217234,193,42,,,,,0.2480427622795105
0.3994063436985016,0.36376094818115234,0.2681158185005188,0.14059759676456451,35,joint,0.0310957208275795,0.05197902396321297,0.08041241019964218,0.5982359647750854,2011_0hau_p3N-MI_00014_000_a,0.00046140700578689575,0.031557127833366394,530,38,,,,,0.3867030143737793
0.31132063269615173,0.22301392257213593,0.3319341242313385,0.22843872010707855,36,joint,0.0018825768493115902,0.2380804717540741,0.004611853510141373,0.007907313294708729,2011_0j4aiJowI8I_00002_000_a,-6.24402891844511e-05,0.001820136560127139,49,38,,,,,0.40820395946502686
0.3834652304649353,0.2710874378681183,0.33000946044921875,0.21190951764583588,37,joint,0.007149257231503725,0.038842350244522095,0.02349480241537094,0.1840583086013794,2011_0lNb6NAV6jg_00000_000_a,6.276043131947517e-05,0.0072120176628232,272,55,,,,,0.3042910099029541
0.3487461805343628,0.37520158290863037,0.24715319275856018,0.13423718512058258,38,joint,0.08525234460830688,0.06960535794496536,0.15245988965034485,1.2247956991195679,2011_0lNb6NAV6jg_00004_000_a,0.005123205482959747,0.09037555009126663,810,25,,,,,0.5591788291931152
0.4308811128139496,0.3679715692996979,0.34444302320480347,0.23405945301055908,39,joint,0.027864953503012657,0.027174541726708412,0.07450069487094879,1.0254065990447998,2011_0qvpcfYFHcw_00000_001_a,0.0052961502224206924,0.03316110372543335,756,54,,,,,0.3740227222442627
0.3106795847415924,0.224175363779068,0.2754475474357605,0.16666217148303986,40,joint,0.013104270212352276,0.02416369877755642,0.035261593759059906,0.5423122644424438,2011_0qvpcfYFHcw_00000_001_b,0.0008302442729473114,0.013934514485299587,506,34,,,,,0.37163013219833374
0.3999815583229065,0.3319641053676605,0.33426281809806824,0.22547556459903717,41,joint,0.025893434882164,0.026424482464790344,0.06798938661813736,0.9799032211303711,2011_0qvpcfYFHcw_00000_002_a,0.003998506814241409,0.02989194169640541,743,49,,,,,0.38084524869918823
0.46882325410842896,0.39096489548683167,0.39145147800445557,0.28005144000053406,42,joint,0.0027143678162246943,0.04600798711180687,0.007321381475776434,0.058997754007577896,2011_0qvpcfYFHcw_00000_002_b,0.0002798037603497505,0.0029941715765744448,148,63,,,,,0.37074530124664307
0.1925405114889145,0.09479538351297379,0.232815220952034,0.1485673040151596,43,joint,0.04440895840525627,0.06465043127536774,0.07927890866994858,0.6869089007377625,2011_0qvpcfYFHcw_00000_002_c,0.002882596105337143,0.047291554510593414,559,14,,,,,0.5601610541343689
0.4131605625152588,0.33196964859962463,0.32469433546066284,0.19921863079071045,44,joint,0.019889140501618385,0.028421588242053986,0.05788474157452583,0.6997898817062378,2011_0qvpcfYFHcw_00000_002_d,0.0013728290796279907,0.021261969581246376,588,51,,,,,0.34359902143478394
0.20231960713863373,0.10499537736177444,0.23716868460178375,0.1569775938987732,45,joint,0.01710093580186367,0.19051510095596313,0.028471196070313454,0.08976157754659653,2011_0qvpcfYFHcw_00000_002_e,0.0003887619823217392,0.01748969778418541,183,14,,,,,0.6006398797035217
0.30744847655296326,0.18714703619480133,0.28584936261177063,0.1571723073720932,46,joint,0.004440951626747847,0.08472596853971481,0.017886249348521233,0.05241547152400017,2011_0qvpcfYFHcw_00005_000_a,-7.556937634944916e-05,0.0043653822503983974,138,47,,,,,0.2482885867357254
0.28675204515457153,0.17329223453998566,0.24305570125579834,0.1143195852637291,47,joint,0.008243927732110023,0.041886311024427414,0.031586531549692154,0.19681675732135773,2011_0sNSVtTcxpo_00034_000_a,8.638110011816025e-05,0.008330308832228184,284,33,,,,,0.2609950304031372
0.31884685158729553,0.22096827626228333,0.2540474534034729,0.1301460564136505,48,joint,0.02462892420589924,0.031012171879410744,0.07829270511865616,0.7941696047782898,2011_0t6IIdmOIOQ_00001_000_a,0.004171630367636681,0.02880055457353592,663,34,,,,,0.3145749568939209
0.2610946595668793,0.15310901403427124,0.21412093937397003,0.08821180462837219,49,joint,0.02348034456372261,0.03085007518529892,0.09480394423007965,0.7611114382743835,2011_0uSOiu_WUDw_00002_000_a,-0.00016243010759353638,0.023317914456129074,638,26,,,,,0.2476726472377777
0.25446072220802307,0.1736469864845276,0.2332814633846283,0.11940865218639374,50,joint,0.05789659917354584,0.06928645074367523,0.14865943789482117,0.8356121182441711,2011_0yOwWkbamyM_00031_000_a,-0.0005224980413913727,0.057374101132154465,669,22,,,,,0.38945794105529785
0.24724994599819183,0.11605939269065857,0.23356954753398895,0.10442376136779785,51,joint,0.059614747762680054,0.0619351752102375,0.3180927634239197,0.9625346064567566,2011_1-G0Fxf9IYU_00017_000_a,-0.0016504712402820587,0.057964276522397995,769,37,,,,,0.1874130815267563
0.20769080519676208,0.13678568601608276,0.23555009067058563,0.14971861243247986,52,joint,0.00545443594455719,0.3424307405948639,0.008121909573674202,0.01592858135700226,2011_1-HbIkCjDbk_00019_000_a,5.1857903599739075e-05,0.005506293848156929,71,13,,,,,0.6715706586837769
0.2162216752767563,0.10238268226385117,0.3716842532157898,0.35246092081069946,53,joint,0.00268155918456614,5.621289253234863,0.004166236612945795,0.00047703631571494043,2011_117FZnev4Os_00061_000_a,-2.0724022760987282e-05,0.002660835161805153,7,29,,,,,0.6436406373977661
0.23487281799316406,0.11924053728580475,0.2725725769996643,0.15727576613426208,54,joint,0.016534781083464622,0.048675235360860825,0.05164870619773865,0.3396959602832794,2011_11nfPZqT5c0_00010_000_a,0.00017528049647808075,0.016710061579942703,380,29,,,,,0.3201393187046051
0.6694213151931763,1.05104398727417,0.4443213939666748,0.37639501690864563,55,joint,0.015922941267490387,0.07328961789608002,0.02153353951871395,0.21726052463054657,2011_12Iosf6btzM_00011_000_a,-3.782100975513458e-05,0.015885120257735252,297,60,,,,,0.7394483685493469
0.20901496708393097,0.11745117604732513,0.22601318359375,0.1191805824637413,56,joint,0.021789636462926865,0.07467778027057648,0.04942864552140236,0.29178205132484436,2011_12Iosf6btzM_00011_000_b,0.0004194490611553192,0.022209085524082184,343,15,,,,,0.44083014130592346
0.17692583799362183,0.0788409560918808,0.1935518980026245,0.08443017303943634,57,joint,0.0593816377222538,0.059843700379133224,0.1536368727684021,0.9922788143157959,2011_12Iosf6btzM_00011_001_a,0.005046319216489792,0.06442795693874359,753,10,,,,,0.38650643825531006
0.20074224472045898,0.10576694458723068,0.1980166733264923,0.07827337831258774,58,joint,0.021038718521595,0.03678875043988228,0.08113690465688705,0.5718791484832764,2011_12Iosf6btzM_00011_002_a,-0.00017363578081130981,0.02086508274078369,533,18,,,,,0.25929901003837585
0.22751356661319733,0.125072181224823,0.2906475067138672,0.21944232285022736,59,joint,0.09898361563682556,0.09856364876031876,0.17640326917171478,1.0042608976364136,2011_1BRteOP9UL8_00007_000_a,-0.000406607985496521,0.09857700765132904,704,22,,,,,0.5611212253570557
0.3160315454006195,0.18245132267475128,0.3408375084400177,0.2160595804452896,60,joint,0.029125995934009552,0.040625251829624176,0.10004229098558426,0.7169431447982788,2011_1Ez6dw3ywcc_00005_000_a,0.0015077460557222366,0.03063374198973179,607,50,,,,,0.29113683104515076
0.2782389521598816,0.17268526554107666,0.25289103388786316,0.12043822556734085,61,joint,0.02444055676460266,0.04028451070189476,0.1108853816986084,0.6066986322402954,2011_1Ez6dw3ywcc_00030_000_a,-0.00013818778097629547,0.024302368983626366,536,42,,,,,0.22041279077529907
0.3368842601776123,0.320298433303833,0.25599992275238037,0.13772784173488617,62,joint,0.07020144909620285,0.06507169455289841,0.16059952974319458,1.0788323879241943,2011_1Ez6dw3ywcc_00036_000_a,-0.0005173385143280029,0.06968411058187485,794,30,,,,,0.4371211528778076
0.26633524894714355,0.15507248044013977,0.19830669462680817,0.07600004225969315,63,joint,0.004500275943428278,0.018176574259996414,0.01962970942258835,0.24758659303188324,2011_1Ez6dw3ywcc_00038_000_a,0.0001271432265639305,0.0046274191699922085,321,27,,,,,0.22925840318202972
0.4656672179698944,0.5908471345901489,0.343868613243103,0.245840921998024,64,joint,0.047438085079193115,0.0484309196472168,0.08252184838056564,0.9794999957084656,2011_1FZ2FA-epcE_00008_000_a,0.002996642142534256,0.05043472722172737,703,45,,,,,0.574854850769043
0.2395571917295456,0.11008669435977936,0.2808263599872589,0.14815989136695862,65,joint,0.003876512637361884,0.10300766676664352,0.017069339752197266,0.03763324394822121,2011_1JyApnR4o9U_00029_000_a,-4.1143037378787994e-05,0.003835369599983096,117,40,,,,,0.2271038442850113
0.19855235517024994,0.08162636309862137,0.21167227625846863,0.0865153893828392,66,joint,0.04856477305293083,0.04469309002161026,0.2799955904483795,1.0866281986236572,2011_1KbamNWEfdw_00001_000_a,0.013818692415952682,0.062383465468883514,858,28,,,,,0.1734483540058136
0.2935393750667572,0.1735687106847763,0.23635579645633698,0.09766342490911484,67,joint,0.04011988267302513,0.03548719361424446,0.2538646161556244,1.1305453777313232,2011_1MJg1718M74_00023_000_a,0.014214150607585907,0.05433403328061104,961,54,,,,,0.15803653001785278
0.2893785536289215,0.17680510878562927,0.23750174045562744,0.10473186522722244,68,joint,0.006955913733690977,0.05528887361288071,0.031056171283125877,0.12581036984920502,2011_1Qb-2KSKByg_00030_000_a,-5.744537338614464e-05,0.0068984683603048325,220,38,,,,,0.22397847473621368
0.2109471708536148,0.09357006847858429,0.21813251078128815,0.094027079641819,69,joint,0.01706754043698311,0.03311421349644661,0.09338317811489105,0.5154143571853638,2011_1Qb-2KSKByg_00034_000_a,2.952292561531067e-05,0.01709706336259842,497,31,,,,,0.18276889622211456
0.18923908472061157,0.0843266174197197,0.18430067598819733,0.06446611881256104,70,joint,0.038393888622522354,0.044758863747119904,0.16863620281219482,0.8577941060066223,2011_1Qb-2KSKByg_00036_000_a,0.0010415539145469666,0.03943544253706932,676,15,,,,,0.22767287492752075
0.31450483202934265,0.20732979476451874,0.25258439779281616,0.1308014839887619,71,joint,0.05340920016169548,0.04917515441775322,0.19205035269260406,1.0861012935638428,2011_1Qb-2KSKByg_00036_001_a,0.008949320763349533,0.06235852092504501,857,38,,,,,0.27809998393058777
0.37134748697280884,0.3477639853954315,0.2998960018157959,0.17400537431240082,72,joint,0.04287279024720192,0.0534110888838768,0.11169932037591934,0.80269455909729,2011_1VZzulIl0DI_00005_000_a,0.0016254112124443054,0.044498201459646225,645,41,,,,,0.3838231861591339
0.3479245901107788,0.23554494976997375,0.38164466619491577,0.2712944746017456,73,joint,0.016470367088913918,0.06912343204021454,0.050754744559526443,0.2382747232913971,2011_1YCz4y8b58k_00011_000_a,0.00020048022270202637,0.016670847311615944,314,58,,,,,0.3245089054107666
0.2892518639564514,0.17057745158672333,0.2973257303237915,0.20120136439800262,74,joint,0.011120335198938847,0.032551977783441544,0.034334711730480194,0.34161779284477234,2011_1Zro4CfP9wY_00031_000_a,7.46091827750206e-05,0.011194944381713867,390,41,,,,,0.32388025522232056
0.29477035999298096,0.23538635671138763,0.25159239768981934,0.14430883526802063,75,joint,0.027041034772992134,0.06293611228466034,0.051083754748106,0.4296585023403168,2011_1_-RGLVHmOA_00012_000_a,0.000901002436876297,0.02794203720986843,438,21,,,,,0.5293470621109009
0.1900182068347931,0.08061446994543076,0.22057653963565826,0.10820981860160828,76,joint,0.022844744846224785,0.033410340547561646,0.06978462636470795,0.6837626695632935,2011_1eH4YUzgfN4_00008_000_a,0.0005047935992479324,0.023349538445472717,585,17,,,,,0.32736071944236755
0.25479885935783386,0.11746625602245331,0.26956185698509216,0.13485154509544373,77,joint,0.012533901259303093,0.03485803306102753,0.06455019116401672,0.3595699369907379,2011_1eH4YUzgfN4_00008_001_a,0.00021022558212280273,0.012744126841425896,402,45,,,,,0.1941729635000229
0.340897798538208,0.2695865333080292,0.2777616083621979,0.15718452632427216,78,joint,0.015405581332743168,0.020891590043902397,0.04175072908401489,0.7374058961868286,2011_1n4wtaSq7AY_00008_000_a,-0.0009618131443858147,0.014443768188357353,610,36,,,,,0.3689895272254944
0.38158875703811646,0.35739225149154663,0.3495941460132599,0.2553519308567047,79,joint,0.0038337332662194967,0.27697041630744934,0.007399762514978647,0.01384167093783617,2011_1zOSmScTr_w_00002_000_a,-7.993821054697037e-05,0.0037537950556725264,67,39,,,,,0.518088698387146
0.22280871868133545,0.1020936444401741,0.19125626981258392,0.0645570233464241,80,joint,0.0027362830005586147,0.023133402690291405,0.01886127144098282,0.11828277260065079,2011_22VmzX35pvM_00002_000_a,5.4366420954465866e-05,0.0027906494215130806,217,30,,,,,0.14507415890693665
0.27143922448158264,0.14307692646980286,0.2294183224439621,0.09246125817298889,81,joint,0.010296938009560108,0.011404503136873245,0.06604645401239395,0.9028835296630859,2011_22VmzX35pvM_00002_001_a,0.0016953358426690102,0.011992273852229118,734,47,,,,,0.15590448677539825
0.3526589572429657,0.2246246337890625,0.2915182113647461,0.15244169533252716,82,joint,0.025021705776453018,0.029338860884308815,0.10778705030679703,0.8528519868850708,2011_22VmzX35pvM_00011_000_a,0.000315127894282341,0.02533683367073536,698,54,,,,,0.2321401834487915
0.3336457312107086,0.20458956062793732,0.299549400806427,0.16299401223659515,83,joint,0.0037140778731554747,0.054898109287023544,0.014225239865481853,0.06765402108430862,2011_22VmzX35pvM_00011_000_b,4.7666020691394806e-05,0.0037617438938468695,158,47,,,,,0.2610906958580017
0.19105780124664307,0.08966945856809616,0.2546308636665344,0.1812906116247177,84,joint,0.01911534182727337,0.14930465817451477,0.031622350215911865,0.12802910804748535,2011_26-SvRLhthc_00020_000_a,0.00011594779789447784,0.019231289625167847,227,15,,,,,0.6044883131980896
0.2665894627571106,0.19835679233074188,0.23619258403778076,0.12289052456617355,85,joint,0.21663843095302582,0.15496385097503662,0.5013499855995178,1.3979933261871338,2011_26MkbK_C-lM_00008_000_a,0.10598243772983551,0.32262086868286133,980,21,,,,,0.4321101903915405
0.3539052903652191,0.33878079056739807,0.3812684714794159,0.37275227904319763,86,joint,0.006599500309675932,0.11705080419778824,0.008211929351091385,0.056381504982709885,2011_26MkbK_C-lM_00009_000_a,6.7966990172863e-05,0.006667467299848795,143,32,,,,,0.8036479353904724
0.32367148995399475,0.2513112425804138,0.2782520353794098,0.15515871345996857,87,joint,0.036442387849092484,0.05925259366631508,0.10499412566423416,0.6150344610214233,2011_28JhyDR8-5M_00022_000_a,0.0009647905826568604,0.037407178431749344,540,36,,,,,0.3470897674560547
0.3301085829734802,0.22789429128170013,0.23511670529842377,0.09971830248832703,88,joint,0.019713236019015312,0.023435888811945915,0.09865914285182953,0.8411558866500854,2011_28JhyDR8-5M_00022_000_b,0.001439649611711502,0.021152885630726814,695,49,,,,,0.19981154799461365
0.7932440638542175,1.422958493232727,0.38331517577171326,0.3057115375995636,89,joint,0.004890352953225374,0.21259304881095886,0.004603657405823469,0.0230033528059721,2011_29KrhW9Ft4E_00002_000_b,-0.00020534731447696686,0.004685005638748407,89,46,,,,,1.0622756481170654
0.5622845888137817,0.731381356716156,0.31741929054260254,0.2070102095603943,90,joint,0.04062618315219879,0.05269443988800049,0.07251141220331192,0.7709766626358032,2011_29nIXG5KJYw_00000_000_a,-0.0005709193646907806,0.04005526378750801,604,49,,,,,0.5602729320526123
0.30473843216896057,0.2147350311279297,0.25135260820388794,0.12194140255451202,91,joint,0.037048161029815674,0.04063207283616066,0.12475242465734482,0.911795973777771,2011_29nIXG5KJYw_00016_000_a,-0.0007709413766860962,0.03627721965312958,703,34,,,,,0.29697346687316895
0.316117525100708,0.1863280087709427,0.3136354088783264,0.19295179843902588,92,joint,0.018101288005709648,0.07058630138635635,0.06501101702451706,0.25644195079803467,2011_2C6FHPmqETM_00001_000_a,0.0007996745407581329,0.01890096254646778,327,48,,,,,0.278434157371521
0.31804075837135315,0.21610219776630402,0.25101491808891296,0.12569549679756165,93,joint,0.009817106649279594,0.013264762237668037,0.03560603782534599,0.7400891780853271,2011_2C6FHPmqETM_00001_001_a,0.00015394482761621475,0.00997105147689581,621,38,,,,,0.2757146656513214
0.42299216985702515,0.3692234456539154,0.4642263948917389,0.48950597643852234,94,joint,0.12596145272254944,0.10479915142059326,0.19685105979442596,1.2019319534301758,2011_2CEYOnJqPE4_00008_000_a,0.0006849318742752075,0.12664638459682465,798,49,,,,,0.6398820281028748
0.2327854484319687,0.18476401269435883,0.2787628173828125,0.333850622177124,95,joint,0.04246089980006218,0.05408559739589691,0.03534793108701706,0.7850685119628906,2011_2Ee6xrIGhcY_00037_000_a,-0.0014148838818073273,0.04104601591825485,573,14,,,,,1.2012273073196411
0.29887932538986206,0.17807595431804657,0.26089203357696533,0.13333381712436676,96,joint,0.03798724338412285,0.054315317422151566,0.15540950000286102,0.6993836164474487,2011_2L0A2D7zV7A_00028_000_a,-9.448081254959106e-05,0.03789276257157326,598,41,,,,,0.2444332093000412
0.19830437004566193,0.09700969606637955,0.18949748575687408,0.07199593633413315,97,joint,0.023230940103530884,0.03680349886417389,0.09373636543750763,0.631215512752533,2011_2QT4mFNVyzc_00002_000_a,0.0001513119786977768,0.02338225208222866,558,17,,,,,0.24783273041248322
0.34807297587394714,0.21885935962200165,0.25850042700767517,0.11453674733638763,98,joint,0.007898500189185143,0.017400769516825676,0.04043513536453247,0.4539167284965515,2011_2QT4mFNVyzc_00006_000_a,6.415136158466339e-05,0.007962651550769806,453,53,,,,,0.19533754885196686
0.2538255453109741,0.11481688171625137,0.21051925420761108,0.07420968264341354,99,joint,0.0018153165001422167,0.008129656314849854,0.017959317192435265,0.22329559922218323,2011_2V5LfF6uxT0_00007_000_a,0.0001975158229470253,0.002012832323089242,308,61,,,,,0.10107937455177307
0.19291235506534576,0.07552006095647812,0.19966953992843628,0.07516826689243317,100,joint,0.031395476311445236,0.04107441008090973,0.22239352762699127,0.7643560767173767,2011_2Vam2a4r9vo_00004_000_a,-6.353482604026794e-05,0.03133194148540497,657,30,,,,,0.14117081463336945
0.7906801700592041,1.4050770998001099,0.4780294895172119,0.43477702140808105,101,joint,0.09695249050855637,0.0683610662817955,0.09460853040218353,1.4182413816452026,2011_2bMvW5QUMYk_00000_000_a,0.0026698336005210876,0.09962232410907745,804,54,,,,,1.0247753858566284
0.22315600514411926,0.12347118556499481,0.24682821333408356,0.14645926654338837,102,joint,0.018361007794737816,0.04517115280032158,0.042614638805389404,0.4064764082431793,2011_2eqWGVKtm5w_00007_000_a,-0.00019476376473903656,0.01816624402999878,426,20,,,,,0.43086153268814087
0.2042367160320282,0.09722039848566055,0.21567706763744354,0.1043599545955658,103,joint,0.023128248751163483,0.06487184017896652,0.07241031527519226,0.35652217268943787,2011_2h8rH8zxA64_00027_000_a,0.00011555291712284088,0.023243801668286324,389,18,,,,,0.3194054365158081
0.35067540407180786,0.235582172870636,0.34128326177597046,0.2212963104248047,104,joint,0.02313382551074028,0.06012844666838646,0.07714635878801346,0.38474011421203613,2011_2hs_qcU6410_00000_000_a,0.0006124023348093033,0.023746227845549583,410,54,,,,,0.2998692989349365
0.3176891803741455,0.24274688959121704,0.30739811062812805,0.21577957272529602,105,joint,0.011025749146938324,0.10071524232625961,0.022920994088053703,0.10947448760271072,2011_2sFAyhjR8_o_00031_000_a,-0.00011833757162094116,0.010907411575317383,204,32,,,,,0.48103275895118713
0.23787151277065277,0.13157711923122406,0.21655139327049255,0.09509667009115219,106,joint,0.22740872204303741,0.18253593146800995,0.8984236121177673,1.2458299398422241,2011_303wyvo5Uow_00015_000_a,0.03707979619503021,0.2644885182380676,990,24,,,,,0.25311970710754395
0.26124706864356995,0.18489520251750946,0.22118592262268066,0.10088515281677246,107,joint,0.0035713091492652893,0.14935974776744843,0.010829528793692589,0.02391078695654869,2011_303wyvo5Uow_00015_001_a,5.528167821466923e-05,0.0036265908274799585,90,24,,,,,0.3297751247882843
0.2619771361351013,0.2458733171224594,0.20811040699481964,0.10818784683942795,108,joint,0.016898278146982193,0.04520631581544876,0.022867675870656967,0.3738034665584564,2011_303wyvo5Uow_00015_002_a,-0.00030877627432346344,0.01658950187265873,399,13,,,,,0.7389591336250305
0.20908765494823456,0.10379113256931305,0.29450950026512146,0.2390701323747635,109,joint,0.0032132535707205534,0.18276762962341309,0.005032111890614033,0.017581086605787277,2011_32me3lMxEDU_00015_000_a,-9.874440729618073e-05,0.0031145091634243727,76,20,,,,,0.6385496854782104
0.20805177092552185,0.0891101211309433,0.2377444952726364,0.13121967017650604,110,joint,0.01542691420763731,0.07331913709640503,0.05183527246117592,0.21040773391723633,2011_32me3lMxEDU_00015_001_a,0.0001740613952279091,0.015600975602865219,297,24,,,,,0.2976142168045044
0.23019419610500336,0.11575482785701752,0.18931181728839874,0.06698966771364212,111,joint,0.05248101428151131,0.04455508291721344,0.3158619999885559,1.177890658378601,2011_331wiVQINn8_00004_000_a,0.0302620567381382,0.0827430710196495,998,29,,,,,0.1661517173051834
0.15815076231956482,0.05484366416931152,0.15804947912693024,0.0451488122344017,112,joint,0.01058473251760006,0.020852798596024513,0.06621820479631424,0.5075929164886475,2011_331wiVQINn8_00004_001_a,-5.265604704618454e-05,0.010532076470553875,479,10,,,,,0.1598462611436844
0.3144972324371338,0.17892307043075562,0.2788398265838623,0.13938207924365997,113,joint,0.0035495730116963387,0.03871244937181473,0.016921937465667725,0.09169073402881622,2011_331wiVQINn8_00005_000_b,0.00010709022171795368,0.0036566632334142923,187,51,,,,,0.2097616195678711
0.270465612411499,0.1435018926858902,0.244693785905838,0.10845747590065002,114,joint,0.0073476992547512054,0.018493760377168655,0.03938312828540802,0.3973069489002228,2011_331wiVQINn8_00005_000_c,9.147869423031807e-05,0.0074391779489815235,416,43,,,,,0.1865697205066681
0.3114495873451233,0.1784861832857132,0.2433876097202301,0.11267537623643875,115,joint,0.003032588865607977,0.012755662202835083,0.014057890512049198,0.2377445250749588,2011_331wiVQINn8_00006_000_a,0.00011964421719312668,0.0031522330828011036,319,42,,,,,0.2157214730978012
0.17771784961223602,0.07548709213733673,0.1897651106119156,0.07670620083808899,116,joint,0.012910419143736362,0.0642055943608284,0.04176456108689308,0.2010793387889862,2011_398qkvR92GU_00010_000_a,-0.00010968931019306183,0.0128007298335433,286,12,,,,,0.30912378430366516
0.19524984061717987,0.09372975677251816,0.18593142926692963,0.06875742226839066,117,joint,0.003860665485262871,0.05444386973977089,0.013762067072093487,0.07091093063354492,2011_3A3iNVaLod4_00002_000_a,0.0001294468529522419,0.003990112338215113,163,13,,,,,0.2805294692516327
0.3599632978439331,0.24651987850666046,0.23586812615394592,0.10436984896659851,118,joint,0.013411713764071465,0.025990361347794533,0.05321526899933815,0.5160264372825623,2011_3A3iNVaLod4_00002_001_a,0.00020699761807918549,0.01361871138215065,495,40,,,,,0.2520275413990021
0.28543177247047424,0.19002565741539001,0.23430262506008148,0.102202869951725,119,joint,0.0020659922156482935,0.05491793900728226,0.008719731122255325,0.03761962428689003,2011_3YM3AYZaTZ0_00002_000_a,-7.477402687072754e-05,0.001991218188777566,116,36,,,,,0.23693300783634186
0.18072441220283508,0.07479801774024963,0.19323138892650604,0.0784003883600235,120,joint,0.08395082503557205,0.08706965297460556,0.32560473680496216,0.964180052280426,2011_3ZPlgOWbkcY_00008_000_a,0.008190937340259552,0.0921417623758316,763,15,,,,,0.2578304708003998
0.3669806122779846,0.3159428536891937,0.307388573884964,0.20914024114608765,121,joint,0.0019501313799992204,0.2708505392074585,0.004133390728384256,0.007200027350336313,2011_3dluAhOU1cA_00011_000_a,2.307433169335127e-05,0.0019732057116925716,46,36,,,,,0.47179943323135376
0.2693779170513153,0.2092842161655426,0.26106026768684387,0.1599419265985489,122,joint,0.009182102978229523,0.11041571199893951,0.017561286687850952,0.08315938711166382,2011_3eGHDodwIZI_00012_000_a,7.741618901491165e-05,0.009259519167244434,178,21,,,,,0.5228604674339294
0.19625091552734375,0.10228003561496735,0.19688770174980164,0.08231767266988754,123,joint,0.018472226336598396,0.039876364171504974,0.054772891104221344,0.4632374942302704,2011_3eGHDodwIZI_00012_001_a,0.00018146075308322906,0.018653687089681625,460,14,,,,,0.3372512459754944
0.270967960357666,0.13715271651744843,0.24435952305793762,0.1085565984249115,124,joint,0.005353596061468124,0.028678027912974358,0.029905738309025764,0.18667936325073242,2011_3eGHDodwIZI_00022_000_a,2.2318679839372635e-05,0.005375914741307497,279,44,,,,,0.17901568114757538
0.19509278237819672,0.08031950891017914,0.19456221163272858,0.07331583648920059,125,joint,0.057040657848119736,0.05180460959672928,0.32321786880493164,1.1010730266571045,2011_3eGHDodwIZI_00022_000_b,0.002876419574022293,0.05991707742214203,860,23,,,,,0.17647743225097656
0.2484164983034134,0.1379006803035736,0.273086279630661,0.16856929659843445,126,joint,0.04910622537136078,0.050904780626297,0.13684259355068207,0.9646682143211365,2011_3fwlRWBtHLg_00003_000_a,0.003348737955093384,0.05245496332645416,728,29,,,,,0.35885190963745117
0.2438303679227829,0.2119176983833313,0.2269219309091568,0.13397683203220367,127,joint,0.012073881924152374,0.05587950348854065,0.017459675669670105,0.21606995165348053,2011_3o2ACEr9NmQ_00034_000_a,-6.061699241399765e-05,0.012013264931738377,294,14,,,,,0.6915295720100403
0.27163437008857727,0.2484194040298462,0.2988651990890503,0.2574042081832886,128,camera,0.002226864919066429,0.0017563870642334223,0.002462171483784914,1.267866849899292,2011_3o2ACEr9NmQ_00034_001_a,2.2610416635870934e-05,0.0022494753357023,813,19,0.8802195191383362,0.8824464082717896,0.8696368336677551,0.8718637228012085,0.9044312834739685
0.26121985912323,0.14793294668197632,0.24595418572425842,0.11749882996082306,129,camera,0.0005395651096478105,0.0005862493999302387,0.001727088587358594,0.9203678965568542,2011_3obteqT0VJU_00009_000_a,-1.6111356671899557e-05,0.0005234537529759109,698,32,0.9828047752380371,0.983344316482544,0.30892589688301086,0.3094654679298401,0.3124130964279175
0.22082608938217163,0.09623825550079346,0.2282479852437973,0.10261796414852142,130,camera,0.0005376622430048883,0.0004643171851057559,0.0031058078166097403,1.1579632759094238,2011_3obteqT0VJU_00009_001_a,1.2080708984285593e-05,0.0005497429519891739,987,36,0.24776224792003632,0.24829991161823273,0.16015997529029846,0.16069763898849487,0.1731151044368744
0.23584920167922974,0.1527739018201828,0.2715156078338623,0.18992388248443604,131,camera,0.0010661075357347727,0.0013515457976609468,0.0024238761980086565,0.7888060808181763,2011_3obteqT0VJU_00018_000_a,-1.908640842884779e-05,0.001047021127305925,623,23,0.5653014779090881,0.5663675665855408,0.4017618000507355,0.4028279185295105,0.439835786819458
0.3310261070728302,0.24638217687606812,0.2946357727050781,0.18509775400161743,132,camera,0.000611807859968394,0.01475786603987217,0.0012929990189149976,0.04145639017224312,2011_3obteqT0VJU_00018_001_a,-8.99669248610735e-06,0.0006028111674822867,125,37,0.26411378383636475,0.26472559571266174,0.3135654032230377,0.3141772150993347,0.47316962480545044
0.3495846688747406,0.2404712438583374,0.2308800369501114,0.09921438992023468,133,camera,0.00012688542483374476,0.0007406786899082363,0.0003308042068965733,0.1713096797466278,2011_3rpHa7RLvc8_00005_000_b,9.394454536959529e-06,0.0001362798793707043,267,45,0.3232473134994507,0.3233742117881775,0.32504430413246155,0.32517120242118835,0.3835665285587311
0.3128882050514221,0.23156003654003143,0.2836865484714508,0.16680391132831573,134,camera,0.00032314835698343813,0.0005642016185447574,0.0007479342166334391,0.5727533102035522,2011_458GisQyQLg_00007_000_b,3.9956183172762394e-05,0.00036310454015620053,516,38,0.3855353891849518,0.38585853576660156,0.3474210798740387,0.3477442264556885,0.4320545196533203
0.32791540026664734,0.18640343844890594,0.37199875712394714,0.2389334738254547,135,camera,0.0005226086941547692,0.00048548588529229164,0.0024045284371823072,1.0764652490615845,2011_458GisQyQLg_00007_002_a,3.1612871680408716e-05,0.0005542215658351779,859,63,0.6573169827461243,0.6578395962715149,0.18060848116874695,0.18113109469413757,0.2173435240983963
0.15222088992595673,0.049700211733579636,0.20267349481582642,0.12092380970716476,136,camera,0.001976374536752701,0.0016296359244734049,0.007935898378491402,1.2127705812454224,2011_458GisQyQLg_00007_002_b,-4.058750346302986e-05,0.001935787033289671,881,8,0.3766782581806183,0.3786546289920807,0.22692285478115082,0.22889922559261322,0.2490423321723938
0.21357041597366333,0.09382481127977371,0.2566094398498535,0.14526894688606262,137,camera,0.0009321245015598834,0.0016395625425502658,0.004343368578702211,0.5685202479362488,2011_4BXpDgTVN2E_00012_000_a,-2.588098868727684e-05,0.0009062435128726065,527,27,0.10593290627002716,0.1068650335073471,0.19102142751216888,0.19195355474948883,0.21460865437984467
0.2817527651786804,0.17275190353393555,0.23738841712474823,0.10856406390666962,138,camera,0.00022910973348189145,0.0014855447225272655,0.0007069357670843601,0.15422607958316803,2011_4Te3H4lBaBo_00006_000_a,2.709217369556427e-06,0.00023181895085144788,252,37,1.1820069551467896,1.1822360754013062,0.27595120668411255,0.27618032693862915,0.3240884840488434
0.20168986916542053,0.07817552238702774,0.21886251866817474,0.08878906816244125,139,camera,0.00022282746795099229,0.0008658848819322884,0.0016451010014861822,0.25734075903892517,2011_4cWDWIgBXrw_00007_000_a,7.5451243901625276e-06,0.00023037259234115481,327,36,0.3380231261253357,0.3382459580898285,0.10575710982084274,0.10597993433475494,0.1354491114616394
0.22713331878185272,0.13253016769886017,0.30347293615341187,0.27579906582832336,140,camera,0.0016549209831282496,0.06917772442102432,0.003765665926039219,0.023922745138406754,2011_4disuwEvw-w_00000_000_a,-2.260785549879074e-05,0.001632313127629459,88,19,0.2552308440208435,0.2568857669830322,0.3331374526023865,0.3347923755645752,0.4394763112068176
0.25038081407546997,0.155329629778862,0.2754459083080292,0.20291152596473694,141,camera,0.0016206895234063268,11.657661437988281,0.0036315855104476213,0.0001390235556755215,2011_4disuwEvw-w_00000_001_a,2.0147301256656647e-05,0.0016408368246629834,2,23,0.4443018436431885,0.44592252373695374,0.26654374599456787,0.26816442608833313,0.4462760090827942
0.36998796463012695,0.26489242911338806,0.27624768018722534,0.13832545280456543,142,camera,0.00022435132996179163,0.001290772226639092,0.0005733573343604803,0.17381170392036438,2011_4kQb8kUDq5o_00017_000_a,-6.385540473274887e-06,0.00021796578948851675,265,49,0.5727357268333435,0.5729600787162781,0.31576046347618103,0.3159848153591156,0.39129409193992615
0.20186063647270203,0.08740748465061188,0.17876797914505005,0.05811978131532669,143,camera,0.00016684163711033762,0.0004569802840705961,0.0007329944637604058,0.36509591341018677,2011_4mdd9P7Tn6I_00028_000_a,7.686030585318804e-06,0.00017452766769565642,399,23,0.04941273853182793,0.04957957938313484,0.20703157782554626,0.20719842612743378,0.22761650383472443
0.30372753739356995,0.21018153429031372,0.22196020185947418,0.09165400266647339,144,camera,0.00021490278595592827,0.0005782801890745759,0.0004828404635190964,0.3716239631175995,2011_4t2pP2KLlgU_00002_000_a,-7.091221050359309e-06,0.00020781156490556896,393,33,0.7652134895324707,0.765428364276886,0.400544673204422,0.40075957775115967,0.44508031010627747
0.27064597606658936,0.17485381662845612,0.24095942080020905,0.1110294759273529,145,camera,0.00019365509797353297,0.005272550508379936,0.0005322344950400293,0.03672892227768898,2011_4w36z7XnwOM_00007_000_a,4.835965228267014e-06,0.0001984910632018,113,33,0.21704258024692535,0.2172362357378006,0.23229046165943146,0.2324841171503067,0.36385297775268555
0.4509710371494293,0.3611009120941162,0.26606887578964233,0.12459607422351837,146,camera,0.0002696534211281687,0.00030454774969257414,0.00052983732894063,0.8854224681854248,2011_4wvMWwwCRYU_00012_000_a,1.7575221136212349e-06,0.00027141094324178994,681,52,0.30859094858169556,0.3088605999946594,0.487000048160553,0.48726969957351685,0.5089362263679504
0.5412960648536682,0.47107917070388794,0.31035172939300537,0.16920998692512512,147,camera,0.00020871119340881705,0.000858448795042932,0.00036975840339437127,0.24312597513198853,2011_4wvMWwwCRYU_00012_001_a,-1.9504514057189226e-06,0.00020676074200309813,320,62,0.11010932922363281,0.11031804233789444,0.448436439037323,0.44864514470100403,0.5644528865814209
0.48697373270988464,0.445084810256958,0.29742881655693054,0.16018961369991302,148,camera,0.0005016813520342112,0.0005256094154901803,0.0007826825021766126,0.9544755816459656,2011_4wvMWwwCRYU_00012_001_c,-2.5154935428872705e-05,0.00047652641660533845,678,51,0.7459588646888733,0.7464605569839478,0.6098607182502747,0.6103624105453491,0.6409768462181091
0.49250662326812744,0.4858478307723999,0.28885698318481445,0.15166641771793365,149,camera,0.00021541383466683328,0.0069112712517380714,0.000369728310033679,0.031168483197689056,2011_4wvMWwwCRYU_00012_001_d,-1.837857416830957e-05,0.0001970352604985237,104,62,0.3057737350463867,0.305989146232605,0.34071603417396545,0.3409314453601837,0.5826273560523987
0.2717369794845581,0.2759290039539337,0.34042108058929443,0.4336419403553009,150,camera,0.005210222210735083,0.01285944040864706,0.0040870062075555325,0.4051671028137207,2011_58uMOyQcvms_00009_001_a,-9.769061580300331e-05,0.005112531594932079,404,15,1.6322025060653687,1.6374127864837646,1.1065253019332886,1.1117355823516846,1.2748260498046875
0.2682684361934662,0.15094345808029175,0.19055049121379852,0.06355760991573334,151,camera,6.87194406054914e-05,0.005357321817427874,0.00024524310720153153,0.012827200815081596,2011_5DJehPkkRSQ_00022_000_a,1.6724879969842732e-06,7.039192860247567e-05,62,37,0.2465994507074356,0.24666817486286163,0.17359456419944763,0.17366328835487366,0.2802094519138336
0.5218958854675293,0.7170692682266235,0.3064252734184265,0.19459091126918793,152,camera,0.00024197844322770834,1.2485212087631226,0.0001968376018339768,0.0001938120403792709,2011_5DefW3MeD_c_00006_000_a,-1.635857915971428e-05,0.00022561986406799406,3,43,0.4883822500705719,0.4886242151260376,0.469429075717926,0.4696710407733917,1.2293304204940796
0.24080948531627655,0.1158316358923912,0.23693853616714478,0.11003103107213974,153,camera,0.00023406121181324124,0.00027345994021743536,0.0011460536625236273,0.8559250831604004,2011_5EFH9AmTg6c_00008_000_a,1.1551775969564915e-05,0.00024561298778280616,714,38,0.2606511116027832,0.26088517904281616,0.18581917881965637,0.18605324625968933,0.2042323350906372
0.28410905599594116,0.17977267503738403,0.2917443811893463,0.18880152702331543,154,camera,0.0005043636774644256,0.0007139701046980917,0.0012296061031520367,0.7064212560653687,2011_5Weaop_aiTg_00005_000_a,1.575937494635582e-05,0.0005201230524107814,559,30,0.4141993820667267,0.41470375657081604,0.39400720596313477,0.3945115804672241,0.4101831316947937
0.3909643590450287,0.4347001612186432,0.2857070863246918,0.16940030455589294,155,camera,0.00032254011603072286,0.1315239667892456,0.00035902069066651165,0.0024523294996470213,2011_5dSvsp3dxvc_00000_000_a,-1.906583202071488e-05,0.000303474284010008,23,35,0.4549202024936676,0.45524275302886963,0.392040491104126,0.392363041639328,0.898388683795929
0.46720245480537415,0.4336542785167694,0.3010241687297821,0.1573755443096161,156,camera,0.0003328613529447466,0.0008753469446673989,0.0005822963430546224,0.38026219606399536,2011_5dSvsp3dxvc_00008_000_a,1.6982463421300054e-05,0.00034984381636604667,399,56,0.5543028116226196,0.5546356439590454,0.4827747046947479,0.4831075668334961,0.5716356635093689
0.23782512545585632,0.11360456049442291,0.2188611924648285,0.08802781999111176,157,camera,9.10091694095172e-05,0.0005000702221877873,0.00045551121002063155,0.1819927841424942,2011_5qfoeuQFFHw_00007_000_a,-3.3011165214702487e-06,8.770805288804695e-05,268,38,0.1833610087633133,0.18345202505588531,0.17568008601665497,0.175771102309227,0.1997956782579422
0.3875827193260193,0.5236754417419434,0.2321869432926178,0.13294388353824615,158,camera,0.0005011348403058946,0.00032982113771140575,0.00031714982469566166,1.519413948059082,2011_5rEwN8tIRWw_00002_000_a,-1.0913412552326918e-05,0.0004902214277535677,785,24,2.305860757827759,2.3063619136810303,1.6044292449951172,1.6049304008483887,1.5801202058792114
0.4091387391090393,0.3900578022003174,0.25258728861808777,0.11879590898752213,159,camera,0.0004697510739788413,0.00032664946047589183,0.0008547164034098387,1.4380892515182495,2011_5rEwN8tIRWw_00002_001_a,-3.969157114624977e-05,0.00043005950283259153,946,52,0.9430038332939148,0.9434735774993896,0.46843481063842773,0.4689045548439026,0.549598753452301
0.20774300396442413,0.15823180973529816,0.20372675359249115,0.11042625457048416,160,camera,0.0007599816308356822,0.0007510333671234548,0.0006779823452234268,1.011914610862732,2011_5rEwN8tIRWw_00002_002_a,-1.1867086868733168e-05,0.000748114543966949,636,9,1.32148277759552,1.3222427368164062,1.0748059749603271,1.0755659341812134,1.1209460496902466
0.25636592507362366,0.13342636823654175,0.243581622838974,0.11151260882616043,161,camera,0.0004273172526154667,0.002112374408170581,0.0016214636852964759,0.20229238271713257,2011_5wThW2AGZw0_00008_000_a,-2.5259272661060095e-05,0.0004020579799544066,287,34,1.1851545572280884,1.185581922531128,0.2226974070072174,0.22312472760677338,0.2635379731655121
0.2695107161998749,0.16547764837741852,0.24954348802566528,0.12357550859451294,162,camera,0.0005143571179360151,0.0018992098048329353,0.0013753105886280537,0.27082690596580505,2011_5yGuDDemqaw_00012_000_a,-2.845303970389068e-05,0.00048590407823212445,334,30,0.6129845976829529,0.6134989261627197,0.33643269538879395,0.3369470536708832,0.3739934265613556
0.3048436641693115,0.24476934969425201,0.3233794867992401,0.2917537987232208,163,camera,0.003490945789963007,0.015397950075566769,0.005113944876939058,0.22671496868133545,2011_5yR0wlrq_h4_00000_000_a,4.6104658395051956e-05,0.003537050448358059,301,25,1.4944339990615845,1.4979249238967896,0.5814726948738098,0.5849636197090149,0.6826326847076416
0.17827214300632477,0.0852678045630455,0.18500472605228424,0.07589820772409439,164,camera,0.0008384417742490768,0.11322733759880066,0.001770197181031108,0.007404941134154797,2011_5yR0wlrq_h4_00004_000_a,-1.1061492841690779e-05,0.0008273802814073861,46,10,2.9758055210113525,2.9766440391540527,0.3182566165924072,0.31909504532814026,0.47364315390586853
0.5254790186882019,0.5412672162055969,0.3992072343826294,0.3533681333065033,165,camera,0.0018133502453565598,0.05994207412004471,0.002229242352768779,0.03025170974433422,2011_5ztwns5PkJY_00000_000_a,1.0305200703442097e-05,0.0018236554460600019,102,49,0.7928557395935059,0.7946690917015076,0.5237725377082825,0.5255858898162842,0.8134378790855408
0.26752981543540955,0.1311776489019394,0.31923407316207886,0.1708429455757141,166,camera,0.00031702482374385,0.0005984830786474049,0.0020912857726216316,0.5297139286994934,2011_6AVMcJa77PM_00009_000_a,2.5802000891417265e-05,0.00034282682463526726,497,63,0.06215672194957733,0.06247374787926674,0.11213710159063339,0.1124541237950325,0.15159325301647186
0.3183407783508301,0.2484409660100937,0.2674465477466583,0.15008148550987244,167,camera,0.0004642684943974018,0.0007735005347058177,0.0008725697989575565,0.6002174019813538,2011_6AVMcJa77PM_00013_000_a,5.0635717343539e-06,0.0004693320661317557,525,33,0.6307439804077148,0.6312082409858704,0.491203635931015,0.49166789650917053,0.5320703387260437
0.23069866001605988,0.12253343313932419,0.21826916933059692,0.09372378140687943,168,camera,0.00026958849048241973,0.001766422064974904,0.0009125768556259573,0.1526183933019638,2011_6Bg4HfBsmAU_00007_000_a,-5.7774013839662075e-06,0.0002638110890984535,243,27,0.757206380367279,0.7574759721755981,0.2521742582321167,0.2524438500404358,0.2954145669937134
0.3314550518989563,0.41199174523353577,0.2333669364452362,0.14662565290927887,169,camera,0.0004368122899904847,0.0008394147153012455,0.000267856870777905,0.5203772187232971,2011_6DI_C-xXcOQ_00004_002_a,-1.441399217583239e-05,0.0004223982978146523,452,18,2.9607791900634766,2.9612159729003906,1.2914613485336304,1.2918981313705444,1.630767583847046
0.2830517590045929,0.15115894377231598,0.28736594319343567,0.15187878906726837,170,camera,0.0005333605222404003,0.00044013196020387113,0.00208699656650424,1.2118195295333862,2011_6DU0mdThjg4_00024_000_a,-1.0265444871038198e-05,0.0005230950773693621,885,41,0.21431618928909302,0.2148495465517044,0.24578741192817688,0.24632076919078827,0.2555636763572693
0.3058270215988159,0.16569387912750244,0.23594729602336884,0.09167465567588806,171,camera,0.000397632597014308,0.0003334901703055948,0.00200651865452528,1.1923367977142334,2011_6EEradwg8aE_00001_000_a,3.720007953234017e-05,0.00043483267654664814,986,61,0.13493987917900085,0.13533751666545868,0.19359090924263,0.19398854672908783,0.19817039370536804
0.5993220210075378,1.2701201438903809,0.5600775480270386,0.9397961497306824,172,camera,0.0017482052790001035,0.02455851249396801,0.0004922706866636872,0.07118530571460724,2011_6XyUIXqIoAM_00000_000_a,-3.0850875191390514e-05,0.001717354403808713,155,26,1.9700101613998413,1.9717583656311035,1.671441674232483,1.6731898784637451,3.551309108734131
0.2780846059322357,0.17042861878871918,0.3136957883834839,0.20805664360523224,173,camera,0.0005305388476699591,0.00047468216507695615,0.0018661624053493142,1.1176717281341553,2011_6bANKvFGxGU_00017_000_a,-1.6888254322111607e-05,0.0005136505933478475,836,42,1.2650818824768066,1.2656123638153076,0.23955151438713074,0.2400820553302765,0.2842940390110016
0.16230833530426025,0.05662550777196884,0.1884329617023468,0.07472791522741318,174,camera,0.0006459463038481772,0.0007842418854124844,0.0027407503221184015,0.8236569762229919,2011_6g2JN2PrHJg_00003_001_a,2.685817889869213e-05,0.0006728044827468693,625,11,0.24943895637989044,0.25008490681648254,0.2330736517906189,0.233719602227211,0.23568229377269745
0.35922786593437195,0.24458567798137665,0.2631738483905792,0.12702961266040802,175,camera,0.00017133913934230804,0.008217085152864456,0.0005020431708544493,0.02085157111287117,2011_6hFxG-8I0Go_00008_000_a,4.1171733755618334e-07,0.00017175085667986423,84,52,0.3800210654735565,0.3801923990249634,0.19085241854190826,0.19102375209331512,0.3412836790084839
0.42464423179626465,0.38236087560653687,0.3112550377845764,0.17331913113594055,176,camera,0.0003256949130445719,0.007600749377161264,0.0005479045212268829,0.04285036772489548,2011_6mBFhNSqBk8_00069_000_a,5.048449384048581e-05,0.0003761794068850577,122,47,0.5013473033905029,0.5016729831695557,0.40334296226501465,0.40366867184638977,0.5944373607635498
0.24593424797058105,0.12037931382656097,0.2614583373069763,0.12171120196580887,177,camera,0.0002489571343176067,0.001376855419948697,0.0014837132766842842,0.18081574141979218,2011_6nWWM8tTn84_00001_000_a,6.788817699998617e-06,0.0002557459520176053,274,50,0.14109884202480316,0.14134779572486877,0.10637837648391724,0.10662733018398285,0.16779328882694244
0.18341918289661407,0.07571357488632202,0.1889132261276245,0.07083525508642197,178,camera,0.0002739667543210089,0.0032136556692421436,0.0012820735573768616,0.08525080978870392,2011_6nWWM8tTn84_00003_000_a,4.740082658827305e-06,0.0002787068369798362,182,20,0.11599458754062653,0.11626855283975601,0.14263373613357544,0.14290770888328552,0.2136903554201126
0.371499627828598,0.24647939205169678,0.4733474850654602,0.3883810043334961,179,camera,0.0010544538963586092,0.000997329712845385,0.0034385365433990955,1.0572770833969116,2011_6svLqrJqoWk_00007_000_a,1.3690441846847534e-06,0.001055822940543294,799,59,0.3383484184741974,0.3394028842449188,0.29686853289604187,0.2979229986667633,0.3066577613353729
0.3648844063282013,0.34261614084243774,0.2920530438423157,0.17064008116722107,180,camera,0.00050950120203197,0.0013882933417335153,0.000782990304287523,0.36699822545051575,2011_6vNGX3c03gM_00011_000_a,-2.5705667212605476e-06,0.0005069306353107095,398,38,0.7236023545265198,0.7241118550300598,0.5130999088287354,0.5136094093322754,0.6507120132446289
0.41819271445274353,0.5770581960678101,0.3418384790420532,0.3058023452758789,181,camera,0.0020781010389328003,0.05039382353425026,0.0012376186205074191,0.04123721644282341,2011_6vO-XDUiRqU_00006_000_a,1.1838041245937347e-05,0.0020899390801787376,118,25,1.0447710752487183,1.0468491315841675,0.823745846748352,0.825823962688446,1.6791125535964966
0.651262640953064,1.0437278747558594,0.35233408212661743,0.2517334520816803,182,camera,0.0007168033625930548,0.002238469198346138,0.0003989405231550336,0.32022032141685486,2011_6vO-XDUiRqU_00026_000_a,-2.0372390281409025e-05,0.0006964309723116457,356,43,1.0554784536361694,1.0561952590942383,1.3242526054382324,1.3249694108963013,1.7967674732208252
0.3952348828315735,0.31056615710258484,0.3099789619445801,0.16814649105072021,183,camera,0.00022582450765185058,0.17410171031951904,0.0006187493563629687,0.001297083799727261,2011_6wN78_E4AAs_00011_000_a,-5.802852683700621e-06,0.00022002165496814996,15,63,0.13763438165187836,0.13786020874977112,0.15402552485466003,0.1542513519525528,0.36496928334236145
0.1939319670200348,0.08689658343791962,0.19854648411273956,0.07491587847471237,184,camera,0.00021741916134487838,0.0014300151960924268,0.0009274416952393949,0.15203975141048431,2011_6wN78_E4AAs_00011_000_b,2.059672260656953e-05,0.0002380158839514479,237,22,0.21628212928771973,0.21649955213069916,0.18041978776454926,0.1806372106075287,0.23442892730236053
0.34587106108665466,0.25053396821022034,0.2675277292728424,0.15450632572174072,185,camera,0.0008043698035180569,0.0006471660453826189,0.0015550348907709122,1.2429109811782837,2011_6xZif3WmG7I_00037_000_a,-3.868754720315337e-05,0.0007656822563149035,848,34,1.7494194507598877,1.7502238750457764,0.5370393395423889,0.5378437042236328,0.5172680020332336
0.20242244005203247,0.08817390352487564,0.17777693271636963,0.05786886811256409,186,camera,0.0002445997088216245,0.0003649986465461552,0.0010209523607045412,0.6701386570930481,2011_7L2NhtAzHYw_00001_000_a,3.266282146796584e-05,0.00027726253028959036,618,22,0.3730417490005493,0.37328633666038513,0.22890348732471466,0.22914808988571167,0.2395799309015274
0.25610798597335815,0.1358567476272583,0.27379289269447327,0.14818374812602997,187,camera,0.0006039005820639431,0.0004780098970513791,0.002535328734666109,1.2633641958236694,2011_7L2qP-xQ_7o_00000_000_b,-8.343847002834082e-05,0.0005204621120356023,997,39,0.808586061000824,0.8091899752616882,0.2423132359981537,0.24291713535785675,0.23819419741630554
0.16090834140777588,0.05845794826745987,0.22477209568023682,0.14580559730529785,188,camera,0.000797725806478411,0.030854403972625732,0.0031930531840771437,0.02585452049970627,2011_7L2qP-xQ_7o_00032_000_a,-1.527660060673952e-06,0.000796198146417737,94,11,0.08636564016342163,0.08716336637735367,0.18546132743358612,0.18625904619693756,0.2498316764831543
0.16578979790210724,0.062040939927101135,0.2217760980129242,0.13959839940071106,189,camera,0.0022412342950701714,0.0016696773236617446,0.008174322545528412,1.3423157930374146,2011_7L2qP-xQ_7o_00032_001_a,-0.000155596062541008,0.0020856382325291634,971,11,0.8757210373878479,0.8779622912406921,0.2683597803115845,0.2706010043621063,0.2741798162460327
0.20489723980426788,0.0984179750084877,0.21558664739131927,0.09788860380649567,190,camera,0.0007501645595766604,0.0007334323599934578,0.0026248495560139418,1.0228135585784912,2011_7L2qP-xQ_7o_00032_002_a,-2.07958510145545e-06,0.0007480849744752049,755,21,0.7665868997573853,0.7673370838165283,0.2677793502807617,0.2685295045375824,0.28579336404800415
0.7674542665481567,1.9477630853652954,0.5411286950111389,0.8515951633453369,191,camera,0.01200876384973526,0.004064344801008701,0.002827825490385294,2.9546616077423096,2011_7MQUQQkzNSU_00017_000_a,0.00024096760898828506,0.012249731458723545,803,34,4.975559234619141,4.987567901611328,4.190958499908447,4.202967166900635,4.246642589569092
0.1882207989692688,0.11066673696041107,0.21495214104652405,0.12153779715299606,192,camera,0.002021203748881817,0.0016667639138177037,0.0027910724747925997,1.2126514911651611,2011_7MQUQQkzNSU_00025_000_a,-1.8230406567454338e-05,0.0020029733423143625,719,9,0.8645489811897278,0.8665701746940613,0.6865584850311279,0.6885796785354614,0.7241674065589905
0.2095564305782318,0.09205298870801926,0.18084745109081268,0.058612216264009476,193,camera,7.071320578688756e-05,0.001111845951527357,0.00030249764677137136,0.06359982490539551,2011_7SZMEImptPQ_00002_001_a,1.4028060832060874e-05,8.474126661894843e-05,151,24,0.23324352502822876,0.23331423103809357,0.1843263953924179,0.18439710140228271,0.23376448452472687
1.0570690631866455,2.680572986602783,0.5918999314308167,0.7902498841285706,194,camera,0.0016192356124520302,0.001552643720060587,0.0005008029984310269,1.0428893566131592,2011_7VV6BZWittk_00046_000_a,3.211118746548891e-05,0.001651346799917519,562,62,2.9641873836517334,2.965806722640991,2.397832155227661,2.399451494216919,3.233278751373291
0.4335763156414032,0.5030828714370728,0.4473588168621063,0.478495329618454,195,camera,0.0011637065326794982,0.004321673884987831,0.0012045461917296052,0.26927217841148376,2011_7ZhnS45Zexo_00004_000_a,-1.4787307009100914e-05,0.0011489192256703973,333,38,0.9914957880973816,0.9926595091819763,0.7263593077659607,0.7275230288505554,0.9660953879356384
0.23100478947162628,0.15439793467521667,0.24456483125686646,0.1471826434135437,196,camera,0.001024070312269032,0.0014427686110138893,0.0018239544006064534,0.7097952365875244,2011_7bFi99Kojrc_00015_000_a,9.908806532621384e-06,0.0010339791188016534,589,18,0.6161553859710693,0.6171794533729553,0.49380046129226685,0.49482452869415283,0.5614560842514038
0.3629850447177887,0.3477269411087036,0.2613341808319092,0.13693451881408691,197,camera,0.0003811682981904596,0.0014598782872781157,0.0005185832851566374,0.26109594106674194,2011_7bFi99Kojrc_00015_001_a,7.896625902503729e-06,0.00038906492409296334,328,34,0.9871674180030823,0.9875485897064209,0.5912997722625732,0.5916809439659119,0.7350184917449951
0.2622530460357666,0.1660420447587967,0.293402761220932,0.1996762454509735,198,camera,0.00047091374290175736,0.23263151943683624,0.0011349883861839771,0.002024290384724736,2011_7cTI5pyy3Fw_00006_000_a,8.696195436641574e-06,0.00047960993833839893,21,27,0.24401763081550598,0.24448853731155396,0.2671564817428589,0.26762738823890686,0.41490623354911804
0.2269384264945984,0.11569738388061523,0.27701935172080994,0.1634732335805893,199,camera,0.000788192730396986,0.0007901669596321881,0.003515985794365406,0.9975014925003052,2011_7cTI5pyy3Fw_00014_000_a,-6.640329957008362e-06,0.0007815524004399776,761,34,0.3987925350666046,0.399580717086792,0.1847618967294693,0.18555009365081787,0.22417403757572174
0.2636978328227997,0.18246285617351532,0.23985804617404938,0.12426406890153885,200,camera,0.0004316953709349036,0.019851917400956154,0.0008367212140001357,0.021745776757597923,2011_7msu2ugXGW8_00005_000_a,-7.025431841611862e-06,0.00042466993909329176,88,24,0.4002314507961273,0.4006631374359131,0.3185926377773285,0.31902432441711426,0.5159369111061096
0.3705257773399353,0.26814427971839905,0.33988937735557556,0.2232714593410492,201,camera,0.0004747350176330656,0.1473933458328247,0.0011504150461405516,0.0032208713237196207,2011_7msu2ugXGW8_00005_000_b,1.0682502761483192e-05,0.0004854175203945488,29,47,0.9716593027114868,0.9721340537071228,0.24043013155460358,0.24090486764907837,0.41266411542892456
0.26798850297927856,0.1489289402961731,0.22438833117485046,0.09357954561710358,202,camera,0.00047589780297130346,0.0004024837980978191,0.0017685206839814782,1.1824023723602295,2011_7vjP2EKf7do_00045_000_a,-1.2804812286049128e-05,0.00046309299068525434,944,38,0.20446372032165527,0.20493961870670319,0.2520654797554016,0.25254136323928833,0.26909372210502625
0.2669914662837982,0.18237857520580292,0.22447289526462555,0.09567609429359436,203,camera,0.00019684918515849859,0.0005510761984623969,0.0004725360486190766,0.3572086691856384,2011_7xDTFtG9kYw_00001_000_a,-1.557893119752407e-05,0.00018127025396097451,396,30,0.49577251076698303,0.49596935510635376,0.32228660583496094,0.32248345017433167,0.4165802597999573
0.4145224988460541,0.3683985471725464,0.297901451587677,0.16599158942699432,204,camera,0.00044928863644599915,0.0005339518538676202,0.00103555538225919,0.8414403796195984,2011_7xDTFtG9kYw_00001_001_a,-4.129804437980056e-06,0.0004451588320080191,649,63,0.4944319725036621,0.494881272315979,0.35786131024360657,0.35831061005592346,0.43386250734329224
0.23161433637142181,0.1097593829035759,0.28004246950149536,0.17538656294345856,205,camera,0.002647706074640155,0.002824899274855852,0.010898424312472343,0.9372745156288147,2011_83twDFjlCjM_00022_000_a,-1.9176164641976357e-05,0.0026285299099981785,710,29,0.29598331451416016,0.2986310124397278,0.22956129908561707,0.2322090119123459,0.24294394254684448
0.8808873891830444,2.6217851638793945,0.4456091523170471,0.4936663806438446,206,camera,0.0017504289280623198,0.00040670359157957137,0.0003578706528060138,4.303942680358887,2011_8DlxO2frMPE_00000_001_a,3.6940560676157475e-05,0.0017873694887384772,891,40,4.960065841674805,4.961816310882568,4.84696102142334,4.8487114906311035,4.891233444213867
0.28065618872642517,0.18890707194805145,0.23532068729400635,0.11519744247198105,207,camera,0.0002110853383783251,0.03197285532951355,0.00048646199866198003,0.00660201720893383,2011_8DlxO2frMPE_00006_000_a,4.3302716221660376e-06,0.00021541561000049114,45,30,0.202486053109169,0.20269714295864105,0.2642141580581665,0.26442524790763855,0.4339194893836975
0.2732359766960144,0.16216352581977844,0.25072312355041504,0.12182129174470901,208,camera,0.0006519510643556714,0.00046526058577001095,0.0019430816173553467,1.4012600183486938,2011_8KjvR8FpYaQ_00003_000_a,5.4923584684729576e-05,0.000706874649040401,982,33,0.5204229950904846,0.5210749506950378,0.3795505464076996,0.3802025020122528,0.3355242908000946
0.2051864117383957,0.10155975818634033,0.24928663671016693,0.16146552562713623,209,camera,0.0009945858037099242,0.001042814226821065,0.00306221516802907,0.9537516236305237,2011_8LM8A67uo_M_00000_000_a,-1.8445949535816908e-05,0.0009761398541741073,751,19,0.5019784569740295,0.5029730200767517,0.3078414499759674,0.30883604288101196,0.32479292154312134
0.5529733300209045,1.2426981925964355,1.2450488805770874,11.67110824584961,210,camera,0.07795848697423935,0.02771058678627014,0.0406753346323967,2.8133106231689453,2011_8LM8A67uo_M_00000_000_b,0.0009749829769134521,0.0789334699511528,998,46,2.1445839405059814,2.2225425243377686,1.8472150564193726,1.9251735210418701,1.916603446006775
0.20116740465164185,0.09289554506540298,0.18740706145763397,0.06749541312456131,211,camera,0.0003670424921438098,0.0005710406112484634,0.0011413376778364182,0.6427607536315918,2011_8P3Q_di3Lo8_00012_001_a,-8.92870593816042e-06,0.0003581137862056494,574,17,0.26581957936286926,0.2661866247653961,0.35176363587379456,0.3521306812763214,0.32158973813056946
0.24272504448890686,0.1611989587545395,0.24628916382789612,0.1530712991952896,212,camera,0.000983677920885384,0.0009745979914441705,0.002019111532717943,1.0093165636062622,2011_8Px7Lr7VzvY_00020_000_a,-8.952338248491287e-08,0.0009835883975028992,732,22,0.2830459475517273,0.28402963280677795,0.5016837120056152,0.5026673674583435,0.4871835708618164
0.5871785879135132,0.8244282603263855,0.4462530016899109,0.3888379633426666,213,camera,0.0012188181281089783,0.0009250553557649255,0.0010162504622712731,1.3175623416900635,2011_8WfKSXftr60_00001_000_a,2.0960927940905094e-05,0.0012397790560498834,729,51,1.1061068773269653,1.1073256731033325,1.0720641613006592,1.0732829570770264,1.1993284225463867
0.373233437538147,0.4363267719745636,0.25841668248176575,0.14696423709392548,214,camera,0.00040362137951888144,0.05899364873766899,0.000346074957633391,0.006841776892542839,2011_8ZDX262xJvo_00022_000_a,-1.4555116649717093e-05,0.00038906626286916435,46,27,2.017364978790283,2.017768621444702,0.42358657717704773,0.4239901900291443,1.166283130645752
0.27053752541542053,0.1331009417772293,0.2306959629058838,0.09280440211296082,215,camera,0.00016591741587035358,0.00034647731808945537,0.0009170558187179267,0.4788694977760315,2011_8bY4qPadkSo_00013_000_a,1.08465610537678e-06,0.00016700207197573036,479,52,0.13333813846111298,0.13350406289100647,0.1544790118932724,0.1546449363231659,0.18092401325702667
0.19390487670898438,0.11504628509283066,0.1983422040939331,0.08759474754333496,216,camera,0.0003755709622055292,0.041900042444467545,0.0006471858359873295,0.008963498286902905,2011_8dhvm-ph88E_00000_000_a,-3.540408215485513e-05,0.0003401668800506741,52,12,0.4805186092853546,0.48089417815208435,0.29384997487068176,0.2942255437374115,0.5803139209747314
0.18927547335624695,0.08603447675704956,0.1901225447654724,0.06877987831830978,217,camera,0.00027167488588020205,0.0010508063714951277,0.0008814239990897477,0.25853943824768066,2011_8dhvm-ph88E_00000_002_a,-1.7839774955064058e-06,0.00026989090838469565,327,16,1.741690754890442,1.7419624328613281,0.2703447639942169,0.27061644196510315,0.3082227110862732
0.20003700256347656,0.097747802734375,0.22649241983890533,0.11218712478876114,218,camera,0.000313184573315084,0.07520540058612823,0.0009644123492762446,0.004164389334619045,2011_8gc-RSAJpH4_00004_000_a,7.514550816267729e-06,0.0003206991241313517,32,18,1.042303204536438,1.042616367340088,0.17888326942920685,0.17919644713401794,0.3247413635253906
0.3027651607990265,0.2791692614555359,0.348881334066391,0.3059003949165344,219,camera,0.0011283674975857139,0.002510581398382783,0.0014463189290836453,0.4494446814060211,2011_8sJaglGoByg_00017_000_a,-7.594353519380093e-06,0.0011207731440663338,443,25,1.3417104482650757,1.3428387641906738,0.6674899458885193,0.6686183214187622,0.7801650762557983
0.15626513957977295,0.05351352319121361,0.18917915225028992,0.07309705018997192,220,camera,0.0006320985266938806,0.001001832541078329,0.0031681624241173267,0.6309422850608826,2011_8sJaglGoByg_00033_000_a,-3.134371945634484e-05,0.0006007548072375357,583,12,0.15427276492118835,0.15490485727787018,0.1881386786699295,0.18877077102661133,0.19951581954956055
0.16574935615062714,0.06120157241821289,0.1948060393333435,0.07706177234649658,221,camera,0.0006656207842752337,0.000667885469738394,0.0030826316215097904,0.9966092109680176,2011_8sJaglGoByg_00033_001_a,-5.573703674599528e-05,0.0006098837475292385,819,14,1.8571101427078247,1.8577758073806763,0.21247021853923798,0.21313583850860596,0.2159261554479599
0.21212008595466614,0.11923492699861526,0.20964302122592926,0.09566130489110947,222,camera,0.0005805839318782091,0.0009107487858273089,0.0011792214354500175,0.6374797821044922,2011_8sQfEoUNxRo_00000_000_a,-1.4008954167366028e-05,0.0005665749777108431,535,15,0.8655362129211426,0.8661168217658997,0.49962881207466125,0.500209391117096,0.4923451244831085
0.3094712793827057,0.21642112731933594,0.246719092130661,0.12094254791736603,223,camera,0.00018093195103574544,0.0012553123524412513,0.00039435451617464423,0.14413301646709442,2011_8tanKqukbfM_00005_000_a,-1.8317863577976823e-05,0.00016261408745776862,231,33,0.3449019491672516,0.3450828790664673,0.3852822780609131,0.3854632079601288,0.4588053226470947
0.13659170269966125,0.03583217412233353,0.15558309853076935,0.04480208829045296,224,camera,0.0004193525528535247,0.9406741261482239,0.002720627933740616,0.0004458000184968114,2011_9-zf2UBp7fY_00009_000_b,2.7872942155227065e-05,0.00044722549500875175,7,6,0.39263105392456055,0.3930504024028778,0.09724313020706177,0.09766248613595963,0.15413814783096313
0.47132936120033264,0.8249348998069763,0.283647358417511,0.19370651245117188,225,camera,0.0007483931840397418,0.0005242863553576171,0.00033336892374791205,1.427451252937317,2011_99odqGVYe4g_00001_000_a,-2.0093575585633516e-05,0.0007282996084541082,664,27,1.8209267854690552,1.821675181388855,2.086064577102661,2.086812973022461,2.2449398040771484
0.32836681604385376,0.21336685121059418,0.29390382766723633,0.17576926946640015,226,camera,0.0005000627133995295,0.0004833689017686993,0.0014448912115767598,1.034536361694336,2011_9CJ9EDtZ2p8_00001_000_a,-2.5807064957916737e-05,0.0004742556484416127,791,44,0.2859404385089874,0.28644049167633057,0.33355844020843506,0.3340584933757782,0.3460902273654938
0.28814148902893066,0.18305422365665436,0.2981245219707489,0.19444961845874786,227,camera,0.00043996929889544845,0.024499541148543358,0.0012117063160985708,0.0179582666605711,2011_9CJ9EDtZ2p8_00001_000_b,1.6047473764047027e-05,0.0004560167726594955,78,35,0.280460000038147,0.2808999717235565,0.2565431296825409,0.25698310136795044,0.36309894919395447
0.399664968252182,0.32698771357536316,0.3260028660297394,0.19629719853401184,228,camera,0.0005566129693761468,0.004396400880068541,0.0011863228864967823,0.1266065090894699,2011_9CJ9EDtZ2p8_00001_000_c,-4.028837429359555e-05,0.0005163245950825512,227,51,0.4013722240924835,0.4019288420677185,0.3287683427333832,0.32932496070861816,0.4691917896270752
0.2706473469734192,0.1339597851037979,0.23893819749355316,0.09435518831014633,229,camera,0.00017903180560097098,0.000348849716829136,0.0011397401103749871,0.5132061243057251,2011_9FLLYpUnuwQ_00014_000_a,1.5178666217252612e-06,0.00018054967222269624,486,62,0.19062113761901855,0.19080017507076263,0.13332083821296692,0.133499875664711,0.1570812463760376
0.2582175135612488,0.20528091490268707,0.40063631534576416,1.0530753135681152,230,camera,0.008084573782980442,0.009658490307629108,0.012296980246901512,0.8370432257652283,2011_9FLLYpUnuwQ_00024_000_a,-0.00023681949824094772,0.007847754284739494,632,18,0.9405288696289062,0.9486134648323059,0.5921798348426819,0.6002644300460815,0.6574438214302063
0.21978428959846497,0.1343400925397873,0.22874011099338531,0.12293804436922073,231,camera,0.0015559187158942223,0.002249930053949356,0.0029322337359189987,0.6915408968925476,2011_9FLLYpUnuwQ_00024_001_a,2.3386208340525627e-05,0.0015793049242347479,576,16,2.1153268814086914,2.116882801055908,0.5230127573013306,0.5245686769485474,0.5306257605552673
0.31950870156288147,0.2503966689109802,0.26725417375564575,0.14910748600959778,232,camera,0.0004536238848231733,0.0005577043048106134,0.0008245687931776047,0.8133770227432251,2011_9GxFab5uMPc_00011_000_a,1.5006662579253316e-05,0.0004686305474024266,647,32,0.6338431239128113,0.6342967748641968,0.5516076683998108,0.5520613193511963,0.5501346588134766
0.19002681970596313,0.07639745622873306,0.1770787090063095,0.056372325867414474,233,camera,0.00031320081325247884,0.00032046023989096284,0.0016346235061064363,0.9773468375205994,2011_9IMNpGeSLT0_00001_002_a,-1.8021382857114077e-06,0.00031139867496676743,763,23,0.1901882141828537,0.19050142168998718,0.1613364964723587,0.1616497039794922,0.19160425662994385
0.2541309595108032,0.12027020007371902,0.254760205745697,0.11608574539422989,234,camera,0.00037411742960102856,0.0003893356479238719,0.0019189484883099794,0.9609123468399048,2011_9IMNpGeSLT0_00001_003_a,-1.9635335775092244e-05,0.0003544820938259363,768,42,0.11793395131826401,0.11830806732177734,0.17774184048175812,0.17811596393585205,0.1949595957994461
0.14580121636390686,0.04312680661678314,0.17517946660518646,0.06166071817278862,235,camera,0.0006323197158053517,0.001111767254769802,0.0036747653502970934,0.568751871585846,2011_9IMNpGeSLT0_00001_004_a,-4.9573369324207306e-05,0.0005827463464811444,515,9,0.7284945845603943,0.7291269302368164,0.15913920104503632,0.15977151691913605,0.17207077145576477
0.15905630588531494,0.05040813237428665,0.1785319596529007,0.05948811396956444,236,camera,0.000556653889361769,0.0008439430384896696,0.003906718455255032,0.659587025642395,2011_9IMNpGeSLT0_00001_005_a,6.558140739798546e-06,0.0005632120301015675,598,16,0.7726654410362244,0.7732220888137817,0.12753164768218994,0.12808829545974731,0.1424863040447235
0.20131196081638336,0.08204130083322525,0.19566117227077484,0.07129776477813721,237,camera,0.00019235284707974643,0.0053695691749453545,0.001151025528088212,0.03582277148962021,2011_9IMNpGeSLT0_00001_006_a,-5.461246473714709e-06,0.00018689160060603172,108,30,0.09168752282857895,0.09187987446784973,0.11490944027900696,0.11510179191827774,0.16711431741714478
0.2756858766078949,0.15556007623672485,0.305732399225235,0.18230123817920685,238,camera,0.0008257493027485907,0.0006366688758134842,0.002927341964095831,1.2969839572906494,2011_9IMNpGeSLT0_00002_000_a,-3.900262527167797e-05,0.0007867466774769127,969,38,0.5503959655761719,0.5512217283248901,0.29021596908569336,0.2910417318344116,0.28208160400390625
0.2529599070549011,0.1241862028837204,0.2403237521648407,0.11996372789144516,239,camera,0.0003257193311583251,0.00035807903623208404,0.0012726117856800556,0.9096297025680542,2011_9IMNpGeSLT0_00002_001_a,1.0577321518212557e-05,0.00033629665267653763,705,32,0.5493929386138916,0.5497186779975891,0.2441013902425766,0.24442711472511292,0.2559455633163452
0.19517920911312103,0.11543439328670502,0.1952904611825943,0.08563229441642761,240,camera,0.0007809125236235559,0.0031263388227671385,0.0012318785302340984,0.24978499114513397,2011_9NCpU9laV9I_00004_000_a,7.5070420280098915e-06,0.0007884195656515658,300,11,0.18102476000785828,0.18180567026138306,0.5171226859092712,0.5179036259651184,0.6339200735092163
0.31287309527397156,0.37044647336006165,0.2695367634296417,0.1946118026971817,241,camera,0.001044262433424592,0.002642708830535412,0.0007146658026613295,0.39514848589897156,2011_9QNXD_Col7k_00001_000_a,-3.3283140510320663e-05,0.0010109792929142714,383,18,1.6796720027923584,1.6807162761688232,1.2364625930786133,1.2375068664550781,1.461189866065979
0.29129496216773987,0.2637447118759155,0.23090052604675293,0.11175666749477386,242,camera,0.0005841185920871794,0.002080625621601939,0.0006979504832997918,0.280741810798645,2011_9QbJu_68yS4_00004_000_a,1.0225398000329733e-05,0.0005943439900875092,332,22,0.592182457447052,0.5927665829658508,0.6599988341331482,0.660582959651947,0.8369054794311523
0.2970914840698242,0.28240692615509033,0.27956461906433105,0.18741831183433533,243,camera,0.0022198844235390425,0.010161886923015118,0.0026828651316463947,0.21845199167728424,2011_9XvQJ2Jbg8A_00034_000_a,-3.0905939638614655e-06,0.002216793829575181,297,24,0.8455227017402649,0.8477425575256348,0.6586669683456421,0.660886824131012,0.8274304866790771
0.42200160026550293,0.6763025522232056,0.25617095828056335,0.17711810767650604,244,camera,0.0006086202338337898,0.0003382604627404362,0.0002714628353714943,1.7992650270462036,2011_9_sNsOl5uUI_00003_000_a,-1.9282451830804348e-05,0.0005893377820029855,767,22,2.769251585006714,2.76986026763916,2.058854341506958,2.0594630241394043,2.242002010345459
0.24351201951503754,0.12770621478557587,0.26495710015296936,0.14561574161052704,245,camera,0.0008092055795714259,0.0007068478153087199,0.0029681615997105837,1.1448087692260742,2011_9_sNsOl5uUI_00008_000_a,-1.1518481187522411e-05,0.0007976870983839035,964,31,1.8677198886871338,1.8685290813446045,0.2467765510082245,0.24758575856685638,0.2726285457611084
0.3525897264480591,0.28735098242759705,0.2643454670906067,0.1364409625530243,246,camera,0.0005114013329148293,0.00042724746163003147,0.0009674594039097428,1.1969674825668335,2011_9cb5Ka9SqGM_00000_000_a,-1.0375399142503738e-05,0.0005010259337723255,859,39,0.46751320362091064,0.4680246114730835,0.5031657814979553,0.5036771893501282,0.5286023616790771
0.1755300760269165,0.067934550344944,0.19014005362987518,0.07130678743124008,247,camera,0.0001748273934936151,0.002867395058274269,0.0008625411428511143,0.06097080931067467,2011_9f8liieRepk_00005_000_a,1.5201338101178408e-05,0.0001900287315947935,150,18,0.22573931515216827,0.2259141355752945,0.1599176973104477,0.1600925177335739,0.20268875360488892
0.16255328059196472,0.05633747950196266,0.18285736441612244,0.06630297005176544,248,camera,0.00036244187504053116,0.0005391889717429876,0.0020124504808336496,0.6721982359886169,2011_9f8liieRepk_00005_001_a,1.7114478396251798e-05,0.00037955635343678296,611,15,0.06128617376089096,0.06164861470460892,0.16470402479171753,0.16506646573543549,0.18009977042675018
0.25594255328178406,0.18729417026042938,0.2771831154823303,0.18902985751628876,249,camera,0.00037787164910696447,0.08683747798204422,0.0006843051523901522,0.004351481329649687,2011_9fwBPbt95vA_00016_000_a,6.232614396139979e-06,0.00038410426350310445,34,23,0.3620581328868866,0.3624359965324402,0.280999094247818,0.2813769578933716,0.5521975755691528
0.2992480993270874,0.15884895622730255,0.22904586791992188,0.09354349970817566,250,camera,0.000287611095700413,0.00029716891003772616,0.0013844948261976242,0.9678370952606201,2011_9mnLbhHR6-g_00008_000_a,-7.311435183510184e-06,0.0002802996605169028,765,55,0.4464413821697235,0.44672900438308716,0.19690349698066711,0.19719110429286957,0.20773720741271973
0.27348023653030396,0.15286895632743835,0.2328718900680542,0.0999857634305954,251,camera,0.000249863340286538,0.0007030915003269911,0.0009867788758128881,0.355378121137619,2011_9oTVECouTO4_00005_000_a,-3.862718585878611e-06,0.0002460006217006594,393,42,0.4104045629501343,0.4106544256210327,0.22507961094379425,0.2253294736146927,0.2532110810279846
0.33849138021469116,0.2003294974565506,0.2527906894683838,0.11620976775884628,252,camera,0.00019003877241630107,0.0033035820815712214,0.0007426180527545512,0.057525064796209335,2011_9oTVECouTO4_00005_000_b,-4.833811544813216e-06,0.00018520496087148786,145,57,0.5750351548194885,0.5752251744270325,0.19031551480293274,0.19050554931163788,0.25590378046035767
0.38535910844802856,0.2941396236419678,0.28023549914360046,0.13932323455810547,253,camera,0.0006183622754178941,0.00046468497021123767,0.0014160491991788149,1.330712914466858,2011_9oTVECouTO4_00005_001_a,-4.160450771450996e-06,0.0006142018246464431,908,49,0.3610064387321472,0.3616248071193695,0.42011767625808716,0.42073604464530945,0.4366813600063324
0.26174479722976685,0.14954890310764313,0.2399936467409134,0.1125994399189949,254,camera,0.0004888134426437318,0.000358437915565446,0.001459444989450276,1.3637325763702393,2011_9oTVECouTO4_00009_000_a,1.9700033590197563e-05,0.0005085134762339294,962,30,0.6215267181396484,0.6220155358314514,0.36920371651649475,0.36969253420829773,0.33493104577064514
0.3509538173675537,0.3183901011943817,0.26590630412101746,0.14464376866817474,255,camera,0.00047079671639949083,0.029514433816075325,0.0006834111409261823,0.015951406210660934,2011_9plvG6cSgVk_00004_000_a,-9.815150406211615e-06,0.0004609815659932792,72,33,0.523636519908905,0.5241073369979858,0.3990796208381653,0.3995504081249237,0.6888923645019531
0.27163437008857727,0.2484194040298462,0.2988651990890503,0.2574042081832886,128,human,0.013140675611793995,0.01082288846373558,0.014655937440693378,1.2141560316085815,2011_3o2ACEr9NmQ_00034_001_a,-0.00018069520592689514,0.0129599804058671,743,19,0.8956232070922852,0.9087638854980469,0.8287707567214966,0.8419114351272583,0.8966110348701477
0.26121985912323,0.14793294668197632,0.24595418572425842,0.11749882996082306,129,human,0.003310718573629856,0.004496661946177483,0.014533289708197117,0.7362613677978516,2011_3obteqT0VJU_00009_000_a,-6.51390291750431e-05,0.003245579544454813,616,32,0.31415560841560364,0.3174663186073303,0.2055867463350296,0.20889747142791748,0.22780242562294006
0.22082608938217163,0.09623825550079346,0.2282479852437973,0.10261796414852142,130,human,0.002364133019000292,0.002432500012218952,0.013326205313205719,0.971894383430481,2011_3obteqT0VJU_00009_001_a,-6.070244126021862e-05,0.002303430577740073,789,36,0.10151813924312592,0.10388227552175522,0.15874585509300232,0.16110998392105103,0.17740482091903687
0.23584920167922974,0.1527739018201828,0.2715156078338623,0.18992388248443604,131,human,0.00560629041865468,0.006294767372310162,0.010463522747159004,0.8906270861625671,2011_3obteqT0VJU_00018_000_a,0.0001302720047533512,0.0057365624234080315,671,23,0.6016453504562378,0.6072516441345215,0.4962642192840576,0.5018705129623413,0.5357937812805176
0.3310261070728302,0.24638217687606812,0.2946357727050781,0.18509775400161743,132,human,0.008123466745018959,0.03058062121272087,0.023955773562192917,0.2656410038471222,2011_3obteqT0VJU_00018_001_a,0.00014741811901330948,0.008270884864032269,338,37,0.3463747203350067,0.3544981777667999,0.25792157649993896,0.2660450339317322,0.3391026556491852
0.3495846688747406,0.2404712438583374,0.2308800369501114,0.09921438992023468,133,human,0.000919620506465435,0.0008418334182351828,0.006439524702727795,1.0924019813537598,2011_3rpHa7RLvc8_00005_000_b,-2.140237484127283e-05,0.0008982181316241622,964,45,0.12951944768428802,0.13043907284736633,0.11614394932985306,0.11706356704235077,0.14280875027179718
0.3128882050514221,0.23156003654003143,0.2836865484714508,0.16680391132831573,134,human,0.0029785954393446445,0.016421860083937645,0.010138800367712975,0.18137991428375244,2011_458GisQyQLg_00007_000_b,-8.532986976206303e-05,0.0028932655695825815,272,38,0.29055675864219666,0.29353535175323486,0.20038993656635284,0.20336852967739105,0.2937818467617035
0.32791540026664734,0.18640343844890594,0.37199875712394714,0.2389334738254547,135,human,0.0026925718411803246,0.006527015008032322,0.009691107086837292,0.41252729296684265,2011_458GisQyQLg_00007_002_a,0.00016252510249614716,0.0028550969436764717,429,63,0.18328700959682465,0.18597957491874695,0.22256618738174438,0.2252587527036667,0.27783945202827454
0.15222088992595673,0.049700211733579636,0.20267349481582642,0.12092380970716476,136,human,0.004940172657370567,0.046652935445308685,0.0059823766350746155,0.10589200258255005,2011_458GisQyQLg_00007_002_b,0.00011587515473365784,0.005056047812104225,189,8,0.3613416254520416,0.36628180742263794,0.38333892822265625,0.38827911019325256,0.8257876038551331
0.21357041597366333,0.09382481127977371,0.2566094398498535,0.14526894688606262,137,human,0.00518806092441082,0.0050842114724218845,0.01560610719025135,1.0204259157180786,2011_4BXpDgTVN2E_00012_000_a,-2.7200672775506973e-05,0.005160860251635313,787,27,1.0664840936660767,1.0716722011566162,0.3101467788219452,0.31533482670783997,0.3324378728866577
0.2817527651786804,0.17275190353393555,0.23738841712474823,0.10856406390666962,138,human,0.000740419200155884,0.0009517121943645179,0.0040083639323711395,0.777986466884613,2011_4Te3H4lBaBo_00006_000_a,7.385254139080644e-05,0.0008142717415466905,632,37,0.36077767610549927,0.36151808500289917,0.17132392525672913,0.17206434905529022,0.1847185641527176
0.20168986916542053,0.07817552238702774,0.21886251866817474,0.08878906816244125,139,human,0.0007570550660602748,0.01894836686551571,0.0051344167441129684,0.039953578263521194,2011_4cWDWIgBXrw_00007_000_a,4.334695404395461e-05,0.0008004020201042295,122,36,0.14810030162334442,0.14885735511779785,0.08618694543838501,0.08694399893283844,0.1474471390247345
0.22713331878185272,0.13253016769886017,0.30347293615341187,0.27579906582832336,140,human,0.00516487006098032,0.1237882748246193,0.005634325556457043,0.04172341898083687,2011_4disuwEvw-w_00000_000_a,-2.18893401324749e-05,0.005142980720847845,120,19,0.39094412326812744,0.3961089849472046,0.4744071364402771,0.47957199811935425,0.9166793823242188
0.25038081407546997,0.155329629778862,0.2754459083080292,0.20291152596473694,141,human,0.011595549993216991,0.03783679008483887,0.020162440836429596,0.3064623177051544,2011_4disuwEvw-w_00000_001_a,-3.441702574491501e-05,0.011561132967472076,347,23,0.43637657165527344,0.4479721188545227,0.4245282709598541,0.4361238181591034,0.5751064419746399
0.36998796463012695,0.26489242911338806,0.27624768018722534,0.13832545280456543,142,human,0.0020212570670992136,0.002365786349400878,0.010536078363656998,0.8543700575828552,2011_4kQb8kUDq5o_00017_000_a,0.0003688328433781862,0.0023900899104774,694,49,0.3180847764015198,0.32010602951049805,0.18232114613056183,0.1843423992395401,0.1918414980173111
0.20186063647270203,0.08740748465061188,0.17876797914505005,0.05811978131532669,143,human,0.0003234421310480684,0.001158630009740591,0.002860043430700898,0.2791591286659241,2011_4mdd9P7Tn6I_00028_000_a,6.0076534282416105e-05,0.0003835186653304845,354,23,0.09806426614522934,0.098387710750103,0.0878271609544754,0.08815060555934906,0.11308993399143219
0.30372753739356995,0.21018153429031372,0.22196020185947418,0.09165400266647339,144,human,0.0023784711956977844,0.004728544969111681,0.01456214115023613,0.5030027627944946,2011_4t2pP2KLlgU_00002_000_a,0.00034817843697965145,0.002726649632677436,495,33,0.21525448560714722,0.2176329493522644,0.12731871008872986,0.12969718873500824,0.1633325219154358
0.27064597606658936,0.17485381662845612,0.24095942080020905,0.1110294759273529,145,human,0.0010378421284258366,0.048789992928504944,0.0052207051776349545,0.021271618083119392,2011_4w36z7XnwOM_00007_000_a,7.805647328495979e-07,0.0010386226931586862,85,33,0.5755947828292847,0.5766326189041138,0.10599065572023392,0.10702849924564362,0.1987934708595276
0.4509710371494293,0.3611009120941162,0.26606887578964233,0.12459607422351837,146,human,0.001061278278939426,0.006785633973777294,0.006730147637426853,0.15640075504779816,2011_4wvMWwwCRYU_00012_000_a,1.4321762137115002e-05,0.001075600041076541,248,52,0.14125753939151764,0.14231881499290466,0.1089276373386383,0.10998891294002533,0.15769019722938538
0.5412960648536682,0.47107917070388794,0.31035172939300537,0.16920998692512512,147,human,0.0012578858295455575,0.0168613288551569,0.006518055219203234,0.07460182160139084,2011_4wvMWwwCRYU_00012_001_a,-4.748161882162094e-05,0.0012104042107239366,169,62,0.1071443259716034,0.10840221494436264,0.12838014960289001,0.12963803112506866,0.19298483431339264
0.48697373270988464,0.445084810256958,0.29742881655693054,0.16018961369991302,148,human,0.0030524451285600662,0.0034501857589930296,0.014919042587280273,0.8847190737724304,2011_4wvMWwwCRYU_00012_001_c,-0.00014415686018764973,0.0029082882683724165,706,51,0.31009843945503235,0.31315088272094727,0.17963765561580658,0.1826900988817215,0.20460060238838196
0.49250662326812744,0.4858478307723999,0.28885698318481445,0.15166641771793365,149,human,0.0006228838465176523,0.15684270858764648,0.0035332373809069395,0.003971391823142767,2011_4wvMWwwCRYU_00012_001_d,-2.084940206259489e-05,0.0006020344444550574,32,62,0.1180732399225235,0.11869612336158752,0.08688449114561081,0.08750737458467484,0.17629267275333405
0.2717369794845581,0.2759290039539337,0.34042108058929443,0.4336419403553009,150,human,0.011576670221984386,0.103792704641819,0.005815008655190468,0.11153645068407059,2011_58uMOyQcvms_00009_001_a,0.0006287405267357826,0.012205410748720169,200,15,1.1079449653625488,1.1195216178894043,1.0644630193710327,1.0760396718978882,1.990825891494751
0.2682684361934662,0.15094345808029175,0.19055049121379852,0.06355760991573334,151,human,0.0007597285439260304,0.0009218135965056717,0.008038015104830265,0.8241671919822693,2011_5DJehPkkRSQ_00022_000_a,2.5936984457075596e-05,0.000785665528383106,697,37,0.16341091692447662,0.16417065262794495,0.09599465876817703,0.09675438702106476,0.09451693296432495
0.5218958854675293,0.7170692682266235,0.3064252734184265,0.19459091126918793,152,human,0.0023938415106385946,0.002012986224144697,0.008503960445523262,1.1891990900039673,2011_5DefW3MeD_c_00006_000_a,6.615300662815571e-05,0.0024599945172667503,923,43,0.26337456703186035,0.2657684087753296,0.25914835929870605,0.2615422010421753,0.2814972400665283
0.24080948531627655,0.1158316358923912,0.23693853616714478,0.11003103107213974,153,human,0.0013151825405657291,0.004842561669647694,0.007131783291697502,0.27158817648887634,2011_5EFH9AmTg6c_00008_000_a,3.603275399655104e-05,0.0013512152945622802,340,38,0.1844886839389801,0.1858038604259491,0.15954191982746124,0.16085709631443024,0.1844114512205124
0.28410905599594116,0.17977267503738403,0.2917443811893463,0.18880152702331543,154,human,0.004924410954117775,0.004989789333194494,0.01192459650337696,0.9868975281715393,2011_5Weaop_aiTg_00005_000_a,0.00038155121728777885,0.005305962171405554,728,30,2.036189556121826,2.04111385345459,0.3863975703716278,0.39132198691368103,0.4129624664783478
0.3909643590450287,0.4347001612186432,0.2857070863246918,0.16940030455589294,155,human,0.005607408471405506,0.00481350626796484,0.018496258184313774,1.1649322509765625,2011_5dSvsp3dxvc_00000_000_a,0.00021237554028630257,0.005819784011691809,874,35,0.29639798402786255,0.3020053803920746,0.2883465886116028,0.2939539849758148,0.3031644821166992
0.46720245480537415,0.4336542785167694,0.3010241687297821,0.1573755443096161,156,human,0.0011887401342391968,0.05950262024998665,0.006143246311694384,0.01997794583439827,2011_5dSvsp3dxvc_00008_000_a,-4.891154821962118e-05,0.0011398285860195756,82,56,0.09179291874170303,0.09298165887594223,0.1031850129365921,0.1043737530708313,0.19350357353687286
0.23782512545585632,0.11360456049442291,0.2188611924648285,0.08802781999111176,157,human,0.00027706433320418,0.04192204400897026,0.0019666235893964767,0.006609036587178707,2011_5qfoeuQFFHw_00007_000_a,2.1375250071287155e-05,0.00029843958327546716,45,38,0.06333017349243164,0.06360723823308945,0.06690477579832077,0.06718184053897858,0.14088325202465057
0.3875827193260193,0.5236754417419434,0.2321869432926178,0.13294388353824615,158,human,0.000863323628436774,0.003135634819045663,0.0027342713437974453,0.27532657980918884,2011_5rEwN8tIRWw_00002_000_a,4.130444722250104e-05,0.0009046280756592751,349,24,0.30375245213508606,0.3046157658100128,0.2297646403312683,0.23062796890735626,0.31574174761772156
0.4091387391090393,0.3900578022003174,0.25258728861808777,0.11879590898752213,159,human,0.0009573139250278473,0.005136993248015642,0.006679000332951546,0.18635685741901398,2011_5rEwN8tIRWw_00002_001_a,3.614730667322874e-05,0.000993461231701076,278,52,0.15456895530223846,0.155526265501976,0.11539234220981598,0.11634965240955353,0.14333191514015198
0.20774300396442413,0.15823180973529816,0.20372675359249115,0.11042625457048416,160,human,0.004909432493150234,0.004977717529982328,0.008778093382716179,0.9862818121910095,2011_5rEwN8tIRWw_00002_002_a,0.0006015575490891933,0.005510990042239428,717,9,1.2282387018203735,1.2331480979919434,0.5124285817146301,0.5173380374908447,0.5592823028564453
0.25636592507362366,0.13342636823654175,0.243581622838974,0.11151260882616043,161,human,0.0014831071021035314,0.7196254134178162,0.007328957784920931,0.0020609432831406593,2011_5wThW2AGZw0_00008_000_a,-1.5536672435700893e-05,0.0014675704296678305,21,34,0.20689894258975983,0.20838205516338348,0.08759036660194397,0.08907347172498703,0.20236262679100037
0.2695107161998749,0.16547764837741852,0.24954348802566528,0.12357550859451294,162,human,0.0039830696769058704,0.007045261561870575,0.016138458624482155,0.5653544068336487,2011_5yGuDDemqaw_00012_000_a,0.00013121077790856361,0.004114280454814434,502,30,0.9746533632278442,0.9786364436149597,0.21530215442180634,0.21928521990776062,0.2468060851097107
0.3048436641693115,0.24476934969425201,0.3233794867992401,0.2917537987232208,163,human,0.01357610896229744,0.009009409695863724,0.016965050250291824,1.5068809986114502,2011_5yR0wlrq_h4_00000_000_a,-0.00046945083886384964,0.01310665812343359,874,25,0.7800738215446472,0.7936499118804932,0.7622134685516357,0.7757895588874817,0.8002398610115051
0.17827214300632477,0.0852678045630455,0.18500472605228424,0.07589820772409439,164,human,0.006742327008396387,0.042251527309417725,0.01934441737830639,0.1595759391784668,2011_5yR0wlrq_h4_00004_000_a,-2.004345878958702e-05,0.0067222835496068,255,10,0.2870560586452484,0.29379838705062866,0.23609650135040283,0.24283882975578308,0.3485412299633026
0.5254790186882019,0.5412672162055969,0.3992072343826294,0.3533681333065033,165,human,0.009457089006900787,0.04217340052127838,0.018896471709012985,0.22424297034740448,2011_5ztwns5PkJY_00000_000_a,6.827898323535919e-05,0.009525367990136147,301,49,0.4000742733478546,0.4095313549041748,0.35324162244796753,0.3626987040042877,0.5004684925079346
0.26752981543540955,0.1311776489019394,0.31923407316207886,0.1708429455757141,166,human,0.001017613336443901,0.04263613000512123,0.005168111529201269,0.023867394775152206,2011_6AVMcJa77PM_00009_000_a,-3.552332054823637e-05,0.0009820900158956647,91,63,0.11922086775302887,0.12023848295211792,0.08772609382867813,0.08874370902776718,0.1969023495912552
0.3183407783508301,0.2484409660100937,0.2674465477466583,0.15008148550987244,167,human,0.006837720517069101,0.007837419398128986,0.023232728242874146,0.8724454045295715,2011_6AVMcJa77PM_00013_000_a,0.00023652194067835808,0.007074242457747459,704,33,0.26312682032585144,0.2699645459651947,0.2852287292480469,0.29206645488739014,0.2943141460418701
0.23069866001605988,0.12253343313932419,0.21826916933059692,0.09372378140687943,168,human,0.001941970898769796,0.01680201105773449,0.009710362181067467,0.11557966470718384,2011_6Bg4HfBsmAU_00007_000_a,3.9221602492034435e-05,0.0019811925012618303,216,27,0.18135900795459747,0.18330097198486328,0.14237599074840546,0.14431795477867126,0.19998954236507416
0.3314550518989563,0.41199174523353577,0.2333669364452362,0.14662565290927887,169,human,0.003848932683467865,0.0029519342351704836,0.009050173684954643,1.303868055343628,2011_6DI_C-xXcOQ_00004_002_a,-0.00037054670974612236,0.0034783859737217426,936,18,0.7083099484443665,0.7121588587760925,0.4172021150588989,0.4210510551929474,0.42528825998306274
0.2830517590045929,0.15115894377231598,0.28736594319343567,0.15187878906726837,170,human,0.0032608488108962774,0.0038886205293238163,0.013053006492555141,0.8385618329048157,2011_6DU0mdThjg4_00024_000_a,0.0007050076965242624,0.00396585650742054,691,41,0.2251266986131668,0.22838754951953888,0.23151901364326477,0.23477986454963684,0.2498159110546112
0.3058270215988159,0.16569387912750244,0.23594729602336884,0.09167465567588806,171,human,0.00021678135090041906,0.2686726152896881,0.0020611376967281103,0.000806860625743866,2011_6EEradwg8aE_00001_000_a,-3.3172836992889643e-06,0.0002134640672011301,11,61,0.03465992584824562,0.034876707941293716,0.05050719901919365,0.050723981112241745,0.10517558455467224
0.5993220210075378,1.2701201438903809,0.5600775480270386,0.9397961497306824,172,human,0.01254353392869234,0.004430138040333986,0.005680827423930168,2.831409215927124,2011_6XyUIXqIoAM_00000_000_a,-0.0007886802777647972,0.011754853650927544,947,26,2.444171190261841,2.456714630126953,2.162627935409546,2.175171375274658,2.2080469131469727
0.2780846059322357,0.17042861878871918,0.3136957883834839,0.20805664360523224,173,human,0.004068127833306789,0.01164957880973816,0.011842729523777962,0.34920814633369446,2011_6bANKvFGxGU_00017_000_a,-1.4446675777435303e-05,0.004053681157529354,391,42,0.38076338171958923,0.3848315179347992,0.26643744111061096,0.2705055773258209,0.3435126841068268
0.16230833530426025,0.05662550777196884,0.1884329617023468,0.07472791522741318,174,human,0.0022002949845045805,0.004441039636731148,0.007323536556214094,0.49544593691825867,2011_6g2JN2PrHJg_00003_001_a,-3.7368154153227806e-05,0.0021629268303513527,466,11,0.5233838558197021,0.5255841612815857,0.259525865316391,0.26172617077827454,0.30044159293174744
0.35922786593437195,0.24458567798137665,0.2631738483905792,0.12702961266040802,175,human,0.0009079075534828007,0.03516865894198418,0.005556213203817606,0.0258158128708601,2011_6hFxG-8I0Go_00008_000_a,-1.1051364708691835e-05,0.0008968561887741089,95,52,0.16294613480567932,0.16385404765605927,0.09047332406044006,0.09138122946023941,0.16340401768684387
0.42464423179626465,0.38236087560653687,0.3112550377845764,0.17331913113594055,176,human,0.0053393724374473095,0.0044168452732264996,0.0208825021982193,1.2088656425476074,2011_6mBFhNSqBk8_00069_000_a,-3.6949291825294495e-05,0.005302423145622015,953,47,0.2330012321472168,0.2383406013250351,0.2153008133172989,0.2206401824951172,0.2556864321231842
0.24593424797058105,0.12037931382656097,0.2614583373069763,0.12171120196580887,177,human,0.0028545900713652372,0.002526015043258667,0.017524803057312965,1.1300764083862305,2011_6nWWM8tTn84_00001_000_a,0.0006290406454354525,0.0034836307168006897,937,50,0.2851232886314392,0.2879778742790222,0.165599063038826,0.168453648686409,0.1628885716199875
0.18341918289661407,0.07571357488632202,0.1889132261276245,0.07083525508642197,178,human,0.0035411964636296034,0.003781543578952551,0.020564155653119087,0.9364420771598816,2011_6nWWM8tTn84_00003_000_a,-0.0001580610405653715,0.003383135423064232,787,20,0.19553112983703613,0.19907233119010925,0.16325950622558594,0.16680070757865906,0.17220237851142883
0.371499627828598,0.24647939205169678,0.4733474850654602,0.3883810043334961,179,human,0.014121470972895622,0.009989378973841667,0.029266368597745895,1.4136484861373901,2011_6svLqrJqoWk_00007_000_a,0.0061851609498262405,0.020306631922721863,985,59,0.46362820267677307,0.47774967551231384,0.45537376403808594,0.4694952368736267,0.4825153052806854
0.3648844063282013,0.34261614084243774,0.2920530438423157,0.17064008116722107,180,human,0.004887464921921492,0.005504942964762449,0.016716690734028816,0.8878320455551147,2011_6vNGX3c03gM_00011_000_a,4.989746958017349e-05,0.004937362391501665,725,38,0.24976909160614014,0.2546565532684326,0.2636905312538147,0.2685779929161072,0.29237034916877747
0.41819271445274353,0.5770581960678101,0.3418384790420532,0.3058023452758789,181,human,0.02282569371163845,0.020734593272209167,0.027410287410020828,1.1008508205413818,2011_6vO-XDUiRqU_00006_000_a,0.00022890418767929077,0.02305459789931774,711,25,0.8555300235748291,0.8783557415008545,0.7768323421478271,0.7996580600738525,0.8327418565750122
0.651262640953064,1.0437278747558594,0.35233408212661743,0.2517334520816803,182,human,0.0020386239048093557,0.06643164157867432,0.004963324870914221,0.030687542632222176,2011_6vO-XDUiRqU_00026_000_a,-2.630637027323246e-05,0.0020123175345361233,105,43,0.21204128861427307,0.21407991647720337,0.2446582019329071,0.2466968297958374,0.410737544298172
0.3952348828315735,0.31056615710258484,0.3099789619445801,0.16814649105072021,183,human,0.003496666206046939,0.003124042646959424,0.018160905689001083,1.1192760467529297,2011_6wN78_E4AAs_00011_000_a,0.001256680814549327,0.004753347020596266,890,63,0.12688429653644562,0.13038095831871033,0.17259639501571655,0.17609305679798126,0.1925380975008011
0.1939319670200348,0.08689658343791962,0.19854648411273956,0.07491587847471237,184,human,0.001588083105161786,0.0030508486088365316,0.009269524365663528,0.5205381512641907,2011_6wN78_E4AAs_00011_000_b,2.589658834040165e-05,0.0016139796935021877,494,22,0.4778539538383484,0.4794420301914215,0.15700162947177887,0.158589705824852,0.1713230460882187
0.34587106108665466,0.25053396821022034,0.2675277292728424,0.15450632572174072,185,human,0.0012820656411349773,0.00587912043556571,0.004697989672422409,0.21807099878787994,2011_6xZif3WmG7I_00037_000_a,9.385263547301292e-05,0.0013759182766079903,301,34,0.26247575879096985,0.2637578248977661,0.2047179490327835,0.20600001513957977,0.2728966474533081
0.20242244005203247,0.08817390352487564,0.17777693271636963,0.05786886811256409,186,human,0.0002797593188006431,0.012332947924733162,0.0024125431664288044,0.022683896124362946,2011_7L2NhtAzHYw_00001_000_a,4.376465221866965e-05,0.00032352397101931274,89,22,0.11498060822486877,0.11526037007570267,0.061087124049663544,0.06136688217520714,0.11596033722162247
0.25610798597335815,0.1358567476272583,0.27379289269447327,0.14818374812602997,187,human,0.0036038989201188087,0.003940558061003685,0.014226040802896023,0.9145656228065491,2011_7L2qP-xQ_7o_00000_000_b,-0.0001963998656719923,0.0034074990544468164,709,39,0.3533399999141693,0.35694390535354614,0.2000586986541748,0.20366260409355164,0.25333112478256226
0.16090834140777588,0.05845794826745987,0.22477209568023682,0.14580559730529785,188,human,0.017255039885640144,0.01665225625038147,0.022001806646585464,1.0361982583999634,2011_7L2qP-xQ_7o_00032_000_a,-0.0011987928301095963,0.016056247055530548,695,11,1.1133109331130981,1.1305660009384155,0.7493658065795898,0.7666208744049072,0.7842555642127991
0.16578979790210724,0.062040939927101135,0.2217760980129242,0.13959839940071106,189,human,0.026460260152816772,0.016619274392724037,0.03586150333285332,1.592142939567566,2011_7L2qP-xQ_7o_00032_001_a,0.002540178596973419,0.02900043874979019,938,11,0.7688897848129272,0.7953500151634216,0.7651201486587524,0.7915804386138916,0.7378458380699158
0.20489723980426788,0.0984179750084877,0.21558664739131927,0.09788860380649567,190,human,0.00393389817327261,0.005027208477258682,0.015221945941448212,0.7825213670730591,2011_7L2qP-xQ_7o_00032_002_a,0.0005033118650317192,0.004437210038304329,654,21,0.500787615776062,0.5047215223312378,0.24156330525875092,0.2454971969127655,0.2584359645843506
0.7674542665481567,1.9477630853652954,0.5411286950111389,0.8515951633453369,191,human,0.009967315010726452,0.06796243041753769,0.0056037940084934235,0.14665919542312622,2011_7MQUQQkzNSU_00017_000_a,-8.501484990119934e-05,0.009882300160825253,234,34,0.9994875192642212,1.0094548463821411,0.8808854222297668,0.8908527493476868,1.7786725759506226
0.1882207989692688,0.11066673696041107,0.21495214104652405,0.12153779715299606,192,human,0.007249169982969761,0.05015891045331955,0.011143583804368973,0.14452406764030457,2011_7MQUQQkzNSU_00025_000_a,0.00021089287474751472,0.007460062857717276,232,9,0.4291607439517975,0.43640992045402527,0.424269437789917,0.4315186142921448,0.6505241394042969
0.2095564305782318,0.09205298870801926,0.18084745109081268,0.058612216264009476,193,human,0.0002475069195497781,0.005472109187394381,0.0022255100775510073,0.04523062705993652,2011_7SZMEImptPQ_00002_001_a,5.070824408903718e-05,0.0002982151636388153,129,24,0.07162746787071228,0.07187497615814209,0.06936673074960709,0.0696142390370369,0.1112135648727417
1.0570690631866455,2.680572986602783,0.5918999314308167,0.7902498841285706,194,human,0.006468252744525671,0.03248513117432594,0.0071039567701518536,0.19911424815654755,2011_7VV6BZWittk_00046_000_a,6.127823144197464e-05,0.006529530975967646,276,62,0.5479571223258972,0.5544253587722778,0.5459108948707581,0.5523791313171387,0.9105141162872314
0.4335763156414032,0.5030828714370728,0.4473588168621063,0.478495329618454,195,human,0.007240137550979853,0.010615776292979717,0.00816542562097311,0.6820167899131775,2011_7ZhnS45Zexo_00004_000_a,2.0283740013837814e-05,0.0072604212909936905,540,38,0.8723686337471008,0.8796087503433228,0.7882023453712463,0.7954424619674683,0.8866822123527527
0.23100478947162628,0.15439793467521667,0.24456483125686646,0.1471826434135437,196,human,0.013646060600876808,0.012021719478070736,0.027638230472803116,1.1351171731948853,2011_7bFi99Kojrc_00015_000_a,0.0012763598933815956,0.014922420494258404,800,18,0.0,0.013646060600876808,0.4958532452583313,0.5094993114471436,0.49373859167099
0.3629850447177887,0.3477269411087036,0.2613341808319092,0.13693451881408691,197,human,0.0023796765599399805,0.012634620070457458,0.009836036711931229,0.18834571540355682,2011_7bFi99Kojrc_00015_001_a,-2.437736839056015e-06,0.0023772388231009245,272,34,0.18801958858966827,0.19039925932884216,0.17002496123313904,0.17240463197231293,0.24193449318408966
0.2622530460357666,0.1660420447587967,0.293402761220932,0.1996762454509735,198,human,0.0054379734210669994,0.006819369271397591,0.011129545979201794,0.7974305748939514,2011_7cTI5pyy3Fw_00006_000_a,-0.00021733483299613,0.0052206385880708694,634,27,0.42180919647216797,0.42724716663360596,0.4527597427368164,0.4581977128982544,0.4886069595813751
0.2269384264945984,0.11569738388061523,0.27701935172080994,0.1634732335805893,199,human,0.0057799722999334335,0.004706254694610834,0.01824902556836605,1.2281469106674194,2011_7cTI5pyy3Fw_00014_000_a,-6.942031905055046e-05,0.005710551980882883,946,34,0.49658477306365967,0.5023647546768188,0.303253173828125,0.3090331554412842,0.31672772765159607
0.2636978328227997,0.18246285617351532,0.23985804617404938,0.12426406890153885,200,human,0.007250707596540451,0.0067708236165344715,0.023128943517804146,1.0708752870559692,2011_7msu2ugXGW8_00005_000_a,-8.697155863046646e-06,0.007242010440677404,794,24,0.3443577289581299,0.35160842537879944,0.29689598083496094,0.3041466772556305,0.3134906589984894
0.3705257773399353,0.26814427971839905,0.33988937735557556,0.2232714593410492,201,human,0.004033103585243225,0.006373462732881308,0.012029879726469517,0.6327962875366211,2011_7msu2ugXGW8_00005_000_b,0.00015510385856032372,0.004188207443803549,556,47,0.4017452001571655,0.40577831864356995,0.3151736855506897,0.31920677423477173,0.3352571725845337
0.26798850297927856,0.1489289402961731,0.22438833117485046,0.09357954561710358,202,human,0.001929181395098567,0.007935683242976665,0.01287171058356762,0.24310211837291718,2011_7vjP2EKf7do_00045_000_a,1.157168298959732e-06,0.0019303385633975267,323,38,0.23306626081466675,0.23499543964862823,0.11660035699605942,0.1185295358300209,0.1498776227235794
0.2669914662837982,0.18237857520580292,0.22447289526462555,0.09567609429359436,203,human,0.002022593514993787,0.0017084451392292976,0.011357628740370274,1.1838797330856323,2011_7xDTFtG9kYw_00001_000_a,6.391294300556183e-05,0.0020865064579993486,996,30,0.3096369504928589,0.3116595447063446,0.15041173994541168,0.1524343341588974,0.17808237671852112
0.4145224988460541,0.3683985471725464,0.297901451587677,0.16599158942699432,204,human,0.003006009617820382,0.004926137626171112,0.016055110841989517,0.6102163195610046,2011_7xDTFtG9kYw_00001_001_a,4.106620326638222e-05,0.0030470758210867643,551,63,0.13556936383247375,0.13857537508010864,0.16305874288082123,0.16606475412845612,0.18723070621490479
0.23161433637142181,0.1097593829035759,0.28004246950149536,0.17538656294345856,205,human,0.0065888455137610435,1.3506221771240234,0.016669979318976402,0.004878378007560968,2011_83twDFjlCjM_00022_000_a,-5.401717498898506e-05,0.0065348283387720585,36,29,0.1423381119966507,0.14892695844173431,0.16956111788749695,0.17614996433258057,0.39525216817855835
0.8808873891830444,2.6217851638793945,0.4456091523170471,0.4936663806438446,206,human,0.003958723042160273,0.004994965624064207,0.004515855107456446,0.792542576789856,2011_8DlxO2frMPE_00000_001_a,9.589781984686852e-05,0.004054620862007141,582,40,0.9340687990188599,0.9380275011062622,0.7650307416915894,0.7689894437789917,0.8766275644302368
0.28065618872642517,0.18890707194805145,0.23532068729400635,0.11519744247198105,207,human,0.0007254404481500387,0.21787534654140472,0.003126693656668067,0.0033296123147010803,2011_8DlxO2frMPE_00006_000_a,2.0546140149235725e-06,0.0007274950621649623,29,30,0.32445600628852844,0.3251814544200897,0.09216318279504776,0.09288862347602844,0.2320151925086975
0.2732359766960144,0.16216352581977844,0.25072312355041504,0.12182129174470901,208,human,0.0008276178850792348,0.10206543654203415,0.0036401916295289993,0.008108698762953281,2011_8KjvR8FpYaQ_00003_000_a,-3.9848440792411566e-05,0.0007877694442868233,49,33,0.0,0.0008276178850792348,0.1037222370505333,0.10454985499382019,0.22735558450222015
0.2051864117383957,0.10155975818634033,0.24928663671016693,0.16146552562713623,209,human,0.00435971561819315,0.024578122422099113,0.008202556520700455,0.1773819625377655,2011_8LM8A67uo_M_00000_000_a,5.225371569395065e-05,0.0044119693338871,265,19,0.29380208253860474,0.2981618046760559,0.3512284755706787,0.3555881977081299,0.5315069556236267
0.5529733300209045,1.2426981925964355,1.2450488805770874,11.67110824584961,210,human,0.07390264421701431,0.03532058000564575,0.0040315245278179646,2.092339515686035,2011_8LM8A67uo_M_00000_000_b,-0.0024352818727493286,0.07146736234426498,496,46,5.194836616516113,5.268739223480225,4.686500072479248,4.760402679443359,18.33119010925293
0.20116740465164185,0.09289554506540298,0.18740706145763397,0.06749541312456131,211,human,0.000820406130515039,0.002784398850053549,0.004683825187385082,0.29464390873908997,2011_8P3Q_di3Lo8_00012_001_a,9.895960101857781e-05,0.0009193657315336168,354,17,0.19870373606681824,0.1995241492986679,0.139944389462471,0.14076480269432068,0.17515729367733002
0.24272504448890686,0.1611989587545395,0.24628916382789612,0.1530712991952896,212,human,0.0016187141882255673,0.15016701817512512,0.003692824859172106,0.010779425501823425,2011_8Px7Lr7VzvY_00020_000_a,-3.058940637856722e-05,0.0015881247818470001,58,22,0.2056695967912674,0.20728830993175507,0.18561512231826782,0.1872338354587555,0.43834036588668823
0.5871785879135132,0.8244282603263855,0.4462530016899109,0.3888379633426666,213,human,0.005164204631000757,0.03090151958167553,0.009475905448198318,0.1671181470155716,2011_8WfKSXftr60_00001_000_a,7.03549012541771e-05,0.005234559532254934,255,51,0.37687599658966064,0.38204020261764526,0.3858128786087036,0.39097708463668823,0.5449827313423157
0.373233437538147,0.4363267719745636,0.25841668248176575,0.14696423709392548,214,human,0.00627477653324604,0.012418663129210472,0.01896449737250805,0.5052698850631714,2011_8ZDX262xJvo_00022_000_a,5.243625491857529e-05,0.006327212788164616,488,27,0.3572082817554474,0.3634830713272095,0.2873540222644806,0.2936288118362427,0.3308696448802948
0.27053752541542053,0.1331009417772293,0.2306959629058838,0.09280440211296082,215,human,0.0006786496960557997,0.0046245562843978405,0.005747631657868624,0.14674915373325348,2011_8bY4qPadkSo_00013_000_a,-3.0975788831710815e-05,0.0006476739072240889,248,52,0.3314476013183594,0.332126259803772,0.08685590326786041,0.08753455430269241,0.11807466298341751
0.19390487670898438,0.11504628509283066,0.1983422040939331,0.08759474754333496,216,human,0.00668797641992569,0.0060907769948244095,0.020732315257191658,1.0980497598648071,2011_8dhvm-ph88E_00000_000_a,-6.07282854616642e-05,0.0066272481344640255,803,12,0.37327271699905396,0.37996068596839905,0.2758069336414337,0.2824949026107788,0.3225870430469513
0.18927547335624695,0.08603447675704956,0.1901225447654724,0.06877987831830978,217,human,0.0014375380706042051,0.004907228983938694,0.007603273261338472,0.29294294118881226,2011_8dhvm-ph88E_00000_002_a,-8.284719660878181e-05,0.0013546908739954233,347,16,0.18928323686122894,0.19072078168392181,0.13964377343654633,0.1410813182592392,0.18906831741333008
0.20003700256347656,0.097747802734375,0.22649241983890533,0.11218712478876114,218,human,0.002466214122250676,0.018548715859651566,0.007006243336945772,0.13295875489711761,2011_8gc-RSAJpH4_00004_000_a,0.00012006144970655441,0.0025862755719572306,232,18,0.2024645060300827,0.20493072271347046,0.22691282629966736,0.22937904298305511,0.35200235247612
0.3027651607990265,0.2791692614555359,0.348881334066391,0.3059003949165344,219,human,0.03472299873828888,0.042481787502765656,0.04373938962817192,0.8173620104789734,2011_8sJaglGoByg_00017_000_a,-0.0003108493983745575,0.03441214933991432,598,25,0.6687613129615784,0.703484296798706,0.5889769196510315,0.6236999034881592,0.7938610911369324
0.15626513957977295,0.05351352319121361,0.18917915225028992,0.07309705018997192,220,human,0.0015903980238363147,0.16326364874839783,0.005877184681594372,0.009741286747157574,2011_8sJaglGoByg_00033_000_a,-4.128646105527878e-05,0.001549111562781036,54,12,0.10849311947822571,0.11008352041244507,0.10537927597761154,0.1069696769118309,0.2706054151058197
0.16574935615062714,0.06120157241821289,0.1948060393333435,0.07706177234649658,221,human,0.0039094844833016396,0.0038039246574044228,0.015139123424887657,1.0277502536773682,2011_8sJaglGoByg_00033_001_a,-0.00019029132090508938,0.00371919316239655,822,14,0.27447307109832764,0.2783825695514679,0.24200886487960815,0.24591834843158722,0.25823718309402466
0.21212008595466614,0.11923492699861526,0.20964302122592926,0.09566130489110947,222,human,0.002112180460244417,0.03691725432872772,0.006538555957376957,0.057213909924030304,2011_8sQfEoUNxRo_00000_000_a,-1.4239456504583359e-05,0.002097941003739834,144,15,0.5598579049110413,0.5619701147079468,0.18390093743801117,0.1860131174325943,0.32303470373153687
0.3094712793827057,0.21642112731933594,0.246719092130661,0.12094254791736603,223,human,0.0009227186674252152,0.003908097743988037,0.0040929787792265415,0.2361043095588684,2011_8tanKqukbfM_00005_000_a,-8.07703472673893e-05,0.000841948320157826,313,33,0.31639009714126587,0.3173128068447113,0.17692908644676208,0.1778518110513687,0.2254393994808197
0.13659170269966125,0.03583217412233353,0.15558309853076935,0.04480208829045296,224,human,0.0053902436047792435,0.005350213032215834,0.03164081647992134,1.0074820518493652,2011_9-zf2UBp7fY_00009_000_b,-0.0009011332876980305,0.004489110317081213,756,6,0.8117510080337524,0.8171412348747253,0.1233956515789032,0.1287858933210373,0.17035728693008423
0.47132936120033264,0.8249348998069763,0.283647358417511,0.19370651245117188,225,human,0.003284645266830921,0.014777535572648048,0.007308053784072399,0.2222728729248047,2011_99odqGVYe4g_00001_000_a,-8.511100895702839e-05,0.003199534257873893,303,27,0.318229615688324,0.3215142488479614,0.3283906579017639,0.33167529106140137,0.44945552945137024
0.32836681604385376,0.21336685121059418,0.29390382766723633,0.17576926946640015,226,human,0.002238502958789468,0.02744322456419468,0.008110539987683296,0.08156850934028625,2011_9CJ9EDtZ2p8_00001_000_a,-6.702658720314503e-05,0.002171476371586323,178,44,0.2926930785179138,0.2949315905570984,0.17406103014945984,0.17629952728748322,0.2759992480278015
0.28814148902893066,0.18305422365665436,0.2981245219707489,0.19444961845874786,227,human,0.011085119098424911,0.008718231692910194,0.029499489814043045,1.2714871168136597,2011_9CJ9EDtZ2p8_00001_000_b,0.0008634710684418678,0.01194859016686678,927,35,0.28856566548347473,0.29965078830718994,0.3479936718940735,0.3590787947177887,0.37577325105667114
0.399664968252182,0.32698771357536316,0.3260028660297394,0.19629719853401184,228,human,0.009092053398489952,0.007464785594493151,0.03360653668642044,1.2179925441741943,2011_9CJ9EDtZ2p8_00001_000_c,0.00041063688695430756,0.00950269028544426,948,51,0.27030104398727417,0.27939310669898987,0.24719174206256866,0.25628378987312317,0.2705442011356354
0.2706473469734192,0.1339597851037979,0.23893819749355316,0.09435518831014633,229,human,0.0004563464317470789,0.002051030518487096,0.004253844264894724,0.2224961668252945,2011_9FLLYpUnuwQ_00014_000_a,4.30287909694016e-05,0.0004993752227164805,306,62,0.08995106816291809,0.09040741622447968,0.09552086889743805,0.09597721695899963,0.10727859288454056
0.2582175135612488,0.20528091490268707,0.40063631534576416,1.0530753135681152,230,human,0.014208631590008736,0.03335363417863846,0.004910646006464958,0.4259995222091675,2011_9FLLYpUnuwQ_00024_000_a,0.00043051131069660187,0.014639142900705338,390,18,1.085663080215454,1.0998717546463013,1.1204826831817627,1.1346913576126099,2.8934342861175537
0.21978428959846497,0.1343400925397873,0.22874011099338531,0.12293804436922073,231,human,0.008660661056637764,0.013350101187825203,0.020210007205605507,0.6487337350845337,2011_9FLLYpUnuwQ_00024_001_a,0.00026315823197364807,0.008923819288611412,554,16,0.5618045926094055,0.5704652667045593,0.39817506074905396,0.40683573484420776,0.42853331565856934
0.31950870156288147,0.2503966689109802,0.26725417375564575,0.14910748600959778,232,human,0.00951341912150383,0.007335849571973085,0.03206767141819,1.2968394756317139,2011_9GxFab5uMPc_00011_000_a,-0.0004550796002149582,0.009058339521288872,990,32,0.7430126667022705,0.7525261044502258,0.2799338698387146,0.28944727778434753,0.2966669797897339
0.19002681970596313,0.07639745622873306,0.1770787090063095,0.056372325867414474,233,human,0.000624063250143081,0.0012186839012429118,0.00586004089564085,0.512079656124115,2011_9IMNpGeSLT0_00001_002_a,-5.898496601730585e-05,0.0005650782841257751,499,23,0.32447350025177,0.32509756088256836,0.10412111133337021,0.10474517196416855,0.10649469494819641
0.2541309595108032,0.12027020007371902,0.254760205745697,0.11608574539422989,234,human,0.0010473494185134768,0.1267932951450348,0.0058767301961779594,0.008260290138423443,2011_9IMNpGeSLT0_00001_003_a,-2.4468754418194294e-05,0.0010228806640952826,50,42,0.11858613044023514,0.11963348090648651,0.0840342715382576,0.08508162200450897,0.1782197505235672
0.14580121636390686,0.04312680661678314,0.17517946660518646,0.06166071817278862,235,human,0.004593955352902412,0.0062927487306296825,0.01765713468194008,0.7300395369529724,2011_9IMNpGeSLT0_00001_004_a,-0.00018893927335739136,0.004405016079545021,596,9,0.6652296781539917,0.6698236465454102,0.23294414579868317,0.23753809928894043,0.26017558574676514
0.15905630588531494,0.05040813237428665,0.1785319596529007,0.05948811396956444,236,human,0.0022137316409498453,0.005755995865911245,0.014355061575770378,0.3845957815647125,2011_9IMNpGeSLT0_00001_005_a,0.00011620228178799152,0.002329933922737837,420,16,0.20658940076828003,0.20880313217639923,0.12215147912502289,0.12436521053314209,0.15421262383460999
0.20131196081638336,0.08204130083322525,0.19566117227077484,0.07129776477813721,237,human,0.0013504286762326956,0.0025776426773518324,0.010627789422869682,0.5239006280899048,2011_9IMNpGeSLT0_00001_006_a,2.3736385628581047e-05,0.0013741650618612766,512,30,0.287232905626297,0.28858333826065063,0.1164817363023758,0.11783216148614883,0.12706580758094788
0.2756858766078949,0.15556007623672485,0.305732399225235,0.18230123817920685,238,human,0.001404954120516777,0.025563742965459824,0.004353690892457962,0.05495885759592056,2011_9IMNpGeSLT0_00002_000_a,-2.6329653337597847e-06,0.0014023211551830173,145,38,1.0465431213378906,1.0479481220245361,0.18392634391784668,0.1853312999010086,0.32270416617393494
0.2529599070549011,0.1241862028837204,0.2403237521648407,0.11996372789144516,239,human,0.0011778525076806545,0.0018971473909914494,0.005119174253195524,0.6208544969558716,2011_9IMNpGeSLT0_00002_001_a,5.13782724738121e-05,0.0012292307801544666,550,32,0.174764022231102,0.17594186961650848,0.18363657593727112,0.1848144233226776,0.23008641600608826
0.19517920911312103,0.11543439328670502,0.1952904611825943,0.08563229441642761,240,human,0.005796599201858044,0.03758004307746887,0.016730183735489845,0.1542467474937439,2011_9NCpU9laV9I_00004_000_a,0.0002931966446340084,0.006089795846492052,245,11,0.22913877665996552,0.23493537306785583,0.24631743133068085,0.25211402773857117,0.3464755117893219
0.31287309527397156,0.37044647336006165,0.2695367634296417,0.1946118026971817,241,human,0.008221710100769997,0.014835563488304615,0.01229237113147974,0.5541892647743225,2011_9QNXD_Col7k_00001_000_a,0.00010474864393472672,0.008326458744704723,491,18,0.9655150771141052,0.9737367630004883,0.6012075543403625,0.6094292402267456,0.6688465476036072
0.29129496216773987,0.2637447118759155,0.23090052604675293,0.11175666749477386,242,human,0.002503888448700309,0.003971969708800316,0.008558128960430622,0.6303896307945251,2011_9QbJu_68yS4_00004_000_a,-1.0334653779864311e-05,0.0024935537949204445,563,22,0.2831612527370453,0.2856651544570923,0.28478240966796875,0.28728631138801575,0.29257428646087646
0.2970914840698242,0.28240692615509033,0.27956461906433105,0.18741831183433533,243,human,0.005509036127477884,0.1686723232269287,0.010984992608428001,0.03266117349267006,2011_9XvQJ2Jbg8A_00034_000_a,-4.234910011291504e-05,0.005466687027364969,111,24,0.28472915291786194,0.2902382016181946,0.2851472496986389,0.29065629839897156,0.5015056729316711
0.42200160026550293,0.6763025522232056,0.25617095828056335,0.17711810767650604,244,human,0.0025279000401496887,0.008963482454419136,0.005258594173938036,0.282022088766098,2011_9_sNsOl5uUI_00003_000_a,-4.2387284338474274e-05,0.0024855127558112144,354,22,0.27425795793533325,0.27678585052490234,0.35462960600852966,0.35715749859809875,0.48071783781051636
0.24351201951503754,0.12770621478557587,0.26495710015296936,0.14561574161052704,245,human,0.005826801527291536,0.009111013263463974,0.01937325857579708,0.6395338773727417,2011_9_sNsOl5uUI_00008_000_a,-0.0001940377987921238,0.0056327637284994125,565,31,0.2180173248052597,0.22384412586688995,0.2865581810474396,0.2923849821090698,0.30076518654823303
0.3525897264480591,0.28735098242759705,0.2643454670906067,0.1364409625530243,246,human,0.0033825712744146585,0.0029279051814228296,0.014846624806523323,1.1552871465682983,2011_9cb5Ka9SqGM_00000_000_a,0.00022611208260059357,0.003608683357015252,889,39,0.31597304344177246,0.3193556070327759,0.20287057757377625,0.20625315606594086,0.22783435881137848
0.1755300760269165,0.067934550344944,0.19014005362987518,0.07130678743124008,247,human,0.0019928093533962965,0.004639779217541218,0.010495358146727085,0.42950522899627686,2011_9f8liieRepk_00005_000_a,-1.195608638226986e-05,0.0019808532670140266,446,18,0.10993209481239319,0.1119249016046524,0.16744183003902435,0.16943463683128357,0.1898753046989441
0.16255328059196472,0.05633747950196266,0.18285736441612244,0.06630297005176544,248,human,0.0007604440324939787,0.10763774067163467,0.003887393744662404,0.0070648458786308765,2011_9f8liieRepk_00005_001_a,1.956569030880928e-05,0.000780009722802788,47,15,0.29060766100883484,0.2913680970668793,0.08164659887552261,0.08240704238414764,0.19561795890331268
0.25594255328178406,0.18729417026042938,0.2771831154823303,0.18902985751628876,249,human,0.004413924645632505,0.006105589680373669,0.008333871141076088,0.7229317426681519,2011_9fwBPbt95vA_00016_000_a,-0.00034622009843587875,0.004067704547196627,595,23,0.48753267526626587,0.49194660782814026,0.4777260720729828,0.4821400046348572,0.529636800289154
0.2992480993270874,0.15884895622730255,0.22904586791992188,0.09354349970817566,250,human,0.0007854976574890316,0.0009186796960420907,0.006797955371439457,0.8550288677215576,2011_9mnLbhHR6-g_00008_000_a,-4.92301769554615e-05,0.00073626748053357,740,55,0.15119796991348267,0.15198346972465515,0.1088922992348671,0.10967779904603958,0.11554910242557526
0.27348023653030396,0.15286895632743835,0.2328718900680542,0.0999857634305954,251,human,0.0041219876147806644,0.003932379186153412,0.02716255933046341,1.0482171773910522,2011_9oTVECouTO4_00005_000_a,0.0011189254000782967,0.005240913014858961,886,42,0.10523772984743118,0.10935971885919571,0.1411537230014801,0.14527571201324463,0.1517525464296341
0.33849138021469116,0.2003294974565506,0.2527906894683838,0.11620976775884628,252,human,0.0022134860046207905,0.0037115986924618483,0.015563610941171646,0.5963699817657471,2011_9oTVECouTO4_00005_000_b,0.0001032461877912283,0.0023167321924120188,543,57,8.424095153808594,8.426308631896973,0.1295720487833023,0.1317855417728424,0.14222188293933868
0.38535910844802856,0.2941396236419678,0.28023549914360046,0.13932323455810547,253,human,0.003425000235438347,0.004813226405531168,0.01822958141565323,0.7115809321403503,2011_9oTVECouTO4_00005_001_a,0.0003668100107461214,0.0037918102461844683,604,49,0.25884154438972473,0.2622665464878082,0.15908633172512054,0.16251133382320404,0.1878814548254013
0.26174479722976685,0.14954890310764313,0.2399936467409134,0.1125994399189949,254,human,0.0012064350303262472,0.001753410091623664,0.0053573064506053925,0.6880506873130798,2011_9oTVECouTO4_00009_000_a,0.00012005411554127932,0.0013264891458675265,586,30,0.2452843338251114,0.24649076163768768,0.18939584493637085,0.19060227274894714,0.2251943200826645
0.3509538173675537,0.3183901011943817,0.26590630412101746,0.14464376866817474,255,human,0.00749946990981698,0.006375158205628395,0.02724001184105873,1.1763582229614258,2011_9plvG6cSgVk_00004_000_a,-0.00046760356053709984,0.0070318663492798805,920,33,0.4997805953025818,0.5072800517082214,0.2574317455291748,0.26493120193481445,0.27531081438064575
0.27163437008857727,0.2484194040298462,0.2988651990890503,0.2574042081832886,128,joint,0.007223079912364483,0.23566816747188568,0.008032625541090965,0.030649365857243538,2011_3o2ACEr9NmQ_00034_001_a,0.0003286311402916908,0.007551711052656174,101,19,,,,,0.8992177844047546
0.26121985912323,0.14793294668197632,0.24595418572425842,0.11749882996082306,129,joint,0.055348414927721024,0.06222439557313919,0.21619969606399536,0.8894970417022705,2011_3obteqT0VJU_00009_000_a,0.0019048675894737244,0.05725328251719475,703,32,,,,,0.2560059726238251
0.22082608938217163,0.09623825550079346,0.2282479852437973,0.10261796414852142,130,joint,0.013253487646579742,0.026885388419032097,0.07531464099884033,0.49296247959136963,2011_3obteqT0VJU_00009_001_a,0.0006714845076203346,0.013924972154200077,481,36,,,,,0.17597492039203644
0.23584920167922974,0.1527739018201828,0.2715156078338623,0.18992388248443604,131,joint,0.00832018256187439,0.12025540322065353,0.016514597460627556,0.06918759644031525,2011_3obteqT0VJU_00018_000_a,0.0001308061182498932,0.008450988680124283,160,23,,,,,0.503807783126831
0.3310261070728302,0.24638217687606812,0.2946357727050781,0.18509775400161743,132,joint,0.08660021424293518,0.07996837794780731,0.2256437987089157,1.0829306840896606,2011_3obteqT0VJU_00018_001_a,0.002575002610683441,0.08917521685361862,796,37,,,,,0.3837916851043701
0.3495846688747406,0.2404712438583374,0.2308800369501114,0.09921438992023468,133,joint,0.010138755664229393,0.012453120201826096,0.045452773571014404,0.8141538500785828,2011_3rpHa7RLvc8_00005_000_b,0.0005440115928649902,0.010682767257094383,673,45,,,,,0.22306132316589355
0.3128882050514221,0.23156003654003143,0.2836865484714508,0.16680391132831573,134,joint,0.0683380663394928,0.058571022003889084,0.20106957852840424,1.1667555570602417,2011_458GisQyQLg_00007_000_b,-0.0004210546612739563,0.06791701167821884,866,38,,,,,0.33987271785736084
0.32791540026664734,0.18640343844890594,0.37199875712394714,0.2389334738254547,135,joint,0.06204792484641075,0.05594251677393913,0.24079997837543488,1.1091371774673462,2011_458GisQyQLg_00007_002_a,-2.1569430828094482e-06,0.06204576790332794,843,63,,,,,0.25767412781715393
0.15222088992595673,0.049700211733579636,0.20267349481582642,0.12092380970716476,136,joint,0.1543663740158081,0.10756909102201462,0.2436571717262268,1.4350439310073853,2011_458GisQyQLg_00007_002_b,0.005774244666099548,0.16014061868190765,898,8,,,,,0.6335391998291016
0.21357041597366333,0.09382481127977371,0.2566094398498535,0.14526894688606262,137,joint,0.048497140407562256,0.06591594964265823,0.16542810201644897,0.7357421517372131,2011_4BXpDgTVN2E_00012_000_a,-0.0001255236566066742,0.04837161675095558,606,27,,,,,0.29316145181655884
0.2817527651786804,0.17275190353393555,0.23738841712474823,0.10856406390666962,138,joint,0.015104328282177448,0.015964308753609657,0.06533714383840561,0.9461310505867004,2011_4Te3H4lBaBo_00006_000_a,-0.0005666790530085564,0.014537649229168892,747,37,,,,,0.23117521405220032
0.20168986916542053,0.07817552238702774,0.21886251866817474,0.08878906816244125,139,joint,0.0014530931366607547,0.060480713844299316,0.010129769332706928,0.024025727063417435,2011_4cWDWIgBXrw_00007_000_a,-4.211103077977896e-05,0.0014109821058809757,92,36,,,,,0.14344780147075653
0.22713331878185272,0.13253016769886017,0.30347293615341187,0.27579906582832336,140,joint,0.5933145880699158,0.339246541261673,0.7831382155418396,1.7489185333251953,2011_4disuwEvw-w_00000_000_a,0.07464969158172607,0.6679642796516418,993,19,,,,,0.7576115727424622
0.25038081407546997,0.155329629778862,0.2754459083080292,0.20291152596473694,141,joint,0.013690248131752014,0.13694801926612854,0.02572566829621792,0.09996674954891205,2011_4disuwEvw-w_00000_001_a,0.0001702476292848587,0.013860495761036873,198,23,,,,,0.5321629643440247
0.36998796463012695,0.26489242911338806,0.27624768018722534,0.13832545280456543,142,joint,0.0004239656846038997,4.862783908843994,0.0016412059776484966,8.718579192645848e-05,2011_4kQb8kUDq5o_00017_000_a,-5.57306339032948e-06,0.00041839262121357024,1,49,,,,,0.2583256959915161
0.20186063647270203,0.08740748465061188,0.17876797914505005,0.05811978131532669,143,joint,0.01720675453543663,0.017274685204029083,0.11375204473733902,0.9960676431655884,2011_4mdd9P7Tn6I_00028_000_a,0.002425597980618477,0.019632352516055107,813,23,,,,,0.1512654572725296
0.30372753739356995,0.21018153429031372,0.22196020185947418,0.09165400266647339,144,joint,0.1759823113679886,0.14097599685192108,0.6840947866439819,1.2483140230178833,2011_4t2pP2KLlgU_00002_000_a,-0.034277573227882385,0.1417047381401062,975,33,,,,,0.2572484314441681
0.27064597606658936,0.17485381662845612,0.24095942080020905,0.1110294759273529,145,joint,0.016376325860619545,0.02621261589229107,0.06452114880084991,0.6247497797012329,2011_4w36z7XnwOM_00007_000_a,0.00025185011327266693,0.016628175973892212,552,33,,,,,0.2538132965564728
0.4509710371494293,0.3611009120941162,0.26606887578964233,0.12459607422351837,146,joint,0.015075616538524628,0.018997080624103546,0.05486587435007095,0.7935754656791687,2011_4wvMWwwCRYU_00012_000_a,0.00025842152535915375,0.015334038063883781,661,52,,,,,0.27477219700813293
0.5412960648536682,0.47107917070388794,0.31035172939300537,0.16920998692512512,147,joint,0.0043513099662959576,0.046495743095874786,0.013734868727624416,0.09358512610197067,2011_4wvMWwwCRYU_00012_001_a,-1.382501795887947e-05,0.004337484948337078,190,62,,,,,0.3168075382709503
0.48697373270988464,0.445084810256958,0.29742881655693054,0.16018961369991302,148,joint,0.0034321865532547235,0.06222505122423172,0.009804584085941315,0.055157631635665894,2011_4wvMWwwCRYU_00012_001_c,1.689419150352478e-05,0.0034490807447582483,142,51,,,,,0.3500593602657318
0.49250662326812744,0.4858478307723999,0.28885698318481445,0.15166641771793365,149,joint,0.012132828123867512,0.025810087099671364,0.03892000764608383,0.4700808823108673,2011_4wvMWwwCRYU_00012_001_d,-0.00036058295518159866,0.011772245168685913,456,62,,,,,0.3117375671863556
0.2717369794845581,0.2759290039539337,0.34042108058929443,0.4336419403553009,150,joint,0.061553969979286194,0.09532832354307175,0.03513035178184509,0.6457049250602722,2011_58uMOyQcvms_00009_001_a,-0.0042390599846839905,0.0573149099946022,499,15,,,,,1.7521592378616333
0.2682684361934662,0.15094345808029175,0.19055049121379852,0.06355760991573334,151,joint,0.005384316202253103,0.010106919333338737,0.03442339226603508,0.5327356457710266,2011_5DJehPkkRSQ_00022_000_a,0.00013522757217288017,0.005519543774425983,496,37,,,,,0.1564144492149353
0.5218958854675293,0.7170692682266235,0.3064252734184265,0.19459091126918793,152,joint,0.05856669694185257,0.04994596168398857,0.09802916646003723,1.1726012229919434,2011_5DefW3MeD_c_00006_000_a,0.00023662671446800232,0.05880332365632057,792,43,,,,,0.597441554069519
0.24080948531627655,0.1158316358923912,0.23693853616714478,0.11003103107213974,153,joint,0.003806411288678646,0.03375857323408127,0.01992693357169628,0.11275392025709152,2011_5EFH9AmTg6c_00008_000_a,-2.6668421924114227e-05,0.003779742866754532,213,38,,,,,0.19101841747760773
0.28410905599594116,0.17977267503738403,0.2917443811893463,0.18880152702331543,154,joint,0.004950803238898516,0.05973082035779953,0.01201546099036932,0.08288523554801941,2011_5Weaop_aiTg_00005_000_a,3.181537613272667e-05,0.004982618615031242,176,30,,,,,0.41203606128692627
0.3909643590450287,0.4347001612186432,0.2857070863246918,0.16940030455589294,155,joint,0.001038884511217475,11.882741928100586,0.0020712546538561583,8.742801583139226e-05,2011_5dSvsp3dxvc_00000_000_a,-7.184065179899335e-05,0.0009670438594184816,1,35,,,,,0.5015725493431091
0.46720245480537415,0.4336542785167694,0.3010241687297821,0.1573755443096161,156,joint,0.02631639875471592,0.03443579003214836,0.08235517889261246,0.7642164826393127,2011_5dSvsp3dxvc_00008_000_a,0.00038983114063739777,0.026706229895353317,625,56,,,,,0.3195475935935974
0.23782512545585632,0.11360456049442291,0.2188611924648285,0.08802781999111176,157,joint,0.0006472954992204905,0.05763949453830719,0.00403247307986021,0.01123006921261549,2011_5qfoeuQFFHw_00007_000_a,7.42902047932148e-05,0.0007215857040137053,59,38,,,,,0.16052071750164032
0.3875827193260193,0.5236754417419434,0.2321869432926178,0.13294388353824615,158,joint,0.01033009123057127,0.02258339338004589,0.014012578874826431,0.45741981267929077,2011_5rEwN8tIRWw_00002_000_a,0.000731457956135273,0.011061549186706543,441,24,,,,,0.7372012734413147
0.4091387391090393,0.3900578022003174,0.25258728861808777,0.11879590898752213,159,joint,0.01912389136850834,0.02228468842804432,0.06860485672950745,0.8581628203392029,2011_5rEwN8tIRWw_00002_001_a,0.0005829166620969772,0.019706808030605316,694,52,,,,,0.27875420451164246
0.20774300396442413,0.15823180973529816,0.20372675359249115,0.11042625457048416,160,joint,0.0017775496235117316,0.15473173558712006,0.0023811671417206526,0.011487944982945919,2011_5rEwN8tIRWw_00002_002_a,-1.7404207028448582e-05,0.001760145416483283,59,9,,,,,0.746503472328186
0.25636592507362366,0.13342636823654175,0.243581622838974,0.11151260882616043,161,joint,0.14572305977344513,0.12566208839416504,0.6541870832443237,1.159642219543457,2011_5wThW2AGZw0_00008_000_a,0.01778368651866913,0.16350674629211426,926,34,,,,,0.22275441884994507
0.2695107161998749,0.16547764837741852,0.24954348802566528,0.12357550859451294,162,joint,0.2820434272289276,0.21749646961688995,0.9752476215362549,1.2967724800109863,2011_5yGuDDemqaw_00012_000_a,0.012703925371170044,0.29474735260009766,986,30,,,,,0.28920185565948486
0.3048436641693115,0.24476934969425201,0.3233794867992401,0.2917537987232208,163,joint,0.2317187488079071,0.16344058513641357,0.3044774830341339,1.4177552461624146,2011_5yR0wlrq_h4_00000_000_a,-0.0021881312131881714,0.22953061759471893,861,25,,,,,0.7610374093055725
0.17827214300632477,0.0852678045630455,0.18500472605228424,0.07589820772409439,164,joint,0.07014253735542297,0.08842175453901291,0.17974117398262024,0.7932723760604858,2011_5yR0wlrq_h4_00004_000_a,0.00726395845413208,0.07740649580955505,647,10,,,,,0.3902418911457062
0.5254790186882019,0.5412672162055969,0.3992072343826294,0.3533681333065033,165,joint,0.021438712254166603,0.09406685084104538,0.0354481041431427,0.22790932655334473,2011_5ztwns5PkJY_00000_000_a,-1.4808028936386108e-05,0.021423904225230217,303,49,,,,,0.604791522026062
0.26752981543540955,0.1311776489019394,0.31923407316207886,0.1708429455757141,166,joint,0.03392965719103813,0.03373415023088455,0.18663248419761658,1.0057954788208008,2011_6AVMcJa77PM_00009_000_a,0.0037591494619846344,0.037688806653022766,801,63,,,,,0.18179930746555328
0.3183407783508301,0.2484409660100937,0.2674465477466583,0.15008148550987244,167,joint,0.09993235021829605,0.08024554699659348,0.2675090730190277,1.2453320026397705,2011_6AVMcJa77PM_00013_000_a,0.007200457155704498,0.10713280737400055,897,33,,,,,0.373566210269928
0.23069866001605988,0.12253343313932419,0.21826916933059692,0.09372378140687943,168,joint,0.10977455228567123,0.09079281240701675,0.4735788106918335,1.2090665102005005,2011_6Bg4HfBsmAU_00007_000_a,0.029405273497104645,0.13917982578277588,953,27,,,,,0.23179785907268524
0.3314550518989563,0.41199174523353577,0.2333669364452362,0.14662565290927887,169,joint,0.04514804482460022,0.04602990671992302,0.054584991186857224,0.9808415174484253,2011_6DI_C-xXcOQ_00004_002_a,8.208677172660828e-05,0.04523013159632683,668,18,,,,,0.8271146416664124
0.2830517590045929,0.15115894377231598,0.28736594319343567,0.15187878906726837,170,joint,0.022975806146860123,0.028325717896223068,0.09127095341682434,0.8111287951469421,2011_6DU0mdThjg4_00024_000_a,0.001799311488866806,0.02477511763572693,653,41,,,,,0.25173184275627136
0.3058270215988159,0.16569387912750244,0.23594729602336884,0.09167465567588806,171,joint,0.0005043064593337476,0.07879586517810822,0.0037034014239907265,0.006400164216756821,2011_6EEradwg8aE_00001_000_a,9.63982893154025e-06,0.0005139462882652879,43,61,,,,,0.13617385923862457
0.5993220210075378,1.2701201438903809,0.5600775480270386,0.9397961497306824,172,joint,0.0367562472820282,0.042585402727127075,0.01383998617529869,0.8631184697151184,2011_6XyUIXqIoAM_00000_000_a,0.00045191869139671326,0.03720816597342491,527,26,,,,,2.6558008193969727
0.2780846059322357,0.17042861878871918,0.3136957883834839,0.20805664360523224,173,joint,0.09543364495038986,0.07978276908397675,0.29475465416908264,1.1961686611175537,2011_6bANKvFGxGU_00017_000_a,0.014273762702941895,0.10970740765333176,912,42,,,,,0.3237731456756592
0.16230833530426025,0.05662550777196884,0.1884329617023468,0.07472791522741318,174,joint,0.01162804290652275,0.03283851221203804,0.04169921949505806,0.35409775376319885,2011_6g2JN2PrHJg_00003_001_a,0.0003028903156518936,0.011930933222174644,395,11,,,,,0.27885517477989197
0.35922786593437195,0.24458567798137665,0.2631738483905792,0.12702961266040802,175,joint,0.0010386740323156118,0.1681438386440277,0.004664062988013029,0.006177294533699751,2011_6hFxG-8I0Go_00008_000_a,-8.54278914630413e-06,0.0010301312431693077,42,52,,,,,0.22269725799560547
0.42464423179626465,0.38236087560653687,0.3112550377845764,0.17331913113594055,176,joint,0.025193674489855766,0.03110181726515293,0.06834900379180908,0.810038685798645,2011_6mBFhNSqBk8_00069_000_a,0.0008021574467420578,0.025995831936597824,653,47,,,,,0.3686034083366394
0.24593424797058105,0.12037931382656097,0.2614583373069763,0.12171120196580887,177,joint,0.019618766382336617,0.02610769495368004,0.1192459985613823,0.7514553070068359,2011_6nWWM8tTn84_00001_000_a,0.0005770102143287659,0.020195776596665382,639,50,,,,,0.16452348232269287
0.18341918289661407,0.07571357488632202,0.1889132261276245,0.07083525508642197,178,joint,0.03086131252348423,0.04411773383617401,0.16589275002479553,0.6995217204093933,2011_6nWWM8tTn84_00003_000_a,0.0014776568859815598,0.03233896940946579,600,20,,,,,0.18603171408176422
0.371499627828598,0.24647939205169678,0.4733474850654602,0.3883810043334961,179,joint,0.03521646931767464,0.043023284524679184,0.0830780640244484,0.8185443878173828,2011_6svLqrJqoWk_00007_000_a,0.000767197459936142,0.03598366677761078,640,59,,,,,0.4238961338996887
0.3648844063282013,0.34261614084243774,0.2920530438423157,0.17064008116722107,180,joint,0.08834602683782578,0.07903814315795898,0.21452710032463074,1.1177644729614258,2011_6vNGX3c03gM_00011_000_a,0.006670720875263214,0.09501674771308899,815,38,,,,,0.4118175506591797
0.41819271445274353,0.5770581960678101,0.3418384790420532,0.3058023452758789,181,joint,0.3576573133468628,0.19340607523918152,0.3208076059818268,1.8492558002471924,2011_6vO-XDUiRqU_00006_000_a,0.024761468172073364,0.38241878151893616,913,25,,,,,1.1148654222488403
0.651262640953064,1.0437278747558594,0.35233408212661743,0.2517334520816803,182,joint,0.0034185987897217274,0.11768443882465363,0.0039170533418655396,0.0290488600730896,2011_6vO-XDUiRqU_00026_000_a,-1.8845312297344208e-06,0.003416714258491993,101,43,,,,,0.8727476000785828
0.3952348828315735,0.31056615710258484,0.3099789619445801,0.16814649105072021,183,joint,0.03726469352841377,0.04099581018090248,0.14904972910881042,0.9089878797531128,2011_6wN78_E4AAs_00011_000_a,-0.001002240926027298,0.036262452602386475,725,63,,,,,0.25001516938209534
0.1939319670200348,0.08689658343791962,0.19854648411273956,0.07491587847471237,184,joint,0.013776433654129505,0.03148991987109184,0.07161859422922134,0.43748709559440613,2011_6wN78_E4AAs_00011_000_b,-1.6502104699611664e-05,0.013759931549429893,452,22,,,,,0.1923583298921585
0.34587106108665466,0.25053396821022034,0.2675277292728424,0.15450632572174072,185,joint,0.04531669244170189,0.0431063286960125,0.12788547575473785,1.0512770414352417,2011_6xZif3WmG7I_00037_000_a,0.002124454826116562,0.04744114726781845,771,34,,,,,0.35435372591018677
0.20242244005203247,0.08817390352487564,0.17777693271636963,0.05786886811256409,186,joint,0.0024176393635571003,0.008646337315440178,0.01538262888789177,0.27961426973342896,2011_7L2NhtAzHYw_00001_000_a,0.00040750368498265743,0.0028251430485397577,345,22,,,,,0.15716685354709625
0.25610798597335815,0.1358567476272583,0.27379289269447327,0.14818374812602997,187,joint,0.009043889120221138,0.027802051976323128,0.03642536327242851,0.32529574632644653,2011_7L2qP-xQ_7o_00000_000_b,4.1167251765728e-05,0.009085056371986866,377,39,,,,,0.24828548729419708
0.16090834140777588,0.05845794826745987,0.22477209568023682,0.14580559730529785,188,joint,0.00942214485257864,0.13456185162067413,0.015545162372291088,0.07002092152833939,2011_7L2qP-xQ_7o_00032_000_a,0.00024614669382572174,0.009668291546404362,162,11,,,,,0.6061142683029175
0.16578979790210724,0.062040939927101135,0.2217760980129242,0.13959839940071106,189,joint,0.17130231857299805,0.1385585218667984,0.29368266463279724,1.23631751537323,2011_7L2qP-xQ_7o_00032_001_a,-0.002884283661842346,0.1684180349111557,832,11,,,,,0.5832905173301697
0.20489723980426788,0.0984179750084877,0.21558664739131927,0.09788860380649567,190,joint,0.09523805230855942,0.0789182260632515,0.3559567630290985,1.2067941427230835,2011_7L2qP-xQ_7o_00032_002_a,0.06453970819711685,0.15977776050567627,926,21,,,,,0.2675551176071167
0.7674542665481567,1.9477630853652954,0.5411286950111389,0.8515951633453369,191,joint,0.08307653665542603,0.06713820993900299,0.03193618729710579,1.2373957633972168,2011_7MQUQQkzNSU_00017_000_a,0.0019647330045700073,0.08504126965999603,629,34,,,,,2.6013293266296387
0.1882207989692688,0.11066673696041107,0.21495214104652405,0.12153779715299606,192,joint,0.01814456842839718,0.08919551968574524,0.026877976953983307,0.20342466235160828,2011_7MQUQQkzNSU_00025_000_a,0.00017579086124897003,0.01832035928964615,287,9,,,,,0.6750719547271729
0.2095564305782318,0.09205298870801926,0.18084745109081268,0.058612216264009476,193,joint,0.02380906045436859,0.02168547734618187,0.15657275915145874,1.0979264974594116,2011_7SZMEImptPQ_00002_001_a,0.0021254494786262512,0.025934509932994843,892,24,,,,,0.15206387639045715
1.0570690631866455,2.680572986602783,0.5918999314308167,0.7902498841285706,194,joint,0.8508046269416809,0.32484328746795654,0.5049978494644165,2.6191232204437256,2011_7VV6BZWittk_00046_000_a,0.48064476251602173,1.3314493894577026,988,62,,,,,1.684768795967102
0.4335763156414032,0.5030828714370728,0.4473588168621063,0.478495329618454,195,joint,0.6626432538032532,0.3631216585636139,0.7256648540496826,1.8248518705368042,2011_7ZhnS45Zexo_00004_000_a,0.015133798122406006,0.6777770519256592,954,38,,,,,0.9131532907485962
0.23100478947162628,0.15439793467521667,0.24456483125686646,0.1471826434135437,196,joint,0.05781903862953186,0.09423615038394928,0.11198487877845764,0.6135547757148743,2011_7bFi99Kojrc_00015_000_a,0.0006025955080986023,0.05842163413763046,535,18,,,,,0.5163111090660095
0.3629850447177887,0.3477269411087036,0.2613341808319092,0.13693451881408691,197,joint,0.002385779283940792,0.139448344707489,0.005872024688869715,0.017108695581555367,2011_7bFi99Kojrc_00015_001_a,-1.928955316543579e-05,0.0023664897307753563,76,34,,,,,0.40629586577415466
0.2622530460357666,0.1660420447587967,0.293402761220932,0.1996762454509735,198,joint,0.013875661417841911,0.04385746270418167,0.029901862144470215,0.3163808584213257,2011_7cTI5pyy3Fw_00006_000_a,0.00026526208966970444,0.014140923507511616,366,27,,,,,0.46404004096984863
0.2269384264945984,0.11569738388061523,0.27701935172080994,0.1634732335805893,199,joint,0.07707791030406952,0.07503055036067963,0.2696196138858795,1.0272870063781738,2011_7cTI5pyy3Fw_00014_000_a,0.0012583360075950623,0.07833624631166458,769,34,,,,,0.28587648272514343
0.2636978328227997,0.18246285617351532,0.23985804617404938,0.12426406890153885,200,joint,0.0165932085365057,0.06310183554887772,0.043554846197366714,0.26295921206474304,2011_7msu2ugXGW8_00005_000_a,0.00018443912267684937,0.01677764765918255,333,24,,,,,0.3809727430343628
0.3705257773399353,0.26814427971839905,0.33988937735557556,0.2232714593410492,201,joint,0.03713477402925491,0.046004537492990494,0.10284946113824844,0.8071980476379395,2011_7msu2ugXGW8_00005_000_b,0.0014186948537826538,0.03855346888303757,644,47,,,,,0.3610594868659973
0.26798850297927856,0.1489289402961731,0.22438833117485046,0.09357954561710358,202,joint,0.10102081298828125,0.0850396528840065,0.5327643156051636,1.187925934791565,2011_7vjP2EKf7do_00045_000_a,0.009345270693302155,0.1103660836815834,963,38,,,,,0.18961632251739502
0.2669914662837982,0.18237857520580292,0.22447289526462555,0.09567609429359436,203,joint,0.0029354924336075783,0.03701953589916229,0.011396355926990509,0.07929576933383942,2011_7xDTFtG9kYw_00001_000_a,-0.00011213426478207111,0.002823358168825507,174,30,,,,,0.2575816810131073
0.4145224988460541,0.3683985471725464,0.297901451587677,0.16599158942699432,204,joint,0.021283194422721863,0.033778999000787735,0.07899010181427002,0.6300718188285828,2011_7xDTFtG9kYw_00001_001_a,1.3906508684158325e-05,0.02129710093140602,554,63,,,,,0.26944127678871155
0.23161433637142181,0.1097593829035759,0.28004246950149536,0.17538656294345856,205,joint,0.02141730487346649,0.12716282904148102,0.06217235326766968,0.16842424869537354,2011_83twDFjlCjM_00022_000_a,-0.00022317282855510712,0.021194132044911385,263,29,,,,,0.34448277950286865
0.8808873891830444,2.6217851638793945,0.4456091523170471,0.4936663806438446,206,joint,0.01005676481872797,0.05270020663738251,0.004540649708360434,0.19082970917224884,2011_8DlxO2frMPE_00000_001_a,0.00026402994990348816,0.010320794768631458,265,40,,,,,2.214829444885254
0.28065618872642517,0.18890707194805145,0.23532068729400635,0.11519744247198105,207,joint,0.006635917350649834,0.0724656879901886,0.022170227020978928,0.09157323092222214,2011_8DlxO2frMPE_00006_000_a,-1.4984514564275742e-05,0.006620932836085558,188,30,,,,,0.2993166148662567
0.2732359766960144,0.16216352581977844,0.25072312355041504,0.12182129174470901,208,joint,0.012084349058568478,0.01961202174425125,0.045876260846853256,0.6161704659461975,2011_8KjvR8FpYaQ_00003_000_a,0.0006529418751597404,0.012737290933728218,552,33,,,,,0.26341181993484497
0.2051864117383957,0.10155975818634033,0.24928663671016693,0.16146552562713623,209,joint,0.046264421194791794,0.05473659932613373,0.10000906884670258,0.8452191352844238,2011_8LM8A67uo_M_00000_000_a,0.0011946484446525574,0.04745906963944435,642,19,,,,,0.46260225772857666
0.5529733300209045,1.2426981925964355,1.2450488805770874,11.67110824584961,210,joint,0.09576553106307983,0.04205651953816414,0.0074469721876084805,2.2770674228668213,2011_8LM8A67uo_M_00000_000_b,0.003063976764678955,0.09882950782775879,556,46,,,,,12.859660148620605
0.20116740465164185,0.09289554506540298,0.18740706145763397,0.06749541312456131,211,joint,0.004689103923738003,0.017392776906490326,0.020936477929353714,0.26960065960884094,2011_8P3Q_di3Lo8_00012_001_a,0.0001116553321480751,0.004800759255886078,337,17,,,,,0.22396813333034515
0.24272504448890686,0.1611989587545395,0.24628916382789612,0.1530712991952896,212,joint,0.006149446591734886,0.06889058649539948,0.013526522554457188,0.08926396071910858,2011_8Px7Lr7VzvY_00020_000_a,3.945454955101013e-05,0.006188901141285896,184,22,,,,,0.45462140440940857
0.5871785879135132,0.8244282603263855,0.4462530016899109,0.3888379633426666,213,joint,0.010815954767167568,0.10231101512908936,0.01417374238371849,0.10571642220020294,2011_8WfKSXftr60_00001_000_a,4.239007830619812e-05,0.010858344845473766,200,51,,,,,0.7630980014801025
0.373233437538147,0.4363267719745636,0.25841668248176575,0.14696423709392548,214,joint,0.08577724546194077,0.06799595803022385,0.1407705694437027,1.261505126953125,2011_8ZDX262xJvo_00022_000_a,-0.000687725841999054,0.08508951961994171,813,27,,,,,0.6093407869338989
0.27053752541542053,0.1331009417772293,0.2306959629058838,0.09280440211296082,215,joint,0.024628158658742905,0.02315450832247734,0.17714984714984894,1.0636441707611084,2011_8bY4qPadkSo_00013_000_a,-0.0002464801073074341,0.02438167855143547,878,52,,,,,0.13902443647384644
0.19390487670898438,0.11504628509283066,0.1983422040939331,0.08759474754333496,216,joint,0.02148938924074173,0.03496494144201279,0.052606116980314255,0.6145981550216675,2011_8dhvm-ph88E_00000_000_a,-9.446777403354645e-05,0.021394921466708183,537,12,,,,,0.40849602222442627
0.18927547335624695,0.08603447675704956,0.1901225447654724,0.06877987831830978,217,joint,0.0034836323466151953,0.03103180043399334,0.015226569026708603,0.11226008087396622,2011_8dhvm-ph88E_00000_002_a,0.0003259941004216671,0.0038096264470368624,206,16,,,,,0.2287864238023758
0.20003700256347656,0.097747802734375,0.22649241983890533,0.11218712478876114,218,joint,0.010990424081683159,0.05391797423362732,0.032049961388111115,0.20383599400520325,2011_8gc-RSAJpH4_00004_000_a,0.00022271554917097092,0.01121313963085413,291,18,,,,,0.3429153561592102
0.3027651607990265,0.2791692614555359,0.348881334066391,0.3059003949165344,219,joint,0.006735118106007576,0.3433491885662079,0.008533072657883167,0.019615942612290382,2011_8sJaglGoByg_00017_000_a,-0.00022371206432580948,0.0065114060416817665,81,25,,,,,0.7892957329750061
0.15626513957977295,0.05351352319121361,0.18917915225028992,0.07309705018997192,220,joint,0.032212868332862854,0.036926113069057465,0.1304645985364914,0.872360110282898,2011_8sJaglGoByg_00033_000_a,-0.003658454865217209,0.028554413467645645,717,12,,,,,0.24690887331962585
0.16574935615062714,0.06120157241821289,0.1948060393333435,0.07706177234649658,221,joint,0.15464714169502258,0.13194569945335388,0.6334531307220459,1.1720514297485352,2011_8sJaglGoByg_00033_001_a,0.0525861531496048,0.20723329484462738,926,14,,,,,0.24413351714611053
0.21212008595466614,0.11923492699861526,0.20964302122592926,0.09566130489110947,222,joint,0.0012813019566237926,0.9503469467163086,0.00337654328905046,0.0013482464710250497,2011_8sQfEoUNxRo_00000_000_a,-7.224618457257748e-06,0.001274077338166535,16,15,,,,,0.3794715106487274
0.3094712793827057,0.21642112731933594,0.246719092130661,0.12094254791736603,223,joint,0.001414383645169437,0.0733204260468483,0.004664422012865543,0.019290445372462273,2011_8tanKqukbfM_00005_000_a,2.0691193640232086e-05,0.001435074838809669,82,33,,,,,0.3032280504703522
0.13659170269966125,0.03583217412233353,0.15558309853076935,0.04480208829045296,224,joint,0.009621254168450832,0.04164999723434448,0.05832798406481743,0.23100250959396362,2011_9-zf2UBp7fY_00009_000_b,-0.00019860640168190002,0.009422647766768932,304,6,,,,,0.1649509072303772
0.47132936120033264,0.8249348998069763,0.283647358417511,0.19370651245117188,225,joint,0.007979808375239372,0.06181491166353226,0.007614682428538799,0.12909196317195892,2011_99odqGVYe4g_00001_000_a,-2.3990869522094727e-05,0.007955817505717278,222,27,,,,,1.047950267791748
0.32836681604385376,0.21336685121059418,0.29390382766723633,0.17576926946640015,226,joint,0.0038941814564168453,0.08041638880968094,0.013008230365812778,0.04842522367835045,2011_9CJ9EDtZ2p8_00001_000_a,-2.6708003133535385e-05,0.00386747345328331,134,44,,,,,0.2993628978729248
0.28814148902893066,0.18305422365665436,0.2981245219707489,0.19444961845874786,227,joint,0.1715613156557083,0.14313963055610657,0.4617467522621155,1.1985591650009155,2011_9CJ9EDtZ2p8_00001_000_b,-0.009282678365707397,0.16227863729000092,876,35,,,,,0.37154850363731384
0.399664968252182,0.32698771357536316,0.3260028660297394,0.19629719853401184,228,joint,0.03137063607573509,0.0626377984881401,0.09315425902605057,0.5008259415626526,2011_9CJ9EDtZ2p8_00001_000_c,0.0009580515325069427,0.032328687608242035,482,51,,,,,0.3367600739002228
0.2706473469734192,0.1339597851037979,0.23893819749355316,0.09435518831014633,229,joint,0.0027128830552101135,0.01132030226290226,0.021899374201893806,0.23964758217334747,2011_9FLLYpUnuwQ_00014_000_a,0.00022117095068097115,0.0029340540058910847,319,62,,,,,0.12387947738170624
0.2582175135612488,0.20528091490268707,0.40063631534576416,1.0530753135681152,230,joint,0.008079509250819683,14.627518653869629,0.003761227708309889,0.0005523499567061663,2011_9FLLYpUnuwQ_00024_000_a,-3.061071038246155e-05,0.008048898540437222,8,18,,,,,2.148104190826416
0.21978428959846497,0.1343400925397873,0.22874011099338531,0.12293804436922073,231,joint,0.43527230620384216,0.30514004826545715,0.9409988522529602,1.4264672994613647,2011_9FLLYpUnuwQ_00024_001_a,0.02633681893348694,0.4616091251373291,985,16,,,,,0.4625641107559204
0.31950870156288147,0.2503966689109802,0.26725417375564575,0.14910748600959778,232,joint,0.011788797564804554,0.048910897225141525,0.030929045751690865,0.24102599918842316,2011_9GxFab5uMPc_00011_000_a,0.00031322427093982697,0.012102021835744381,315,32,,,,,0.38115620613098145
0.19002681970596313,0.07639745622873306,0.1770787090063095,0.056372325867414474,233,joint,0.02816956304013729,0.028306135907769203,0.20887301862239838,0.9951751232147217,2011_9IMNpGeSLT0_00001_002_a,0.002355918288230896,0.030525481328368187,795,23,,,,,0.13486453890800476
0.2541309595108032,0.12027020007371902,0.254760205745697,0.11608574539422989,234,joint,0.12440033257007599,0.11428049951791763,0.6768255829811096,1.0885525941848755,2011_9IMNpGeSLT0_00001_003_a,0.007677137851715088,0.13207747042179108,874,42,,,,,0.18379968404769897
0.14580121636390686,0.04312680661678314,0.17517946660518646,0.06166071817278862,235,joint,0.03374648839235306,0.05275547504425049,0.14621064066886902,0.6396774649620056,2011_9IMNpGeSLT0_00001_004_a,0.0033245012164115906,0.03707098960876465,565,9,,,,,0.2308073341846466
0.15905630588531494,0.05040813237428665,0.1785319596529007,0.05948811396956444,236,joint,0.009523890912532806,0.03929215669631958,0.06336425244808197,0.2423865646123886,2011_9IMNpGeSLT0_00001_005_a,0.00025573279708623886,0.009779623709619045,325,16,,,,,0.15030385553836823
0.20131196081638336,0.08204130083322525,0.19566117227077484,0.07129776477813721,237,joint,0.007220965810120106,0.024477500468492508,0.05142577365040779,0.2950042188167572,2011_9IMNpGeSLT0_00001_006_a,2.889428287744522e-06,0.00722385523840785,356,30,,,,,0.14041531085968018
0.2756858766078949,0.15556007623672485,0.305732399225235,0.18230123817920685,238,joint,0.014728591777384281,0.0349186435341835,0.04764016717672348,0.42179736495018005,2011_9IMNpGeSLT0_00002_000_a,-0.0003200508654117584,0.014408540911972523,428,38,,,,,0.30916330218315125
0.2529599070549011,0.1241862028837204,0.2403237521648407,0.11996372789144516,239,joint,0.008831996470689774,0.01807425357401371,0.036999449133872986,0.48865067958831787,2011_9IMNpGeSLT0_00002_001_a,0.0002868073061108589,0.009118803776800632,484,32,,,,,0.23870615661144257
0.19517920911312103,0.11543439328670502,0.1952904611825943,0.08563229441642761,240,joint,0.009569237940013409,0.09650757163763046,0.021635646000504494,0.09915530681610107,2011_9NCpU9laV9I_00004_000_a,0.000411422923207283,0.009980660863220692,193,11,,,,,0.44229036569595337
0.31287309527397156,0.37044647336006165,0.2695367634296417,0.1946118026971817,241,joint,0.027974359691143036,0.08541729301214218,0.02998449094593525,0.3275023102760315,2011_9QNXD_Col7k_00001_000_a,0.0002792477607727051,0.02825360745191574,360,18,,,,,0.9329609870910645
0.29129496216773987,0.2637447118759155,0.23090052604675293,0.11175666749477386,242,joint,0.014586642384529114,0.04236821457743645,0.030772335827350616,0.34428268671035767,2011_9QbJu_68yS4_00004_000_a,0.00020686443895101547,0.01479350682348013,383,22,,,,,0.47401803731918335
0.2970914840698242,0.28240692615509033,0.27956461906433105,0.18741831183433533,243,joint,0.01763925701379776,0.10322931408882141,0.0289098359644413,0.1708744913339615,2011_9XvQJ2Jbg8A_00034_000_a,1.5348196029663086e-06,0.017640791833400726,256,24,,,,,0.61014723777771
0.42200160026550293,0.6763025522232056,0.25617095828056335,0.17711810767650604,244,joint,0.027496857568621635,0.02505369856953621,0.025750640779733658,1.0975168943405151,2011_9_sNsOl5uUI_00003_000_a,-0.0005089957267045975,0.026987861841917038,696,22,,,,,1.0678125619888306
0.24351201951503754,0.12770621478557587,0.26495710015296936,0.14561574161052704,245,joint,0.010167029686272144,0.07192271202802658,0.03489192947745323,0.14136049151420593,2011_9_sNsOl5uUI_00008_000_a,-2.078898251056671e-05,0.010146240703761578,241,31,,,,,0.29138627648353577
0.3525897264480591,0.28735098242759705,0.2643454670906067,0.1364409625530243,246,joint,0.0012586165685206652,0.3194211721420288,0.0038361886981874704,0.003940304275602102,2011_9cb5Ka9SqGM_00000_000_a,-5.863257683813572e-06,0.0012527533108368516,32,39,,,,,0.3280903697013855
0.1755300760269165,0.067934550344944,0.19014005362987518,0.07130678743124008,247,joint,0.024007178843021393,0.028616197407245636,0.12365500628948212,0.8389367461204529,2011_9f8liieRepk_00005_000_a,0.00039765238761901855,0.02440483123064041,707,18,,,,,0.19414643943309784
0.16255328059196472,0.05633747950196266,0.18285736441612244,0.06630297005176544,248,joint,0.020446009933948517,0.0220455601811409,0.10735899209976196,0.9274434447288513,2011_9f8liieRepk_00005_001_a,0.00010201334953308105,0.020548023283481598,740,15,,,,,0.19044524431228638
0.25594255328178406,0.18729417026042938,0.2771831154823303,0.18902985751628876,249,joint,0.017105620354413986,0.022769419476389885,0.03184472769498825,0.751254141330719,2011_9fwBPbt95vA_00016_000_a,-0.00013193488121032715,0.01697368547320366,599,23,,,,,0.5371570587158203
0.2992480993270874,0.15884895622730255,0.22904586791992188,0.09354349970817566,250,joint,0.005334051325917244,0.015858791768550873,0.03646504506468773,0.33634665608406067,2011_9mnLbhHR6-g_00008_000_a,8.651986718177795e-06,0.005342703312635422,385,55,,,,,0.1462784856557846
0.27348023653030396,0.15286895632743835,0.2328718900680542,0.0999857634305954,251,joint,0.08033142983913422,0.06893353909254074,0.43288537859916687,1.1653460264205933,2011_9oTVECouTO4_00005_000_a,0.010867573320865631,0.09119900315999985,986,42,,,,,0.1855720579624176
0.33849138021469116,0.2003294974565506,0.2527906894683838,0.11620976775884628,252,joint,0.04444451630115509,0.04256127029657364,0.24675516784191132,1.0442478656768799,2011_9oTVECouTO4_00005_000_b,0.009251005947589874,0.053695522248744965,845,57,,,,,0.18011584877967834
0.38535910844802856,0.2941396236419678,0.28023549914360046,0.13932323455810547,253,joint,0.004298271145671606,0.06780361384153366,0.015871629118919373,0.06339295208454132,2011_9oTVECouTO4_00005_001_a,5.844561383128166e-05,0.004356716759502888,156,49,,,,,0.2708147466182709
0.26174479722976685,0.14954890310764313,0.2399936467409134,0.1125994399189949,254,joint,0.007617178373038769,0.018819225952029228,0.0290983859449625,0.4047551453113556,2011_9oTVECouTO4_00009_000_a,1.1496711522340775e-05,0.0076286750845611095,428,30,,,,,0.2617732286453247
0.3509538173675537,0.3183901011943817,0.26590630412101746,0.14464376866817474,255,joint,0.0021509325597435236,0.4515135884284973,0.005205909721553326,0.0047638267278671265,2011_9plvG6cSgVk_00004_000_a,7.4426643550395966e-06,0.002158375224098563,35,33,,,,,0.41317132115364075
0.2507082223892212,0.16073425114154816,0.2214949131011963,0.09496839344501495,256,camera,0.0002857059589587152,0.003326551290228963,0.0006907898932695389,0.08588653057813644,2011_9r4784rihOc_00010_000_a,6.707559805363417e-07,0.00028637671493925154,183,26,0.5073253512382507,0.5076110363006592,0.27309897541999817,0.273384690284729,0.4135931432247162
0.23536260426044464,0.1592121720314026,0.23564183712005615,0.11110283434391022,257,camera,0.00041720649460330606,0.0005846734275110066,0.0010538658825680614,0.7135718464851379,2011_9rstlW2YsmA_00013_000_a,-4.559327499009669e-05,0.00037161321961320937,585,27,0.4969746470451355,0.49739184975624084,0.3353942036628723,0.33581140637397766,0.3958819806575775
0.27808162569999695,0.1402527242898941,0.35358384251594543,0.2290353775024414,258,camera,0.0007394413696601987,0.000850990938488394,0.0038036303594708443,0.8689180016517639,2011_9rySfLgqHJc_00005_000_a,-7.594970520585775e-05,0.0006634916644543409,695,51,0.2705032527446747,0.2712427079677582,0.17517371475696564,0.17591315507888794,0.19440411031246185
0.3553128242492676,0.5487522482872009,0.2621493637561798,0.2134910672903061,259,camera,0.000685041886754334,0.20093992352485657,0.0002630010712891817,0.0034091875422745943,2011_9s-a1vp4LLk_00027_000_a,-4.119722871109843e-05,0.0006438446580432355,28,15,1.1457257270812988,1.1464108228683472,0.9561854004859924,0.956870436668396,2.6047112941741943
0.20118097960948944,0.10257171839475632,0.31249770522117615,0.31811758875846863,260,camera,0.004823304712772369,0.0039914557710289955,0.01361355185508728,1.2084074020385742,2011_9t8iEpdabms_00023_000_a,-5.247257649898529e-05,0.004770832136273384,901,17,0.7523637413978577,0.7571870684623718,0.320462703704834,0.32528600096702576,0.35430172085762024
0.2408873587846756,0.2627951204776764,0.23554810881614685,0.17403124272823334,261,camera,0.002336218487471342,0.001296541071496904,0.0011929472675547004,1.8018853664398193,2011_9t8iEpdabms_00023_001_a,0.00010210997425019741,0.0024383284617215395,776,9,1.9093976020812988,1.911733865737915,1.9486244916915894,1.9509607553482056,1.9583585262298584
0.2362910509109497,0.12164364010095596,0.21088334918022156,0.08462239801883698,262,camera,0.0012228655396029353,0.0012521353783085942,0.0044591608457267284,0.976624071598053,2011_9tkDK2mZlOo_00007_000_a,-1.665041781961918e-05,0.0012062151217833161,746,29,0.22355064749717712,0.22477351129055023,0.21922914683818817,0.22045201063156128,0.2742367088794708
0.33824801445007324,0.24415482580661774,0.3184913694858551,0.21182627975940704,263,camera,0.001778791076503694,1.9283921718597412,0.003913012333214283,0.0009224218665622175,2011_9tzlsm5IvIg_00000_000_a,-3.452179953455925e-06,0.0017753388965502381,12,38,0.42493000626564026,0.42670878767967224,0.226504385471344,0.22828318178653717,0.4545835554599762
0.2726798951625824,0.1692350059747696,0.20205289125442505,0.07469524443149567,264,camera,0.0002333365846425295,0.0002069384790956974,0.0006077188299968839,1.1275650262832642,2011_9uFe61ebm30_00020_000_a,1.2558652088046074e-05,0.00024589523673057556,808,30,0.7092739343643188,0.7095072865486145,0.4194345474243164,0.4196678698062897,0.38395485281944275
0.2418513000011444,0.1633017510175705,0.2098771631717682,0.08633069694042206,265,camera,0.0006215246976353228,0.0005296607851050794,0.0013107402483001351,1.1734391450881958,2011_9wr10j2nUJ4_00036_000_a,-2.287473762407899e-05,0.0005986499600112438,811,23,0.9934972524642944,0.9941187500953674,0.4849403500556946,0.48556187748908997,0.47417840361595154
0.28409290313720703,0.17720402777194977,0.2596948444843292,0.15997476875782013,266,camera,0.00039303392986766994,0.0075720734894275665,0.0011510478798300028,0.05190572142601013,2011_9yEylIfDkms_00018_000_a,7.488153642043471e-06,0.0004005220835097134,138,36,0.5474072694778442,0.5478003025054932,0.2603986859321594,0.26079171895980835,0.3414574861526489
0.29863810539245605,0.1867079883813858,0.2970689833164215,0.17367134988307953,267,camera,0.0004486143006943166,0.0003580127377063036,0.0014001487288624048,1.253067970275879,2011_9zYrXFG6zSs_00020_000_a,-2.8609181754291058e-05,0.00042000511894002557,936,41,1.1266471147537231,1.1270956993103027,0.33399808406829834,0.3344466984272003,0.3204047381877899
0.20163750648498535,0.08045543730258942,0.23016490042209625,0.09973162412643433,268,camera,0.0005282819620333612,0.0004940517828799784,0.0035115473438054323,1.0692845582962036,2011_A-KN6ZbpIDE_00012_000_a,-4.449684638530016e-06,0.0005238322773948312,873,33,0.19564400613307953,0.19617228209972382,0.13853412866592407,0.13906240463256836,0.15044136345386505
0.20060373842716217,0.08216723054647446,0.18948061764240265,0.06565900892019272,269,camera,0.00025492720305919647,0.0003180003841407597,0.0012580908369272947,0.8016569018363953,2011_A59SQO2FvPA_00014_000_a,1.1694181011989713e-05,0.0002666213840711862,664,24,0.415452778339386,0.41570770740509033,0.1778603196144104,0.17811524868011475,0.2026302069425583
0.21879252791404724,0.10399352014064789,0.23757319152355194,0.135915607213974,270,camera,0.0018395030638203025,0.002062713960185647,0.006854512728750706,0.8917877674102783,2011_A7ZmPaAVJgo_00005_000_a,-8.338503539562225e-05,0.0017561180284246802,722,24,0.16426987946033478,0.1661093831062317,0.2523314952850342,0.2541709840297699,0.2683638036251068
0.3586265742778778,0.22011317312717438,0.2579599618911743,0.11565636098384857,271,camera,0.0009069711086340249,0.0007414836436510086,0.003215528093278408,1.2231842279434204,2011_A7ZmPaAVJgo_00015_000_a,7.983180694282055e-06,0.0009149542893283069,958,57,0.29380127787590027,0.294708251953125,0.281880646944046,0.28278762102127075,0.28205975890159607
0.16962623596191406,0.06323202699422836,0.18469661474227905,0.0689748078584671,272,camera,0.0005186062771826982,0.0006494581466540694,0.001981318462640047,0.7985214591026306,2011_A7ZmPaAVJgo_00015_000_b,-9.88389365375042e-06,0.0005087223835289478,681,12,0.2867059111595154,0.28722453117370605,0.25571539998054504,0.2562340199947357,0.2617480754852295
0.17203646898269653,0.07599613070487976,0.1858045756816864,0.07421104609966278,273,camera,0.0010175877250730991,0.001628077938221395,0.00230395351536572,0.6250239610671997,2011_A7ZmPaAVJgo_00015_001_a,2.646399661898613e-05,0.0010440517216920853,565,9,0.889979898929596,0.8909974694252014,0.45962128043174744,0.4606388807296753,0.4416702389717102
0.3616546094417572,0.2271447330713272,0.3066507577896118,0.16334185004234314,274,camera,0.00026517800870351493,0.009126046672463417,0.000895928533282131,0.029057269915938377,2011_A7ZmPaAVJgo_00015_002_b,-4.257587715983391e-05,0.00022260213154368103,101,56,0.225047767162323,0.2253129482269287,0.21082037687301636,0.21108555793762207,0.29598119854927063
0.344404011964798,0.21017585694789886,0.26806187629699707,0.1297156810760498,275,camera,0.0004634548386093229,0.003098128130659461,0.001587156904861331,0.14959189295768738,2011_A7ZmPaAVJgo_00015_002_c,3.9331207517534494e-06,0.00046738795936107635,245,52,0.3183715045452118,0.31883496046066284,0.23730318248271942,0.23776663839817047,0.29200315475463867
0.273740291595459,0.19175423681735992,0.2565354108810425,0.1492546945810318,276,camera,0.00025646056747063994,0.003426310606300831,0.0005264352657832205,0.07485035806894302,2011_A8CNtor4BPA_00002_000_a,-6.875459803268313e-06,0.00024958510766737163,170,27,0.7402260899543762,0.7404825687408447,0.3456778824329376,0.34593433141708374,0.4871644973754883
0.2390674352645874,0.13774815201759338,0.32066795229911804,0.264253705739975,277,camera,0.001661156304180622,0.019117966294288635,0.004927673377096653,0.08688980340957642,2011_A8CNtor4BPA_00011_000_a,-2.3461529053747654e-05,0.0016376947751268744,182,27,0.3956284821033478,0.3972896337509155,0.2168715000152588,0.21853265166282654,0.3371076285839081
0.5649927854537964,0.6788259744644165,0.3887796700000763,0.2791304290294647,278,camera,0.00046591481077484787,0.0049269977025687695,0.0005362685187719762,0.09456363320350647,2011_A8Tw5xASluI_00014_000_a,2.402666723355651e-06,0.0004683174774982035,191,58,0.25480300188064575,0.255268931388855,0.5165936350822449,0.5170595645904541,0.8688088059425354
0.1736999750137329,0.0735565796494484,0.19408175349235535,0.08475888520479202,279,camera,0.0011513159843161702,0.003213045885786414,0.0032813914585858583,0.35832542181015015,2011_A8Tw5xASluI_00023_000_a,-1.3775774277746677e-05,0.0011375402100384235,408,11,0.2504500150680542,0.25160133838653564,0.3274073004722595,0.32855862379074097,0.3508621156215668
0.15595926344394684,0.05644547939300537,0.18928095698356628,0.07672876119613647,280,camera,0.0011517785023897886,0.0025376509875059128,0.004483435302972794,0.453875869512558,2011_A8wAYZAwQFs_00000_001_a,1.425913069397211e-05,0.0011660376330837607,450,10,0.2691074311733246,0.27025920152664185,0.20994450151920319,0.21109628677368164,0.256896436214447
0.25086328387260437,0.21676799654960632,0.2606518566608429,0.1801711618900299,281,camera,0.0007944528479129076,0.014827785082161427,0.0008733827853575349,0.053578659892082214,2011_A8wAYZAwQFs_00000_002_a,-9.668816346675158e-06,0.0007847840315662324,146,16,0.39795902371406555,0.39875346422195435,0.48060768842697144,0.48140212893486023,0.9096273183822632
0.27195948362350464,0.2237580418586731,0.2596074044704437,0.17998521029949188,282,camera,0.0019847333896905184,0.008306748233735561,0.0024583886843174696,0.23893025517463684,2011_A8wAYZAwQFs_00000_003_a,-3.699667286127806e-05,0.0019477367168292403,323,19,1.4096640348434448,1.4116487503051758,0.7800178527832031,0.7820025682449341,0.8073310256004333
0.36550384759902954,0.26355063915252686,0.2611078917980194,0.12630407512187958,283,camera,0.0006648419075645506,0.0006299893721006811,0.0017081735422834754,1.0553224086761475,2011_A9KjjvZE0Lo_00022_000_a,3.4115510061383247e-06,0.000668253458570689,780,49,0.5508590340614319,0.5515238642692566,0.3391072154045105,0.3397720456123352,0.38921216130256653
0.4602484107017517,0.6811525225639343,0.2717752158641815,0.15562991797924042,284,camera,0.0004691663780249655,0.0010064250091090798,0.00031014950945973396,0.4661712050437927,2011_AHyK8eTGHNs_00000_000_a,-2.4959532311186194e-05,0.00044420684571377933,414,33,1.476722240447998,1.47719144821167,1.121832013130188,1.1223012208938599,1.5127103328704834
0.38301941752433777,0.2933909595012665,0.34930798411369324,0.2148103415966034,285,camera,0.0008147859480232,0.0006816203240305185,0.0022270900662988424,1.1953662633895874,2011_AHyK8eTGHNs_00000_000_b,-2.9670132789760828e-05,0.0007851158152334392,875,59,0.5927428007125854,0.593557596206665,0.3632252514362335,0.3640400469303131,0.3658522665500641
0.358102411031723,0.27825507521629333,0.33705922961235046,0.25963589549064636,286,camera,0.0012592276325449347,0.0033799277152866125,0.0024609891697764397,0.3725605309009552,2011_AL7UDurxc3w_00008_000_a,2.50933226197958e-06,0.0012617369648069143,406,39,0.4097369313240051,0.4109961688518524,0.44847121834754944,0.44973045587539673,0.5116754174232483
0.2893039286136627,0.22148631513118744,0.33571457862854004,0.2797742784023285,287,camera,0.0010231619235128164,0.13689668476581573,0.0019358047284185886,0.007473971229046583,2011_AM5EYO5wWMA_00079_000_a,3.892229869961739e-06,0.0010270541533827782,47,29,0.25026312470436096,0.2512862980365753,0.2520022690296173,0.25302544236183167,0.5285460352897644
0.20580939948558807,0.10629523545503616,0.19365158677101135,0.07472000271081924,288,camera,0.0011157121043652296,0.0009862874867394567,0.0024703769013285637,1.1312240362167358,2011_AM5EYO5wWMA_00079_001_a,0.00011690810788422823,0.0012326202122494578,779,14,0.8707488775253296,0.8718646168708801,0.4740329086780548,0.47514861822128296,0.4516363739967346
0.8250551819801331,1.9845422506332397,0.414182186126709,0.3596884310245514,289,camera,0.0012996464502066374,0.000637170160189271,0.00035169150214642286,2.0397164821624756,2011_AO-VFDYy9Rk_00015_000_a,-6.133737042546272e-05,0.0012383090797811747,714,40,3.259956121444702,3.2612557411193848,3.277832508087158,3.279132127761841,3.695416212081909
0.28524214029312134,0.1757187843322754,0.2716420590877533,0.15278036892414093,290,camera,0.0004592942714225501,0.00038319043233059347,0.001392120262607932,1.1986057758331299,2011_APS_K6M4Qac_00007_000_a,2.0241655874997377e-05,0.00047953592729754746,895,37,0.7338724136352539,0.7343317270278931,0.333938330411911,0.3343976140022278,0.3299242854118347
0.3875778019428253,0.3400512933731079,0.29481232166290283,0.16215653717517853,291,camera,0.0003792511415667832,0.0037293790373951197,0.0007049565901979804,0.10169284045696259,2011_APsmTB3F7Rs_00000_000_a,2.482626587152481e-05,0.000404077407438308,199,46,0.39916133880615234,0.39954060316085815,0.33826637268066406,0.3386456370353699,0.5379779934883118
0.2097470611333847,0.1649293750524521,0.24894730746746063,0.21231569349765778,292,camera,0.001337692723609507,0.009628360159695148,0.0011396713089197874,0.13893255591392517,2011_ASP2K-sFud0_00010_000_a,0.0001141880638897419,0.001451880787499249,229,9,1.1351521015167236,1.136489748954773,0.8366096019744873,0.8379473090171814,1.1737531423568726
0.228186696767807,0.2288087010383606,0.21506546437740326,0.1297347992658615,293,camera,0.0004486340330913663,0.01034453883767128,0.00026521203108131886,0.04336916655302048,2011_AVKK_tDNQMc_00015_000_a,6.138288881629705e-07,0.00044924786197952926,125,9,0.9457399845123291,0.9461886286735535,0.8487870097160339,0.8492356538772583,1.6916050910949707
0.3105214238166809,0.26359573006629944,0.23137100040912628,0.10635882616043091,294,camera,0.00046638818457722664,0.0007069316925480962,0.0008234183769673109,0.6597358584403992,2011_AVKK_tDNQMc_00015_001_a,7.201539119705558e-06,0.0004735897236969322,544,33,0.26738137006759644,0.2678477466106415,0.4746488034725189,0.47511518001556396,0.5664048790931702
0.2534336745738983,0.12742015719413757,0.21520617604255676,0.08624691516160965,295,camera,0.00034825544571503997,0.0003363135037943721,0.001606804202310741,1.035508394241333,2011_AVKK_tDNQMc_00015_001_b,-1.0469317203387618e-05,0.00033778612851165235,802,40,0.6486907005310059,0.6490389704704285,0.20513169467449188,0.2054799497127533,0.21673794090747833
0.1994960904121399,0.08985704183578491,0.18223412334918976,0.06417729705572128,296,camera,0.0004465948441065848,0.0008164874161593616,0.0015216534957289696,0.5469709038734436,2011_AVKK_tDNQMc_00015_002_a,-1.6817590221762657e-05,0.00042977725388482213,512,18,0.6394950151443481,0.6399416327476501,0.2715977728366852,0.2720443606376648,0.2934931218624115
0.3980230689048767,0.2975112497806549,0.31830596923828125,0.1975308060646057,297,camera,0.00043282361002638936,0.0005158270942047238,0.000998944160528481,0.8390865921974182,2011_AaHqtd4dUWs_00000_000_a,2.5757792172953486e-05,0.00045858140219934285,660,50,0.7699540257453918,0.7703868746757507,0.41093727946281433,0.41137009859085083,0.4332810640335083
0.4747202694416046,0.4054700434207916,0.37944620847702026,0.25770121812820435,298,camera,0.00034372456138953567,0.09244992583990097,0.0006539048044942319,0.0037179538048803806,2011_AaHqtd4dUWs_00000_000_b,5.212525138631463e-06,0.00034893708652816713,32,57,0.34116461873054504,0.34150832891464233,0.3488892614841461,0.3492329716682434,0.5256492495536804
0.3760960102081299,0.25369691848754883,0.3039523661136627,0.17048609256744385,299,camera,0.00040350467315874994,0.000681803678162396,0.0011582246515899897,0.5918194651603699,2011_AaHqtd4dUWs_00000_000_c,-2.5524990633130074e-05,0.00037797968252561986,527,53,0.41745615005493164,0.41785964369773865,0.31178367137908936,0.31218716502189636,0.34838205575942993
0.33256059885025024,0.2123965322971344,0.28282052278518677,0.16253510117530823,300,camera,0.00037945384974591434,0.001123728696256876,0.0010567735880613327,0.3376739025115967,2011_AaHqtd4dUWs_00000_000_f,-9.75077273324132e-06,0.000369703077012673,388,42,1.3368077278137207,1.3371871709823608,0.33172842860221863,0.33210787177085876,0.35906827449798584
0.2495465725660324,0.13476766645908356,0.20153279602527618,0.08230860531330109,301,camera,0.00025041020126082003,0.000379495439119637,0.000707905855961144,0.6598503589630127,2011_AaHqtd4dUWs_00000_001_a,6.129703251644969e-06,0.000256539904512465,573,25,0.7550255656242371,0.7552759647369385,0.34897392988204956,0.349224328994751,0.35373374819755554
0.17726019024848938,0.07168136537075043,0.177781879901886,0.06180087476968765,302,camera,0.0006980288890190423,0.0006075920537114143,0.0022173873148858547,1.1488447189331055,2011_AaHqtd4dUWs_00000_002_a,1.2905977200716734e-05,0.000710934866219759,884,12,0.12061711400747299,0.12131514400243759,0.3256540894508362,0.3263521194458008,0.31479790806770325
0.23134976625442505,0.13825157284736633,0.22389018535614014,0.10431261360645294,303,camera,0.0005089533515274525,0.001092681777663529,0.0012004347518086433,0.4657837152481079,2011_Agic36OeXC0_00016_000_a,-1.0640767868608236e-05,0.0004983125836588442,443,21,0.7784357070922852,0.7789446711540222,0.3942686915397644,0.39477765560150146,0.4239741861820221
0.39282646775245667,0.2878926992416382,0.2678610682487488,0.12866829335689545,304,camera,0.00017866262351162732,0.001039552385918796,0.00047363253543153405,0.17186495661735535,2011_AqTaIbDTNnE_00007_000_a,-1.470830466132611e-05,0.0001639543188503012,267,56,0.5907691121101379,0.5909477472305298,0.30508339405059814,0.3052620589733124,0.3772177994251251
0.3581511080265045,0.4788174629211426,0.2788998484611511,0.19750992953777313,305,camera,0.0006125904619693756,0.00832044892013073,0.0004078232159372419,0.07362468540668488,2011_AqWLMW73b6Y_00000_000_a,-7.798545993864536e-06,0.0006047919159755111,162,23,0.6743271350860596,0.674939751625061,0.8463050723075867,0.8469176888465881,1.5020980834960938
0.3310655355453491,0.24005727469921112,0.25004684925079346,0.117270827293396,306,camera,0.0004938329802826047,0.0005962759023532271,0.0009915169794112444,0.8281954526901245,2011_AqWLMW73b6Y_00000_000_c,-1.2570060789585114e-05,0.0004812629194930196,654,34,0.9016929864883423,0.9021868109703064,0.508581817150116,0.5090756416320801,0.4980579912662506
0.26947149634361267,0.13282689452171326,0.2447749823331833,0.10352668911218643,307,camera,0.0003832344664260745,0.0009235501638613641,0.002085903426632285,0.4149579405784607,2011_AqWLMW73b6Y_00000_001_a,5.845737177878618e-06,0.0003890802036039531,427,51,0.41065189242362976,0.41103512048721313,0.1602271944284439,0.16061042249202728,0.18372589349746704
0.17662638425827026,0.06473815441131592,0.17914347350597382,0.05726541206240654,308,camera,0.00032052191090770066,0.000402716948883608,0.001934199477545917,0.7958987355232239,2011_AqWLMW73b6Y_00000_001_b,1.080191577784717e-05,0.00033132382668554783,660,21,0.5085752010345459,0.5088956952095032,0.15888933837413788,0.15920986235141754,0.16571295261383057
0.15992125868797302,0.05193149670958519,0.18231292068958282,0.06596050411462784,309,camera,0.000386678846552968,0.0051586683839559555,0.0020311586558818817,0.07495710253715515,2011_AqWLMW73b6Y_00000_002_a,1.4081684639677405e-05,0.00040076053119264543,177,12,1.2951308488845825,1.2955175638198853,0.1655581146478653,0.16594479978084564,0.19037353992462158
0.25193825364112854,0.12144476920366287,0.2360510379076004,0.09922049194574356,310,camera,0.00040008092764765024,0.0004117351199965924,0.0020713433623313904,0.9716949462890625,2011_AqWLMW73b6Y_00000_003_a,1.909726415760815e-05,0.0004191781918052584,745,43,1.3428404331207275,1.34324049949646,0.17678464949131012,0.17718473076820374,0.19315046072006226
0.48492372035980225,0.4205995500087738,0.2879771292209625,0.13482432067394257,311,camera,0.0008180650766007602,0.0005658023292198777,0.0015034966636449099,1.4458496570587158,2011_AqWLMW73b6Y_00000_004_a,-8.452992187812924e-05,0.000733535154722631,932,57,0.6116886734962463,0.6125067472457886,0.5617462396621704,0.5625643134117126,0.5441083312034607
0.21211521327495575,0.11323611438274384,0.19572508335113525,0.08017878979444504,312,camera,0.0006053379038348794,0.0007010698900558054,0.0013900240883231163,0.8634487390518188,2011_AqWLMW73b6Y_00000_004_b,1.3879209291189909e-05,0.0006192171131260693,643,16,0.7417020797729492,0.7423074245452881,0.4425245225429535,0.44312986731529236,0.4354873597621918
0.17265596985816956,0.07112521678209305,0.18005307018756866,0.06292365491390228,313,camera,0.0007616282091476023,0.009006317704916,0.00226998096331954,0.08456598967313766,2011_AqWLMW73b6Y_00000_004_d,3.3998803701251745e-05,0.0007956270128488541,180,11,0.8025234341621399,0.8032850623130798,0.2744041979312897,0.2751658260822296,0.3355218470096588
0.4843175411224365,0.6339989900588989,0.39340823888778687,0.35092639923095703,314,camera,0.001317072892561555,0.001807600841857493,0.0011041356483474374,0.7286303639411926,2011_ArXhfCr-vb8_00018_000_a,-7.036956958472729e-05,0.0012467033229768276,537,39,1.1334120035171509,1.134729027748108,1.008123517036438,1.009440541267395,1.1928542852401733
0.5737438201904297,1.0360724925994873,0.3332589864730835,0.25083455443382263,315,camera,0.0008463481208309531,0.0004917606129311025,0.0004409527755342424,1.7210571765899658,2011_AzGePmv0GD8_00013_000_a,-9.642186341807246e-05,0.0007499262574128807,787,40,2.0459680557250977,2.046814441680908,1.7354457378387451,1.7362921237945557,1.9193623065948486
0.3611016571521759,0.2378515750169754,0.2816769480705261,0.14118917286396027,316,camera,0.0002423450059723109,0.0005633510882034898,0.0008073383360169828,0.43018466234207153,2011_B8cWjLMuJgo_00015_000_a,-1.405313378199935e-05,0.00022829187219031155,435,58,0.5143508911132812,0.514593243598938,0.2735452651977539,0.27378761768341064,0.30017775297164917
0.39696258306503296,0.3434208631515503,0.31126150488853455,0.18491773307323456,317,camera,0.0003456966660451144,0.0007911364082247019,0.0006760081741958857,0.43696215748786926,2011_B9nqewDmx2U_00000_004_a,-3.633703454397619e-05,0.0003093596315011382,432,49,1.9926916360855103,1.9930373430252075,0.4103781580924988,0.41072386503219604,0.5113794207572937
0.2793456017971039,0.15953028202056885,0.2521657347679138,0.11592231690883636,318,camera,0.00014704547356814146,0.0041869645938277245,0.0006150102708488703,0.03511982783675194,2011_B9nqewDmx2U_00000_005_a,3.135355655103922e-06,0.00015018082922324538,114,47,0.24321158230304718,0.24335862696170807,0.14273428916931152,0.1428813338279724,0.2390943467617035
0.20903241634368896,0.10253158956766129,0.1949036717414856,0.07138843834400177,319,camera,0.00034147853148169816,0.0004957294440828264,0.001235417672432959,0.6888405084609985,2011_B9nqewDmx2U_00000_009_a,-3.436507540754974e-05,0.0003071134560741484,583,23,3.6709089279174805,3.671250343322754,0.254746675491333,0.2550881505012512,0.2764073610305786
0.1586121916770935,0.055673886090517044,0.17247189581394196,0.056390587240457535,320,camera,0.0005362435476854444,0.0011682258918881416,0.002352329669520259,0.4590238332748413,2011_B9nqewDmx2U_00000_012_a,-3.3449032343924046e-06,0.000532898644451052,475,11,0.3216683566570282,0.32220458984375,0.20147424936294556,0.20201049745082855,0.22796274721622467
0.253797709941864,0.12640924751758575,0.23386043310165405,0.10688840597867966,321,camera,0.00012508555664680898,0.001077653607353568,0.0005828561261296272,0.11607213318347931,2011_BDiB3XcDsT0_00010_000_a,-4.2733154259622097e-07,0.00012465822510421276,214,40,0.19134485721588135,0.1914699375629425,0.1316697597503662,0.13179484009742737,0.21460795402526855
0.3148511052131653,0.2182396948337555,0.2540474832057953,0.1277039349079132,322,camera,0.00011226805509068072,0.05137309804558754,0.0003037801943719387,0.002185347257182002,2011_BDiB3XcDsT0_00011_000_a,3.360037226229906e-07,0.00011260405881330371,22,42,0.41097113490104675,0.4110834002494812,0.22351782023906708,0.22363008558750153,0.3695700168609619
0.3075583577156067,0.261340856552124,0.2751860022544861,0.1951725035905838,323,camera,0.0008639215375296772,0.02504519559442997,0.0010926412651315331,0.03449450060725212,2011_BRWeoTfbbbg_00014_000_a,-2.507976023480296e-05,0.0008388417772948742,108,23,0.583304226398468,0.5841681361198425,0.5224056243896484,0.523269534111023,0.7906726598739624
0.2650139033794403,0.17176492512226105,0.23575595021247864,0.11072596162557602,324,camera,0.0014399170177057385,0.001154370722360909,0.003465099958702922,1.2473609447479248,2011_BX91rzHyMv0_00002_000_a,-2.5526154786348343e-05,0.0014143908629193902,891,28,0.42571932077407837,0.42715924978256226,0.4415794014930725,0.4430193305015564,0.4155484735965729
0.21126598119735718,0.10010647028684616,0.1860569268465042,0.06289102882146835,325,camera,0.0001033446824294515,0.0010666981106624007,0.0004147984436713159,0.09688278287649155,2011_BbsJiMmpObc_00013_000_a,3.4245604183524847e-06,0.00010676924284780398,194,25,0.19828484952449799,0.19838818907737732,0.21882003545761108,0.21892337501049042,0.24914433062076569
0.2576678395271301,0.15583327412605286,0.24984002113342285,0.12774518132209778,326,camera,0.00034952934947796166,0.023105882108211517,0.0009701090748421848,0.015127288177609444,2011_BcRIvgk2USU_00036_000_a,9.055889677256346e-06,0.000358585239155218,71,29,0.7483847141265869,0.7487342357635498,0.21691247820854187,0.21726201474666595,0.3602990210056305
0.3048204183578491,0.16338293254375458,0.24797309935092926,0.11067444086074829,327,camera,0.00026142082060687244,0.0002706052327994257,0.0012249576393514872,0.9660597443580627,2011_BcmM6kMxyBE_00003_000_a,1.2894190149381757e-05,0.0002743150107562542,811,55,0.2333594411611557,0.23362086713314056,0.17790411412715912,0.17816554009914398,0.21341213583946228
0.2600760757923126,0.1583920270204544,0.2503008544445038,0.13397233188152313,328,camera,0.0008439483935944736,0.0036840832326561213,0.002370885107666254,0.22907961905002594,2011_BjCjlMXLVtw_00012_000_a,2.3382424842566252e-05,0.0008673308184370399,312,30,0.8141878247261047,0.8150317668914795,0.3068428039550781,0.3076867461204529,0.35596343874931335
0.16420641541481018,0.0650516152381897,0.19793115556240082,0.09229212999343872,329,camera,0.0019998489879071712,0.023996392264962196,0.00682361563667655,0.08333957195281982,2011_BjCjlMXLVtw_00012_001_a,-8.328352123498917e-06,0.0019915206357836723,181,11,0.2536333203315735,0.2556331753730774,0.20693598687648773,0.20893584191799164,0.29307761788368225
0.6923657655715942,1.0087677240371704,0.28632062673568726,0.1583791971206665,330,camera,0.00018974619160871953,0.012489676475524902,0.00014171021757647395,0.015192242339253426,2011_BkW-4CWw3XQ_00000_000_a,-3.0492490623146296e-05,0.00015925370098557323,71,56,0.6760753393173218,0.6762650609016418,0.5434333682060242,0.5436230897903442,1.3389732837677002
0.3465763032436371,0.35441654920578003,0.2710422873497009,0.17477236688137054,331,camera,0.0003645949764177203,0.0025353417731821537,0.0004175947397015989,0.14380505681037903,2011_BkW-4CWw3XQ_00000_000_b,-2.6426714612171054e-05,0.00033816826180554926,233,29,0.6669327020645142,0.6672973036766052,0.5996255278587341,0.5999901294708252,0.873083233833313
0.6473901271820068,0.8468301892280579,0.341069757938385,0.2069365531206131,332,camera,0.0007892880821600556,0.0004992993199266493,0.0007744550239294767,1.5807913541793823,2011_BkW-4CWw3XQ_00000_000_c,-4.1638792026787996e-05,0.0007476492901332676,854,62,1.8369098901748657,1.8376991748809814,1.046810507774353,1.0475997924804688,1.0191528797149658
0.27239447832107544,0.24790024757385254,0.2477615624666214,0.16222558915615082,333,camera,0.0026886325795203447,0.0013479717308655381,0.002230097306892276,1.994576334953308,2011_BkvVBZwXVhg_00024_000_a,8.135056123137474e-05,0.0027699831407517195,929,14,1.892351508140564,1.8950401544570923,1.231162667274475,1.2338513135910034,1.2056121826171875
0.377284437417984,0.2784835696220398,0.29864501953125,0.16786696016788483,334,camera,0.0005486194859258831,0.0012411747593432665,0.0013788689393550158,0.4420163035392761,2011_Bl6Wk5M1vjk_00022_000_a,1.5990168321877718e-05,0.0005646096542477608,453,51,0.8898385167121887,0.8903871178627014,0.37025007605552673,0.3707987070083618,0.39787647128105164
0.23227040469646454,0.13426588475704193,0.2170076072216034,0.09515799582004547,335,camera,0.0012056442210450768,0.0009380735573358834,0.0029187907930463552,1.2852342128753662,2011_Bl6Wk5M1vjk_00022_000_b,-8.835690096020699e-06,0.0011968085309490561,924,21,0.3834056258201599,0.3846112787723541,0.431561678647995,0.4327673316001892,0.4130629003047943
0.3571836054325104,0.2900600731372833,0.3147895038127899,0.22189755737781525,336,camera,0.0004657214449252933,0.025776609778404236,0.0009239754872396588,0.018067598342895508,2011_BmylCJhL-5Q_00014_000_a,-2.11841834243387e-05,0.00044453726150095463,76,41,0.1650121659040451,0.16547788679599762,0.241951122879982,0.2424168437719345,0.5040408968925476
0.27340933680534363,0.18739713728427887,0.25662338733673096,0.14617441594600677,337,camera,0.0004604773421306163,0.00399675453081727,0.0009709393489174545,0.1152128130197525,2011_BsxYfYCbVC0_00002_000_a,-7.284455932676792e-06,0.0004531928861979395,210,27,0.6796795129776001,0.6801400184631348,0.38391923904418945,0.38437971472740173,0.4742596447467804
0.4149027466773987,0.31847861409187317,0.3374953866004944,0.19798624515533447,338,camera,0.00023387355031445622,0.001479970058426261,0.0005500949337147176,0.158025860786438,2011_Bu2PFyl689w_00006_000_a,-7.88431498222053e-06,0.0002259892353322357,254,55,0.6210994124412537,0.6213333010673523,0.351436585187912,0.35167044401168823,0.4251512587070465
0.35747894644737244,0.251151978969574,0.38646960258483887,0.30716121196746826,339,camera,0.0006468470674008131,0.0009643586818128824,0.0018511157250031829,0.6707535982131958,2011_C1kZTfHldfY_00043_000_a,-1.292757224291563e-05,0.0006339194951578975,582,52,0.37252238392829895,0.3731692433357239,0.2905375063419342,0.29118436574935913,0.34943631291389465
0.3426918685436249,0.32328060269355774,0.23383773863315582,0.10928426682949066,340,camera,0.0002523030561860651,0.0003493154945317656,0.0003699036897160113,0.7222784757614136,2011_C2pUVmGEEeM_00031_000_a,-4.39360155723989e-06,0.0002479094546288252,603,34,0.8474739193916321,0.8477262258529663,0.5442541241645813,0.5445064306259155,0.6820777058601379
0.3464740514755249,0.22776415944099426,0.31817272305488586,0.1720314621925354,341,camera,0.00022729262127541006,0.0007461549248546362,0.0008529679616913199,0.3046185374259949,2011_C4MVQby0InQ_00000_002_a,6.536516593769193e-06,0.00023382913786917925,363,63,0.3357732892036438,0.33600059151649475,0.1937764436006546,0.19400373101234436,0.26647263765335083
0.2115880399942398,0.09649884700775146,0.19097024202346802,0.06570561975240707,342,camera,0.00034115370362997055,0.0003010128566529602,0.0013791563687846065,1.1333526372909546,2011_C5-RnOKEZ-4_00013_001_a,-1.4129182090982795e-05,0.00032702452153898776,844,24,3.0405473709106445,3.040888547897339,0.2555742561817169,0.25591540336608887,0.24736405909061432
0.5895460844039917,0.7001157999038696,0.41164952516555786,0.3044869601726532,343,camera,0.0003555371076799929,0.0012789780739694834,0.0003827228210866451,0.2779853045940399,2011_C841wEogE4U_00000_000_a,5.39330649189651e-05,0.000409470172598958,333,56,0.6886457204818726,0.6890012621879578,0.6257988214492798,0.626154363155365,0.9289675951004028
0.6238491535186768,0.7166445255279541,0.42109912633895874,0.3137798607349396,344,camera,0.0003133752616122365,0.0014792927540838718,0.0003581751079764217,0.21184127032756805,2011_C841wEogE4U_00000_000_b,9.281307575292885e-05,0.00040618833736516535,292,61,0.5250641703605652,0.5253775715827942,0.5640919804573059,0.5644053816795349,0.874921977519989
0.28605377674102783,0.24761343002319336,0.2495613694190979,0.14668340981006622,345,camera,0.00039160175947472453,0.002063705585896969,0.00045858751400373876,0.1897566020488739,2011_C841wEogE4U_00000_000_c,1.4232442481443286e-05,0.0004058342019561678,274,20,0.5931091904640198,0.5935007929801941,0.6052795648574829,0.6056711673736572,0.8539302945137024
0.2480742484331131,0.12675432860851288,0.21161600947380066,0.08554708957672119,346,camera,0.00022611742315348238,0.00026125923614017665,0.0008140396093949676,0.8654906153678894,2011_CH8HV5gXQB4_00011_000_a,8.587507181800902e-06,0.00023470493033528328,705,30,0.8530691266059875,0.8532952666282654,0.2534000873565674,0.2536261975765228,0.2777720093727112
0.20182886719703674,0.08264962583780289,0.22825103998184204,0.11056012660264969,347,camera,0.0005913820932619274,0.0007284394232556224,0.003104318166151643,0.811847984790802,2011_COhtZbBhOYU_00035_000_a,-2.594140823930502e-06,0.0005887879524379969,677,26,1.5961488485336304,1.5967402458190918,0.18513581156730652,0.18572719395160675,0.1905030608177185
0.21621376276016235,0.10839474946260452,0.2784532904624939,0.20722289383411407,348,camera,0.0013088388368487358,0.0046501485630869865,0.004602468106895685,0.2814617156982422,2011_CXoJegmhbI4_00052_000_a,6.658956408500671e-07,0.0013095047324895859,345,24,0.4540013074874878,0.4553101360797882,0.2371695339679718,0.2384783774614334,0.2843776047229767
0.3098939061164856,0.22607111930847168,0.283181756734848,0.15655174851417542,349,camera,0.0004747037310153246,0.005438761319965124,0.0012385358568280935,0.08728159219026566,2011_CYGtLUZg1xA_00020_000_a,1.786748180165887e-05,0.0004925712128169835,181,42,0.1008581593632698,0.10133286565542221,0.2467932403087616,0.247267946600914,0.38327813148498535
0.32755759358406067,0.34418654441833496,0.23154103755950928,0.11271649599075317,350,camera,0.000468138576252386,0.035954549908638,0.00045907116145826876,0.01302028726786375,2011_CYGtLUZg1xA_00020_001_a,-1.654314110055566e-05,0.0004515954351518303,65,24,0.42607948184013367,0.4265476167201996,0.5022147297859192,0.5026828646659851,1.0197516679763794
0.31331485509872437,0.3047068417072296,0.22044320404529572,0.09939686954021454,351,camera,0.0007150163291953504,0.0006300771492533386,0.000731942942366004,1.1348075866699219,2011_CYGtLUZg1xA_00020_002_a,3.830762580037117e-05,0.0007533239549957216,735,22,1.6462068557739258,1.6469218730926514,0.8897735476493835,0.8904885649681091,0.9768744111061096
0.24895121157169342,0.12691622972488403,0.2777843177318573,0.16649922728538513,352,camera,0.0004924396052956581,0.0015458358684554696,0.0019222532864660025,0.31855878233909607,2011_CaHL7bVTtQQ_00035_000_a,1.1187570635229349e-05,0.0005036271759308875,366,33,0.7255867123603821,0.7260791659355164,0.23415140807628632,0.2346438467502594,0.2561783194541931
0.3064662218093872,0.21716967225074768,0.28903457522392273,0.17714811861515045,353,camera,0.0010780394077301025,0.0012767340522259474,0.002417692681774497,0.8443727493286133,2011_CiT-XIWEC8c_00001_000_a,3.348640166223049e-05,0.001111525809392333,675,34,0.6570166349411011,0.6580946445465088,0.4458233416080475,0.4469013810157776,0.4458959698677063
0.18124821782112122,0.07856528460979462,0.19710330665111542,0.08530780673027039,354,camera,0.0012065863702446222,0.0021263579837977886,0.003899803850799799,0.5674427151679993,2011_CiT-XIWEC8c_00001_001_a,-4.5337947085499763e-05,0.0011612484231591225,490,14,1.8501986265182495,1.8514052629470825,0.30137601494789124,0.30258259177207947,0.3093966841697693
0.29047563672065735,0.19711937010288239,0.26512694358825684,0.14449439942836761,355,camera,0.0005096028908155859,0.0053266966715455055,0.0012262595118954778,0.09566958993673325,2011_CmcZU82YaEw_00009_000_a,3.7172576412558556e-06,0.0005133201484568417,193,33,0.69830721616745,0.6988168358802795,0.2986479699611664,0.2991575598716736,0.4155750870704651
0.19124458730220795,0.09461282193660736,0.227040633559227,0.15346817672252655,356,camera,0.007199313025921583,0.005687633994966745,0.017535638064146042,1.265783429145813,2011_CnT7g2Dit2A_00010_000_a,-7.312558591365814e-05,0.007126187440007925,894,13,2.3899948596954346,2.3971941471099854,0.3955135643482208,0.402712881565094,0.4105532467365265
0.210837259888649,0.1014174148440361,0.20380379259586334,0.08087126910686493,357,camera,0.0004541437665466219,0.0004640942788682878,0.0017273366684094071,0.9785593152046204,2011_CqgXhXx-EAk_00004_000_a,-3.9177772123366594e-05,0.0004149659944232553,756,24,0.44126832485198975,0.44172248244285583,0.2590258717536926,0.2594800293445587,0.26291561126708984
0.29311636090278625,0.2880522906780243,0.38365352153778076,1.1370962858200073,358,camera,0.00502366665750742,0.03162933140993118,0.00619217986240983,0.15882936120033264,2011_CtIhkGu6ahY_00032_000_a,0.00013842713087797165,0.005162093788385391,258,25,1.1354601383209229,1.1404838562011719,0.6705430746078491,0.6755667328834534,0.8112921118736267
0.3980447053909302,0.39669087529182434,0.33262041211128235,0.23293983936309814,359,camera,0.0007152248872444034,0.007295534946024418,0.0009929172229021788,0.09803597629070282,2011_Cvl0iKbdV6A_00001_000_a,-2.386939013376832e-05,0.000691355497110635,191,40,0.4554895758628845,0.4562048017978668,0.49375060200691223,0.49446582794189453,0.7203267812728882
0.22958211600780487,0.1280328631401062,0.20583735406398773,0.08988167345523834,360,camera,0.0006233640015125275,0.0031218796502798796,0.001452932832762599,0.19967585802078247,2011_Cvl0iKbdV6A_00001_001_a,-2.232362749055028e-05,0.0006010403740219772,289,19,0.21348577737808228,0.2141091376543045,0.4241688549518585,0.42479223012924194,0.429038405418396
0.2769099473953247,0.1931859254837036,0.23204346001148224,0.10565536469221115,361,camera,0.0005359943606890738,0.0005196741549298167,0.0012058477150276303,1.031404733657837,2011_D0NZyQWyZfI_00016_000_a,7.611175533384085e-06,0.0005436055362224579,737,30,0.5452961325645447,0.545832097530365,0.45613914728164673,0.45667514204978943,0.44449588656425476
0.31068167090415955,0.17856605350971222,0.2217693328857422,0.0853317528963089,362,camera,0.0003041399468202144,0.00026271669776178896,0.001103876857087016,1.157672643661499,2011_D1kIRqy-sbA_00012_000_a,-2.6687775971367955e-05,0.00027745217084884644,923,46,0.23227672278881073,0.23258085548877716,0.27169036865234375,0.2719945013523102,0.27551981806755066
0.15413005650043488,0.04832712188363075,0.1771845668554306,0.06354371458292007,363,camera,0.0006492369575425982,0.05811125785112381,0.0030512739904224873,0.011172309517860413,2011_D5Oc_sYmlt8_00007_000_a,3.901688614860177e-05,0.0006882538436912,61,9,0.21668921411037445,0.2173384577035904,0.12869328260421753,0.12934252619743347,0.21277570724487305
0.1636161059141159,0.0669541284441948,0.17444731295108795,0.06161811947822571,364,camera,0.0008039833628572524,0.0006716556381434202,0.002180414041504264,1.1970171928405762,2011_DDYj5ChFwbU_00000_000_a,-6.243819370865822e-06,0.0007977395434863865,878,9,0.5644213557243347,0.56522536277771,0.3336869180202484,0.33449089527130127,0.36872968077659607
0.3762114942073822,0.25304266810417175,0.2720431089401245,0.1274377405643463,365,camera,0.00014259559975471348,0.0005704081268049777,0.00043120424379594624,0.24998871982097626,2011_DHzx2P4x63c_00004_000_a,3.790060873143375e-06,0.00014638566062785685,325,56,0.6763968467712402,0.676539421081543,0.2663344144821167,0.2664770185947418,0.33069154620170593
0.12871110439300537,0.030032070353627205,0.14810417592525482,0.038000576198101044,366,camera,0.0052130743861198425,0.008856805972754955,0.03745896741747856,0.5885953307151794,2011_DHzx2P4x63c_00004_000_c,-0.0009831185452640057,0.004229955840855837,538,3,0.1794239580631256,0.18463702499866486,0.10720158368349075,0.1124146580696106,0.13916759192943573
0.2426561564207077,0.13619296252727509,0.20623718202114105,0.08303641527891159,367,camera,0.0002408127038506791,0.0011383715318515897,0.0006978789460845292,0.21154139935970306,2011_DHzx2P4x63c_00004_002_a,-9.492330718785524e-06,0.00023132037313189358,294,26,0.12508518993854523,0.125326007604599,0.2947773337364197,0.29501813650131226,0.345063716173172
0.4251408874988556,0.6700828075408936,0.32169032096862793,0.24973653256893158,368,camera,0.0015245231334120035,0.000562173780053854,0.0008094347431324422,2.711836099624634,2011_DMo2qyKq4_w_00034_000_a,-1.7587910406291485e-05,0.001506935223005712,953,26,2.2993340492248535,2.300858497619629,1.9204927682876587,1.9220173358917236,1.883441686630249
0.24557821452617645,0.12886343896389008,0.20313166081905365,0.07920966297388077,369,camera,0.0002600007865112275,0.0002534442173782736,0.0009142421768046916,1.0258698463439941,2011_DNZ5NXKtdxs_00020_000_a,-2.158514689654112e-06,0.0002578422718215734,814,30,0.31865885853767395,0.3189188539981842,0.28158265352249146,0.2818426489830017,0.2843894064426422
0.39126405119895935,0.6401898860931396,0.27764663100242615,0.2275141179561615,370,camera,0.0005703464848920703,0.004136867355555296,0.00022128911223262548,0.13786917924880981,2011_DQO3aIpmIDg_00005_000_a,2.1784566342830658e-05,0.000592131051234901,229,18,1.2236554622650146,1.2242257595062256,1.5039678812026978,1.5045381784439087,2.5773816108703613
0.3788595199584961,0.40031957626342773,0.38123631477355957,0.35929349064826965,371,camera,0.0008101625717245042,0.0022402959875762463,0.000952533504460007,0.36163192987442017,2011_DVPGcQ1Ljgc_00010_000_a,-3.845011815428734e-05,0.0007717124535702169,387,34,0.6737312078475952,0.6745413541793823,0.6616926193237305,0.6625027656555176,0.8505344390869141
0.26237258315086365,0.14837928116321564,0.24101562798023224,0.11658887565135956,372,camera,0.00021092884708195925,0.6498194336891174,0.0006192030268721282,0.0003245960979256779,2011_DZN4r8p6KbU_00002_000_a,-5.232504918240011e-06,0.00020569634216371924,5,29,0.22739757597446442,0.22760850191116333,0.16838771104812622,0.16859863698482513,0.3406457006931305
0.2704085111618042,0.20138214528560638,0.2160433530807495,0.09074890613555908,373,camera,0.00017977289098780602,0.005579096265137196,0.00035224639577791095,0.03222258388996124,2011_DZN4r8p6KbU_00005_000_a,9.13764233700931e-06,0.00018891053332481533,108,27,0.6405223608016968,0.6407021284103394,0.287152498960495,0.2873322665691376,0.5103611946105957
0.3184528052806854,0.2217223346233368,0.3401816785335541,0.22151866555213928,374,camera,0.0004712738445959985,0.0030632896814495325,0.0013928867410868406,0.1538456678390503,2011_D_A6gdlNh00_00033_000_a,-7.008755346760154e-06,0.00046426508924923837,252,47,0.3327527344226837,0.33322399854660034,0.23625323176383972,0.23672451078891754,0.3383432626724243
0.20554473996162415,0.10784594714641571,0.21956810355186462,0.10419732332229614,375,camera,0.000677551026456058,0.0005981869180686772,0.002121910685673356,1.1326744556427002,2011_D_A6gdlNh00_00033_000_b,2.580811269581318e-06,0.0006801318377256393,877,21,0.37402018904685974,0.374697744846344,0.28115272521972656,0.2818302810192108,0.3193117678165436
0.23225489258766174,0.17863047122955322,0.21601319313049316,0.12180615961551666,376,camera,0.0013353227404877543,0.004047536291182041,0.0012577486922964454,0.329910010099411,2011_DaMf1FF-iZ8_00018_000_a,3.2657990232110023e-06,0.0013385885395109653,353,11,1.0861876010894775,1.0875228643417358,1.0110458135604858,1.0123810768127441,1.0616768598556519
0.17228040099143982,0.07559261471033096,0.18546979129314423,0.07451432943344116,377,camera,0.0006667441921308637,0.005941568408161402,0.0016649281606078148,0.11221686750650406,2011_DbqqjC92PP4_00022_000_a,1.4319084584712982e-06,0.000668176100589335,215,10,0.5152454376220703,0.5159121751785278,0.3602929413318634,0.3609596788883209,0.4004642367362976
0.30633652210235596,0.3029637336730957,0.25916844606399536,0.1428108960390091,378,camera,0.00041096375207416713,0.0013614306226372719,0.0005546422326005995,0.3018617033958435,2011_De9FeSg3WTc_00037_000_a,2.5889661628752947e-05,0.0004368534137029201,351,29,0.6966511607170105,0.6970621347427368,0.5613908171653748,0.5618017911911011,0.7409528493881226
0.2192513346672058,0.10058115422725677,0.25644129514694214,0.14351549744606018,379,camera,0.0005543931038118899,0.005251373164355755,0.0024477546103298664,0.10557107627391815,2011_DedlZ0Es_dU_00043_000_a,-2.204615157097578e-06,0.0005521884886547923,201,28,0.2994544208049774,0.3000088036060333,0.15580207109451294,0.15635646879673004,0.22649046778678894
0.17356738448143005,0.07826732844114304,0.26199042797088623,0.3289436995983124,380,camera,0.010313455015420914,0.008955366909503937,0.024300789460539818,1.1516507863998413,2011_DfcpuhTr8R0_00004_000_a,0.0006896238774061203,0.011003078892827034,838,9,0.30698204040527344,0.31729549169540405,0.39901092648506165,0.40932437777519226,0.4244082272052765
0.26100412011146545,0.1524629294872284,0.2700381577014923,0.16306747496128082,381,camera,0.0014490954345092177,0.0014837366761639714,0.004255967680364847,0.9766526818275452,2011_DfcpuhTr8R0_00004_001_a,3.2329466193914413e-05,0.0014814249007031322,767,30,1.2548164129257202,1.2562655210494995,0.3167724013328552,0.3182215094566345,0.340485543012619
0.27979326248168945,0.1389433890581131,0.25665685534477234,0.11494948714971542,382,camera,0.00018547305080574006,0.0010024465154856443,0.0009136598673649132,0.18502038717269897,2011_DkyCu7ryu-w_00016_000_b,3.7041754694655538e-06,0.0001891772262752056,280,48,0.1717216670513153,0.17190714180469513,0.14261102676391602,0.14279650151729584,0.20300011336803436
0.24885748326778412,0.19262287020683289,0.2166670262813568,0.10236149281263351,383,camera,0.00039607862709090114,0.0013483241200447083,0.0006087677320465446,0.29375624656677246,2011_DnKAU918UaE_00003_000_a,-1.559639349579811e-05,0.000380482233595103,348,20,1.2789621353149414,1.2793582677841187,0.5180433988571167,0.5184394717216492,0.6506235599517822
0.2507082223892212,0.16073425114154816,0.2214949131011963,0.09496839344501495,256,human,0.005022746976464987,0.004659377038478851,0.026046110317111015,1.0779868364334106,2011_9r4784rihOc_00010_000_a,0.00022730929777026176,0.0052500562742352486,889,26,0.29721471667289734,0.30223745107650757,0.1906852275133133,0.19570797681808472,0.192840576171875
0.23536260426044464,0.1592121720314026,0.23564183712005615,0.11110283434391022,257,human,0.004277113825082779,0.005439070053398609,0.018118834123015404,0.7863686084747314,2011_9rstlW2YsmA_00013_000_a,-4.101358354091644e-05,0.0042361002415418625,634,27,0.39211979508399963,0.3963969051837921,0.2386299967765808,0.2429071068763733,0.23605899512767792
0.27808162569999695,0.1402527242898941,0.35358384251594543,0.2290353775024414,258,human,0.0015083644539117813,17.508371353149414,0.004709330853074789,8.615104161435738e-05,2011_9rySfLgqHJc_00005_000_a,-6.664206739515066e-05,0.0014417223865166306,1,51,0.13193084299564362,0.13343921303749084,0.11721217632293701,0.11872053891420364,0.32029274106025696
0.3553128242492676,0.5487522482872009,0.2621493637561798,0.2134910672903061,259,human,0.008007446303963661,0.005285539198666811,0.013109778054058552,1.514972448348999,2011_9s-a1vp4LLk_00027_000_a,0.00027213338762521744,0.008279579691588879,963,15,1.043910026550293,1.0519174337387085,0.5606479048728943,0.5686553716659546,0.6107995510101318
0.20118097960948944,0.10257171839475632,0.31249770522117615,0.31811758875846863,260,human,0.010057470761239529,0.2156299650669098,0.00824728049337864,0.04664226993918419,2011_9t8iEpdabms_00023_000_a,-5.1126815378665924e-05,0.010006343945860863,129,17,0.5690786838531494,0.5791361331939697,0.5600470304489136,0.5701044797897339,1.219489336013794
0.2408873587846756,0.2627951204776764,0.23554810881614685,0.17403124272823334,261,human,0.015021990984678268,0.01019099447876215,0.017518941313028336,1.4740456342697144,2011_9t8iEpdabms_00023_001_a,0.001071825623512268,0.016093816608190536,850,9,0.8784281015396118,0.8934500813484192,0.8546390533447266,0.8696610331535339,0.8574714064598083
0.2362910509109497,0.12164364010095596,0.21088334918022156,0.08462239801883698,262,human,0.0016275654779747128,0.001739750150591135,0.009871294721961021,0.9355167746543884,2011_9tkDK2mZlOo_00007_000_a,1.757824793457985e-05,0.0016451437259092927,737,29,0.18943935632705688,0.1910669207572937,0.15918995440006256,0.16081751883029938,0.16487862169742584
0.33824801445007324,0.24415482580661774,0.3184913694858551,0.21182627975940704,263,human,0.008776633068919182,0.021212158724665642,0.023293254896998405,0.41375482082366943,2011_9tzlsm5IvIg_00000_000_a,-3.259442746639252e-05,0.00874403864145279,428,38,0.4954352080821991,0.5042118430137634,0.3167838752269745,0.3255605101585388,0.3767886161804199
0.2726798951625824,0.1692350059747696,0.20205289125442505,0.07469524443149567,264,human,0.0008246885845437646,0.0007273160153999925,0.0062542688101530075,1.13387930393219,2011_9uFe61ebm30_00020_000_a,0.0001807019580155611,0.0010053905425593257,948,30,0.15551330149173737,0.15633799135684967,0.12513567507266998,0.1259603649377823,0.13186010718345642
0.2418513000011444,0.1633017510175705,0.2098771631717682,0.08633069694042206,265,human,0.0024724965915083885,0.0021481311414390802,0.01214777585119009,1.1509989500045776,2011_9wr10j2nUJ4_00036_000_a,-0.00010192161425948143,0.002370574977248907,949,23,3.3012518882751465,3.3037242889404297,0.1944209337234497,0.19689342379570007,0.20353491604328156
0.28409290313720703,0.17720402777194977,0.2596948444843292,0.15997476875782013,266,human,0.001762895379215479,0.00947196502238512,0.005994428414851427,0.18611717224121094,2011_9yEylIfDkms_00018_000_a,8.421449456363916e-05,0.001847109873779118,275,36,0.4321646988391876,0.43392759561538696,0.2220037430524826,0.22376663982868195,0.2940889894962311
0.29863810539245605,0.1867079883813858,0.2970689833164215,0.17367134988307953,267,human,0.002074721036478877,0.002208882011473179,0.007222645916044712,0.9392629265785217,2011_9zYrXFG6zSs_00020_000_a,-5.9318263083696365e-06,0.0020687892101705074,738,41,0.16755011677742004,0.16962483525276184,0.26572173833847046,0.26779645681381226,0.2872522175312042
0.20163750648498535,0.08045543730258942,0.23016490042209625,0.09973162412643433,268,human,0.0018789267633110285,0.0016097379848361015,0.010233379900455475,1.1672252416610718,2011_A-KN6ZbpIDE_00012_000_a,-7.669697515666485e-05,0.0018022297881543636,900,33,0.30171114206314087,0.3035900592803955,0.17720797657966614,0.17908690869808197,0.18360763788223267
0.20060373842716217,0.08216723054647446,0.18948061764240265,0.06565900892019272,269,human,0.0010033322032541037,0.0009368709288537502,0.007585145067423582,1.0709396600723267,2011_A59SQO2FvPA_00014_000_a,7.443246431648731e-06,0.0010107754496857524,939,24,0.41732725501060486,0.418330579996109,0.13732849061489105,0.1383318156003952,0.13227593898773193
0.21879252791404724,0.10399352014064789,0.23757319152355194,0.135915607213974,270,human,0.007106481119990349,0.02725888416171074,0.021386148408055305,0.26070329546928406,2011_A7ZmPaAVJgo_00005_000_a,-0.00035581132397055626,0.0067506697960197926,332,24,0.3061550259590149,0.3132615089416504,0.2778131365776062,0.2849196195602417,0.33229362964630127
0.3586265742778778,0.22011317312717438,0.2579599618911743,0.11565636098384857,271,human,0.0006858296110294759,0.04859639331698418,0.004850397817790508,0.01411276776343584,2011_A7ZmPaAVJgo_00015_000_a,3.9161182940006256e-05,0.0007249907939694822,67,57,0.06809267401695251,0.06877849996089935,0.0743434876203537,0.07502931356430054,0.14139656722545624
0.16962623596191406,0.06323202699422836,0.18469661474227905,0.0689748078584671,272,human,0.0034868039656430483,0.004113488364964724,0.013855185359716415,0.8476513028144836,2011_A7ZmPaAVJgo_00015_000_b,0.00015632016584277153,0.00364312413148582,662,12,0.20900872349739075,0.21249552071094513,0.24093034863471985,0.24441714584827423,0.2516605854034424
0.17203646898269653,0.07599613070487976,0.1858045756816864,0.07421104609966278,273,human,0.006760196760296822,0.005606069695204496,0.01956818625330925,1.2058709859848022,2011_A7ZmPaAVJgo_00015_001_a,0.00041430816054344177,0.007174504920840263,874,9,0.34404146671295166,0.3508016765117645,0.31420835852622986,0.3209685683250427,0.3454687297344208
0.3616546094417572,0.2271447330713272,0.3066507577896118,0.16334185004234314,274,human,0.006835769396275282,0.007069725077599287,0.03298952057957649,0.9669073820114136,2011_A7ZmPaAVJgo_00015_002_b,-0.0003857472911477089,0.006450022105127573,775,56,0.35676896572113037,0.36360472440719604,0.19085803627967834,0.1976938098669052,0.20721031725406647
0.344404011964798,0.21017585694789886,0.26806187629699707,0.1297156810760498,275,human,0.003539271652698517,0.009053532965481281,0.020853403955698013,0.39092713594436646,2011_A7ZmPaAVJgo_00015_002_c,6.499607115983963e-05,0.0036042677238583565,414,52,0.12660685181617737,0.13014613091945648,0.14552345871925354,0.14906273782253265,0.16972152888774872
0.273740291595459,0.19175423681735992,0.2565354108810425,0.1492546945810318,276,human,0.0037729067262262106,0.007140049245208502,0.010745102539658546,0.5284146666526794,2011_A8CNtor4BPA_00002_000_a,-0.000393550144508481,0.0033793565817177296,489,27,0.40538424253463745,0.4091571569442749,0.3097456395626068,0.31351855397224426,0.3511280417442322
0.2390674352645874,0.13774815201759338,0.32066795229911804,0.264253705739975,277,human,0.02805137261748314,0.017702221870422363,0.04182839021086693,1.5846244096755981,2011_A8CNtor4BPA_00011_000_a,0.001552395522594452,0.02960376814007759,937,27,0.6087027788162231,0.6367541551589966,0.6526342034339905,0.6806855797767639,0.6706299781799316
0.5649927854537964,0.6788259744644165,0.3887796700000763,0.2791304290294647,278,human,0.010786025784909725,0.007944493554532528,0.03242504596710205,1.357673168182373,2011_A8Tw5xASluI_00014_000_a,0.0004583718255162239,0.011244397610425949,998,58,0.28287357091903687,0.29365959763526917,0.324785053730011,0.3355710804462433,0.33264487981796265
0.1736999750137329,0.0735565796494484,0.19408175349235535,0.08475888520479202,279,human,0.012749308720231056,0.009450620040297508,0.03528663516044617,1.349044680595398,2011_A8Tw5xASluI_00023_000_a,-0.0011390065774321556,0.0116103021427989,947,11,0.3243602216243744,0.3371095359325409,0.32097092270851135,0.33372023701667786,0.3613070249557495
0.15595926344394684,0.05644547939300537,0.18928095698356628,0.07672876119613647,280,human,0.005215896759182215,0.015271640382707119,0.015172412618994713,0.3415413498878479,2011_A8wAYZAwQFs_00000_001_a,-6.942171603441238e-05,0.005146475043147802,392,10,0.2568798363208771,0.26209571957588196,0.273141473531723,0.2783573567867279,0.34377503395080566
0.25086328387260437,0.21676799654960632,0.2606518566608429,0.1801711618900299,281,human,0.01118409726768732,0.018550043925642967,0.01806807331740856,0.6029148697853088,2011_A8wAYZAwQFs_00000_002_a,-7.210113108158112e-05,0.01111199613660574,527,16,0.41837170720100403,0.4295558035373688,0.5124863982200623,0.523670494556427,0.6189977526664734
0.27195948362350464,0.2237580418586731,0.2596074044704437,0.17998521029949188,282,human,0.008012574166059494,0.2689839005470276,0.01312940288335085,0.02978830225765705,2011_A8wAYZAwQFs_00000_003_a,5.858205258846283e-05,0.008071156218647957,102,19,0.2815283536911011,0.2895409166812897,0.3052220046520233,0.3132345676422119,0.6102771162986755
0.36550384759902954,0.26355063915252686,0.2611078917980194,0.12630407512187958,283,human,0.0019374429248273373,0.004592357203364372,0.011100783944129944,0.4218841791152954,2011_A9KjjvZE0Lo_00022_000_a,9.765569120645523e-05,0.0020350986160337925,443,49,0.37442779541015625,0.3763652443885803,0.15765498578548431,0.1595924347639084,0.17453208565711975
0.4602484107017517,0.6811525225639343,0.2717752158641815,0.15562991797924042,284,human,0.004754347261041403,0.004461925942450762,0.016803329810500145,1.0655369758605957,2011_AHyK8eTGHNs_00000_000_a,0.00019978312775492668,0.0049541303887963295,802,33,0.7485675811767578,0.7533219456672668,0.24559979140758514,0.250354140996933,0.2829407751560211
0.38301941752433777,0.2933909595012665,0.34930798411369324,0.2148103415966034,285,human,0.003589924657717347,0.008164683356881142,0.014009387232363224,0.43968936800956726,2011_AHyK8eTGHNs_00000_000_b,0.00011845119297504425,0.0037083758506923914,449,59,0.18657585978507996,0.19016578793525696,0.21116776764392853,0.21475769579410553,0.25625136494636536
0.358102411031723,0.27825507521629333,0.33705922961235046,0.25963589549064636,286,human,0.008204069919884205,0.006220906041562557,0.017614245414733887,1.3187901973724365,2011_AL7UDurxc3w_00008_000_a,-0.00023502018302679062,0.007969049736857414,906,39,0.6840510368347168,0.6922550797462463,0.45111823081970215,0.4593223035335541,0.4657633304595947
0.2893039286136627,0.22148631513118744,0.33571457862854004,0.2797742784023285,287,human,0.016467170789837837,0.014770877547562122,0.02618657983839512,1.1148403882980347,2011_AM5EYO5wWMA_00079_000_a,-0.00011115893721580505,0.016356011852622032,745,29,0.5504615306854248,0.5669286847114563,0.6124727725982666,0.6289399266242981,0.6288400888442993
0.20580939948558807,0.10629523545503616,0.19365158677101135,0.07472000271081924,288,human,0.0029353047721087933,0.004665035754442215,0.01276974007487297,0.6292137503623962,2011_AM5EYO5wWMA_00079_001_a,-4.1494378820061684e-05,0.0028938103932887316,555,14,0.20747007429599762,0.2104053795337677,0.22142410278320312,0.2243594080209732,0.22986409068107605
0.8250551819801331,1.9845422506332397,0.414182186126709,0.3596884310245514,289,human,0.002758011221885681,0.04635949805378914,0.0045217848382890224,0.059491824358701706,2011_AO-VFDYy9Rk_00015_000_a,-7.469533011317253e-05,0.0026833158917725086,149,40,0.3240153193473816,0.3267733156681061,0.34084296226501465,0.3436009883880615,0.6099386215209961
0.28524214029312134,0.1757187843322754,0.2716420590877533,0.15278036892414093,290,human,0.004376664292067289,0.004065068904310465,0.016159117221832275,1.076651930809021,2011_APS_K6M4Qac_00007_000_a,0.001299623865634203,0.005676288157701492,865,37,0.22223708033561707,0.22661374509334564,0.2659480571746826,0.27032470703125,0.27084797620773315
0.3875778019428253,0.3400512933731079,0.29481232166290283,0.16215653717517853,291,human,0.0019135118927806616,0.04201975837349892,0.008114878088235855,0.04553838446736336,2011_APsmTB3F7Rs_00000_000_a,-5.549134220927954e-05,0.001858020550571382,131,46,0.22987569868564606,0.2317892163991928,0.13487599790096283,0.13678951561450958,0.23580290377140045
0.2097470611333847,0.1649293750524521,0.24894730746746063,0.21231569349765778,292,human,0.010317730717360973,0.008690026588737965,0.007539867423474789,1.1873071193695068,2011_ASP2K-sFud0_00010_000_a,0.0005031712353229523,0.010820901952683926,693,9,1.2676621675491333,1.277979850769043,1.349088430404663,1.3594061136245728,1.368423342704773
0.228186696767807,0.2288087010383606,0.21506546437740326,0.1297347992658615,293,human,0.005021310411393642,0.006983897183090448,0.008194949477910995,0.7189840078353882,2011_AVKK_tDNQMc_00015_000_a,9.236205369234085e-05,0.005113672465085983,588,9,0.47704192996025085,0.4820632338523865,0.5394524931907654,0.5444738268852234,0.6127322912216187
0.3105214238166809,0.26359573006629944,0.23137100040912628,0.10635882616043091,294,human,0.0026111991610378027,0.008881942369043827,0.013364178128540516,0.2939896583557129,2011_AVKK_tDNQMc_00015_001_a,-4.826672375202179e-05,0.002562932437285781,360,33,0.23587343096733093,0.23848463594913483,0.15528520941734314,0.15789641439914703,0.19538792967796326
0.2534336745738983,0.12742015719413757,0.21520617604255676,0.08624691516160965,295,human,0.0021460114512592554,0.003065383993089199,0.016296714544296265,0.7000791430473328,2011_AVKK_tDNQMc_00015_001_b,4.181545227766037e-05,0.0021878269035369158,610,40,0.15544164180755615,0.15758764743804932,0.1169721856713295,0.11911819875240326,0.13168369233608246
0.1994960904121399,0.08985704183578491,0.18223412334918976,0.06417729705572128,296,human,0.002886722097173333,0.004380892496556044,0.01806952990591526,0.6589347124099731,2011_AVKK_tDNQMc_00015_002_a,-2.306862734258175e-05,0.0028636534698307514,565,18,0.33716243505477905,0.340049147605896,0.14455950260162354,0.14744623005390167,0.1597563475370407
0.3980230689048767,0.2975112497806549,0.31830596923828125,0.1975308060646057,297,human,0.005220439285039902,0.004443212877959013,0.01871715486049652,1.174924373626709,2011_AaHqtd4dUWs_00000_000_a,-4.568789154291153e-05,0.00517475139349699,886,50,0.32840368151664734,0.33362412452697754,0.2726278007030487,0.2778482437133789,0.2789120078086853
0.4747202694416046,0.4054700434207916,0.37944620847702026,0.25770121812820435,298,human,0.007078026421368122,0.00710337795317173,0.021569300442934036,0.9964310526847839,2011_AaHqtd4dUWs_00000_000_b,0.0005092653445899487,0.007587291765958071,763,57,0.23944035172462463,0.24651837348937988,0.2997362017631531,0.3068142235279083,0.3281528055667877
0.3760960102081299,0.25369691848754883,0.3039523661136627,0.17048609256744385,299,human,0.003198532620444894,0.006945286877453327,0.014249005354940891,0.4605328440666199,2011_AaHqtd4dUWs_00000_000_c,-0.0001518388744443655,0.0030466937460005283,455,53,0.2040749490261078,0.2072734832763672,0.17165355384349823,0.17485208809375763,0.22447410225868225
0.33256059885025024,0.2123965322971344,0.28282052278518677,0.16253510117530823,300,human,0.005173634737730026,0.011503294110298157,0.019772619009017944,0.44975244998931885,2011_AaHqtd4dUWs_00000_000_f,9.208172559738159e-05,0.005265716463327408,450,42,0.27969327569007874,0.28486689925193787,0.21949629485607147,0.2246699333190918,0.2616565227508545
0.2495465725660324,0.13476766645908356,0.20153279602527618,0.08230860531330109,301,human,0.0008430145680904388,0.0014441268285736442,0.004735435359179974,0.5837538242340088,2011_AaHqtd4dUWs_00000_001_a,0.0002221735194325447,0.0010651880875229836,532,25,0.2802138924598694,0.2810569107532501,0.17080317437648773,0.17164619266986847,0.1780226081609726
0.17726019024848938,0.07168136537075043,0.177781879901886,0.06180087476968765,302,human,0.0030712373554706573,0.006026545539498329,0.014926453121006489,0.5096182227134705,2011_AaHqtd4dUWs_00000_002_a,0.00019210088066756725,0.0032633382361382246,472,12,0.18209195137023926,0.18516318500041962,0.19293035566806793,0.1960015892982483,0.2057580202817917
0.23134976625442505,0.13825157284736633,0.22389018535614014,0.10431261360645294,303,human,0.003681896021589637,0.006569243501871824,0.01462713722139597,0.5604748725891113,2011_Agic36OeXC0_00016_000_a,-6.564846262335777e-05,0.003616247558966279,519,21,0.2927607595920563,0.2964426577091217,0.21058692038059235,0.21426881849765778,0.2517167925834656
0.39282646775245667,0.2878926992416382,0.2678610682487488,0.12866829335689545,304,human,0.0013784195762127638,0.0012295470805838704,0.008589042350649834,1.1210790872573853,2011_AqTaIbDTNnE_00007_000_a,-0.0002514946972951293,0.0011269248789176345,919,56,0.5156537890434265,0.5170322060585022,0.15232956409454346,0.15370798110961914,0.16048583388328552
0.3581511080265045,0.4788174629211426,0.2788998484611511,0.19750992953777313,305,human,0.006533117964863777,0.00655365502461791,0.011819539591670036,0.9968662858009338,2011_AqWLMW73b6Y_00000_000_a,-0.00027796439826488495,0.006255153566598892,711,23,0.4276728928089142,0.4342060089111328,0.5383935570716858,0.5449267029762268,0.5527387857437134
0.3310655355453491,0.24005727469921112,0.25004684925079346,0.117270827293396,306,human,0.004797976464033127,0.020283671095967293,0.02264474704861641,0.23654378950595856,2011_AqWLMW73b6Y_00000_000_c,3.816559910774231e-05,0.004836142063140869,310,34,0.27603593468666077,0.280833899974823,0.15686790645122528,0.1616658866405487,0.21188032627105713
0.26947149634361267,0.13282689452171326,0.2447749823331833,0.10352668911218643,307,human,0.0007656216039322317,0.0010119674261659384,0.00560816889628768,0.7565674185752869,2011_AqWLMW73b6Y_00000_001_a,0.00010735227260738611,0.0008729738765396178,636,51,0.15188808739185333,0.15265370905399323,0.13039784133434296,0.13116346299648285,0.13651899993419647
0.17662638425827026,0.06473815441131592,0.17914347350597382,0.05726541206240654,308,human,0.0005036551738157868,0.0032470757141709328,0.00427211495116353,0.15511038899421692,2011_AqWLMW73b6Y_00000_001_b,4.812568658962846e-05,0.0005517808604054153,248,21,0.2561055123806,0.256609171628952,0.09376294165849686,0.09426659345626831,0.11789363622665405
0.15992125868797302,0.05193149670958519,0.18231292068958282,0.06596050411462784,309,human,0.001733922865241766,0.016358207911252975,0.007418452296406031,0.10599711537361145,2011_AqWLMW73b6Y_00000_002_a,6.811809726059437e-06,0.0017407346749678254,202,12,0.17654229700565338,0.17827622592449188,0.15229912102222443,0.15403304994106293,0.23373107612133026
0.25193825364112854,0.12144476920366287,0.2360510379076004,0.09922049194574356,310,human,0.0007563194376416504,0.0015977780567482114,0.005115503445267677,0.4733569920063019,2011_AqWLMW73b6Y_00000_003_a,0.0002545518218539655,0.001010871259495616,476,43,0.41339728236198425,0.4141536056995392,0.13422632217407227,0.1349826455116272,0.1478484869003296
0.48492372035980225,0.4205995500087738,0.2879771292209625,0.13482432067394257,311,human,0.0024555979762226343,0.002751991618424654,0.015472871251404285,0.8922984600067139,2011_AqWLMW73b6Y_00000_004_a,0.0001533031463623047,0.002608901122584939,735,57,0.21057403087615967,0.2130296230316162,0.1478949785232544,0.15035057067871094,0.15870344638824463
0.21211521327495575,0.11323611438274384,0.19572508335113525,0.08017878979444504,312,human,0.0017207724740728736,1.9806263446807861,0.007086749188601971,0.0008688021916896105,2011_AqWLMW73b6Y_00000_004_b,2.232799306511879e-05,0.0017431004671379924,11,16,0.1457267701625824,0.14744754135608673,0.1006692573428154,0.10239002853631973,0.24281549453735352
0.17265596985816956,0.07112521678209305,0.18005307018756866,0.06292365491390228,313,human,0.0036299952771514654,0.0038272107485681772,0.016218628734350204,0.9484701752662659,2011_AqWLMW73b6Y_00000_004_d,2.4972017854452133e-05,0.0036549672950059175,763,11,0.19332391023635864,0.1969539076089859,0.2199857383966446,0.22361573576927185,0.2238164097070694
0.4843175411224365,0.6339989900588989,0.39340823888778687,0.35092639923095703,314,human,0.006773507688194513,0.01579607091844082,0.010991262272000313,0.42880964279174805,2011_ArXhfCr-vb8_00018_000_a,-8.696829900145531e-05,0.006686539389193058,430,39,0.5726785063743591,0.5794520378112793,0.5077329277992249,0.514506459236145,0.6162629723548889
0.5737438201904297,1.0360724925994873,0.3332589864730835,0.25083455443382263,315,human,0.006087290123105049,0.0050069550052285194,0.013979551382362843,1.2157669067382812,2011_AzGePmv0GD8_00013_000_a,0.00018767360597848892,0.006274963729083538,869,40,0.44247573614120483,0.4485630393028259,0.4393838047981262,0.4454711079597473,0.4354424476623535
0.3611016571521759,0.2378515750169754,0.2816769480705261,0.14118917286396027,316,human,0.0006260457448661327,0.08919525891542435,0.003655113745480776,0.007018823176622391,2011_B8cWjLMuJgo_00015_000_a,6.27774279564619e-05,0.0006888231728225946,45,58,0.05748603492975235,0.05811208114027977,0.0842304527759552,0.08485649526119232,0.1712794154882431
0.39696258306503296,0.3434208631515503,0.31126150488853455,0.18491773307323456,317,human,0.005241482984274626,0.005408564582467079,0.020454153418540955,0.969107985496521,2011_B9nqewDmx2U_00000_004_a,0.0001497785560786724,0.005391261540353298,765,49,0.18311522901058197,0.18835671246051788,0.22082586586475372,0.22606734931468964,0.256255179643631
0.2793456017971039,0.15953028202056885,0.2521657347679138,0.11592231690883636,318,human,0.0021100544836372137,0.0026751228142529726,0.013077422976493835,0.7887691855430603,2011_B9nqewDmx2U_00000_005_a,0.00011784443631768227,0.002227898919954896,666,47,0.3193632960319519,0.3214733600616455,0.12701508402824402,0.12912513315677643,0.16135093569755554
0.20903241634368896,0.10253158956766129,0.1949036717414856,0.07138843834400177,319,human,0.002745372476056218,0.0028630748856812716,0.017782824113965034,0.9588894844055176,2011_B9nqewDmx2U_00000_009_a,-5.61191700398922e-05,0.002689253306016326,776,23,0.23612143099308014,0.23886680603027344,0.1441701501607895,0.1469155251979828,0.15438337624073029
0.1586121916770935,0.055673886090517044,0.17247189581394196,0.056390587240457535,320,human,0.00528348283842206,0.010524777695536613,0.030379697680473328,0.5020042061805725,2011_B9nqewDmx2U_00000_012_a,-0.00015632528811693192,0.005127157550305128,488,11,0.29049548506736755,0.29577895998954773,0.1307654082775116,0.13604889810085297,0.17391492426395416
0.253797709941864,0.12640924751758575,0.23386043310165405,0.10688840597867966,321,human,0.0008361255750060081,0.0008968323818407953,0.0049854181706905365,0.9323097467422485,2011_BDiB3XcDsT0_00010_000_a,4.1866209357976913e-05,0.0008779917843639851,751,40,0.09273352473974228,0.09356965124607086,0.17407511174678802,0.174911230802536,0.1677142232656479
0.3148511052131653,0.2182396948337555,0.2540474832057953,0.1277039349079132,322,human,0.0007556700147688389,0.001987387891858816,0.0037787517067044973,0.3802327811717987,2011_BDiB3XcDsT0_00011_000_a,0.00023111666087061167,0.0009867866756394506,420,42,0.35955455899238586,0.36031022667884827,0.16960522532463074,0.17036089301109314,0.19997873902320862
0.3075583577156067,0.261340856552124,0.2751860022544861,0.1951725035905838,323,human,0.005433949176222086,0.021214034408330917,0.010132906027138233,0.2561487853527069,2011_BRWeoTfbbbg_00014_000_a,0.0002773003652691841,0.00571124954149127,325,23,0.35928982496261597,0.3647237718105316,0.40377873182296753,0.4092126786708832,0.5362675786018372
0.2650139033794403,0.17176492512226105,0.23575595021247864,0.11072596162557602,324,human,0.003393519436940551,0.003991155885159969,0.014410814270377159,0.8502597808837891,2011_BX91rzHyMv0_00002_000_a,-0.0001642697025090456,0.003229249734431505,682,28,0.20547424256801605,0.20886775851249695,0.21709206700325012,0.22048558294773102,0.23548422753810883
0.21126598119735718,0.10010647028684616,0.1860569268465042,0.06289102882146835,325,human,0.0003917668655049056,0.0020776044111698866,0.003299152944236994,0.18856662511825562,2011_BbsJiMmpObc_00013_000_a,5.239667370915413e-05,0.0004441635392140597,274,25,0.11687083542346954,0.11726260185241699,0.09957319498062134,0.09996496140956879,0.11874771118164062
0.2576678395271301,0.15583327412605286,0.24984002113342285,0.12774518132209778,326,human,0.0022840453311800957,0.007187505252659321,0.008642066270112991,0.3177799880504608,2011_BcRIvgk2USU_00036_000_a,8.944724686443806e-05,0.0023734925780445337,373,29,0.2070419043302536,0.20932595431804657,0.2190469205379486,0.22133097052574158,0.2642938792705536
0.3048204183578491,0.16338293254375458,0.24797309935092926,0.11067444086074829,327,human,0.0008870622259564698,0.0012662451481446624,0.006528238765895367,0.7005454301834106,2011_BcmM6kMxyBE_00003_000_a,-1.3811863027513027e-05,0.0008732503629289567,616,55,0.11531879752874374,0.1162058562040329,0.12737460434436798,0.12826167047023773,0.13588078320026398
0.2600760757923126,0.1583920270204544,0.2503008544445038,0.13397233188152313,328,human,0.0018388144671916962,0.010425490327179432,0.006930448580533266,0.17637678980827332,2011_BjCjlMXLVtw_00012_000_a,1.558091025799513e-05,0.0018543953774496913,270,30,0.22259876132011414,0.22443757951259613,0.209200918674469,0.211039736866951,0.26532402634620667
0.16420641541481018,0.0650516152381897,0.19793115556240082,0.09229212999343872,329,human,0.014699643477797508,0.011351549997925758,0.0347307026386261,1.2949459552764893,2011_BjCjlMXLVtw_00012_001_a,-0.0007250634953379631,0.013974579982459545,939,11,0.5595954656600952,0.5742951035499573,0.41953039169311523,0.4342300295829773,0.4232463538646698
0.6923657655715942,1.0087677240371704,0.28632062673568726,0.1583791971206665,330,human,0.0012025759788230062,0.00372325349599123,0.006703148130327463,0.32299062609672546,2011_BkW-4CWw3XQ_00000_000_a,-6.956979632377625e-07,0.0012018802808597684,373,56,0.12530195713043213,0.1265045404434204,0.1409163475036621,0.1421189308166504,0.17940466105937958
0.3465763032436371,0.35441654920578003,0.2710422873497009,0.17477236688137054,331,human,0.003663090756163001,0.004494025371968746,0.00994566734880209,0.8151023983955383,2011_BkW-4CWw3XQ_00000_000_b,0.0002715729642659426,0.003934663720428944,638,29,0.38460928201675415,0.38827237486839294,0.33813416957855225,0.34179726243019104,0.36831021308898926
0.6473901271820068,0.8468301892280579,0.341069757938385,0.2069365531206131,332,human,0.00542833935469389,0.0047858962789177895,0.02266472391784191,1.1342366933822632,2011_BkW-4CWw3XQ_00000_000_c,-0.0005441410467028618,0.004884198307991028,892,62,0.2895055413246155,0.29493388533592224,0.2096615582704544,0.21508990228176117,0.2395060807466507
0.27239447832107544,0.24790024757385254,0.2477615624666214,0.16222558915615082,333,human,0.011379112489521503,0.011401614174246788,0.016327720135450363,0.998026430606842,2011_BkvVBZwXVhg_00024_000_a,0.00039780139923095703,0.01177691388875246,692,14,1.077010154724121,1.088389277458191,0.6554094552993774,0.6667885780334473,0.696919858455658
0.377284437417984,0.2784835696220398,0.29864501953125,0.16786696016788483,334,human,0.0015116700669750571,0.007869736291468143,0.006547905504703522,0.19208650290966034,2011_Bl6Wk5M1vjk_00022_000_a,9.040860459208488e-05,0.001602078671567142,283,51,0.2019297331571579,0.20344139635562897,0.17826944589614868,0.17978110909461975,0.23086315393447876
0.23227040469646454,0.13426588475704193,0.2170076072216034,0.09515799582004547,335,human,0.0031729277689009905,0.003095862688496709,0.012654388323426247,1.0248929262161255,2011_Bl6Wk5M1vjk_00022_000_b,-0.0001391344703733921,0.0030337932985275984,789,21,0.4152882695198059,0.4184612035751343,0.22276750206947327,0.22594043612480164,0.25073733925819397
0.3571836054325104,0.2900600731372833,0.3147895038127899,0.22189755737781525,336,human,0.0034267441369593143,0.024984829127788544,0.010249637998640537,0.1371529996395111,2011_BmylCJhL-5Q_00014_000_a,7.904227823019028e-05,0.0035057864151895046,229,41,0.41838452219963074,0.4218112528324127,0.22325752675533295,0.22668427228927612,0.3343283236026764
0.27340933680534363,0.18739713728427887,0.25662338733673096,0.14617441594600677,337,human,0.006952445488423109,0.009612871333956718,0.0204638484865427,0.7232433557510376,2011_BsxYfYCbVC0_00002_000_a,0.00023667048662900925,0.007189115975052118,609,27,0.4142635464668274,0.4212159812450409,0.3048425316810608,0.3117949664592743,0.3397428095340729
0.4149027466773987,0.31847861409187317,0.3374953866004944,0.19798624515533447,338,human,0.0031353419180959463,0.002884373301640153,0.012276836670935154,1.0870097875595093,2011_Bu2PFyl689w_00006_000_a,-0.00028720381669700146,0.002848138101398945,840,55,0.279906302690506,0.28304165601730347,0.24793662130832672,0.251071959733963,0.2553867995738983
0.35747894644737244,0.251151978969574,0.38646960258483887,0.30716121196746826,339,human,0.0034714997746050358,0.02782212197780609,0.008477915078401566,0.12477480620145798,2011_C1kZTfHldfY_00043_000_a,8.385535329580307e-05,0.003555355127900839,223,52,0.28919345140457153,0.29266494512557983,0.23969051241874695,0.24316200613975525,0.4094756543636322
0.3426918685436249,0.32328060269355774,0.23383773863315582,0.10928426682949066,340,human,0.0012768239248543978,0.007815851829946041,0.006646106019616127,0.16336338222026825,2011_C2pUVmGEEeM_00031_000_a,2.4605775251984596e-05,0.0013014297001063824,258,34,0.3159920573234558,0.31726887822151184,0.14544272422790527,0.1467195451259613,0.19211609661579132
0.3464740514755249,0.22776415944099426,0.31817272305488586,0.1720314621925354,341,human,0.0005765472305938601,0.9232344031333923,0.002918380545452237,0.0006244863034226,2011_C4MVQby0InQ_00000_002_a,-3.6446028389036655e-05,0.0005401012022048235,9,63,0.08652999252080917,0.08710654079914093,0.08677341043949127,0.08734995871782303,0.1975572407245636
0.2115880399942398,0.09649884700775146,0.19097024202346802,0.06570561975240707,342,human,0.0006480212905444205,0.015219995751976967,0.004895033780485392,0.04257696866989136,2011_C5-RnOKEZ-4_00013_001_a,2.6427151169627905e-05,0.0006744484417140484,124,24,0.15729404985904694,0.15794207155704498,0.08451258391141891,0.08516060560941696,0.13238342106342316
0.5895460844039917,0.7001157999038696,0.41164952516555786,0.3044869601726532,343,human,0.010699284262955189,0.0083761690184474,0.027387745678424835,1.2773481607437134,2011_C841wEogE4U_00000_000_a,-0.00011727027595043182,0.010582013987004757,918,56,0.642620861530304,0.6533201336860657,0.37241601943969727,0.383115291595459,0.39065954089164734
0.6238491535186768,0.7166445255279541,0.42109912633895874,0.3137798607349396,344,human,0.007543382700532675,0.005900922697037458,0.02028646692633629,1.2783395051956177,2011_C841wEogE4U_00000_000_b,-2.3900065571069717e-05,0.007519482634961605,924,61,0.4475812017917633,0.4551245868206024,0.379955530166626,0.3874989151954651,0.3718430995941162
0.28605377674102783,0.24761343002319336,0.2495613694190979,0.14668340981006622,345,human,0.007132049649953842,0.008073740638792515,0.01653824932873249,0.8833637237548828,2011_C841wEogE4U_00000_000_c,-0.0007313797250390053,0.006400669924914837,664,20,0.33987346291542053,0.3470055162906647,0.42376285791397095,0.4308949112892151,0.43124574422836304
0.2480742484331131,0.12675432860851288,0.21161600947380066,0.08554708957672119,346,human,0.0008275493746623397,0.0007813256816007197,0.005097358953207731,1.059160590171814,2011_CH8HV5gXQB4_00011_000_a,7.633306086063385e-05,0.0009038824355229735,871,30,0.4430592358112335,0.44388678669929504,0.15573550760746002,0.15656305849552155,0.1623486578464508
0.20182886719703674,0.08264962583780289,0.22825103998184204,0.11056012660264969,347,human,0.005018135532736778,0.010916349478065968,0.019720925018191338,0.4596898853778839,2011_COhtZbBhOYU_00035_000_a,-8.045928552746773e-05,0.0049376762472093105,470,26,0.23308515548706055,0.23810328543186188,0.2121976763010025,0.21721580624580383,0.25445741415023804
0.21621376276016235,0.10839474946260452,0.2784532904624939,0.20722289383411407,348,human,0.01131612341850996,0.01298661157488823,0.01970801129937172,0.871368408203125,2011_CXoJegmhbI4_00052_000_a,0.0007367227226495743,0.012052846141159534,641,24,0.6184148192405701,0.6297309398651123,0.5185202360153198,0.5298363566398621,0.5741890072822571
0.3098939061164856,0.22607111930847168,0.283181756734848,0.15655174851417542,349,human,0.003401519265025854,0.01031543593853712,0.01367987785488367,0.3297504186630249,2011_CYGtLUZg1xA_00020_000_a,7.787207141518593e-05,0.00347939133644104,371,42,0.2450111210346222,0.24841263890266418,0.20235392451286316,0.20575544238090515,0.24865128099918365
0.32755759358406067,0.34418654441833496,0.23154103755950928,0.11271649599075317,350,human,0.002777285873889923,0.01323006208986044,0.010042019188404083,0.20992235839366913,2011_CYGtLUZg1xA_00020_001_a,-0.00012864009477198124,0.002648645779117942,298,24,0.21085020899772644,0.21362750232219696,0.22447487711906433,0.22725217044353485,0.2765664756298065
0.31331485509872437,0.3047068417072296,0.22044320404529572,0.09939686954021454,351,human,0.002575820544734597,0.004486782941967249,0.010109120979905128,0.5740907192230225,2011_CYGtLUZg1xA_00020_002_a,8.428888395428658e-05,0.0026601094286888838,521,22,0.27191874384880066,0.27449455857276917,0.2267259806394577,0.2293017953634262,0.2548016309738159
0.24895121157169342,0.12691622972488403,0.2777843177318573,0.16649922728538513,352,human,0.005156385246664286,0.005102298688143492,0.015428648330271244,1.0106004476547241,2011_CaHL7bVTtQQ_00035_000_a,0.00018546078354120255,0.005341846030205488,756,33,0.409603089094162,0.41475948691368103,0.33284974098205566,0.3380061388015747,0.33420848846435547
0.3064662218093872,0.21716967225074768,0.28903457522392273,0.17714811861515045,353,human,0.0028815115801990032,2.546572685241699,0.008714522235095501,0.0011315253796055913,2011_CiT-XIWEC8c_00001_000_a,-8.637364953756332e-05,0.00279513793066144,14,34,0.11717262119054794,0.12005413323640823,0.12482301890850067,0.12770453095436096,0.3306562900543213
0.18124821782112122,0.07856528460979462,0.19710330665111542,0.08530780673027039,354,human,0.005074505694210529,0.01125459372997284,0.016507156193256378,0.45088306069374084,2011_CiT-XIWEC8c_00001_001_a,-0.00011280179023742676,0.004961703903973103,444,14,0.26163047552108765,0.2667049765586853,0.2716033160686493,0.27667781710624695,0.3074124753475189
0.29047563672065735,0.19711937010288239,0.26512694358825684,0.14449439942836761,355,human,0.005977319553494453,0.004657672252506018,0.021129116415977478,1.283327579498291,2011_CmcZU82YaEw_00009_000_a,0.0007334626279771328,0.006710782181471586,972,33,0.6259419322013855,0.631919264793396,0.26995354890823364,0.27593088150024414,0.28289490938186646
0.19124458730220795,0.09461282193660736,0.227040633559227,0.15346817672252655,356,human,0.007661905605345964,0.045905373990535736,0.011943995952606201,0.16690650582313538,2011_CnT7g2Dit2A_00010_000_a,6.118183955550194e-05,0.007723087444901466,257,13,0.4036146104335785,0.41127651929855347,0.4416690766811371,0.44933098554611206,0.6414859294891357
0.210837259888649,0.1014174148440361,0.20380379259586334,0.08087126910686493,357,human,0.00234017800539732,0.003719037864357233,0.01302308402955532,0.6292428374290466,2011_CqgXhXx-EAk_00004_000_a,-0.00022823549807071686,0.002111942507326603,579,24,0.21153861284255981,0.21387879550457,0.1654469519853592,0.16778713464736938,0.17969460785388947
0.29311636090278625,0.2880522906780243,0.38365352153778076,1.1370962858200073,358,human,0.011082555167376995,0.10187342017889023,0.003330845618620515,0.10878750681877136,2011_CtIhkGu6ahY_00032_000_a,2.784840762615204e-05,0.011110403575003147,200,25,1.0422292947769165,1.053311824798584,1.044101357460022,1.0551838874816895,3.327249765396118
0.3980447053909302,0.39669087529182434,0.33262041211128235,0.23293983936309814,359,human,0.003763252403587103,0.07797370851039886,0.009589478373527527,0.04826309159398079,2011_Cvl0iKbdV6A_00001_000_a,-3.475719131529331e-05,0.0037284952122718096,133,40,0.23525971174240112,0.23902297019958496,0.20602378249168396,0.2097870409488678,0.39243555068969727
0.22958211600780487,0.1280328631401062,0.20583735406398773,0.08988167345523834,360,human,0.0072407410480082035,0.007947273552417755,0.02893221378326416,0.9110974669456482,2011_Cvl0iKbdV6A_00001_001_a,0.00011860346421599388,0.007359344512224197,717,19,0.32917147874832153,0.3364122211933136,0.2198745161294937,0.22711525857448578,0.2502657175064087
0.2769099473953247,0.1931859254837036,0.23204346001148224,0.10565536469221115,361,human,0.004081628751009703,0.009360691532492638,0.01926511339843273,0.4360392391681671,2011_D0NZyQWyZfI_00016_000_a,0.00010326877236366272,0.004184897523373365,440,30,0.26553258299827576,0.26961421966552734,0.1822698712348938,0.1863514930009842,0.2118663191795349
0.31068167090415955,0.17856605350971222,0.2217693328857422,0.0853317528963089,362,human,0.0005682944902218878,0.0018997476436197758,0.004820349160581827,0.29914209246635437,2011_D1kIRqy-sbA_00012_000_a,-4.022364737465978e-05,0.000528070842847228,357,46,0.2534424364566803,0.25401073694229126,0.10427111387252808,0.10483940690755844,0.11789488047361374
0.15413005650043488,0.04832712188363075,0.1771845668554306,0.06354371458292007,363,human,0.0024954164400696754,0.012534351088106632,0.00941389612853527,0.19908620417118073,2011_D5Oc_sYmlt8_00007_000_a,9.982357732951641e-05,0.002595240017399192,285,9,0.4992833137512207,0.5017787218093872,0.21846869587898254,0.22096411883831024,0.26507797837257385
0.1636161059141159,0.0669541284441948,0.17444731295108795,0.06161811947822571,364,human,0.004824414849281311,0.004718589596450329,0.019089924171566963,1.0224273204803467,2011_DDYj5ChFwbU_00000_000_a,0.00042912643402814865,0.00525354128330946,755,9,0.2100139558315277,0.21483837068080902,0.23987387120723724,0.24469828605651855,0.2527204751968384
0.3762114942073822,0.25304266810417175,0.2720431089401245,0.1274377405643463,365,human,0.0010135426418855786,0.0041458820924162865,0.006354837212711573,0.24446971714496613,2011_DHzx2P4x63c_00004_000_a,4.878372419625521e-05,0.0010623263660818338,321,56,0.1694709211587906,0.17048446834087372,0.1014765277504921,0.10249006748199463,0.15949152410030365
0.12871110439300537,0.030032070353627205,0.14810417592525482,0.038000576198101044,366,human,0.023681869730353355,0.026195190846920013,0.17315402626991272,0.9040541052818298,2011_DHzx2P4x63c_00004_000_c,-0.0008059944957494736,0.022875875234603882,651,3,0.0593324676156044,0.0830143392086029,0.060514673590660095,0.0841965451836586,0.1367676556110382
0.2426561564207077,0.13619296252727509,0.20623718202114105,0.08303641527891159,367,human,0.0054816585034132,0.005754987709224224,0.03130936995148659,0.9525056481361389,2011_DHzx2P4x63c_00004_002_a,-0.0010968046262860298,0.0043848538771271706,736,26,0.18707747757434845,0.1925591379404068,0.15562373399734497,0.16110539436340332,0.17508044838905334
0.4251408874988556,0.6700828075408936,0.32169032096862793,0.24973653256893158,368,human,0.004166461061686277,0.2199275642633438,0.006627523340284824,0.018944697454571724,2011_DMo2qyKq4_w_00034_000_a,9.391456842422485e-06,0.0041758525185287,81,26,0.3519299626350403,0.35609641671180725,0.27013567090034485,0.2743021249771118,0.6286603212356567
0.24557821452617645,0.12886343896389008,0.20313166081905365,0.07920966297388077,369,human,0.0009343010606244206,0.001048301812261343,0.006350494921207428,0.8912519812583923,2011_DNZ5NXKtdxs_00020_000_a,0.0002530773635953665,0.0011873784242197871,731,30,0.2895219326019287,0.29045623540878296,0.1422276794910431,0.14316198229789734,0.1471225619316101
0.39126405119895935,0.6401898860931396,0.27764663100242615,0.2275141179561615,370,human,0.00624280609190464,0.006594750564545393,0.008649542927742004,0.9466326236724854,2011_DQO3aIpmIDg_00005_000_a,-0.0004202555865049362,0.005822550505399704,671,18,0.560904860496521,0.5671476721763611,0.6687920689582825,0.6750348806381226,0.7217498421669006
0.3788595199584961,0.40031957626342773,0.38123631477355957,0.35929349064826965,371,human,0.006079910788685083,0.012311428785324097,0.008285656571388245,0.49384284019470215,2011_DVPGcQ1Ljgc_00010_000_a,0.0002270764671266079,0.006306987255811691,460,34,0.6099347472190857,0.6160146594047546,0.604600727558136,0.6106806397438049,0.7337874174118042
0.26237258315086365,0.14837928116321564,0.24101562798023224,0.11658887565135956,372,human,0.0032176824752241373,0.0029464252293109894,0.013935955241322517,1.0920631885528564,2011_DZN4r8p6KbU_00002_000_a,-0.0003533868584781885,0.002864295616745949,841,29,0.31416890025138855,0.31738659739494324,0.21132710576057434,0.21454478800296783,0.23089070618152618
0.2704085111618042,0.20138214528560638,0.2160433530807495,0.09074890613555908,373,human,0.0008080416591838002,0.4500609338283539,0.004687370266765356,0.0017954050563275814,2011_DZN4r8p6KbU_00005_000_a,1.2584205251187086e-05,0.0008206258644349873,19,27,0.14976808428764343,0.1505761295557022,0.06634046137332916,0.06714850664138794,0.1723869889974594
0.3184528052806854,0.2217223346233368,0.3401816785335541,0.22151866555213928,374,human,0.005625714547932148,0.009324976243078709,0.017125627025961876,0.6032953262329102,2011_D_A6gdlNh00_00033_000_a,-7.878057658672333e-05,0.005546933971345425,542,47,0.2624302804470062,0.2680560052394867,0.265333354473114,0.2709590792655945,0.3284968435764313
0.20554473996162415,0.10784594714641571,0.21956810355186462,0.10419732332229614,375,human,0.00200191093608737,0.051912494003772736,0.007134865038096905,0.03856318071484566,2011_D_A6gdlNh00_00033_000_b,1.1044321581721306e-05,0.0020129552576690912,117,21,0.1342153698205948,0.13621728122234344,0.12384407222270966,0.1258459836244583,0.2805814743041992
0.23225489258766174,0.17863047122955322,0.21601319313049316,0.12180615961551666,376,human,0.006781978998333216,0.033634986728429794,0.011105993762612343,0.20163466036319733,2011_DaMf1FF-iZ8_00018_000_a,-3.894558176398277e-05,0.006743033416569233,276,11,0.8408182263374329,0.8476002216339111,0.4827811121940613,0.48956307768821716,0.6106593608856201
0.17228040099143982,0.07559261471033096,0.18546979129314423,0.07451432943344116,377,human,0.005185945890843868,0.00615490460768342,0.015510005876421928,0.8425712585449219,2011_DbqqjC92PP4_00022_000_a,0.0008072466589510441,0.005993192549794912,649,10,0.43793368339538574,0.443119615316391,0.30999669432640076,0.315182626247406,0.33436131477355957
0.30633652210235596,0.3029637336730957,0.25916844606399536,0.1428108960390091,378,human,0.003405873430892825,0.005099282134324312,0.011617145501077175,0.6679123044013977,2011_De9FeSg3WTc_00037_000_a,0.00026979553513228893,0.003675668966025114,597,29,0.31416499614715576,0.31757086515426636,0.22919628024101257,0.23260214924812317,0.29317644238471985
0.2192513346672058,0.10058115422725677,0.25644129514694214,0.14351549744606018,379,human,0.004030069801956415,0.08048141002655029,0.012345057912170887,0.05007454380393028,2011_DedlZ0Es_dU_00043_000_a,1.4735851436853409e-05,0.004044805653393269,137,28,0.20631027221679688,0.21034033596515656,0.17989319562911987,0.18392325937747955,0.3264520764350891
0.17356738448143005,0.07826732844114304,0.26199042797088623,0.3289436995983124,380,human,0.008180392906069756,0.012304212898015976,0.0037453672848641872,0.6648448705673218,2011_DfcpuhTr8R0_00004_000_a,-7.772725075483322e-05,0.008102665655314922,490,9,1.5487453937530518,1.5569257736206055,1.5752803087234497,1.5834606885910034,2.184136390686035
0.26100412011146545,0.1524629294872284,0.2700381577014923,0.16306747496128082,381,human,0.005505395121872425,0.0060865613631904125,0.015936238691210747,0.9045164585113525,2011_DfcpuhTr8R0_00004_001_a,0.00013496167957782745,0.0056403568014502525,705,30,0.39597731828689575,0.4014827013015747,0.3003987967967987,0.30590417981147766,0.34546390175819397
0.27979326248168945,0.1389433890581131,0.25665685534477234,0.11494948714971542,382,human,0.001833383459597826,0.004320599138736725,0.011430954560637474,0.42433544993400574,2011_DkyCu7ryu-w_00016_000_b,-4.759139847010374e-05,0.0017857920611277223,446,48,0.40446820855140686,0.4063015878200531,0.12077368795871735,0.12260707467794418,0.16038760542869568
0.24885748326778412,0.19262287020683289,0.2166670262813568,0.10236149281263351,383,human,0.0030563417822122574,0.007218670099973679,0.01128259114921093,0.42339402437210083,2011_DnKAU918UaE_00003_000_a,0.00022672535851597786,0.0032830671407282352,432,20,0.5623397827148438,0.5653961300849915,0.23266245424747467,0.23571880161762238,0.2708900570869446
0.2507082223892212,0.16073425114154816,0.2214949131011963,0.09496839344501495,256,joint,0.06545368582010269,0.05627772584557533,0.24567417800426483,1.1630477905273438,2011_9r4784rihOc_00010_000_a,0.012861929833889008,0.0783156156539917,894,26,,,,,0.2664247751235962
0.23536260426044464,0.1592121720314026,0.23564183712005615,0.11110283434391022,257,joint,0.02013901062309742,0.043369755148887634,0.06960487365722656,0.46435612440109253,2011_9rstlW2YsmA_00013_000_a,0.0003608744591474533,0.020499885082244873,459,27,,,,,0.2893333435058594
0.27808162569999695,0.1402527242898941,0.35358384251594543,0.2290353775024414,258,joint,0.0023088306188583374,0.17925240099430084,0.008295303210616112,0.01288033276796341,2011_9rySfLgqHJc_00005_000_a,2.7358997613191605e-05,0.002336189616471529,65,51,,,,,0.27832987904548645
0.3553128242492676,0.5487522482872009,0.2621493637561798,0.2134910672903061,259,joint,0.0018564773490652442,21.523042678833008,0.0014555619563907385,8.62553424667567e-05,2011_9s-a1vp4LLk_00027_000_a,-9.628897532820702e-05,0.0017601883737370372,1,15,,,,,1.2754368782043457
0.20118097960948944,0.10257171839475632,0.31249770522117615,0.31811758875846863,260,joint,0.05126679316163063,0.10251885652542114,0.055060844868421555,0.5000718235969543,2011_9t8iEpdabms_00023_000_a,0.004868272691965103,0.056135065853595734,453,17,,,,,0.9310934543609619
0.2408873587846756,0.2627951204776764,0.23554810881614685,0.17403124272823334,261,joint,0.015753289684653282,0.10009842365980148,0.012865775264799595,0.15737800300121307,2011_9t8iEpdabms_00023_001_a,0.0002909284085035324,0.016044218093156815,247,9,,,,,1.2244337797164917
0.2362910509109497,0.12164364010095596,0.21088334918022156,0.08462239801883698,262,joint,0.009122011251747608,0.038956016302108765,0.04530845955014229,0.23416180908679962,2011_9tkDK2mZlOo_00007_000_a,7.171090692281723e-05,0.009193722158670425,310,29,,,,,0.20133130252361298
0.33824801445007324,0.24415482580661774,0.3184913694858551,0.21182627975940704,263,joint,0.10557080805301666,0.10972288250923157,0.2621442675590515,0.9621585607528687,2011_9tzlsm5IvIg_00000_000_a,0.003130495548248291,0.10870130360126495,712,38,,,,,0.40272027254104614
0.2726798951625824,0.1692350059747696,0.20205289125442505,0.07469524443149567,264,joint,0.005722023546695709,0.010126807726919651,0.026504140347242355,0.5650372505187988,2011_9uFe61ebm30_00020_000_a,0.0006965277716517448,0.006418551318347454,522,30,,,,,0.21589168906211853
0.2418513000011444,0.1633017510175705,0.2098771631717682,0.08633069694042206,265,joint,0.0179437305778265,0.024576781317591667,0.06108516827225685,0.7301090359687805,2011_9wr10j2nUJ4_00036_000_a,0.0016778316348791122,0.019621562212705612,602,23,,,,,0.2937493920326233
0.28409290313720703,0.17720402777194977,0.2596948444843292,0.15997476875782013,266,joint,0.014902754686772823,0.03928288817405701,0.048092249780893326,0.37937015295028687,2011_9yEylIfDkms_00018_000_a,0.00020707584917545319,0.015109830535948277,417,36,,,,,0.30987849831581116
0.29863810539245605,0.1867079883813858,0.2970689833164215,0.17367134988307953,267,joint,0.0020636471454054117,0.08457494527101517,0.006917954888194799,0.024400219321250916,2011_9zYrXFG6zSs_00020_000_a,-1.063779927790165e-05,0.00205300934612751,92,41,,,,,0.2983030676841736
0.20163750648498535,0.08045543730258942,0.23016490042209625,0.09973162412643433,268,joint,0.028374509885907173,0.03862156346440315,0.16444015502929688,0.7346804738044739,2011_A-KN6ZbpIDE_00012_000_a,-0.0006770342588424683,0.027697475627064705,625,33,,,,,0.1725521981716156
0.20060373842716217,0.08216723054647446,0.18948061764240265,0.06565900892019272,269,joint,0.020497867837548256,0.026449192315340042,0.13162663578987122,0.7749903202056885,2011_A59SQO2FvPA_00014_000_a,-0.0005890931934118271,0.01990877464413643,662,24,,,,,0.155727356672287
0.21879252791404724,0.10399352014064789,0.23757319152355194,0.135915607213974,270,joint,0.022789323702454567,0.06620368361473083,0.0732814148068428,0.34423044323921204,2011_A7ZmPaAVJgo_00005_000_a,-5.670078098773956e-05,0.022732622921466827,389,24,,,,,0.31098368763923645
0.3586265742778778,0.22011317312717438,0.2579599618911743,0.11565636098384857,271,joint,0.021078037098050117,0.021801861003041267,0.1119479313492775,0.9667999148368835,2011_A7ZmPaAVJgo_00015_000_a,0.002014029771089554,0.02309206686913967,778,57,,,,,0.18828429281711578
0.16962623596191406,0.06323202699422836,0.18469661474227905,0.0689748078584671,272,joint,0.009386943653225899,0.03072078339755535,0.036808211356401443,0.3055567741394043,2011_A7ZmPaAVJgo_00015_000_b,0.000452590174973011,0.00983953382819891,366,12,,,,,0.2550230920314789
0.17203646898269653,0.07599613070487976,0.1858045756816864,0.07421104609966278,273,joint,0.0810195580124855,0.08319193124771118,0.21460095047950745,0.9738872051239014,2011_A7ZmPaAVJgo_00015_001_a,-0.004136368632316589,0.07688318938016891,732,9,,,,,0.377535879611969
0.3616546094417572,0.2271447330713272,0.3066507577896118,0.16334185004234314,274,joint,0.009475166909396648,0.03712973743677139,0.04001327231526375,0.25519078969955444,2011_A7ZmPaAVJgo_00015_002_b,-6.7623332142829895e-06,0.009468404576182365,326,56,,,,,0.23680059611797333
0.344404011964798,0.21017585694789886,0.26806187629699707,0.1297156810760498,275,joint,0.06929944455623627,0.057011574506759644,0.3292415142059326,1.215532898902893,2011_A7ZmPaAVJgo_00015_002_c,0.04081600159406662,0.11011544615030289,987,52,,,,,0.21048209071159363
0.273740291595459,0.19175423681735992,0.2565354108810425,0.1492546945810318,276,joint,0.014593733474612236,0.03730131685733795,0.03680884465575218,0.39123910665512085,2011_A8CNtor4BPA_00002_000_a,0.00043316278606653214,0.015026896260678768,416,27,,,,,0.39647355675697327
0.2390674352645874,0.13774815201759338,0.32066795229911804,0.264253705739975,277,joint,0.07968704402446747,0.09813749045133591,0.14243671298027039,0.8119938969612122,2011_A8CNtor4BPA_00011_000_a,0.0014473572373390198,0.08113440126180649,623,27,,,,,0.5594558119773865
0.5649927854537964,0.6788259744644165,0.3887796700000763,0.2791304290294647,278,joint,0.08272247016429901,0.07415281236171722,0.1617676019668579,1.1155675649642944,2011_A8Tw5xASluI_00014_000_a,0.003367111086845398,0.08608958125114441,788,58,,,,,0.5113661289215088
0.1736999750137329,0.0735565796494484,0.19408175349235535,0.08475888520479202,279,joint,0.2502676546573639,0.1910424381494522,0.6994128227233887,1.3100107908248901,2011_A8Tw5xASluI_00023_000_a,0.009694665670394897,0.2599623203277588,979,11,,,,,0.357825368642807
0.15595926344394684,0.05644547939300537,0.18928095698356628,0.07672876119613647,280,joint,0.01225579995661974,0.08916144073009491,0.038930103182792664,0.1374562829732895,2011_A8wAYZAwQFs_00000_001_a,9.0060755610466e-05,0.012345860712230206,233,10,,,,,0.314815491437912
0.25086328387260437,0.21676799654960632,0.2606518566608429,0.1801711618900299,281,joint,0.0350121445953846,0.09206759184598923,0.048908233642578125,0.38028740882873535,2011_A8wAYZAwQFs_00000_002_a,0.0007805712521076202,0.03579271584749222,396,16,,,,,0.7158742547035217
0.27195948362350464,0.2237580418586731,0.2596074044704437,0.17998521029949188,282,joint,0.03245030343532562,0.10802249610424042,0.048006121069192886,0.3004032075405121,2011_A8wAYZAwQFs_00000_003_a,-8.338689804077148e-05,0.03236691653728485,355,19,,,,,0.6759617924690247
0.36550384759902954,0.26355063915252686,0.2611078917980194,0.12630407512187958,283,joint,0.0049440013244748116,0.08365432173013687,0.020090045407414436,0.05910037085413933,2011_A9KjjvZE0Lo_00022_000_a,-3.5594217479228973e-05,0.004908407106995583,150,49,,,,,0.24609209597110748
0.4602484107017517,0.6811525225639343,0.2717752158641815,0.15562991797924042,284,joint,0.017028819769620895,0.03636579588055611,0.024577436968684196,0.46826472878456116,2011_AHyK8eTGHNs_00000_000_a,0.0004784129559993744,0.01750723272562027,447,33,,,,,0.692863941192627
0.38301941752433777,0.2933909595012665,0.34930798411369324,0.2148103415966034,285,joint,0.00552920950576663,0.08286934345960617,0.01888488233089447,0.06672201305627823,2011_AHyK8eTGHNs_00000_000_b,2.3354310542345047e-05,0.005552563816308975,158,59,,,,,0.2927849590778351
0.358102411031723,0.27825507521629333,0.33705922961235046,0.25963589549064636,286,joint,0.07355237007141113,0.07538808137178421,0.15289412438869476,0.9756498336791992,2011_AL7UDurxc3w_00008_000_a,0.0004029273986816406,0.07395529747009277,716,39,,,,,0.48106735944747925
0.2893039286136627,0.22148631513118744,0.33571457862854004,0.2797742784023285,287,joint,0.19695352017879486,0.15279366075992584,0.3307870626449585,1.2890163660049438,2011_AM5EYO5wWMA_00079_000_a,-0.00487673282623291,0.19207678735256195,851,29,,,,,0.5954087972640991
0.20580939948558807,0.10629523545503616,0.19365158677101135,0.07472000271081924,288,joint,0.00911620818078518,0.039963364601135254,0.030008435249328613,0.22811412811279297,2011_AM5EYO5wWMA_00079_001_a,0.00033340509980916977,0.009449613280594349,301,14,,,,,0.3037881851196289
0.8250551819801331,1.9845422506332397,0.414182186126709,0.3596884310245514,289,joint,0.018966810777783394,0.055337365716695786,0.011576201766729355,0.3427487015724182,2011_AO-VFDYy9Rk_00015_000_a,0.00015103258192539215,0.019117843359708786,359,40,,,,,1.6384313106536865
0.28524214029312134,0.1757187843322754,0.2716420590877533,0.15278036892414093,290,joint,0.021769529208540916,0.03363386169075966,0.07492780685424805,0.6472503542900085,2011_APS_K6M4Qac_00007_000_a,4.1561201214790344e-05,0.021811090409755707,552,37,,,,,0.29054006934165955
0.3875778019428253,0.3400512933731079,0.29481232166290283,0.16215653717517853,291,joint,0.023458780720829964,0.05586724355816841,0.06970827281475067,0.4199022352695465,2011_APsmTB3F7Rs_00000_000_a,0.0006398465484380722,0.024098627269268036,427,46,,,,,0.33652791380882263
0.2097470611333847,0.1649293750524521,0.24894730746746063,0.21231569349765778,292,joint,0.00580498855561018,0.18671347200870514,0.004453272093087435,0.031090358272194862,2011_ASP2K-sFud0_00010_000_a,2.9239803552627563e-05,0.0058342283591628075,105,9,,,,,1.3035333156585693
0.228186696767807,0.2288087010383606,0.21506546437740326,0.1297347992658615,293,joint,0.048135265707969666,0.038904719054698944,0.049503717571496964,1.237260341644287,2011_AVKK_tDNQMc_00015_000_a,-0.0033232122659683228,0.04481205344200134,748,9,,,,,0.9723565578460693
0.3105214238166809,0.26359573006629944,0.23137100040912628,0.10635882616043091,294,joint,0.06058170646429062,0.04985536262392998,0.18987545371055603,1.2151492834091187,2011_AVKK_tDNQMc_00015_001_a,0.0116119384765625,0.07219364494085312,871,33,,,,,0.31906023621559143
0.2534336745738983,0.12742015719413757,0.21520617604255676,0.08624691516160965,295,joint,0.020628292113542557,0.025507278740406036,0.12889854609966278,0.8087217807769775,2011_AVKK_tDNQMc_00015_001_b,0.0006267707794904709,0.021255062893033028,674,40,,,,,0.16003510355949402
0.1994960904121399,0.08985704183578491,0.18223412334918976,0.06417729705572128,296,joint,0.02547375112771988,0.04174750670790672,0.12466643750667572,0.6101861596107483,2011_AVKK_tDNQMc_00015_002_a,0.00046612322330474854,0.025939874351024628,536,18,,,,,0.2043352723121643
0.3980230689048767,0.2975112497806549,0.31830596923828125,0.1975308060646057,297,joint,0.04810691252350807,0.046479731798172,0.14561599493026733,1.035008430480957,2011_AaHqtd4dUWs_00000_000_a,0.0013940408825874329,0.049500953406095505,780,50,,,,,0.3303683400154114
0.4747202694416046,0.4054700434207916,0.37944620847702026,0.25770121812820435,298,joint,0.0072386739775538445,0.06675975769758224,0.018372969701886177,0.1084287017583847,2011_AaHqtd4dUWs_00000_000_b,-0.000151180662214756,0.0070874933153390884,205,57,,,,,0.39398497343063354
0.3760960102081299,0.25369691848754883,0.3039523661136627,0.17048609256744385,299,joint,0.04509175941348076,0.04409825801849365,0.1696602702140808,1.0225292444229126,2011_AaHqtd4dUWs_00000_000_c,0.0022248439490795135,0.04731660336256027,795,53,,,,,0.26577678322792053
0.33256059885025024,0.2123965322971344,0.28282052278518677,0.16253510117530823,300,joint,0.002563675632700324,0.24632930755615234,0.008716216310858727,0.010407513938844204,2011_AaHqtd4dUWs_00000_000_f,2.001877874135971e-05,0.0025836944114416838,57,42,,,,,0.29412713646888733
0.2495465725660324,0.13476766645908356,0.20153279602527618,0.08230860531330109,301,joint,0.002760077128186822,0.01791122928261757,0.011665929108858109,0.15409758687019348,2011_AaHqtd4dUWs_00000_001_a,9.712902829051018e-05,0.002857206156477332,250,25,,,,,0.23659299314022064
0.17726019024848938,0.07168136537075043,0.177781879901886,0.06180087476968765,302,joint,0.07880708575248718,0.06661847978830338,0.32550838589668274,1.182961344718933,2011_AaHqtd4dUWs_00000_002_a,0.02033616602420807,0.09914325177669525,950,12,,,,,0.242104634642601
0.23134976625442505,0.13825157284736633,0.22389018535614014,0.10431261360645294,303,joint,0.0018754057819023728,0.15791799128055573,0.006066605914384127,0.011875821277499199,2011_Agic36OeXC0_00016_000_a,-2.8371112421154976e-05,0.0018470346694812179,61,21,,,,,0.30913591384887695
0.39282646775245667,0.2878926992416382,0.2678610682487488,0.12866829335689545,304,joint,0.0015444098971784115,0.048477862030267715,0.006636063568294048,0.03185804560780525,2011_AqTaIbDTNnE_00007_000_a,1.2838980183005333e-05,0.0015572488773614168,105,56,,,,,0.23272982239723206
0.3581511080265045,0.4788174629211426,0.2788998484611511,0.19750992953777313,305,joint,0.0029775004368275404,0.19369815289974213,0.003425596049055457,0.015371858142316341,2011_AqWLMW73b6Y_00000_000_a,2.389354631304741e-05,0.003001393983140588,70,23,,,,,0.8691919445991516
0.3310655355453491,0.24005727469921112,0.25004684925079346,0.117270827293396,306,joint,0.02277451381087303,0.04027200862765312,0.07411821186542511,0.5655171871185303,2011_AqWLMW73b6Y_00000_000_c,0.0007999036461114883,0.02357441745698452,526,34,,,,,0.30727285146713257
0.26947149634361267,0.13282689452171326,0.2447749823331833,0.10352668911218643,307,joint,0.006206148769706488,0.02172772027552128,0.040761638432741165,0.28563275933265686,2011_AqWLMW73b6Y_00000_001_a,0.00022382987663149834,0.006429978646337986,351,51,,,,,0.1522546410560608
0.17662638425827026,0.06473815441131592,0.17914347350597382,0.05726541206240654,308,joint,0.04720744490623474,0.043532274663448334,0.3527328372001648,1.0844240188598633,2011_AqWLMW73b6Y_00000_001_b,0.009807799011468887,0.05701524391770363,941,21,,,,,0.13383342325687408
0.15992125868797302,0.05193149670958519,0.18231292068958282,0.06596050411462784,309,joint,0.023490577936172485,0.02952207252383232,0.10712666064500809,0.795695424079895,2011_AqWLMW73b6Y_00000_002_a,0.004138635471463203,0.02762921340763569,649,12,,,,,0.21927854418754578
0.25193825364112854,0.12144476920366287,0.2360510379076004,0.09922049194574356,310,joint,0.009850713424384594,0.024239862337708473,0.06045268476009369,0.4063848853111267,2011_AqWLMW73b6Y_00000_003_a,0.00031149759888648987,0.010162211023271084,424,43,,,,,0.16294914484024048
0.48492372035980225,0.4205995500087738,0.2879771292209625,0.13482432067394257,311,joint,0.020972346886992455,0.024231353774666786,0.07303067296743393,0.8655045628547668,2011_AqWLMW73b6Y_00000_004_a,-0.0001880154013633728,0.02078433148562908,673,57,,,,,0.28717175126075745
0.21211521327495575,0.11323611438274384,0.19572508335113525,0.08017878979444504,312,joint,0.00943672377616167,0.06700561195611954,0.03073456510901451,0.14083482325077057,2011_AqWLMW73b6Y_00000_004_b,0.00017872359603643417,0.009615447372198105,237,16,,,,,0.30703943967819214
0.17265596985816956,0.07112521678209305,0.18005307018756866,0.06292365491390228,313,joint,0.027843311429023743,0.03542059287428856,0.10665827989578247,0.7860769629478455,2011_AqWLMW73b6Y_00000_004_d,-0.0009734462946653366,0.026869865134358406,638,11,,,,,0.26105156540870667
0.4843175411224365,0.6339989900588989,0.39340823888778687,0.35092639923095703,314,joint,0.0587136372923851,0.07399609684944153,0.07262404263019562,0.7934693694114685,2011_ArXhfCr-vb8_00018_000_a,-0.00027288123965263367,0.05844075605273247,595,39,,,,,0.8084600567817688
0.5737438201904297,1.0360724925994873,0.3332589864730835,0.25083455443382263,315,joint,0.010398179292678833,0.06264256685972214,0.01117984764277935,0.16599223017692566,2011_AzGePmv0GD8_00013_000_a,0.0002447664737701416,0.010642945766448975,256,40,,,,,0.930082380771637
0.3611016571521759,0.2378515750169754,0.2816769480705261,0.14118917286396027,316,joint,0.0022907147649675608,0.03875596076250076,0.010692008771002293,0.05910612642765045,2011_B8cWjLMuJgo_00015_000_a,-5.037290975451469e-06,0.0022856774739921093,149,58,,,,,0.2142454981803894
0.39696258306503296,0.3434208631515503,0.31126150488853455,0.18491773307323456,317,joint,0.015841763466596603,0.037587299942970276,0.04641640931367874,0.42146584391593933,2011_B9nqewDmx2U_00000_004_a,0.0001475755125284195,0.015989338979125023,435,49,,,,,0.34129661321640015
0.2793456017971039,0.15953028202056885,0.2521657347679138,0.11592231690883636,318,joint,0.024735674262046814,0.0246611088514328,0.13208886981010437,1.003023624420166,2011_B9nqewDmx2U_00000_005_a,0.0019588060677051544,0.02669448032975197,797,47,,,,,0.18726539611816406
0.20903241634368896,0.10253158956766129,0.1949036717414856,0.07138843834400177,319,joint,0.010989290662109852,0.02547924593091011,0.05633857101202011,0.43130362033843994,2011_B9nqewDmx2U_00000_009_a,-0.0004353504627943039,0.010553940199315548,445,23,,,,,0.19505803287029266
0.1586121916770935,0.055673886090517044,0.17247189581394196,0.056390587240457535,320,joint,0.024242524057626724,0.037620894610881805,0.1263086348772049,0.6443898677825928,2011_B9nqewDmx2U_00000_012_a,-0.0005362574011087418,0.023706266656517982,566,11,,,,,0.1919308602809906
0.253797709941864,0.12640924751758575,0.23386043310165405,0.10688840597867966,321,joint,0.010665998794138432,0.012758005410432816,0.05817431956529617,0.8360239863395691,2011_BDiB3XcDsT0_00010_000_a,0.0009789112955331802,0.011644910089671612,680,40,,,,,0.1833454817533493
0.3148511052131653,0.2182396948337555,0.2540474832057953,0.1277039349079132,322,joint,0.015943260863423347,0.016891174018383026,0.06215474382042885,0.9438811540603638,2011_BDiB3XcDsT0_00011_000_a,0.00038295798003673553,0.016326218843460083,749,42,,,,,0.2565091550350189
0.3075583577156067,0.261340856552124,0.2751860022544861,0.1951725035905838,323,joint,0.0036713075824081898,0.24606415629386902,0.005911268759518862,0.014920123852789402,2011_BRWeoTfbbbg_00014_000_a,3.527384251356125e-07,0.0036716603208333254,71,23,,,,,0.6210693120956421
0.2650139033794403,0.17176492512226105,0.23575595021247864,0.11072596162557602,324,joint,0.0140125947073102,0.05008940026164055,0.047419048845767975,0.2797516882419586,2011_BX91rzHyMv0_00002_000_a,-8.550100028514862e-05,0.013927093707025051,349,28,,,,,0.2955056130886078
0.21126598119735718,0.10010647028684616,0.1860569268465042,0.06289102882146835,325,joint,0.02042963355779648,0.018626051023602486,0.12594306468963623,1.096831202507019,2011_BbsJiMmpObc_00013_000_a,0.01750895380973816,0.03793858736753464,921,25,,,,,0.1622132509946823
0.2576678395271301,0.15583327412605286,0.24984002113342285,0.12774518132209778,326,joint,0.03207987919449806,0.0399758405983448,0.1082698404788971,0.8024816513061523,2011_BcRIvgk2USU_00036_000_a,0.0010583661496639252,0.03313824534416199,640,29,,,,,0.2962956130504608
0.3048204183578491,0.16338293254375458,0.24797309935092926,0.11067444086074829,327,joint,0.005873376503586769,0.015166833996772766,0.03631715849041939,0.3872513175010681,2011_BcmM6kMxyBE_00003_000_a,9.141117334365845e-05,0.0059647876769304276,417,55,,,,,0.16172456741333008
0.2600760757923126,0.1583920270204544,0.2503008544445038,0.13397233188152313,328,joint,0.011853788048028946,0.04765602946281433,0.0401092953979969,0.24873636662960052,2011_BjCjlMXLVtw_00012_000_a,4.747975617647171e-05,0.011901267804205418,324,30,,,,,0.29553717374801636
0.16420641541481018,0.0650516152381897,0.19793115556240082,0.09229212999343872,329,joint,0.16664782166481018,0.15785352885723114,0.4387122690677643,1.0557117462158203,2011_BjCjlMXLVtw_00012_001_a,0.004289284348487854,0.17093710601329803,770,11,,,,,0.37985676527023315
0.6923657655715942,1.0087677240371704,0.28632062673568726,0.1583791971206665,330,joint,0.007542226929217577,0.014767922461032867,0.013327195309102535,0.5107168555259705,2011_BkW-4CWw3XQ_00000_000_a,-0.0002652723342180252,0.007276954594999552,467,56,,,,,0.5659275650978088
0.3465763032436371,0.35441654920578003,0.2710422873497009,0.17477236688137054,331,joint,0.031866684556007385,0.042725495994091034,0.05938984081149101,0.7458470463752747,2011_BkW-4CWw3XQ_00000_000_b,-0.000681314617395401,0.031185369938611984,598,29,,,,,0.5365679264068604
0.6473901271820068,0.8468301892280579,0.341069757938385,0.2069365531206131,332,joint,0.06388355046510696,0.052566688507795334,0.12792359292507172,1.2152857780456543,2011_BkW-4CWw3XQ_00000_000_c,-0.0020621605217456818,0.06182138994336128,828,62,,,,,0.49938833713531494
0.27239447832107544,0.24790024757385254,0.2477615624666214,0.16222558915615082,333,joint,0.4616124629974365,0.2778184711933136,0.5327420830726624,1.6615614891052246,2011_BkvVBZwXVhg_00024_000_a,0.01256561279296875,0.4741780757904053,920,14,,,,,0.8664839863777161
0.377284437417984,0.2784835696220398,0.29864501953125,0.16786696016788483,334,joint,0.04153834283351898,0.04581325128674507,0.14496813714504242,0.906688392162323,2011_Bl6Wk5M1vjk_00022_000_a,0.0032405629754066467,0.04477890580892563,719,51,,,,,0.28653427958488464
0.23227040469646454,0.13426588475704193,0.2170076072216034,0.09515799582004547,335,joint,0.018771719187498093,0.03453327342867851,0.06157774478197098,0.5435835719108582,2011_Bl6Wk5M1vjk_00022_000_b,0.00019752606749534607,0.01896924525499344,509,21,,,,,0.3048458397388458
0.3571836054325104,0.2900600731372833,0.3147895038127899,0.22189755737781525,336,joint,0.025875873863697052,0.034878071397542953,0.0661957785487175,0.7418951988220215,2011_BmylCJhL-5Q_00014_000_a,0.0012215245515108109,0.027097398415207863,608,41,,,,,0.3908991515636444
0.27340933680534363,0.18739713728427887,0.25662338733673096,0.14617441594600677,337,joint,0.02949199266731739,0.04873814433813095,0.07668589055538177,0.6051111221313477,2011_BsxYfYCbVC0_00002_000_a,0.0006063599139451981,0.03009835258126259,532,27,,,,,0.3845817446708679
0.4149027466773987,0.31847861409187317,0.3374953866004944,0.19798624515533447,338,joint,0.030681604519486427,0.02674342878162861,0.09834636747837067,1.147257685661316,2011_Bu2PFyl689w_00006_000_a,0.005417278036475182,0.03609888255596161,854,55,,,,,0.31197497248649597
0.35747894644737244,0.251151978969574,0.38646960258483887,0.30716121196746826,339,joint,0.0676114559173584,0.06131865829229355,0.17360195517539978,1.102624535560608,2011_C1kZTfHldfY_00043_000_a,0.0027181506156921387,0.07032960653305054,803,52,,,,,0.38946253061294556
0.3426918685436249,0.32328060269355774,0.23383773863315582,0.10928426682949066,340,joint,0.01536769699305296,0.029947970062494278,0.04323611035943031,0.5131465196609497,2011_C2pUVmGEEeM_00031_000_a,-0.00024500302970409393,0.015122693963348866,478,34,,,,,0.35543662309646606
0.3464740514755249,0.22776415944099426,0.31817272305488586,0.1720314621925354,341,joint,0.012271592393517494,0.03120354376733303,0.055646151304244995,0.39327558875083923,2011_C4MVQby0InQ_00000_002_a,-0.00042646564543247223,0.011845126748085022,419,63,,,,,0.22052903473377228
0.2115880399942398,0.09649884700775146,0.19097024202346802,0.06570561975240707,342,joint,0.00530184805393219,0.01777040958404541,0.031057575717568398,0.29835259914398193,2011_C5-RnOKEZ-4_00013_001_a,0.00019493373110890388,0.005496781785041094,353,24,,,,,0.17071029543876648
0.5895460844039917,0.7001157999038696,0.41164952516555786,0.3044869601726532,343,joint,0.07689577341079712,0.0582985021173954,0.13488225638866425,1.3190008401870728,2011_C841wEogE4U_00000_000_a,0.0018472075462341309,0.07874298095703125,853,56,,,,,0.5700955390930176
0.6238491535186768,0.7166445255279541,0.42109912633895874,0.3137798607349396,344,joint,0.0038109258748590946,0.038262076675891876,0.007063338533043861,0.09960059821605682,2011_C841wEogE4U_00000_000_b,1.904647797346115e-05,0.0038299723528325558,197,61,,,,,0.5395360589027405
0.28605377674102783,0.24761343002319336,0.2495613694190979,0.14668340981006622,345,joint,0.031340960413217545,0.03389504924416542,0.05477841943502426,0.9246471524238586,2011_C841wEogE4U_00000_000_c,0.0013124160468578339,0.03265337646007538,664,20,,,,,0.572140634059906
0.2480742484331131,0.12675432860851288,0.21161600947380066,0.08554708957672119,346,joint,0.010151004418730736,0.012470146641135216,0.05054699629545212,0.8140244483947754,2011_CH8HV5gXQB4_00011_000_a,0.0037326673045754433,0.013883671723306179,680,30,,,,,0.2008230984210968
0.20182886719703674,0.08264962583780289,0.22825103998184204,0.11056012660264969,347,joint,0.10162021219730377,0.0889735221862793,0.4358777105808258,1.1421399116516113,2011_COhtZbBhOYU_00035_000_a,-0.00642763078212738,0.09519258141517639,878,26,,,,,0.2331392765045166
0.21621376276016235,0.10839474946260452,0.2784532904624939,0.20722289383411407,348,joint,0.11458500474691391,0.1007055938243866,0.2399258017539978,1.1378216743469238,2011_CXoJegmhbI4_00052_000_a,-0.0015288516879081726,0.11305615305900574,803,24,,,,,0.47758516669273376
0.3098939061164856,0.22607111930847168,0.283181756734848,0.15655174851417542,349,joint,0.013265988789498806,0.05337855964899063,0.04519513621926308,0.24852654337882996,2011_CYGtLUZg1xA_00020_000_a,0.00022271089255809784,0.013488699682056904,320,42,,,,,0.29352691769599915
0.32755759358406067,0.34418654441833496,0.23154103755950928,0.11271649599075317,350,joint,0.00832335464656353,0.06691450625658035,0.015875332057476044,0.12438789755105972,2011_CYGtLUZg1xA_00020_001_a,-0.00011055637151002884,0.008212798275053501,223,24,,,,,0.5242948532104492
0.31331485509872437,0.3047068417072296,0.22044320404529572,0.09939686954021454,351,joint,0.332477331161499,0.22853074967861176,0.6710036396980286,1.4548472166061401,2011_CYGtLUZg1xA_00020_002_a,-0.005342990159988403,0.3271343410015106,962,22,,,,,0.4954925775527954
0.24895121157169342,0.12691622972488403,0.2777843177318573,0.16649922728538513,352,joint,0.011025448329746723,0.039596185088157654,0.035773858428001404,0.2784472405910492,2011_CaHL7bVTtQQ_00035_000_a,0.000569627620279789,0.011595075950026512,344,33,,,,,0.3081984519958496
0.3064662218093872,0.21716967225074768,0.28903457522392273,0.17714811861515045,353,joint,0.06765037029981613,0.07592505216598511,0.18329982459545135,0.8910151720046997,2011_CiT-XIWEC8c_00001_000_a,0.0008667781949043274,0.06851714849472046,699,34,,,,,0.36906948685646057
0.18124821782112122,0.07856528460979462,0.19710330665111542,0.08530780673027039,354,joint,0.11496569216251373,0.09562219679355621,0.3731757700443268,1.2022908926010132,2011_CiT-XIWEC8c_00001_001_a,0.005058661103248596,0.12002435326576233,930,14,,,,,0.30807384848594666
0.29047563672065735,0.19711937010288239,0.26512694358825684,0.14449439942836761,355,joint,0.08274590969085693,0.07659168541431427,0.2529515326023102,1.0803511142730713,2011_CmcZU82YaEw_00009_000_a,0.003866232931613922,0.08661214262247086,815,33,,,,,0.3271216154098511
0.19124458730220795,0.09461282193660736,0.227040633559227,0.15346817672252655,356,joint,0.041737936437129974,0.08188960701227188,0.07393679767847061,0.5096853971481323,2011_CnT7g2Dit2A_00010_000_a,0.003155883401632309,0.04489381983876228,472,13,,,,,0.564508318901062
0.210837259888649,0.1014174148440361,0.20380379259586334,0.08087126910686493,357,joint,0.08847741037607193,0.07727794349193573,0.4265308678150177,1.144924521446228,2011_CqgXhXx-EAk_00004_000_a,-0.009003333747386932,0.079474076628685,946,24,,,,,0.20743495225906372
0.29311636090278625,0.2880522906780243,0.38365352153778076,1.1370962858200073,358,joint,0.06553927809000015,0.053623124957084656,0.026335829868912697,1.2222204208374023,2011_CtIhkGu6ahY_00032_000_a,0.0024046599864959717,0.06794393807649612,626,25,,,,,2.4885973930358887
0.3980447053909302,0.39669087529182434,0.33262041211128235,0.23293983936309814,359,joint,0.011241605505347252,0.09358992427587509,0.02240556851029396,0.12011554837226868,2011_Cvl0iKbdV6A_00001_000_a,0.00015069637447595596,0.011392301879823208,219,40,,,,,0.5017326474189758
0.22958211600780487,0.1280328631401062,0.20583735406398773,0.08988167345523834,360,joint,0.007204529829323292,0.12148353457450867,0.02325117401778698,0.059304580092430115,2011_Cvl0iKbdV6A_00001_001_a,-2.9988586902618408e-05,0.007174541242420673,152,19,,,,,0.3098565936088562
0.2769099473953247,0.1931859254837036,0.23204346001148224,0.10565536469221115,361,joint,0.05013441666960716,0.0521688237786293,0.17323002219200134,0.9610034227371216,2011_D0NZyQWyZfI_00016_000_a,0.003337465226650238,0.0534718818962574,763,30,,,,,0.2894095182418823
0.31068167090415955,0.17856605350971222,0.2217693328857422,0.0853317528963089,362,joint,0.002515222644433379,0.017039522528648376,0.014757532626390457,0.1476110965013504,2011_D1kIRqy-sbA_00012_000_a,-6.22984953224659e-06,0.0025089927949011326,244,46,,,,,0.1704365313053131
0.15413005650043488,0.04832712188363075,0.1771845668554306,0.06354371458292007,363,joint,0.03682241588830948,0.0489155575633049,0.14869099855422974,0.7527751326560974,2011_D5Oc_sYmlt8_00007_000_a,0.0018281489610671997,0.03865056484937668,626,9,,,,,0.24764388799667358
0.1636161059141159,0.0669541284441948,0.17444731295108795,0.06161811947822571,364,joint,0.007503753062337637,0.04075485095381737,0.025751562789082527,0.18411925435066223,2011_DDYj5ChFwbU_00000_000_a,0.00027914904057979584,0.007782902102917433,277,9,,,,,0.29139021039009094
0.3762114942073822,0.25304266810417175,0.2720431089401245,0.1274377405643463,365,joint,0.0420384407043457,0.03710182383656502,0.19412074983119965,1.1330559253692627,2011_DHzx2P4x63c_00004_000_a,0.008571475744247437,0.05060991644859314,896,56,,,,,0.21655820310115814
0.12871110439300537,0.030032070353627205,0.14810417592525482,0.038000576198101044,366,joint,0.025386368855834007,0.055461253970861435,0.1845373660326004,0.45773160457611084,2011_DHzx2P4x63c_00004_000_c,0.003748057410120964,0.02913442626595497,473,3,,,,,0.1375676393508911
0.2426561564207077,0.13619296252727509,0.20623718202114105,0.08303641527891159,367,joint,0.0019950163550674915,0.05358809232711792,0.008608799427747726,0.03722872585058212,2011_DHzx2P4x63c_00004_002_a,-2.6191119104623795e-06,0.001992397243157029,115,26,,,,,0.2317415326833725
0.4251408874988556,0.6700828075408936,0.32169032096862793,0.24973653256893158,368,joint,0.4891970157623291,0.2469584196805954,0.46727225184440613,1.9808881282806396,2011_DMo2qyKq4_w_00034_000_a,0.31419283151626587,0.803389847278595,989,26,,,,,1.0469207763671875
0.24557821452617645,0.12886343896389008,0.20313166081905365,0.07920966297388077,369,joint,0.009615116752684116,0.016598891466856003,0.04985072463750839,0.5792626142501831,2011_DNZ5NXKtdxs_00020_000_a,0.00010121520608663559,0.009716331958770752,528,30,,,,,0.19287817180156708
0.39126405119895935,0.6401898860931396,0.27764663100242615,0.2275141179561615,370,joint,0.02711651101708412,0.03996063768863678,0.020231766626238823,0.6785805225372314,2011_DQO3aIpmIDg_00005_000_a,0.0012122448533773422,0.028328755870461464,527,18,,,,,1.3402937650680542
0.3788595199584961,0.40031957626342773,0.38123631477355957,0.35929349064826965,371,joint,0.005064492113888264,0.16593217849731445,0.006554254796355963,0.030521458014845848,2011_DVPGcQ1Ljgc_00010_000_a,2.148561179637909e-05,0.005085977725684643,102,34,,,,,0.7727029919624329
0.26237258315086365,0.14837928116321564,0.24101562798023224,0.11658887565135956,372,joint,0.018528282642364502,0.049674127250909805,0.06927090138196945,0.37299662828445435,2011_DZN4r8p6KbU_00002_000_a,0.0010600928217172623,0.019588375464081764,408,29,,,,,0.2674756944179535
0.2704085111618042,0.20138214528560638,0.2160433530807495,0.09074890613555908,373,joint,0.04294648766517639,0.04101736471056938,0.15066561102867126,1.0470318794250488,2011_DZN4r8p6KbU_00005_000_a,0.004226658493280411,0.0471731461584568,802,27,,,,,0.2850450575351715
0.3184528052806854,0.2217223346233368,0.3401816785335541,0.22151866555213928,374,joint,0.09958655387163162,0.09282808750867844,0.3001593351364136,1.0728062391281128,2011_D_A6gdlNh00_00033_000_a,-0.0038461685180664062,0.09574038535356522,817,47,,,,,0.33177897334098816
0.20554473996162415,0.10784594714641571,0.21956810355186462,0.10419732332229614,375,joint,0.009299964644014835,0.06872982531785965,0.03168732672929764,0.13531191647052765,2011_D_A6gdlNh00_00033_000_b,-9.751878678798676e-05,0.009202445857226849,229,21,,,,,0.2934916019439697
0.23225489258766174,0.17863047122955322,0.21601319313049316,0.12180615961551666,376,joint,0.006632872391492128,0.18246440589427948,0.008716012351214886,0.03635159507393837,2011_DaMf1FF-iZ8_00018_000_a,6.954977288842201e-05,0.00670242216438055,112,11,,,,,0.7609984874725342
0.17228040099143982,0.07559261471033096,0.18546979129314423,0.07451432943344116,377,joint,0.014362827874720097,0.06078941747546196,0.04030023515224457,0.23627184331417084,2011_DbqqjC92PP4_00022_000_a,0.0003327634185552597,0.014695591293275356,308,10,,,,,0.3563956320285797
0.30633652210235596,0.3029637336730957,0.25916844606399536,0.1428108960390091,378,joint,0.002218966605141759,0.07075469195842743,0.005015347618609667,0.031361404806375504,2011_De9FeSg3WTc_00037_000_a,2.6132678613066673e-05,0.0022450992837548256,106,29,,,,,0.44243526458740234
0.2192513346672058,0.10058115422725677,0.25644129514694214,0.14351549744606018,379,joint,0.018178438767790794,0.07225613296031952,0.062014609575271606,0.2515833377838135,2011_DedlZ0Es_dU_00043_000_a,8.558668196201324e-05,0.018264025449752808,323,28,,,,,0.293131560087204
0.17356738448143005,0.07826732844114304,0.26199042797088623,0.3289436995983124,380,joint,1.4821226596832275,0.6085010766983032,0.9277413487434387,2.435694456100464,2011_DfcpuhTr8R0_00004_000_a,0.059239983558654785,1.5413626432418823,973,9,,,,,1.597560167312622
0.26100412011146545,0.1524629294872284,0.2700381577014923,0.16306747496128082,381,joint,0.14079943299293518,0.11742502450942993,0.40953347086906433,1.199058175086975,2011_DfcpuhTr8R0_00004_001_a,-0.004384055733680725,0.13641537725925446,890,30,,,,,0.3438044488430023
0.27979326248168945,0.1389433890581131,0.25665685534477234,0.11494948714971542,382,joint,0.019661108031868935,0.020353352651000023,0.11261187493801117,0.9659886956214905,2011_DkyCu7ryu-w_00016_000_b,0.003696151077747345,0.02335725910961628,777,48,,,,,0.1745917797088623
0.24885748326778412,0.19262287020683289,0.2166670262813568,0.10236149281263351,383,joint,0.01631271466612816,0.04642317444086075,0.04104159027338028,0.35139161348342896,2011_DnKAU918UaE_00003_000_a,0.00019456446170806885,0.016507279127836227,389,20,,,,,0.39746788144111633
0.28421550989151,0.3061361014842987,0.23028084635734558,0.12737146019935608,384,camera,0.0005585946491919458,0.0015786534640938044,0.0004937981721013784,0.35384246706962585,2011_Doq_EUCSB5k_00012_000_a,-6.0358201153576374e-05,0.0004982364480383694,388,19,0.42961785197257996,0.43017643690109253,0.8927639722824097,0.8933225870132446,1.1312205791473389
0.21246623992919922,0.10020867735147476,0.2724185585975647,0.16757512092590332,385,camera,0.002105012768879533,0.0022459356114268303,0.009024044498801231,0.9372542500495911,2011_DsugPaXH4kA_00036_000_a,3.634090535342693e-05,0.0021413536742329597,770,27,0.43846797943115234,0.4405730068683624,0.22215619683265686,0.22426120936870575,0.23326711356639862
0.2674618661403656,0.1737736314535141,0.2691681385040283,0.1641087830066681,386,camera,0.0006457794806919992,0.046645939350128174,0.0014789418783038855,0.013844280503690243,2011_E3bgtIIw9JM_00021_000_a,-1.7649028450250626e-05,0.0006281304522417486,66,27,0.4619585871696472,0.4626043736934662,0.21845881640911102,0.21910460293293,0.4366496801376343
0.13229230046272278,0.0339350663125515,0.16151213645935059,0.050604600459337234,387,camera,0.00129837600979954,0.052973370999097824,0.005657146219164133,0.02450997568666935,2011_E41tGRgKxNk_00010_000_b,8.840113878250122e-06,0.0013072161236777902,93,3,0.14784646034240723,0.14914484322071075,0.15066823363304138,0.1519666165113449,0.22951076924800873
0.18481343984603882,0.07762093096971512,0.18043313920497894,0.06432046741247177,388,camera,0.0003415062965359539,0.002648192225024104,0.0011916488874703646,0.12895826995372772,2011_E6yFlIQxp8g_00005_000_a,9.721319656819105e-06,0.000351227616192773,219,15,0.27190712094306946,0.27224862575531006,0.25083670020103455,0.25117820501327515,0.28658297657966614
0.47312405705451965,0.7616599202156067,0.2736656367778778,0.18566903471946716,389,camera,0.00045417711953632534,0.0006777701200917363,0.0002195705455960706,0.67010498046875,2011_E6yFlIQxp8g_00028_000_a,-1.2835778761655092e-05,0.00044134134077467024,506,27,2.6797847747802734,2.680238962173462,1.624895691871643,1.6253498792648315,2.068479299545288
0.24854645133018494,0.20906153321266174,0.24452614784240723,0.15765948593616486,390,camera,0.0010476324241608381,0.0015171727864071727,0.0011868008878082037,0.6905162334442139,2011_ECDGpYuMRDA_00017_000_a,4.2782630771398544e-07,0.0010480602504685521,570,16,1.17258882522583,1.1736364364624023,0.7888038158416748,0.7898514270782471,0.8827365040779114
0.30833902955055237,0.2688943147659302,0.27322372794151306,0.16387884318828583,391,camera,0.0006323167472146451,0.0016890820115804672,0.0009030555956996977,0.3743552565574646,2011_ECDGpYuMRDA_00017_001_a,-1.5123339835554361e-05,0.0006171934073790908,406,27,0.0,0.0006323167472146451,0.5764089226722717,0.5770412683486938,0.7001969218254089
0.38858768343925476,0.4375312328338623,0.2929270565509796,0.19892393052577972,392,camera,0.0006586104864254594,0.011518698185682297,0.000605591747444123,0.05717751011252403,2011_ECDGpYuMRDA_00019_000_a,-1.4484045095741749e-05,0.0006441264413297176,144,29,0.7181216478347778,0.7187802791595459,0.5682989358901978,0.5689575672149658,1.0875486135482788
0.9521154165267944,1.9377975463867188,0.5422868132591248,0.626835823059082,393,camera,0.0010926949325948954,5.846791744232178,0.0004376100259833038,0.0001868879480753094,2011_EECf2o9Ivaw_00000_000_a,1.5465659089386463e-05,0.0011081605916842818,3,58,0.9186702370643616,0.919762909412384,0.7205633521080017,0.7216560244560242,2.496960401535034
0.2545066475868225,0.13911375403404236,0.2633521258831024,0.15250851213932037,394,camera,0.0006441024015657604,0.000915813259780407,0.002086631953716278,0.7033119201660156,2011_EF6ss3d4GyI_00013_000_a,1.2258475180715322e-05,0.0006563608767464757,582,30,0.6991514563560486,0.6997955441474915,0.2845870554447174,0.2852311432361603,0.3086804151535034
0.16084696352481842,0.05610581859946251,0.16888321936130524,0.05253272131085396,395,camera,0.0010470302077010274,0.0009344499558210373,0.004482013639062643,1.120477557182312,2011_EMS4lYA-hEo_00028_000_a,7.352395914494991e-05,0.0011205541668459773,943,11,0.9569287896156311,0.9579758048057556,0.22770333290100098,0.22875036299228668,0.23360709846019745
0.270001620054245,0.1402645707130432,0.2529343366622925,0.1186615526676178,396,camera,0.00033363248803652823,0.002915371907874942,0.0013531208969652653,0.11443908512592316,2011_EMS4lYA-hEo_00028_001_a,3.4476397559046745e-06,0.0003370801277924329,210,39,0.45921042561531067,0.4595440626144409,0.20608875155448914,0.20642238855361938,0.24656516313552856
0.3499104678630829,0.4562458395957947,0.2568895220756531,0.16241686046123505,397,camera,0.0006417306140065193,0.011972064152359962,0.00041063339449465275,0.05360233783721924,2011_EOwmzfyF1oM_00000_000_a,1.9831000827252865e-05,0.0006615616148337722,143,21,1.0573391914367676,1.0579808950424194,0.7744731903076172,0.775114893913269,1.5627822875976562
0.34121033549308777,0.342836856842041,0.27240055799484253,0.15952524542808533,398,camera,0.0003671782906167209,0.0010826437501236796,0.0004345010092947632,0.33914968371391296,2011_EOwmzfyF1oM_00000_000_c,2.0946026779711246e-07,0.00036738775088451803,374,29,0.8073192238807678,0.8076863884925842,0.6898521780967712,0.6902193427085876,0.8450573682785034
0.2226003110408783,0.1449137181043625,0.199114128947258,0.07893790304660797,399,camera,0.0005103934672661126,0.00042998004937544465,0.0010288633638992906,1.1870166063308716,2011_EOwmzfyF1oM_00000_001_a,-2.567115006968379e-05,0.0004847223171964288,846,19,0.4275970757007599,0.42810747027397156,0.4735126197338104,0.4740230143070221,0.4960750639438629
0.28259122371673584,0.1509874016046524,0.24430328607559204,0.11054018884897232,400,camera,0.00025446846848353744,0.0005129238124936819,0.0012094611302018166,0.4961135983467102,2011_ETC82KEplac_00001_000_a,3.028137143701315e-06,0.00025749660562723875,482,51,0.18853572010993958,0.1887901872396469,0.17453333735466003,0.17478780448436737,0.21039821207523346
0.43938905000686646,0.3451640009880066,0.33182719349861145,0.20192976295948029,401,camera,0.0006255587795749307,0.0008001041132956743,0.0013556716730818152,0.7818467020988464,2011_EajaioMj-NA_00025_000_a,-5.676294676959515e-06,0.0006198824848979712,627,55,0.5558775067329407,0.5565030574798584,0.40102672576904297,0.4016522765159607,0.46143826842308044
0.29406821727752686,0.2204602062702179,0.25566813349723816,0.13180823624134064,402,camera,0.0003027122875209898,0.001026881393045187,0.0006676454213447869,0.2947879731655121,2011_EbxlqGXQeEM_00011_001_a,-1.1745229130610824e-05,0.00029096705839037895,361,34,0.626866340637207,0.6271690726280212,0.33467885851860046,0.3349815607070923,0.4534027874469757
0.27504295110702515,0.19997240602970123,0.29862499237060547,0.20186851918697357,403,camera,0.0005093151121400297,0.03392065688967705,0.001106211100704968,0.015014895237982273,2011_EbxlqGXQeEM_00018_000_a,-2.107839100062847e-05,0.0004882367211394012,73,30,0.19645294547080994,0.19696226716041565,0.25383955240249634,0.25434887409210205,0.46041402220726013
0.30591973662376404,0.23337961733341217,0.24340063333511353,0.11830393970012665,404,camera,0.00023901640088297427,0.0008430221932940185,0.00046747623127885163,0.2835232615470886,2011_EbyOz1yJgYs_00000_000_a,-5.775276804342866e-06,0.0002332411240786314,344,32,0.42300745844841003,0.42324647307395935,0.4175868034362793,0.4178258180618286,0.5112910270690918
0.18945638835430145,0.08205656707286835,0.23001450300216675,0.13364355266094208,405,camera,0.0014006096171215177,0.007330532651394606,0.005130496341735125,0.19106519222259521,2011_EeEhcPAOGUo_00017_000_a,-2.1281535737216473e-05,0.0013793280813843012,272,17,0.6536684036254883,0.6550689935684204,0.25759264826774597,0.2589932680130005,0.2729969024658203
0.29946616291999817,0.33551791310310364,0.26487311720848083,0.1925518959760666,406,camera,0.0013322308659553528,0.0008458379306830466,0.000902108964510262,1.575042724609375,2011_EeEhcPAOGUo_00017_001_a,-3.8499943912029266e-05,0.0012937309220433235,792,16,1.851109504699707,1.8524417877197266,1.4912450313568115,1.492577314376831,1.4767959117889404
0.18914681673049927,0.0901130810379982,0.2020440697669983,0.08970208466053009,407,camera,0.0015921667218208313,0.0012316977372393012,0.0040228478610515594,1.2926602363586426,2011_EeEhcPAOGUo_00020_000_a,-3.797269891947508e-05,0.0015541940229013562,941,13,0.8287819623947144,0.8303741216659546,0.42812982201576233,0.42972198128700256,0.395781010389328
0.20711815357208252,0.08537095040082932,0.19344843924045563,0.06732246279716492,408,camera,0.00027267649420537055,0.00024044599558692425,0.0014220200246199965,1.1340446472167969,2011_EmRlXmyl54I_00006_000_a,-7.258495315909386e-07,0.0002719506446737796,914,27,0.04307619109749794,0.04334886744618416,0.18022945523262024,0.18050213158130646,0.19175292551517487
0.35230353474617004,0.2549125850200653,0.3479035496711731,0.2512133717536926,409,camera,0.002255216706544161,0.010850236751139164,0.0051885261200368404,0.20784953236579895,2011_EmTXI8HV9nE_00005_000_a,1.2201722711324692e-05,0.0022674184292554855,285,42,0.45877373218536377,0.46102896332740784,0.38981330394744873,0.3920685350894928,0.4346545934677124
0.2526647448539734,0.18835164606571198,0.2562192976474762,0.17906606197357178,410,camera,0.001757750753313303,0.0031123512890189886,0.0023711915127933025,0.5647661685943604,2011_EmTXI8HV9nE_00020_000_a,-4.62548341602087e-05,0.0017114959191530943,491,17,1.214418888092041,1.2161766290664673,0.7181429266929626,0.7199006676673889,0.7412943243980408
0.5167171359062195,0.5534703731536865,0.4389556050300598,0.3661586344242096,411,camera,0.0008845041156746447,0.0009027954656630754,0.0011278060264885426,0.9797391891479492,2011_Er54USCnsds_00009_001_a,5.052168853580952e-05,0.0009350258042104542,677,52,3.0207667350769043,3.021651268005371,0.6612695455551147,0.6621540784835815,0.7842696905136108
0.45727673172950745,0.3613366186618805,0.37213948369026184,0.2607003450393677,412,camera,0.0007769978255964816,0.000914248579647392,0.00179963035043329,0.8498758673667908,2011_ErqotNH65_E_00003_000_a,-2.052151830866933e-05,0.0007564763072878122,672,62,0.4993734359741211,0.5001504421234131,0.4096182882785797,0.4103952944278717,0.43175411224365234
0.4829533100128174,0.4337083101272583,0.3268239498138428,0.18754345178604126,413,camera,0.0007877316675148904,0.0005259446916170418,0.0013761048903688788,1.497746229171753,2011_EtSPFXj_eZM_00006_000_a,-0.00012984871864318848,0.000657882948871702,943,56,0.7607466578483582,0.7615343928337097,0.6335814595222473,0.6343691945075989,0.5724357962608337
0.22331373393535614,0.11683442443609238,0.20089253783226013,0.07748807221651077,414,camera,0.0003286463033873588,0.0011356710456311703,0.000976846320554614,0.2893851101398468,2011_EtSPFXj_eZM_00006_001_a,6.97252107784152e-06,0.0003356188244652003,342,22,0.5842847228050232,0.5846133828163147,0.310295969247818,0.3106246292591095,0.33643603324890137
0.40454983711242676,0.29392188787460327,0.28924205899238586,0.1450803130865097,415,camera,0.00029637699481099844,0.0003841769939754158,0.0008084627916105092,0.7714595198631287,2011_EtSPFXj_eZM_00006_002_a,-1.932581653818488e-06,0.00029444441315717995,640,59,0.8273875117301941,0.8276838660240173,0.343619704246521,0.3439160883426666,0.36659324169158936
0.18237297236919403,0.08229175955057144,0.1806834191083908,0.06562403589487076,416,camera,0.00044096133206039667,0.0063861459493637085,0.0012530514504760504,0.06904967874288559,2011_EtSPFXj_eZM_00006_002_b,9.06200148165226e-06,0.00045002333354204893,166,13,2.2525854110717773,2.2530264854431152,0.297450453042984,0.29789140820503235,0.3519099950790405
0.3585137724876404,0.26726269721984863,0.29182612895965576,0.1673111766576767,417,camera,0.000721550197340548,0.0005356972105801105,0.0017533169593662024,1.3469367027282715,2011_EtSPFXj_eZM_00006_003_a,1.4520075637847185e-05,0.0007360702729783952,946,47,0.5220208168029785,0.5227423906326294,0.41647663712501526,0.41719818115234375,0.4115343689918518
0.20912742614746094,0.15141898393630981,0.22256037592887878,0.11813189834356308,418,camera,0.0005085627199150622,0.13995978236198425,0.0006811470375396311,0.003633634652942419,2011_F2zTd_YwTvo_00025_000_a,1.7201760783791542e-05,0.0005257644806988537,30,13,0.4958331882953644,0.4963417649269104,0.28640031814575195,0.286908894777298,0.7466269135475159
0.22421081364154816,0.18519555032253265,0.20980726182460785,0.11256799101829529,419,camera,0.0011685339268296957,0.0047685811296105385,0.0009583503124304116,0.24504856765270233,2011_FEdyNyQCjwE_00019_001_a,4.2492407374083996e-05,0.0012110263342037797,303,10,1.5522923469543457,1.5534608364105225,1.0793588161468506,1.0805273056030273,1.219318151473999
0.2744101583957672,0.2344982773065567,0.23737265169620514,0.1288924664258957,420,camera,0.0008998887497000396,0.0007326806080527604,0.0010674692457541823,1.2282142639160156,2011_FEdyNyQCjwE_00027_000_a,-1.1915224604308605e-05,0.000887973525095731,777,19,1.1018034219741821,1.102703332901001,0.8692026138305664,0.8701025247573853,0.8430113792419434
0.3083043694496155,0.19785885512828827,0.23496338725090027,0.0995904728770256,421,camera,0.00016916794993449003,0.0015932064270600677,0.00041778673767112195,0.10618080943822861,2011_FHohKkrVoMI_00011_000_a,8.00496491137892e-06,0.00017717291484586895,201,34,0.3422442674636841,0.34241342544555664,0.3325762152671814,0.33274537324905396,0.40491458773612976
0.20747362077236176,0.09150531142950058,0.19764316082000732,0.07224300503730774,422,camera,0.00021550933888647705,0.00041580371907912195,0.001068411278538406,0.5182958245277405,2011_FK-mY_mZAzs_00001_000_b,2.0457227947190404e-06,0.0002175550616811961,496,28,0.1850557029247284,0.185271218419075,0.16452717781066895,0.16474269330501556,0.20171009004116058
0.3090950846672058,0.19551806151866913,0.32729387283325195,0.21717408299446106,423,camera,0.000661149388179183,0.000642750586848706,0.0020530002657324076,1.0286251306533813,2011_FLjixsUEj5E_00001_000_a,-8.847215212881565e-06,0.0006523021729663014,814,43,0.0,0.000661149388179183,0.2972239553928375,0.29788509011268616,0.3220405876636505
0.2555014193058014,0.24054883420467377,0.23681458830833435,0.14427608251571655,424,camera,0.0006335314828902483,0.001118256477639079,0.0005779627244919538,0.5665350556373596,2011_FOM6rvU9xN4_00039_000_a,-4.15519461967051e-05,0.0005919795366935432,492,15,2.027390241622925,2.0280237197875977,0.9115179181098938,0.9121514558792114,1.0961458683013916
0.18131889402866364,0.0732363685965538,0.21250125765800476,0.09699761867523193,425,camera,0.0008435671916231513,0.001869355677627027,0.00376558187417686,0.45126092433929443,2011_FbmnqGqWgc8_00064_000_a,-3.4711556509137154e-06,0.0008400960359722376,471,18,1.0734895467758179,1.0743330717086792,0.1848498284816742,0.1856933981180191,0.22402040660381317
0.16497161984443665,0.057717375457286835,0.2636706233024597,0.20715424418449402,426,camera,0.0017480577807873487,0.0017645938787609339,0.009441200643777847,0.9906289577484131,2011_FboJePoCAb8_00010_000_a,-0.00017479958478361368,0.001573258196003735,815,15,0.4648372232913971,0.46658527851104736,0.16749471426010132,0.1692427694797516,0.185152068734169
0.2624957859516144,0.13332751393318176,0.2832561135292053,0.1551397144794464,427,camera,0.0002978073025587946,0.004666174296289682,0.0012200995115563273,0.06382258236408234,2011_FboJePoCAb8_00010_001_a,4.483736120164394e-06,0.000302291038678959,157,37,0.707316517829895,0.7076143026351929,0.18778982758522034,0.18808764219284058,0.244084432721138
0.5205022096633911,0.5570372939109802,0.34880906343460083,0.21807073056697845,428,camera,0.00034224370028823614,0.0006637162296101451,0.0004961916711181402,0.5156476497650146,2011_Fg9aUVqD1K0_00001_000_b,-7.085822289809585e-06,0.00033515787799842656,483,60,0.7040135264396667,0.704355776309967,0.5291182994842529,0.5294605493545532,0.6897408962249756
0.232174351811409,0.15836013853549957,0.2287442833185196,0.12143053859472275,429,camera,0.00038883264642208815,0.007061471231281757,0.0006376364035531878,0.055063970386981964,2011_Fg9aUVqD1K0_00001_000_c,1.2126314686611295e-05,0.00040095896110869944,140,17,0.6684717535972595,0.6688606142997742,0.38153076171875,0.38191959261894226,0.6098030805587769
0.3185819685459137,0.27734375,0.22614608705043793,0.10254564881324768,430,camera,0.0004960442893207073,0.000398105796193704,0.000782241637352854,1.2460112571716309,2011_FlxXhrDycHw_00003_000_a,-2.2729713236913085e-05,0.00047331457608379424,807,31,1.319529414176941,1.3200254440307617,0.5548791289329529,0.5553751587867737,0.6341317892074585
0.16020925343036652,0.0585906095802784,0.18207842111587524,0.0709124505519867,431,camera,0.0010003268253058195,0.0010527025442570448,0.003669905010610819,0.9502464532852173,2011_FonBCrV4Fqs_00000_000_a,-2.3342669010162354e-05,0.0009769841562956572,800,10,0.704132616519928,0.7051329612731934,0.2666971981525421,0.2676975131034851,0.2725756764411926
0.2882964611053467,0.24711772799491882,0.2621113657951355,0.1435190886259079,432,camera,0.0005896282964386046,0.0011806217953562737,0.0009202522924169898,0.4994218349456787,2011_FpxOLhuNXfM_00018_000_a,-2.1905347239226103e-05,0.0005677229491993785,469,27,0.329056978225708,0.32964661717414856,0.5272603034973145,0.5278499126434326,0.6407245993614197
0.19667206704616547,0.08087652176618576,0.21177732944488525,0.09255192428827286,433,camera,0.0007169416057877243,0.004417086485773325,0.003610549960285425,0.16231097280979156,2011_FpxOLhuNXfM_00054_000_a,-3.550690598785877e-05,0.0006814346997998655,259,24,0.6924600005149841,0.6931769251823425,0.17563503980636597,0.17635197937488556,0.19856853783130646
1.2694413661956787,3.923022508621216,0.4032434821128845,0.4284111559391022,434,camera,0.0010643957648426294,0.000795164902228862,0.00016357525601051748,1.3385848999023438,2011_FtZb1Kbh2qY_00010_000_a,-5.2021932788193226e-05,0.0010123738320544362,542,45,4.435037136077881,4.43610143661499,4.463857173919678,4.464921474456787,6.507070541381836
1.0678224563598633,3.0648536682128906,0.3983618915081024,0.4280455708503723,435,camera,0.0014818576164543629,0.0005812444142065942,0.0002530807687435299,2.549456834793091,2011_FtZb1Kbh2qY_00010_000_b,-7.55643704906106e-05,0.0014062932459637523,695,39,9.854072570800781,9.855554580688477,4.998636245727539,5.000118255615234,5.855275630950928
0.3655717074871063,0.2678709328174591,0.21780797839164734,0.08708059042692184,436,camera,9.515172860119492e-05,0.003516977187246084,0.0002537776017561555,0.02705497480928898,2011_FuE5BaM0BdM_00002_000_a,9.906725608743727e-07,9.614240116206929e-05,97,52,0.9378566145896912,0.9379517436027527,0.20949678122997284,0.20959194004535675,0.3749413788318634
0.16062995791435242,0.05380554869771004,0.18265923857688904,0.06386725604534149,437,camera,0.0006223807577043772,0.0005895984941162169,0.003930124454200268,1.0556010007858276,2011_FuE5BaM0BdM_00003_001_a,-5.961512215435505e-06,0.0006164192454889417,890,16,0.5005067586898804,0.501129150390625,0.1500716358423233,0.15069401264190674,0.15836158394813538
0.2214800864458084,0.15307305753231049,0.2339574694633484,0.13701345026493073,438,camera,0.0012723528780043125,0.002169983461499214,0.0019355188123881817,0.5863422155380249,2011_Fyvzidxs_SY_00022_000_a,-2.914725337177515e-05,0.0012432056246325374,508,15,1.579534888267517,1.5808072090148926,0.6379773616790771,0.6392497420310974,0.6573704481124878
0.24657420814037323,0.18944689631462097,0.2738710045814514,0.18576547503471375,439,camera,0.0014564767479896545,0.0009691349696367979,0.0022848884109407663,1.5028626918792725,2011_Fyvzidxs_SY_00022_001_a,-9.682320524007082e-05,0.0013596535427495837,900,20,0.46920788288116455,0.4706643521785736,0.6513686776161194,0.6528251767158508,0.6374388933181763
0.16715843975543976,0.05707572400569916,0.18478314578533173,0.06405582278966904,440,camera,0.00024453559308312833,0.08394277095794678,0.0013394281268119812,0.0029131227638572454,2011_G4YcCF8uLiI_00008_000_a,3.121152985841036e-06,0.00024765674606896937,26,15,0.9699761271476746,0.970220685005188,0.12878035008907318,0.12902489304542542,0.18256716430187225
0.37912243604660034,0.33014044165611267,0.3067049980163574,0.1793324053287506,441,camera,0.0008248111116699874,0.0007234613876789808,0.0015824472066015005,1.140089988708496,2011_G4cvTaP7RS8_00003_000_a,2.9251619707792997e-05,0.0008540627313777804,790,46,0.6817537546157837,0.6825785636901855,0.49864450097084045,0.4994693100452423,0.5212250351905823
0.6800323724746704,0.9210065007209778,0.43447887897491455,0.33574140071868896,442,camera,0.0011202553287148476,0.0015213036676868796,0.0010280178394168615,0.7363784909248352,2011_G4cvTaP7RS8_00003_000_b,4.7016539610922337e-05,0.00116727186832577,549,63,1.0042479038238525,1.0053681135177612,0.9410731196403503,0.9421933889389038,1.0897235870361328
0.3638157844543457,0.4931105673313141,0.2335612028837204,0.12767627835273743,443,camera,0.0007400158792734146,0.0014776032185181975,0.0003761060943361372,0.5008217692375183,2011_G4cvTaP7RS8_00003_000_c,-2.332613803446293e-05,0.0007166897412389517,438,18,5.7467546463012695,5.747494697570801,1.5694146156311035,1.5701546669006348,1.9675720930099487
0.15166912972927094,0.05204203352332115,0.17464280128479004,0.059481099247932434,444,camera,0.0002769573184195906,0.038761433213949203,0.0011303987121209502,0.007145177107304335,2011_G99Olp16O7M_00004_000_a,3.7825375329703093e-06,0.0002807398559525609,48,9,0.17497733235359192,0.17525428533554077,0.11765331774950027,0.11793027818202972,0.24500852823257446
0.18791621923446655,0.07187674194574356,0.18194249272346497,0.05915362015366554,445,camera,0.00015431360225193202,0.0010607204167172313,0.0009683399111963809,0.1454799920320511,2011_G99Olp16O7M_00004_001_a,8.603237802162766e-07,0.0001551739260321483,239,26,0.1633986234664917,0.16355293989181519,0.11229131370782852,0.11244563013315201,0.1593589186668396
0.28292450308799744,0.21537208557128906,0.259652704000473,0.15266939997673035,446,camera,0.0005340842180885375,0.0005363118252716959,0.0010365400230512023,0.9958464503288269,2011_GCPMRHNwR8E_00008_000_a,-3.7602672819048166e-05,0.0004964815452694893,766,29,0.5107292532920837,0.5112633109092712,0.44077685475349426,0.44131094217300415,0.5152567028999329
0.41684138774871826,0.2833002507686615,0.33292654156684875,0.19855742156505585,447,camera,0.0005837682983838022,0.0004447276587598026,0.001754013472236693,1.312642216682434,2011_GG4VDjXtt7Q_00004_000_a,3.446073969826102e-05,0.0006182290380820632,938,63,0.6221098899841309,0.622693657875061,0.31541910767555237,0.31600287556648254,0.3328185975551605
0.20908398926258087,0.11135147511959076,0.18593336641788483,0.06751638650894165,448,camera,0.001009022118523717,0.0008457285002805293,0.0026350326370447874,1.1930804252624512,2011_GG4VDjXtt7Q_00004_000_b,-7.129617733880877e-05,0.0009377259411849082,860,18,1.7600795030593872,1.761088490486145,0.3764053285121918,0.377414345741272,0.3829258680343628
0.33010444045066833,0.21478267014026642,0.26768845319747925,0.12935610115528107,449,camera,0.0004391924594528973,0.0004042564542032778,0.001339747803285718,1.0864204168319702,2011_GG4VDjXtt7Q_00004_001_a,-1.3514480087906122e-05,0.0004256779793649912,826,47,0.7163257002830505,0.7167648673057556,0.310315877199173,0.31075507402420044,0.32781726121902466
0.314645916223526,0.25624945759773254,0.2788424789905548,0.16939380764961243,450,camera,0.0010007087839767337,0.0008886749856173992,0.0015628859400749207,1.126068353652954,2011_GG4VDjXtt7Q_00004_002_a,1.2284726835787296e-05,0.001012993510812521,746,28,0.8121374249458313,0.8131381273269653,0.5725741386413574,0.5735748410224915,0.6402954459190369
0.29777806997299194,0.2320094108581543,0.35590410232543945,0.3306291401386261,451,camera,0.0010596351930871606,0.000910052505787462,0.0018323176773265004,1.1643670797348022,2011_GKt6dCi-LJo_00035_000_a,1.464353408664465e-05,0.0010742787271738052,774,28,0.6517042517662048,0.6527639031410217,0.5384123921394348,0.5394720435142517,0.5783032178878784
0.23737920820713043,0.12701204419136047,0.20961081981658936,0.08540426939725876,452,camera,0.0002157021954189986,0.029740970581769943,0.0007008099928498268,0.0072526950389146805,2011_GLfcxIq-zmY_00010_000_a,-1.6365054761990905e-05,0.0001993371406570077,46,27,0.10134254395961761,0.10155824571847916,0.19369736313819885,0.193913072347641,0.3077898323535919
0.992413341999054,2.039872169494629,0.815157413482666,1.3736335039138794,453,camera,0.0022664139978587627,0.0020834135357290506,0.0009355766233056784,1.0878368616104126,2011_GP5ss2lYb3Y_00040_000_a,-4.443991929292679e-05,0.002221974078565836,606,63,2.0585274696350098,2.060793876647949,1.9474294185638428,1.9496958255767822,2.422478199005127
0.49859631061553955,1.1837433576583862,0.35710349678993225,0.43650001287460327,454,camera,0.018486350774765015,0.0035100020468235016,0.003408244578167796,5.266763687133789,2011_GSprkzio_pE_00008_000_a,-0.0003804229199886322,0.018105927854776382,932,16,5.287461280822754,5.305947780609131,5.52325963973999,5.541746139526367,5.424009323120117
0.483581006526947,0.4286625385284424,0.31844624876976013,0.19543400406837463,455,camera,0.00027893995866179466,0.0003990359546151012,0.0004596384533215314,0.6990346312522888,2011_GSruhwZsc9c_00009_000_a,-3.414397360756993e-05,0.00024479598505422473,571,52,0.7485972046852112,0.74887615442276,0.5675449371337891,0.5678238868713379,0.6068682074546814
0.9471008777618408,1.8674198389053345,0.4020863473415375,0.2970966696739197,456,camera,0.0008261275943368673,0.0017466996796429157,0.0003375491651240736,0.472964882850647,2011_Gd6ruQcgu9w_00006_000_a,-1.068413257598877e-05,0.0008154434617608786,410,57,1.645318865776062,1.646144986152649,1.7523038387298584,1.7531299591064453,2.4474289417266846
0.20741842687129974,0.1001783162355423,0.1950511783361435,0.07444383949041367,457,camera,0.0002755059103947133,0.0006053716642782092,0.0008203519391827285,0.4551020860671997,2011_GdrDuVImE2c_00002_000_a,-1.2180098565295339e-05,0.00026332581182941794,435,18,0.8494065999984741,0.849682092666626,0.34423279762268066,0.3445082902908325,0.3358386754989624
0.19117465615272522,0.0957394540309906,0.19643093645572662,0.08129918575286865,458,camera,0.0009254937176592648,0.003324586432427168,0.0021576290018856525,0.27837860584259033,2011_GdrDuVImE2c_00002_004_a,-1.9789382349699736e-05,0.0009057043353095651,335,13,0.6821803450584412,0.6831058263778687,0.4216355085372925,0.42256098985671997,0.42894017696380615
0.20770472288131714,0.10773269832134247,0.1936531662940979,0.07157289981842041,459,camera,0.00029042086680419743,0.00146862817928195,0.0008741220808587968,0.1977497637271881,2011_GdrDuVImE2c_00002_005_a,1.023273216560483e-05,0.00030065359896980226,288,20,0.7533680200576782,0.7536584138870239,0.3114689290523529,0.311759352684021,0.3322429060935974
0.4114662706851959,0.4857065975666046,0.32852545380592346,0.26523467898368835,460,camera,0.0010914596496149898,0.0012084563495591283,0.0008682813495397568,0.9031850099563599,2011_GkM4SQ--vss_00044_000_a,9.05962660908699e-05,0.0011820559157058597,607,28,3.3601953983306885,3.3612868785858154,1.1462806463241577,1.1473721265792847,1.2570345401763916
0.2890510857105255,0.1796092391014099,0.244084432721138,0.11335257440805435,461,camera,0.00025198329240083694,0.0015544077614322305,0.0007270103087648749,0.1621088683605194,2011_Gm1BZxc4tmk_00018_000_a,-1.2466523912735283e-05,0.00023951676848810166,253,36,0.5265293717384338,0.5267813801765442,0.2971072196960449,0.2973591983318329,0.34660208225250244
0.18695220351219177,0.09474051743745804,0.2138805240392685,0.12567390501499176,462,camera,0.0009198230691254139,0.00535089336335659,0.0017031816532835364,0.17190083861351013,2011_Gr6eFXNq5Wc_00017_001_a,1.8208869732916355e-05,0.0009380319388583302,256,10,0.7657004594802856,0.7666202783584595,0.5188232660293579,0.5197430849075317,0.5400616526603699
0.15987063944339752,0.052972376346588135,0.17261235415935516,0.057183507829904556,463,camera,0.0003621435316745192,0.002557459520176053,0.0015735250199213624,0.14160284399986267,2011_GwYqUTPQT-w_00002_000_a,-1.812668051570654e-05,0.00034401685115881264,222,10,0.25500789284706116,0.25537005066871643,0.21215853095054626,0.21252067387104034,0.23014792799949646
0.18458667397499084,0.08715542405843735,0.2406826913356781,0.1863631159067154,464,camera,0.0022552842274308205,0.0017074275529012084,0.005513243842869997,1.3208667039871216,2011_GwYqUTPQT-w_00002_001_a,8.703512139618397e-05,0.0023423193488270044,891,12,0.27288782596588135,0.2751431167125702,0.36374545097351074,0.3660007417201996,0.40906664729118347
0.19882380962371826,0.08870469033718109,0.21662545204162598,0.10402229428291321,465,camera,0.0009146386873908341,0.010845118202269077,0.0034954934380948544,0.08433644473552704,2011_GwYqUTPQT-w_00002_002_a,4.4191430788487196e-05,0.0009588301181793213,177,20,0.180314302444458,0.18122893571853638,0.2098531574010849,0.21076779067516327,0.26166224479675293
0.2324093133211136,0.15461643040180206,0.21132740378379822,0.1042536050081253,466,camera,0.0018885752651840448,0.0012827968457713723,0.0028400947339832783,1.4722325801849365,2011_GwYqUTPQT-w_00002_003_a,-5.107081960886717e-05,0.0018375044455751777,900,15,1.6307564973831177,1.6326451301574707,0.6203173995018005,0.6222059726715088,0.6649690866470337
0.45865398645401,0.447417676448822,0.341027170419693,0.24291829764842987,467,camera,0.000595007324591279,0.0008213277906179428,0.0007989254663698375,0.724445641040802,2011_H1SvA7bU0oM_00012_000_a,-2.0923558622598648e-05,0.0005740837659686804,570,44,0.7379782199859619,0.7385732531547546,0.664009153842926,0.6646041870117188,0.7447595000267029
0.3429051339626312,0.24564847350120544,0.2611236572265625,0.13136927783489227,468,camera,0.00022047800302971154,0.005377982277423143,0.0005499428953044116,0.04099641740322113,2011_H3plWCGH4wM_00022_000_a,-1.0128773283213377e-05,0.00021034922974649817,125,44,0.2249557077884674,0.22517618536949158,0.25946125388145447,0.25968173146247864,0.40091073513031006
0.2978232502937317,0.1849079430103302,0.2461196482181549,0.121904656291008,469,camera,0.0007093281601555645,0.0006971796974539757,0.0020351505372673273,1.0174251794815063,2011_HBdaCz2BeoY_00012_000_a,-2.001674147322774e-05,0.0006893114186823368,729,37,0.7822307348251343,0.7829400897026062,0.3438641428947449,0.3445734679698944,0.34853842854499817
0.38352346420288086,0.4536333382129669,0.29156166315078735,0.1851823776960373,470,camera,0.0005675320280715823,0.0010988693684339523,0.0005522265564650297,0.5164690613746643,2011_HBdaCz2BeoY_00014_000_a,-2.6888097636401653e-05,0.0005406439304351807,470,32,1.9272795915603638,1.927847146987915,0.853268027305603,0.8538355827331543,1.0277159214019775
0.7847787737846375,1.3591340780258179,0.34660735726356506,0.2378881424665451,471,camera,0.0005218649166636169,0.0003944961354136467,0.00029834677116014063,1.3228644132614136,2011_HBdaCz2BeoY_00014_001_a,1.4255405403673649e-05,0.0005361203220672905,702,58,1.1207126379013062,1.1212345361709595,1.5344538688659668,1.5349757671356201,1.7491891384124756
0.31552886962890625,0.2626853883266449,0.37191733717918396,0.32631105184555054,472,camera,0.0012087856885045767,0.0015694561880081892,0.0022097770124673843,0.7701939940452576,2011_HDxqSt_Ctbw_00015_000_a,1.183641143143177e-05,0.0012206220999360085,622,34,1.6386902332305908,1.6398990154266357,0.4982649087905884,0.4994736909866333,0.5470170378684998
0.3785335421562195,0.2701191306114197,0.2802487313747406,0.1438623070716858,473,camera,0.00024260814825538546,0.07193340361118317,0.0006293494952842593,0.0033726771362125874,2011_HKpWEkSUs9U_00023_000_a,9.690105798654258e-06,0.0002522982540540397,29,51,0.2684306204319,0.26867324113845825,0.24200047552585602,0.24224308133125305,0.3854903280735016
0.2729141116142273,0.15849831700325012,0.2807435393333435,0.16536197066307068,474,camera,0.000837339845020324,0.021365446969866753,0.0026258211582899094,0.03919130936264992,2011_HKpWEkSUs9U_00023_000_b,2.245540963485837e-05,0.0008597952546551824,119,34,0.8052017092704773,0.806039035320282,0.2329750955104828,0.23381243646144867,0.3188868463039398
0.21348023414611816,0.1818752884864807,0.20813989639282227,0.11678304523229599,475,camera,0.0005497189704328775,0.0018809308530762792,0.00041813074494712055,0.29225900769233704,2011_HO4TjpZw5zc_00005_000_a,2.9241025913506746e-05,0.0005789599963463843,345,9,1.2829033136367798,1.2834529876708984,1.095782995223999,1.0963326692581177,1.3147059679031372
0.682685911655426,0.9063184857368469,0.32329070568084717,0.1772729605436325,476,camera,0.0003210560535080731,0.0005468155723065138,0.00029903973336331546,0.587137758731842,2011_HO4TjpZw5zc_00005_000_b,2.290616976097226e-06,0.0003233466704841703,498,63,1.2643405199050903,1.2646615505218506,0.8965005278587341,0.8968215584754944,1.0736234188079834
0.38900619745254517,0.3172988295555115,0.28827428817749023,0.14207707345485687,477,camera,0.0002778336056508124,0.0004750684602186084,0.0006008240743540227,0.5848285555839539,2011_HO4TjpZw5zc_00005_000_c,-2.5557033950462937e-05,0.00025227657170034945,521,50,0.8928166627883911,0.8930944800376892,0.43190768361091614,0.4321855306625366,0.46242088079452515
0.35604405403137207,0.28874823451042175,0.2945302426815033,0.1658044159412384,478,camera,0.0004198745882604271,0.0006686643464490771,0.0008102177525870502,0.6279302835464478,2011_HO4TjpZw5zc_00005_001_a,-1.0694580851122737e-05,0.0004091800074093044,547,40,0.7129508256912231,0.713370680809021,0.4974623918533325,0.49788227677345276,0.5182243585586548
0.7626506686210632,2.079571485519409,0.33171582221984863,0.2563174366950989,479,camera,0.0017754064174368978,0.005130172707140446,0.00033314668689854443,0.3460714817047119,2011_HQv0WWhoZnI_00007_000_a,-7.398473098874092e-05,0.0017014216864481568,334,29,2.866950511932373,2.8687260150909424,2.861381769180298,2.863157272338867,5.329203128814697
0.3743062913417816,0.5119794011116028,0.275165319442749,0.20346590876579285,480,camera,0.0024191460106521845,0.002096861833706498,0.0011820816434919834,1.1536983251571655,2011_HQv0WWhoZnI_00007_001_a,-0.00010226620361208916,0.0023168798070400953,633,18,1.666976809501648,1.669395923614502,1.8864543437957764,1.8888734579086304,2.046513557434082
0.3624194264411926,0.31999680399894714,0.29668036103248596,0.18374867737293243,481,camera,0.0007144503179006279,0.014301100745797157,0.0010603036498650908,0.04995771497488022,2011_HVyg4MchBYM_00012_000_a,-3.478198777884245e-06,0.0007109721191227436,135,34,0.3474070727825165,0.3481215238571167,0.4661199450492859,0.4668343961238861,0.6738166809082031
0.21688304841518402,0.09387650340795517,0.21893395483493805,0.09416764229536057,482,camera,0.0002087410248350352,0.003990119323134422,0.0011838505743071437,0.052314478904008865,2011_HWrjBBXjjhM_00003_000_a,1.0546253179199994e-05,0.0002192872780142352,137,34,0.5409842729568481,0.5411930084228516,0.1039499044418335,0.10415864735841751,0.1763237863779068
0.21783508360385895,0.10460671782493591,0.21110783517360687,0.08105675131082535,483,camera,0.00041237639379687607,0.00035359931644052267,0.0017371647991240025,1.1662250757217407,2011_HWrjBBXjjhM_00003_001_a,-5.02333277836442e-05,0.0003621430660132319,998,28,1.8621795177459717,1.8625918626785278,0.2253703773021698,0.22578275203704834,0.23738472163677216
0.1774984747171402,0.06804501265287399,0.17507322132587433,0.05539201945066452,484,camera,0.0001534434559289366,0.0002512032224331051,0.0009348294697701931,0.6108339428901672,2011_HYOjY7JJDBI_00008_000_a,2.0724255591630936e-06,0.0001555158814880997,563,23,0.7239306569099426,0.7240840792655945,0.13526001572608948,0.13541345298290253,0.16414058208465576
0.29365265369415283,0.19383560121059418,0.216771200299263,0.08569080382585526,485,camera,0.0002819379442371428,0.0003992037964053452,0.0006734409835189581,0.7062506675720215,2011_HYOjY7JJDBI_00009_000_a,1.5735160559415817e-05,0.0002976731047965586,595,32,0.7544577121734619,0.7547396421432495,0.4415930211544037,0.4418749511241913,0.41865280270576477
0.8312320113182068,1.831795334815979,0.407193124294281,0.34691086411476135,486,camera,0.0008144730236381292,0.001024231081828475,0.00027439059340395033,0.7952044010162354,2011_HYOjY7JJDBI_00012_000_a,-3.969704266637564e-05,0.0007747759809717536,502,46,1.643136978149414,1.643951416015625,2.2049307823181152,2.205745220184326,2.9682979583740234
0.15596753358840942,0.05183849856257439,0.1940937042236328,0.09055273979902267,487,camera,0.001521556288935244,0.0017236152198165655,0.006246304139494896,0.882770299911499,2011_HZkrxGuKHkU_00002_000_a,-0.0001249726628884673,0.0013965836260467768,753,9,3.738192319869995,3.7397139072418213,0.23247414827346802,0.2339957058429718,0.24359305202960968
0.23071785271167755,0.11226274073123932,0.21991722285747528,0.09502408653497696,488,camera,0.0003542263002600521,0.00029061027453280985,0.001414916361682117,1.218904972076416,2011_HaCRdT6wcyE_00012_000_a,1.3673299690708518e-05,0.0003678995999507606,943,29,0.4339662194252014,0.43432044982910156,0.25544726848602295,0.2558014988899231,0.2503513991832733
0.5346061587333679,0.6072662472724915,0.2847450375556946,0.15521866083145142,489,camera,0.0004075418401043862,0.0003143414214719087,0.000568358285818249,1.2964942455291748,2011_HadRbtEI7KU_00025_000_b,1.9634957425296307e-05,0.0004271767975296825,808,63,0.8124293684959412,0.8128368854522705,0.757590651512146,0.7579981684684753,0.7170509696006775
0.4292527437210083,0.6314144134521484,0.24463056027889252,0.13537201285362244,490,camera,0.0003997843887191266,0.00043577014002949,0.0002519633562769741,0.9174203276634216,2011_HadRbtEI7KU_00025_000_c,-1.6469653928652406e-05,0.0003833147347904742,594,29,1.5478209257125854,1.5482207536697388,1.40654718875885,1.4069470167160034,1.5866767168045044
0.20181165635585785,0.0889202430844307,0.3029309809207916,0.24547305703163147,491,camera,0.0010457162279635668,0.0019154429901391268,0.004683549981564283,0.5459396243095398,2011_HigxGvmHEdQ_00012_000_a,-8.336151950061321e-06,0.0010373800760135055,503,24,1.408764362335205,1.4098100662231445,0.20226500928401947,0.20331072807312012,0.22327427566051483
0.18721164762973785,0.07679466158151627,0.1989951878786087,0.07881198078393936,492,camera,0.0004900582134723663,0.0011594154639169574,0.002263385336846113,0.4226769506931305,2011_HrvHeKH9kLg_00000_000_a,-4.693225491791964e-06,0.00048536498798057437,434,20,0.44258949160575867,0.44307956099510193,0.1815045028924942,0.18199455738067627,0.21651558578014374
0.3057243525981903,0.22445860505104065,0.2584543526172638,0.12976352870464325,493,camera,0.0005824778345413506,0.0005342412041500211,0.0013260311679914594,1.0902899503707886,2011_HtpiEXXf7dI_00008_000_a,-1.839559990912676e-05,0.0005640822346322238,803,36,0.376785010099411,0.3773674964904785,0.43830880522727966,0.43889129161834717,0.43926405906677246
0.18191465735435486,0.08010953664779663,0.23518481850624084,0.17843219637870789,494,camera,0.002352349227294326,0.003078484209254384,0.006436383817344904,0.7641258239746094,2011_HvJTquFs5Zk_00001_000_a,-4.9179885536432266e-05,0.0023031693417578936,633,12,0.5467771887779236,0.5491295456886292,0.3211871087551117,0.32353946566581726,0.3654768466949463
0.24585533142089844,0.1319972723722458,0.26988592743873596,0.1557425856590271,495,camera,0.0003607853432185948,0.0011954368092119694,0.0012729120207950473,0.3018020987510681,2011_HzWikU7ir4Y_00021_000_a,-1.2976990547031164e-05,0.0003478083526715636,359,31,0.2655355930328369,0.26589637994766235,0.264613538980484,0.26497432589530945,0.28343304991722107
0.24645787477493286,0.13757430016994476,0.20481573045253754,0.0831950232386589,496,camera,0.00041798516758717597,0.0005584554164670408,0.001242376398295164,0.7484664916992188,2011_I3K8xBfywg0_00045_000_a,-3.7340796552598476e-06,0.0004142510879319161,640,27,2.103372097015381,2.103790044784546,0.32523617148399353,0.32565414905548096,0.3364400565624237
0.22960054874420166,0.11784159392118454,0.20217829942703247,0.07807475328445435,497,camera,0.000362325954483822,0.00031578392372466624,0.001326333382166922,1.1473857164382935,2011_I42_ESLXfWI_00021_000_a,-5.931360647082329e-07,0.00036173281841911376,863,28,0.45351076126098633,0.4538730978965759,0.25613999366760254,0.25650233030319214,0.2731786370277405
0.2338247299194336,0.11860331147909164,0.22929123044013977,0.10575752705335617,498,camera,0.000641841790638864,0.0006008040509186685,0.002332228934392333,1.0683046579360962,2011_I70sIrfz0_c_00001_000_a,1.495360629633069e-05,0.0006567953969351947,813,28,0.25077515840530396,0.25141701102256775,0.26601606607437134,0.26665791869163513,0.2752053141593933
0.23228108882904053,0.13963696360588074,0.21252217888832092,0.09376596659421921,499,camera,0.0012278698850423098,0.0008201189921237528,0.002456286922097206,1.4971849918365479,2011_I70sIrfz0_c_00008_000_a,-4.271860234439373e-05,0.001185151282697916,966,18,7.072410583496094,7.073638439178467,0.49619054794311523,0.4974184036254883,0.4998886287212372
0.2429039627313614,0.20627151429653168,0.19138740003108978,0.07725502550601959,500,camera,0.0011710445396602154,0.0012044578325003386,0.0012636932078748941,0.9722586274147034,2011_I70sIrfz0_c_00008_001_a,-4.4705928303301334e-05,0.001126338611356914,660,15,1.0062217712402344,1.0073927640914917,0.849997878074646,0.8511689305305481,0.9266842007637024
0.3809341490268707,0.6050102710723877,0.3414430320262909,0.4327334761619568,501,camera,0.0009340212563984096,0.0021145630162209272,0.0005503305001184344,0.44170886278152466,2011_IB2eLqqkLaI_00000_000_a,2.4389009922742844e-08,0.0009340456454083323,412,26,1.5527068376541138,1.5536408424377441,1.2357298135757446,1.236663818359375,1.6972005367279053
0.37372350692749023,0.29498422145843506,0.38279715180397034,0.3064119517803192,502,camera,0.0011669101659208536,0.0008378240163438022,0.002302872948348522,1.3927867412567139,2011_IBPc_SnNPzo_00035_000_a,3.414577804505825e-06,0.0011703247437253594,890,42,0.7160071134567261,0.7171740531921387,0.48432859778404236,0.48549550771713257,0.5067192912101746
0.2473493069410324,0.14652985334396362,0.24553290009498596,0.14122721552848816,503,camera,0.0008686911314725876,0.001947197481058538,0.0019842248875647783,0.44612380862236023,2011_IBPc_SnNPzo_00035_000_b,-1.5780678950250149e-06,0.0008671130635775626,462,22,2.155060052871704,2.15592885017395,0.3914834260940552,0.3923521041870117,0.43779870867729187
0.2919842600822449,0.1741926670074463,0.21983203291893005,0.08911740779876709,504,camera,0.0001771404640749097,0.0005497905076481402,0.0005028533050790429,0.3221963047981262,2011_IE0S6NNXiYM_00007_000_a,8.961724233813584e-06,0.00018610218830872327,369,34,0.48620012402534485,0.4863772690296173,0.34990373253822327,0.3500808775424957,0.3522706627845764
0.3953454792499542,0.3914963901042938,0.32851263880729675,0.23140279948711395,505,camera,0.0010236756643280387,0.0006057823775336146,0.0013054574374109507,1.6898406744003296,2011_IFTHxZ22woc_00000_000_a,0.00011754781007766724,0.001141223474405706,986,36,0.9672632813453674,0.96828693151474,0.7977622747421265,0.798785924911499,0.7841509580612183
0.3887511193752289,0.28933289647102356,0.3054267466068268,0.17420841753482819,506,camera,0.0005216383724473417,0.0010286421747878194,0.0012866832548752427,0.507113516330719,2011_IGtoG5BnW_g_00017_000_a,-2.911017509177327e-05,0.0004925281973555684,480,52,0.5739305019378662,0.5744521617889404,0.32979756593704224,0.33031919598579407,0.4054132103919983
0.3443620502948761,0.23431898653507233,0.26197537779808044,0.1310359537601471,507,camera,0.00027274456806480885,0.000852673954796046,0.0007323042955249548,0.3198696970939636,2011_IGtoG5BnW_g_00017_000_b,-6.392219802364707e-06,0.00026635234826244414,373,45,1.848673701286316,1.848946452140808,0.2864612638950348,0.286734014749527,0.37244704365730286
0.34144067764282227,0.23393511772155762,0.23498207330703735,0.09754379838705063,508,camera,0.00026427791453897953,0.00022945847013033926,0.0007541088270954788,1.151746153831482,2011_IHLzITVRlCo_00010_000_a,1.2422242434695363e-05,0.0002767001569736749,843,48,0.5529510974884033,0.5532153844833374,0.3615581691265106,0.3618224561214447,0.35045063495635986
0.44515421986579895,0.37631016969680786,0.28999650478363037,0.1418745517730713,509,camera,0.00015885703032836318,0.008958082646131516,0.00035841710632666945,0.01773337461054325,2011_IHLzITVRlCo_00010_000_b,3.433886740822345e-05,0.00019319589773658663,76,63,0.5001680850982666,0.500326931476593,0.3348996937274933,0.3350585401058197,0.44321832060813904
0.16832616925239563,0.07178504019975662,0.2004830688238144,0.08973407000303268,510,camera,0.001306304708123207,0.0021816259250044823,0.004162179306149483,0.5987757444381714,2011_IHbIf3K5pdc_00010_000_a,0.00011407735291868448,0.0014203820610418916,567,12,0.7059826254844666,0.707288920879364,0.27650752663612366,0.2778138220310211,0.31385114789009094
0.28510037064552307,0.23577825725078583,0.2481330931186676,0.14846570789813995,511,camera,0.0010706207249313593,0.0007600238895975053,0.0013815920101478696,1.4086672067642212,2011_IIr2CCwrYbU_00021_000_a,5.36447623744607e-05,0.00112426548730582,827,21,0.9208423495292664,0.9219129681587219,0.8007033467292786,0.8017739653587341,0.7749181389808655
0.28421550989151,0.3061361014842987,0.23028084635734558,0.12737146019935608,384,human,0.005093081388622522,0.004943970125168562,0.013599720783531666,1.0301601886749268,2011_Doq_EUCSB5k_00012_000_a,-0.0004738764837384224,0.0046192049048841,784,19,0.4859126806259155,0.4910057485103607,0.36207708716392517,0.36717015504837036,0.37449896335601807
0.21246623992919922,0.10020867735147476,0.2724185585975647,0.16757512092590332,385,human,0.011229544878005981,0.009302176535129547,0.02778012864291668,1.2071954011917114,2011_DsugPaXH4kA_00036_000_a,0.0024227024987339973,0.013652247376739979,848,27,0.4217499792575836,0.4329795241355896,0.3992268741130829,0.41045641899108887,0.40422940254211426
0.2674618661403656,0.1737736314535141,0.2691681385040283,0.1641087830066681,386,human,0.006800186820328236,0.015772705897688866,0.017644692212343216,0.4311363697052002,2011_E3bgtIIw9JM_00021_000_a,-0.00029985327273607254,0.006500333547592163,445,27,0.4581519067287445,0.4649520814418793,0.33128365874290466,0.33808383345603943,0.3853956162929535
0.13229230046272278,0.0339350663125515,0.16151213645935059,0.050604600459337234,387,human,0.02166668511927128,0.014995970763266087,0.0558963380753994,1.444833755493164,2011_E41tGRgKxNk_00010_000_b,0.0015857070684432983,0.023252392187714577,980,3,1.7591633796691895,1.7808300256729126,0.26461607217788696,0.2862827479839325,0.3876226246356964
0.18481343984603882,0.07762093096971512,0.18043313920497894,0.06432046741247177,388,human,0.003802104853093624,0.0033187191002070904,0.020403414964675903,1.145654320716858,2011_E6yFlIQxp8g_00005_000_a,7.735914550721645e-05,0.0038794639986008406,893,15,0.37760284543037415,0.38140493631362915,0.18999673426151276,0.19379884004592896,0.18634650111198425
0.47312405705451965,0.7616599202156067,0.2736656367778778,0.18566903471946716,389,human,0.002761865733191371,0.00965842790901661,0.006490857340395451,0.28595396876335144,2011_E6yFlIQxp8g_00028_000_a,-0.00013740360736846924,0.0026244621258229017,342,27,0.35164639353752136,0.35440826416015625,0.3398614823818207,0.34262335300445557,0.42550092935562134
0.24854645133018494,0.20906153321266174,0.24452614784240723,0.15765948593616486,390,human,0.004615809768438339,0.3142207860946655,0.007985029369592667,0.014689702540636063,2011_ECDGpYuMRDA_00017_000_a,6.288755685091019e-05,0.004678697325289249,69,16,0.0,0.004615809768438339,0.22433724999427795,0.2289530634880066,0.5780579447746277
0.30833902955055237,0.2688943147659302,0.27322372794151306,0.16387884318828583,391,human,0.007925119251012802,0.007821284234523773,0.020849889144301414,1.0132759809494019,2011_ECDGpYuMRDA_00017_001_a,0.0009377086535096169,0.008862827904522419,751,27,0.7000473737716675,0.7079724669456482,0.36226779222488403,0.37019291520118713,0.3801036775112152
0.38858768343925476,0.4375312328338623,0.2929270565509796,0.19892393052577972,392,human,0.010952305980026722,0.009114599786698818,0.025778193026781082,1.2016222476959229,2011_ECDGpYuMRDA_00019_000_a,5.070492625236511e-05,0.011003010906279087,863,29,0.7665491700172424,0.7775014638900757,0.40048766136169434,0.4114399552345276,0.42486709356307983
0.9521154165267944,1.9377975463867188,0.5422868132591248,0.626835823059082,393,human,0.005437531974166632,0.015459137037396431,0.007043220102787018,0.35173580050468445,2011_EECf2o9Ivaw_00000_000_a,-1.4085322618484497e-05,0.005423446651548147,383,58,0.6005179286003113,0.6059554815292358,0.5786087512969971,0.5840463042259216,0.7720235586166382
0.2545066475868225,0.13911375403404236,0.2633521258831024,0.15250851213932037,394,human,0.0046219793148338795,0.009332227520644665,0.014143403619527817,0.4952707290649414,2011_EF6ss3d4GyI_00013_000_a,-1.083454117178917e-05,0.00461114477366209,474,30,0.3347705602645874,0.3393925428390503,0.2664118707180023,0.2710338532924652,0.32679399847984314
0.16084696352481842,0.05610581859946251,0.16888321936130524,0.05253272131085396,395,human,0.0013366485945880413,0.004871006589382887,0.008397507481276989,0.27440911531448364,2011_EMS4lYA-hEo_00028_000_a,-2.3165135644376278e-05,0.001313483458943665,345,11,0.26824885606765747,0.2695854902267456,0.12537211179733276,0.1267087608575821,0.15917205810546875
0.270001620054245,0.1402645707130432,0.2529343366622925,0.1186615526676178,396,human,0.002383321523666382,0.02193078212440014,0.012112722732126713,0.10867471247911453,2011_EMS4lYA-hEo_00028_001_a,-6.732041947543621e-05,0.0023160011041909456,204,39,0.16751046478748322,0.1698937863111496,0.11542908102273941,0.11781240254640579,0.1967618316411972
0.3499104678630829,0.4562458395957947,0.2568895220756531,0.16241686046123505,397,human,0.006744499783962965,0.005111201200634241,0.014581350609660149,1.3195527791976929,2011_EOwmzfyF1oM_00000_000_a,0.0004131253808736801,0.007157625164836645,927,21,0.4432772397994995,0.45002174377441406,0.45028725266456604,0.4570317566394806,0.462542861700058
0.34121033549308777,0.342836856842041,0.27240055799484253,0.15952524542808533,398,human,0.0030829505994915962,0.01200754102319479,0.00905971322208643,0.2567512094974518,2011_EOwmzfyF1oM_00000_000_c,2.2350577637553215e-05,0.0031053011771291494,327,29,0.3398149907588959,0.3428979516029358,0.26899534463882446,0.2720783054828644,0.3402923047542572
0.2226003110408783,0.1449137181043625,0.199114128947258,0.07893790304660797,399,human,0.0007813688716851175,0.3184159994125366,0.0038308228831738234,0.002453924622386694,2011_EOwmzfyF1oM_00000_001_a,-4.5947032049298286e-05,0.0007354218396358192,24,19,0.12290842086076736,0.12368979305028915,0.08396880328655243,0.08475017547607422,0.20396894216537476
0.28259122371673584,0.1509874016046524,0.24430328607559204,0.11054018884897232,400,human,0.0012897254200652242,0.0072746374644339085,0.008785161189734936,0.177290678024292,2011_ETC82KEplac_00001_000_a,-2.584303729236126e-06,0.001287141116335988,269,51,0.1537654548883438,0.1550551801919937,0.11711638420820236,0.11840610951185226,0.1468072533607483
0.43938905000686646,0.3451640009880066,0.33182719349861145,0.20192976295948029,401,human,0.002430388005450368,0.055738095194101334,0.009248078800737858,0.04360371455550194,2011_EajaioMj-NA_00025_000_a,1.7178012058138847e-05,0.0024475660175085068,126,55,0.14906565845012665,0.1514960527420044,0.14813102781772614,0.15056142210960388,0.2627992331981659
0.29406821727752686,0.2204602062702179,0.25566813349723816,0.13180823624134064,402,human,0.004262818954885006,0.003668023506179452,0.01803351379930973,1.1621569395065308,2011_EbxlqGXQeEM_00011_001_a,0.00045507587492465973,0.004717894829809666,912,34,0.2944668233394623,0.29872962832450867,0.23416325449943542,0.238426074385643,0.23638315498828888
0.27504295110702515,0.19997240602970123,0.29862499237060547,0.20186851918697357,403,human,0.003331058658659458,0.024311315268278122,0.007620298303663731,0.13701680302619934,2011_EbxlqGXQeEM_00018_000_a,7.937895134091377e-05,0.003410437610000372,237,30,0.3409428894519806,0.34427395462989807,0.25262051820755005,0.25595158338546753,0.4371297061443329
0.30591973662376404,0.23337961733341217,0.24340063333511353,0.11830393970012665,404,human,0.0018703150562942028,0.003435692749917507,0.00874474085867405,0.544377863407135,2011_EbyOz1yJgYs_00000_000_a,-9.743752889335155e-05,0.0017728775274008512,513,32,0.5586573481559753,0.5605276823043823,0.18071134388446808,0.18258166313171387,0.2138788402080536
0.18945638835430145,0.08205656707286835,0.23001450300216675,0.13364355266094208,405,human,0.005184602923691273,0.006260623689740896,0.011720741167664528,0.8281288146972656,2011_EeEhcPAOGUo_00017_000_a,3.212597221136093e-06,0.005187815520912409,626,17,0.41379761695861816,0.41898220777511597,0.4068669378757477,0.4120515286922455,0.4423442780971527
0.29946616291999817,0.33551791310310364,0.26487311720848083,0.1925518959760666,406,human,0.00827968493103981,0.017675207927823067,0.011176048777997494,0.4684349298477173,2011_EeEhcPAOGUo_00017_001_a,-0.00013285595923662186,0.008146828971803188,451,16,0.7243574857711792,0.7326371669769287,0.585711658000946,0.5939913392066956,0.7408418655395508
0.18914681673049927,0.0901130810379982,0.2020440697669983,0.08970208466053009,407,human,0.0034853017423301935,0.0059885792434215546,0.010453755035996437,0.58199143409729,2011_EeEhcPAOGUo_00020_000_a,-7.216515950858593e-05,0.0034131365828216076,510,13,0.547615110874176,0.5511004328727722,0.28037482500076294,0.28386011719703674,0.3334018886089325
0.20711815357208252,0.08537095040082932,0.19344843924045563,0.06732246279716492,408,human,0.000919320504181087,0.0010617498774081469,0.007294932380318642,0.8658541440963745,2011_EmRlXmyl54I_00006_000_a,0.00015698152128607035,0.0010763020254671574,747,27,0.27864670753479004,0.2795660197734833,0.11697833240032196,0.1178976520895958,0.12602180242538452
0.35230353474617004,0.2549125850200653,0.3479035496711731,0.2512133717536926,409,human,0.0073698582127690315,0.009865033440291882,0.017621317878365517,0.7470687627792358,2011_EmTXI8HV9nE_00005_000_a,-9.945407509803772e-05,0.007270404137670994,613,42,0.5255323648452759,0.5329022407531738,0.37555745244026184,0.3829272985458374,0.4182353615760803
0.2526647448539734,0.18835164606571198,0.2562192976474762,0.17906606197357178,410,human,0.004360956139862537,2.4930431842803955,0.006693260744214058,0.0017492501065135002,2011_EmTXI8HV9nE_00020_000_a,9.919051080942154e-06,0.0043708751909434795,19,17,0.30563807487487793,0.309999018907547,0.23098662495613098,0.23534758388996124,0.6515443325042725
0.5167171359062195,0.5534703731536865,0.4389556050300598,0.3661586344242096,411,human,0.011726591736078262,0.009936761111021042,0.023637808859348297,1.1801221370697021,2011_Er54USCnsds_00009_001_a,7.220078259706497e-05,0.011798792518675327,830,52,0.6632159948348999,0.6749426126480103,0.4847843647003174,0.49651095271110535,0.4960947036743164
0.45727673172950745,0.3613366186618805,0.37213948369026184,0.2607003450393677,412,human,0.004950971342623234,0.011888036504387856,0.016155648976564407,0.41646671295166016,2011_ErqotNH65_E_00003_000_a,7.38031230866909e-05,0.005024774465709925,432,62,0.33972403407096863,0.3446750044822693,0.25755056738853455,0.2625015377998352,0.30645450949668884
0.4829533100128174,0.4337083101272583,0.3268239498138428,0.18754345178604126,413,human,0.0017461089882999659,0.032769735902547836,0.007383193355053663,0.05328419432044029,2011_EtSPFXj_eZM_00006_000_a,-9.50994435697794e-05,0.0016510095447301865,141,56,0.16637027263641357,0.16811637580394745,0.14376698434352875,0.14551308751106262,0.23649780452251434
0.22331373393535614,0.11683442443609238,0.20089253783226013,0.07748807221651077,414,human,0.003019574796780944,0.0029507719445973635,0.016992945224046707,1.0233168601989746,2011_EtSPFXj_eZM_00006_001_a,0.00047905859537422657,0.0034986333921551704,851,22,0.25709688663482666,0.26011645793914795,0.17576563358306885,0.17878520488739014,0.17769579589366913
0.40454983711242676,0.29392188787460327,0.28924205899238586,0.1450803130865097,415,human,0.002298060106113553,0.0022654898930341005,0.013130155391991138,1.0143766403198242,2011_EtSPFXj_eZM_00006_002_a,7.69228208810091e-05,0.002374982926994562,784,59,0.2591703236103058,0.26146838068962097,0.19261802732944489,0.19491608440876007,0.17502154409885406
0.18237297236919403,0.08229175955057144,0.1806834191083908,0.06562403589487076,416,human,0.0024218414910137653,0.04240849241614342,0.01127370074391365,0.05710746720433235,2011_EtSPFXj_eZM_00006_002_b,6.346497684717178e-05,0.002485306467860937,149,13,0.1603548526763916,0.16277669370174408,0.14461980760097504,0.14704164862632751,0.2148222178220749
0.3585137724876404,0.26726269721984863,0.29182612895965576,0.1673111766576767,417,human,0.0024383903946727514,0.004203603602945805,0.00987858697772026,0.5800714492797852,2011_EtSPFXj_eZM_00006_003_a,8.669658564031124e-05,0.0025250869803130627,533,47,0.37730538845062256,0.3797437846660614,0.2263394296169281,0.22877782583236694,0.24683594703674316
0.20912742614746094,0.15141898393630981,0.22256037592887878,0.11813189834356308,418,human,0.004504060372710228,0.02896484173834324,0.009703384712338448,0.15550094842910767,2011_F2zTd_YwTvo_00025_000_a,-0.00010226992890238762,0.00440179044380784,244,13,0.33967283368110657,0.34417688846588135,0.3115164339542389,0.31602048873901367,0.46417415142059326
0.22421081364154816,0.18519555032253265,0.20980726182460785,0.11256799101829529,419,human,0.0034793231170624495,0.04942766949534416,0.005834801122546196,0.07039221376180649,2011_FEdyNyQCjwE_00019_001_a,0.00011533987708389759,0.003594662994146347,168,10,0.3732645809650421,0.3767439126968384,0.3808092176914215,0.3842885494232178,0.5963053703308105
0.2744101583957672,0.2344982773065567,0.23737265169620514,0.1288924664258957,420,human,0.004833138082176447,0.003567060921341181,0.013125386089086533,1.354935646057129,2011_FEdyNyQCjwE_00027_000_a,6.786966696381569e-05,0.004901007749140263,999,19,0.50772625207901,0.5125594139099121,0.34892842173576355,0.35376155376434326,0.3682282567024231
0.3083043694496155,0.19785885512828827,0.23496338725090027,0.0995904728770256,421,human,0.001673484337516129,0.0033651990815997124,0.00973037350922823,0.49729132652282715,2011_FHohKkrVoMI_00011_000_a,-0.00016512349247932434,0.0015083608450368047,488,34,0.1190459355711937,0.12071941792964935,0.15210416913032532,0.15377765893936157,0.17198562622070312
0.20747362077236176,0.09150531142950058,0.19764316082000732,0.07224300503730774,422,human,0.0004868145624641329,0.11577226221561432,0.003672380233183503,0.004204932600259781,2011_FK-mY_mZAzs_00001_000_b,-5.680194590240717e-07,0.00048624654300510883,33,28,0.16441042721271515,0.16489724814891815,0.05013767257332802,0.050624486058950424,0.13256104290485382
0.3090950846672058,0.19551806151866913,0.32729387283325195,0.21717408299446106,423,human,0.005486507900059223,0.007746174465864897,0.015594879165291786,0.7082861065864563,2011_FLjixsUEj5E_00001_000_a,7.397914305329323e-05,0.005560487043112516,583,43,0.27664995193481445,0.282136470079422,0.30246880650520325,0.3079553246498108,0.35181471705436707
0.2555014193058014,0.24054883420467377,0.23681458830833435,0.14427608251571655,424,human,0.006428356748074293,0.01804037019610405,0.01189159881323576,0.3563317656517029,2011_FOM6rvU9xN4_00039_000_a,-0.00017044413834810257,0.006257912609726191,392,15,0.782651960849762,0.7890803217887878,0.4235495328903198,0.4299778938293457,0.5405796766281128
0.18131889402866364,0.0732363685965538,0.21250125765800476,0.09699761867523193,425,human,0.010145561769604683,0.012089977972209454,0.0344172865152359,0.8391712307929993,2011_FbmnqGqWgc8_00064_000_a,0.0004928773269057274,0.01063843909651041,662,18,0.8136696219444275,0.8238151669502258,0.2880267798900604,0.29817235469818115,0.29478099942207336
0.16497161984443665,0.057717375457286835,0.2636706233024597,0.20715424418449402,426,human,0.0066084060817956924,0.13015463948249817,0.007449599448591471,0.0507734976708889,2011_FboJePoCAb8_00010_000_a,0.0001519075594842434,0.006760313641279936,141,15,0.39835312962532043,0.4049615263938904,0.376162052154541,0.38277044892311096,0.887082040309906
0.2624957859516144,0.13332751393318176,0.2832561135292053,0.1551397144794464,427,human,0.003040350042283535,0.0031396246049553156,0.010927773080766201,0.9683800935745239,2011_FboJePoCAb8_00010_001_a,-2.4074222892522812e-05,0.003016275819391012,772,37,0.24306175112724304,0.24610209465026855,0.2870299220085144,0.2900702655315399,0.27822229266166687
0.5205022096633911,0.5570372939109802,0.34880906343460083,0.21807073056697845,428,human,0.004365221597254276,0.004688137676566839,0.017078720033168793,0.9311206340789795,2011_Fg9aUVqD1K0_00001_000_b,0.00024028820917010307,0.004605509806424379,736,60,0.27759039402008057,0.28195562958717346,0.2193436175584793,0.223708838224411,0.2555941939353943
0.232174351811409,0.15836013853549957,0.2287442833185196,0.12143053859472275,429,human,0.003490645671263337,0.01856800727546215,0.008918510749936104,0.18799246847629547,2011_Fg9aUVqD1K0_00001_000_c,0.000104846665635705,0.003595492336899042,275,17,0.3518405258655548,0.3553311824798584,0.2712962031364441,0.2747868597507477,0.3913933336734772
0.3185819685459137,0.27734375,0.22614608705043793,0.10254564881324768,430,human,0.0014441796811297536,0.08479366451501846,0.007487612776458263,0.01703169383108616,2011_FlxXhrDycHw_00003_000_a,3.3572432585060596e-05,0.0014777521137148142,76,31,0.5944350957870483,0.5958792567253113,0.0872081071138382,0.08865229040384293,0.19287584722042084
0.16020925343036652,0.0585906095802784,0.18207842111587524,0.0709124505519867,431,human,0.002794095780700445,0.004602580796927214,0.009143849834799767,0.6070715188980103,2011_FonBCrV4Fqs_00000_000_a,6.386404857039452e-05,0.0028579598292708397,552,10,0.3826584815979004,0.3854525685310364,0.2677241563796997,0.2705182433128357,0.305571049451828
0.2882964611053467,0.24711772799491882,0.2621113657951355,0.1435190886259079,432,human,0.015636958181858063,0.013879835605621338,0.047038786113262177,1.126595377922058,2011_FpxOLhuNXfM_00018_000_a,0.0011636950075626373,0.0168006531894207,848,27,0.5140860080718994,0.5297229886054993,0.3282894492149353,0.34392639994621277,0.33242690563201904
0.19667206704616547,0.08087652176618576,0.21177732944488525,0.09255192428827286,433,human,0.0039171925745904446,0.004810796119272709,0.017996614798903465,0.8142504096031189,2011_FpxOLhuNXfM_00054_000_a,-0.00017478573136031628,0.0037424068432301283,676,24,0.15136025846004486,0.15527744591236115,0.22354693710803986,0.22746412456035614,0.2176627516746521
1.2694413661956787,3.923022508621216,0.4032434821128845,0.4284111559391022,434,human,0.0014131036587059498,0.24235545098781586,0.002461308380588889,0.005830707028508186,2011_FtZb1Kbh2qY_00010_000_a,7.624819409102201e-05,0.0014893518527969718,41,45,0.2766253352165222,0.2780384421348572,0.24146850407123566,0.24288161098957062,0.5741270184516907
1.0678224563598633,3.0648536682128906,0.3983618915081024,0.4280455708503723,435,human,0.0024324851110577583,0.015013901516795158,0.0036258320324122906,0.16201552748680115,2011_FtZb1Kbh2qY_00010_000_b,-1.4706281945109367e-05,0.002417778829112649,251,39,0.6417098641395569,0.6441423296928406,0.43773505091667175,0.44016754627227783,0.6708763837814331
0.3655717074871063,0.2678709328174591,0.21780797839164734,0.08708059042692184,436,human,0.0005836234195157886,0.0006245829863473773,0.005504877306520939,0.9344209432601929,2011_FuE5BaM0BdM_00002_000_a,4.951941082254052e-05,0.0006331428303383291,786,52,0.09677596390247345,0.09735959023237228,0.102475106716156,0.10305873304605484,0.10601933300495148
0.16062995791435242,0.05380554869771004,0.18265923857688904,0.06386725604534149,437,human,0.006105605512857437,0.005288274493068457,0.035175878554582596,1.154555320739746,2011_FuE5BaM0BdM_00003_001_a,-0.0005755657330155373,0.0055300397798419,965,16,0.3122091591358185,0.3183147609233856,0.16089290380477905,0.1669985055923462,0.17357364296913147
0.2214800864458084,0.15307305753231049,0.2339574694633484,0.13701345026493073,438,human,0.006269701290875673,0.004344961605966091,0.013291621580719948,1.4429819583892822,2011_Fyvzidxs_SY_00022_000_a,-7.500825449824333e-05,0.00619469303637743,949,15,0.533166229724884,0.5394359230995178,0.4473971128463745,0.4536668062210083,0.47170326113700867
0.24657420814037323,0.18944689631462097,0.2738710045814514,0.18576547503471375,439,human,0.00551219005137682,0.00548718823119998,0.00963911134749651,1.00455641746521,2011_Fyvzidxs_SY_00022_001_a,-6.920564919710159e-05,0.005442984402179718,716,20,0.6419768929481506,0.647489070892334,0.5516868233680725,0.5571990013122559,0.571856677532196
0.16715843975543976,0.05707572400569916,0.18478314578533173,0.06405582278966904,440,human,0.0012220802018418908,0.009600839577615261,0.006792186293751001,0.12728889286518097,2011_G4YcCF8uLiI_00008_000_a,0.00010567402932792902,0.0013277542311698198,221,15,0.17250877618789673,0.17373085021972656,0.1263085901737213,0.12753066420555115,0.17992442846298218
0.37912243604660034,0.33014044165611267,0.3067049980163574,0.1793324053287506,441,human,0.0027487261686474085,0.039879266172647476,0.010394882410764694,0.06892620027065277,2011_G4cvTaP7RS8_00003_000_a,2.3883767426013947e-05,0.0027726099360734224,163,46,0.15849579870700836,0.16124452650547028,0.17317096889019012,0.17591969668865204,0.2644307017326355
0.6800323724746704,0.9210065007209778,0.43447887897491455,0.33574140071868896,442,human,0.00619628606364131,0.008010524325072765,0.016239553689956665,0.7735181450843811,2011_G4cvTaP7RS8_00003_000_b,0.0002675042487680912,0.006463790312409401,634,63,0.48275578022003174,0.48895207047462463,0.34702378511428833,0.3532200753688812,0.3815551996231079
0.3638157844543457,0.4931105673313141,0.2335612028837204,0.12767627835273743,443,human,0.007828108966350555,0.005834993906319141,0.020255081355571747,1.3415796756744385,2011_G4cvTaP7RS8_00003_000_c,-0.000986526720225811,0.006841582246124744,965,18,0.4801620543003082,0.4879901707172394,0.37468111515045166,0.3825092315673828,0.3864763081073761
0.15166912972927094,0.05204203352332115,0.17464280128479004,0.059481099247932434,444,human,0.0037149633280932903,0.009640579111874104,0.01575031504034996,0.3853464722633362,2011_G99Olp16O7M_00004_000_a,-4.093418829143047e-05,0.00367402913980186,394,9,0.43051326274871826,0.43422821164131165,0.17601779103279114,0.17973275482654572,0.23586596548557281
0.18791621923446655,0.07187674194574356,0.18194249272346497,0.05915362015366554,445,human,0.000463867123471573,0.12410911172628403,0.00434131920337677,0.003737575141713023,2011_G99Olp16O7M_00004_001_a,-2.0203646272420883e-05,0.0004436634771991521,31,26,0.18988896906375885,0.19035284221172333,0.03755553066730499,0.03801939636468887,0.10684935003519058
0.28292450308799744,0.21537208557128906,0.259652704000473,0.15266939997673035,446,human,0.0034997083712369204,0.008359630592167377,0.010509630665183067,0.41864389181137085,2011_GCPMRHNwR8E_00008_000_a,0.00018665590323507786,0.003686364274471998,436,29,0.2897911071777344,0.2932908236980438,0.29808443784713745,0.3015841543674469,0.333000123500824
0.41684138774871826,0.2833002507686615,0.33292654156684875,0.19855742156505585,447,human,0.002283714013174176,0.005464806221425533,0.009931590408086777,0.41789478063583374,2011_GG4VDjXtt7Q_00004_000_a,3.764941357076168e-05,0.002321363426744938,439,63,0.16959190368652344,0.17187561094760895,0.19612149894237518,0.1984052062034607,0.22994443774223328
0.20908398926258087,0.11135147511959076,0.18593336641788483,0.06751638650894165,448,human,0.0023375083692371845,0.006134338211268187,0.013532881624996662,0.38105306029319763,2011_GG4VDjXtt7Q_00004_000_b,0.00012743589468300343,0.002464944263920188,417,18,0.2885618805885315,0.290899395942688,0.14070497453212738,0.14304248988628387,0.1727280616760254
0.33010444045066833,0.21478267014026642,0.26768845319747925,0.12935610115528107,449,human,0.005048162303864956,0.004399492871016264,0.02734208293259144,1.1474418640136719,2011_GG4VDjXtt7Q_00004_001_a,0.0007111974991858006,0.0057593598030507565,942,47,0.24364498257637024,0.24869313836097717,0.17450039088726044,0.17954854667186737,0.18462976813316345
0.314645916223526,0.25624945759773254,0.2788424789905548,0.16939380764961243,450,human,0.004593183286488056,0.17697516083717346,0.012177362106740475,0.025953829288482666,2011_GG4VDjXtt7Q_00004_002_a,5.679996684193611e-05,0.004649983253329992,94,28,0.8135717511177063,0.8181649446487427,0.17051774263381958,0.17511092126369476,0.37719032168388367
0.29777806997299194,0.2320094108581543,0.35590410232543945,0.3306291401386261,451,human,0.006719865370541811,0.0243134293705225,0.008193288929760456,0.2763849198818207,2011_GKt6dCi-LJo_00035_000_a,0.00013691792264580727,0.006856783293187618,340,28,0.7146637439727783,0.7213836312294006,0.5401875376701355,0.5469074249267578,0.820167064666748
0.23737920820713043,0.12701204419136047,0.20961081981658936,0.08540426939725876,452,human,0.0012737669749185443,0.0019611490424722433,0.00721218716353178,0.6495003700256348,2011_GLfcxIq-zmY_00010_000_a,0.00012036971747875214,0.0013941366923972964,587,27,0.1692151427268982,0.17048890888690948,0.1875745952129364,0.1888483613729477,0.17661313712596893
0.992413341999054,2.039872169494629,0.815157413482666,1.3736335039138794,453,human,0.004958171397447586,0.01958858221769333,0.0030594735872000456,0.25311538577079773,2011_GP5ss2lYb3Y_00040_000_a,-5.256989970803261e-05,0.0049056014977395535,314,63,0.9182873368263245,0.9232454895973206,0.8979262113571167,0.9028843641281128,1.6205962896347046
0.49859631061553955,1.1837433576583862,0.35710349678993225,0.43650001287460327,454,human,0.02481648698449135,0.3935225307941437,0.013731499202549458,0.06306242942810059,2011_GSprkzio_pE_00008_000_a,0.000858839601278305,0.025675326585769653,153,16,0.9638978838920593,0.9887143969535828,0.8037717342376709,0.8285882472991943,1.8072670698165894
0.483581006526947,0.4286625385284424,0.31844624876976013,0.19543400406837463,455,human,0.002372125629335642,0.0024215986486524343,0.00897624995559454,0.9795700907707214,2011_GSruhwZsc9c_00009_000_a,-0.0005039582028985023,0.0018681674264371395,758,52,0.20620810985565186,0.20858024060726166,0.24038010835647583,0.24275223910808563,0.26426687836647034
0.9471008777618408,1.8674198389053345,0.4020863473415375,0.2970966696739197,456,human,0.005305965896695852,0.013039146549999714,0.014624599367380142,0.40692585706710815,2011_Gd6ruQcgu9w_00006_000_a,0.0001273234374821186,0.005433289334177971,419,57,0.4501122832298279,0.45541825890541077,0.3065289258956909,0.3118349015712738,0.36281102895736694
0.20741842687129974,0.1001783162355423,0.1950511783361435,0.07444383949041367,457,human,0.0016597999492660165,0.008808685466647148,0.008294472470879555,0.1884276568889618,2011_GdrDuVImE2c_00002_000_a,4.876637831330299e-07,0.0016602876130491495,278,18,0.26966169476509094,0.27132150530815125,0.15022820234298706,0.15188799798488617,0.20010916888713837
0.19117465615272522,0.0957394540309906,0.19643093645572662,0.08129918575286865,458,human,0.01211044192314148,0.009799282997846603,0.04042428731918335,1.2358498573303223,2011_GdrDuVImE2c_00002_004_a,0.0010966639965772629,0.013207105919718742,930,13,0.6798486709594727,0.6919590830802917,0.28621774911880493,0.2983281910419464,0.2995833158493042
0.20770472288131714,0.10773269832134247,0.1936531662940979,0.07157289981842041,459,human,0.0026575278025120497,0.002773794811218977,0.015504971146583557,0.9580838084220886,2011_GdrDuVImE2c_00002_005_a,7.959757931530476e-05,0.0027371253818273544,772,20,0.18722319602966309,0.18988072872161865,0.15112003684043884,0.1537775695323944,0.17139843106269836
0.4114662706851959,0.4857065975666046,0.32852545380592346,0.26523467898368835,460,human,0.010490353219211102,0.010578119195997715,0.016335872933268547,0.9917030334472656,2011_GkM4SQ--vss_00044_000_a,-0.0010112710297107697,0.009479082189500332,698,28,0.5547835826873779,0.5652739405632019,0.6160038709640503,0.6264942288398743,0.6421666741371155
0.2890510857105255,0.1796092391014099,0.244084432721138,0.11335257440805435,461,human,0.000991427805274725,0.04206413775682449,0.004997632931917906,0.02356943115592003,2011_Gm1BZxc4tmk_00018_000_a,1.8130755051970482e-05,0.0010095585603266954,93,36,0.1573924869298935,0.15838392078876495,0.10431269556283951,0.10530412197113037,0.19837947189807892
0.18695220351219177,0.09474051743745804,0.2138805240392685,0.12567390501499176,462,human,0.006814858410507441,0.014501579105854034,0.009768113493919373,0.46993905305862427,2011_Gr6eFXNq5Wc_00017_001_a,7.572025060653687e-05,0.006890578661113977,468,10,0.4832667410373688,0.4900816082954407,0.5757409930229187,0.5825558304786682,0.6976637244224548
0.15987063944339752,0.052972376346588135,0.17261235415935516,0.057183507829904556,463,human,0.0029918812215328217,0.005574081093072891,0.015013813972473145,0.5367487668991089,2011_GwYqUTPQT-w_00002_000_a,-2.4096574634313583e-05,0.002967784646898508,534,10,0.5409619212150574,0.5439537763595581,0.18585343658924103,0.18884532153606415,0.19927522540092468
0.18458667397499084,0.08715542405843735,0.2406826913356781,0.1863631159067154,464,human,0.01595614105463028,0.010479881428182125,0.01630367338657379,1.5225497484207153,2011_GwYqUTPQT-w_00002_001_a,0.0008260402828454971,0.016782181337475777,877,12,0.9346659183502197,0.9506220817565918,1.0131398439407349,1.029096007347107,0.9786837697029114
0.19882380962371826,0.08870469033718109,0.21662545204162598,0.10402229428291321,465,human,0.0034940936602652073,0.0051265317015349865,0.011922351084649563,0.6815706491470337,2011_GwYqUTPQT-w_00002_002_a,0.00018801982514560223,0.0036821134854108095,577,20,0.5538174510002136,0.5573115348815918,0.28060922026634216,0.28410330414772034,0.29307085275650024
0.2324093133211136,0.15461643040180206,0.21132740378379822,0.1042536050081253,466,human,0.0021427383180707693,0.3342832922935486,0.0056569562293589115,0.006409947294741869,2011_GwYqUTPQT-w_00002_003_a,-5.9777870774269104e-05,0.0020829604472965,43,15,0.18836569786071777,0.19050844013690948,0.18761132657527924,0.18975406885147095,0.3787793815135956
0.45865398645401,0.447417676448822,0.341027170419693,0.24291829764842987,467,human,0.0025006753858178854,0.025040362030267715,0.006417295895516872,0.09986578673124313,2011_H1SvA7bU0oM_00012_000_a,0.00010654260404407978,0.002607217989861965,195,44,0.21227461099624634,0.21477527916431427,0.23742437362670898,0.23992504179477692,0.3896774351596832
0.3429051339626312,0.24564847350120544,0.2611236572265625,0.13136927783489227,468,human,0.0025503910146653652,0.004576120525598526,0.012887128628790379,0.5573260188102722,2011_H3plWCGH4wM_00022_000_a,-2.6710331439971924e-05,0.0025236806832253933,517,44,0.16101251542568207,0.16356290876865387,0.16499106585979462,0.16754145920276642,0.19790218770503998
0.2978232502937317,0.1849079430103302,0.2461196482181549,0.121904656291008,469,human,0.0055711171589791775,0.006910320837050676,0.026470143347978592,0.8062024116516113,2011_HBdaCz2BeoY_00012_000_a,-7.472466677427292e-05,0.0054963924922049046,668,37,0.21845097839832306,0.22402209043502808,0.17472465336322784,0.18029576539993286,0.21046796441078186
0.38352346420288086,0.4536333382129669,0.29156166315078735,0.1851823776960373,470,human,0.005996097810566425,0.004383777268230915,0.016645116731524467,1.3677924871444702,2011_HBdaCz2BeoY_00014_000_a,-2.52407044172287e-05,0.005970857106149197,975,32,0.4937187731266022,0.4997148811817169,0.3371964693069458,0.34319257736206055,0.3602316379547119
0.7847787737846375,1.3591340780258179,0.34660735726356506,0.2378881424665451,471,human,0.0034872544929385185,0.003003450110554695,0.01259533129632473,1.1610828638076782,2011_HBdaCz2BeoY_00014_001_a,0.00022721616551280022,0.0037144706584513187,872,58,0.4430617690086365,0.44654902815818787,0.2594056725502014,0.2628929316997528,0.2768688201904297
0.31552886962890625,0.2626853883266449,0.37191733717918396,0.32631105184555054,472,human,0.012235772795975208,0.019821714609861374,0.018512679263949394,0.6172913312911987,2011_HDxqSt_Ctbw_00015_000_a,0.0012030061334371567,0.013438778929412365,516,34,0.7129224538803101,0.7251582145690918,0.5734330415725708,0.5856688022613525,0.6609401702880859
0.3785335421562195,0.2701191306114197,0.2802487313747406,0.1438623070716858,473,human,0.000993293826468289,0.009856818243861198,0.005072680301964283,0.10077226161956787,2011_HKpWEkSUs9U_00023_000_a,-6.674672476947308e-06,0.0009866191539913416,199,51,0.1256619691848755,0.12665526568889618,0.1286579668521881,0.1296512633562088,0.1958124190568924
0.2729141116142273,0.15849831700325012,0.2807435393333435,0.16536197066307068,474,human,0.004185379017144442,0.004158347845077515,0.012938246130943298,1.006500482559204,2011_HKpWEkSUs9U_00023_000_b,-0.000323588028550148,0.0038617909885942936,774,34,0.366548627614975,0.37073400616645813,0.29440775513648987,0.298593133687973,0.32348889112472534
0.21348023414611816,0.1818752884864807,0.20813989639282227,0.11678304523229599,475,human,0.006298234686255455,0.004592432640492916,0.010714600794017315,1.3714375495910645,2011_HO4TjpZw5zc_00005_000_a,-0.0005985083989799023,0.005699726287275553,885,9,0.5925755500793457,0.5988737940788269,0.49927055835723877,0.50556880235672,0.5878179669380188
0.682685911655426,0.9063184857368469,0.32329070568084717,0.1772729605436325,476,human,0.001515691401436925,0.0018365716096013784,0.007747254800051451,0.8252830505371094,2011_HO4TjpZw5zc_00005_000_b,9.973044507205486e-05,0.0016154218465089798,673,63,0.20964430272579193,0.21115998923778534,0.15819741785526276,0.15971310436725616,0.1956423819065094
0.38900619745254517,0.3172988295555115,0.28827428817749023,0.14207707345485687,477,human,0.0010824063792824745,0.016846617683768272,0.005769509822130203,0.06425066292285919,2011_HO4TjpZw5zc_00005_000_c,-7.126946002244949e-07,0.00108169368468225,156,50,0.23442807793617249,0.23551048338413239,0.10766433924436569,0.10874674469232559,0.1876080334186554
0.35604405403137207,0.28874823451042175,0.2945302426815033,0.1658044159412384,478,human,0.0032050837762653828,0.004111733287572861,0.011823035776615143,0.7794970273971558,2011_HO4TjpZw5zc_00005_001_a,2.0783627405762672e-05,0.0032258674036711454,650,40,0.3922407925128937,0.39544588327407837,0.21234619617462158,0.21555128693580627,0.2710880637168884
0.7626506686210632,2.079571485519409,0.33171582221984863,0.2563174366950989,479,human,0.006264630239456892,0.029590215533971786,0.010440467856824398,0.21171289682388306,2011_HQv0WWhoZnI_00007_000_a,-0.0002428656443953514,0.006021764595061541,291,29,0.5364527702331543,0.5427173972129822,0.46164774894714355,0.46791237592697144,0.6000334620475769
0.3743062913417816,0.5119794011116028,0.275165319442749,0.20346590876579285,480,human,0.005585013423115015,1.5372651815414429,0.0075939008966088295,0.0036330840084701777,2011_HQv0WWhoZnI_00007_001_a,-4.5686494559049606e-05,0.005539326928555965,30,18,0.28447604179382324,0.2900610566139221,0.2784363031387329,0.2840213179588318,0.7354604005813599
0.3624194264411926,0.31999680399894714,0.29668036103248596,0.18374867737293243,481,human,0.0026550055481493473,0.727942168712616,0.007457406725734472,0.0036472752690315247,2011_HVyg4MchBYM_00012_000_a,-3.8283178582787514e-05,0.00261672236956656,31,34,0.22245971858501434,0.22511471807956696,0.14398804306983948,0.1466430425643921,0.3560226261615753
0.21688304841518402,0.09387650340795517,0.21893395483493805,0.09416764229536057,482,human,0.00285872514359653,0.0031611041631549597,0.017336996272206306,0.904343843460083,2011_HWrjBBXjjhM_00003_000_a,-0.0002678725868463516,0.0025908525567501783,741,34,0.24679525196552277,0.24965398013591766,0.1435362696647644,0.1463949978351593,0.16489160060882568
0.21783508360385895,0.10460671782493591,0.21110783517360687,0.08105675131082535,483,human,0.0007517658523283899,0.0014766049571335316,0.004795991815626621,0.5091177821159363,2011_HWrjBBXjjhM_00003_001_a,7.299258140847087e-05,0.0008247584337368608,499,28,0.35206905007362366,0.35282081365585327,0.15525351464748383,0.15600527822971344,0.15674877166748047
0.1774984747171402,0.06804501265287399,0.17507322132587433,0.05539201945066452,484,human,0.001147066825069487,0.0010410225950181484,0.011097385548055172,1.1018654108047485,2011_HYOjY7JJDBI_00008_000_a,-1.1784955859184265e-05,0.0011352818692103028,991,23,0.32902824878692627,0.3301753103733063,0.10213521867990494,0.10328228771686554,0.10336370021104813
0.29365265369415283,0.19383560121059418,0.216771200299263,0.08569080382585526,485,human,0.002515265252441168,0.0024096460547298193,0.017111562192440033,1.0438318252563477,2011_HYOjY7JJDBI_00009_000_a,-0.0003897175192832947,0.002125547733157873,868,32,0.12465792149305344,0.12717318534851074,0.13690435886383057,0.13941963016986847,0.14699214696884155
0.8312320113182068,1.831795334815979,0.407193124294281,0.34691086411476135,486,human,0.0015269250143319368,17.36366844177246,0.002957285614684224,8.793792949290946e-05,2011_HYOjY7JJDBI_00012_000_a,2.898846287280321e-05,0.00155591347720474,1,46,0.20288296043872833,0.2044098824262619,0.20541435480117798,0.20694127678871155,0.5163265466690063
0.15596753358840942,0.05183849856257439,0.1940937042236328,0.09055273979902267,487,human,0.0040969084948301315,0.21148428320884705,0.008236308582127094,0.019372165203094482,2011_HZkrxGuKHkU_00002_000_a,-7.94650986790657e-06,0.004088961984962225,81,9,0.22075596451759338,0.22485287487506866,0.23168888688087463,0.23578579723834991,0.49742045998573303
0.23071785271167755,0.11226274073123932,0.21991722285747528,0.09502408653497696,488,human,0.0010435556760057807,0.004640358965843916,0.005441676825284958,0.22488684952259064,2011_HaCRdT6wcyE_00012_000_a,-5.999347195029259e-06,0.0010375563288107514,310,29,0.1525265872478485,0.15357014536857605,0.12499977648258209,0.12604333460330963,0.19177097082138062
0.5346061587333679,0.6072662472724915,0.2847450375556946,0.15521866083145142,489,human,0.0008761775679886341,0.002843426074832678,0.005449710879474878,0.3081414997577667,2011_HadRbtEI7KU_00025_000_b,-9.297276847064495e-06,0.0008668802911415696,371,63,0.109864741563797,0.11074092239141464,0.1302514225244522,0.13112759590148926,0.1607750505208969
0.4292527437210083,0.6314144134521484,0.24463056027889252,0.13537201285362244,490,human,0.00044392235577106476,0.38752123713493347,0.0018066545017063618,0.001145543297752738,2011_HadRbtEI7KU_00025_000_c,-9.01264138519764e-06,0.0004349097143858671,14,29,0.09887710213661194,0.09932102262973785,0.09218273311853409,0.09262665361166,0.24571514129638672
0.20181165635585785,0.0889202430844307,0.3029309809207916,0.24547305703163147,491,human,0.00789062399417162,0.023365572094917297,0.011457904241979122,0.33770301938056946,2011_HigxGvmHEdQ_00012_000_a,-7.272697985172272e-06,0.007883351296186447,381,24,0.6462879180908203,0.6541785597801208,0.5410473942756653,0.5489380359649658,0.688662052154541
0.18721164762973785,0.07679466158151627,0.1989951878786087,0.07881198078393936,492,human,0.0029855468310415745,0.08051087707281113,0.015397916547954082,0.037082526832818985,2011_HrvHeKH9kLg_00000_000_a,-3.5082921385765076e-06,0.002982038538902998,115,20,0.7128541469573975,0.715839684009552,0.10419034212827682,0.10717588663101196,0.19389291107654572
0.3057243525981903,0.22445860505104065,0.2584543526172638,0.12976352870464325,493,human,0.004412309266626835,0.00524518359452486,0.020071133971214294,0.8412116169929504,2011_HtpiEXXf7dI_00008_000_a,0.0001931902952492237,0.004605499561876059,699,36,0.2272411733865738,0.23165348172187805,0.18377046287059784,0.1881827712059021,0.2198335826396942
0.18191465735435486,0.08010953664779663,0.23518481850624084,0.17843219637870789,494,human,0.011112143285572529,0.08921859413385391,0.011915717273950577,0.12454963475465775,2011_HvJTquFs5Zk_00001_000_a,-0.0001758858561515808,0.010936257429420948,211,12,0.5419095158576965,0.5530216693878174,0.40370097756385803,0.4148131310939789,0.9325618743896484
0.24585533142089844,0.1319972723722458,0.26988592743873596,0.1557425856590271,495,human,0.006113710347563028,0.011764243245124817,0.018656762316823006,0.5196858048439026,2011_HzWikU7ir4Y_00021_000_a,0.00046291667968034744,0.006576627027243376,490,31,0.29807475209236145,0.30418846011161804,0.29549503326416016,0.30160874128341675,0.3276940584182739
0.24645787477493286,0.13757430016994476,0.20481573045253754,0.0831950232386589,496,human,0.0011603775201365352,0.0012325341813266277,0.006817452609539032,0.94145667552948,2011_I3K8xBfywg0_00045_000_a,7.699616253376007e-05,0.0012373736826702952,777,27,0.18106280267238617,0.18222318589687347,0.18781371414661407,0.18897409737110138,0.17020690441131592
0.22960054874420166,0.11784159392118454,0.20217829942703247,0.07807475328445435,497,human,0.0015387984458357096,0.023753173649311066,0.01009451225399971,0.06478285789489746,2011_I42_ESLXfWI_00021_000_a,-2.9194517992436886e-05,0.0015096039278432727,156,28,0.15577277541160583,0.1573115736246109,0.09536825865507126,0.09690705686807632,0.15243910253047943
0.2338247299194336,0.11860331147909164,0.22929123044013977,0.10575752705335617,498,human,0.0016843104967847466,0.02860233560204506,0.00744091160595417,0.058887165039777756,2011_I70sIrfz0_c_00001_000_a,-2.6435242034494877e-05,0.0016578752547502518,152,28,0.12306062877178192,0.12474493682384491,0.1595819890499115,0.1612662971019745,0.2263580858707428
0.23228108882904053,0.13963696360588074,0.21252217888832092,0.09376596659421921,499,human,0.0020059337839484215,0.020189663395285606,0.007175717037171125,0.09935449063777924,2011_I70sIrfz0_c_00008_000_a,4.043523222208023e-05,0.0020463690161705017,194,18,0.28746509552001953,0.2894710302352905,0.1996561884880066,0.2016621232032776,0.2795447111129761
0.2429039627313614,0.20627151429653168,0.19138740003108978,0.07725502550601959,500,human,0.0030380678363144398,0.0029590942431241274,0.012136134319007397,1.0266884565353394,2011_I70sIrfz0_c_00008_001_a,3.7669437006115913e-05,0.0030757372733205557,806,15,0.28195592761039734,0.2849940061569214,0.25735437870025635,0.2603924572467804,0.25033241510391235
0.3809341490268707,0.6050102710723877,0.3414430320262909,0.4327334761619568,501,human,0.0067925844341516495,0.004407630767673254,0.005733276251703501,1.5410964488983154,2011_IB2eLqqkLaI_00000_000_a,-4.1725579649209976e-05,0.0067508588545024395,811,26,1.2789053916931152,1.2856979370117188,1.1685315370559692,1.1753240823745728,1.1847648620605469
0.37372350692749023,0.29498422145843506,0.38279715180397034,0.3064119517803192,502,human,0.019188838079571724,0.012987745925784111,0.03692164272069931,1.4774571657180786,2011_IBPc_SnNPzo_00035_000_a,-0.002040525898337364,0.01714831218123436,994,42,0.476967990398407,0.49615684151649475,0.5214086174964905,0.5405974388122559,0.5197178721427917
0.2473493069410324,0.14652985334396362,0.24553290009498596,0.14122721552848816,503,human,0.015140235424041748,0.02516501024365425,0.037933412939310074,0.6016383767127991,2011_IBPc_SnNPzo_00035_000_b,0.00029767677187919617,0.015437912195920944,528,22,0.3980761766433716,0.41321641206741333,0.34533193707466125,0.360472172498703,0.3991266191005707
0.2919842600822449,0.1741926670074463,0.21983203291893005,0.08911740779876709,504,human,0.0010764427715912461,0.0010478498879820108,0.007115096785128117,1.027287244796753,2011_IE0S6NNXiYM_00007_000_a,-4.350137896835804e-05,0.001032941392622888,839,34,0.14242379367351532,0.14350023865699768,0.12893988192081451,0.13001632690429688,0.15128996968269348
0.3953454792499542,0.3914963901042938,0.32851263880729675,0.23140279948711395,505,human,0.008027765899896622,0.010307831689715385,0.01998896338045597,0.7788025736808777,2011_IFTHxZ22woc_00000_000_a,0.0003908127546310425,0.008418578654527664,622,36,0.45839324593544006,0.4664210081100464,0.361374169588089,0.3694019317626953,0.4016098976135254
0.3887511193752289,0.28933289647102356,0.3054267466068268,0.17420841753482819,506,human,0.002481462899595499,0.017104333266615868,0.010916134342551231,0.14507803320884705,2011_IGtoG5BnW_g_00017_000_a,-3.571063280105591e-05,0.002445752266794443,239,52,0.17395195364952087,0.17643341422080994,0.15812522172927856,0.16060668230056763,0.22732065618038177
0.3443620502948761,0.23431898653507233,0.26197537779808044,0.1310359537601471,507,human,0.0005842161481268704,6.894822597503662,0.003165284637361765,8.473258640151471e-05,2011_IGtoG5BnW_g_00017_000_b,-3.48980538547039e-05,0.0005493180942721665,1,45,0.08754352480173111,0.0881277397274971,0.07802598178386688,0.07861019670963287,0.18456986546516418
0.34144067764282227,0.23393511772155762,0.23498207330703735,0.09754379838705063,508,human,0.00047457916662096977,0.0009533443953841925,0.0036149565130472183,0.49780455231666565,2011_IHLzITVRlCo_00010_000_a,1.6773352399468422e-05,0.0004913525190204382,476,48,0.21212612092494965,0.2126006931066513,0.12529875338077545,0.1257733255624771,0.13128212094306946
0.44515421986579895,0.37631016969680786,0.28999650478363037,0.1418745517730713,509,human,0.0005330442218109965,0.011927267536520958,0.003286883467808366,0.04469122737646103,2011_IHLzITVRlCo_00010_000_b,3.792572533711791e-05,0.0005709699471481144,126,63,0.18732832372188568,0.187861368060112,0.1199617087841034,0.12049475312232971,0.16217313706874847
0.16832616925239563,0.07178504019975662,0.2004830688238144,0.08973407000303268,510,human,0.010670115239918232,0.046516746282577515,0.028309399262070656,0.2293822318315506,2011_IHbIf3K5pdc_00010_000_a,0.001407792791724205,0.012077908031642437,309,12,0.3153286874294281,0.32599881291389465,0.25647661089897156,0.2671467363834381,0.3769106864929199
0.28510037064552307,0.23577825725078583,0.2481330931186676,0.14846570789813995,511,human,0.006071916781365871,0.025682974606752396,0.01456410437822342,0.2364179790019989,2011_IIr2CCwrYbU_00021_000_a,-0.0001979009248316288,0.005874015856534243,316,21,0.30514809489250183,0.3112200200557709,0.3234967291355133,0.32956865429878235,0.41690972447395325
0.28421550989151,0.3061361014842987,0.23028084635734558,0.12737146019935608,384,joint,0.0024672464933246374,0.20287737250328064,0.0039366381242871284,0.012161269783973694,2011_Doq_EUCSB5k_00012_000_a,-3.6976998671889305e-05,0.002430269494652748,63,19,,,,,0.626739501953125
0.21246623992919922,0.10020867735147476,0.2724185585975647,0.16757512092590332,385,joint,0.038211971521377563,0.07002972066402435,0.1100442111492157,0.5456536412239075,2011_DsugPaXH4kA_00036_000_a,-0.0005277059972286224,0.03768426552414894,502,27,,,,,0.34724199771881104
0.2674618661403656,0.1737736314535141,0.2691681385040283,0.1641087830066681,386,joint,0.17907045781612396,0.1320081204175949,0.4449172914028168,1.3565109968185425,2011_E3bgtIIw9JM_00021_000_a,0.027760758996009827,0.2068312168121338,963,27,,,,,0.4024803340435028
0.13229230046272278,0.0339350663125515,0.16151213645935059,0.050604600459337234,387,joint,0.02298637665808201,0.07187645882368088,0.06863271445035934,0.31980398297309875,2011_E41tGRgKxNk_00010_000_b,0.00018120184540748596,0.023167578503489494,349,3,,,,,0.33491864800453186
0.18481343984603882,0.07762093096971512,0.18043313920497894,0.06432046741247177,388,joint,0.011591164395213127,0.03501872718334198,0.05274497717618942,0.3309990167617798,2011_E6yFlIQxp8g_00005_000_a,0.00011512916535139084,0.011706293560564518,374,15,,,,,0.21975864470005035
0.47312405705451965,0.7616599202156067,0.2736656367778778,0.18566903471946716,389,joint,0.010475977323949337,0.05937058851122856,0.010764903388917446,0.17645062506198883,2011_E6yFlIQxp8g_00028_000_a,-0.00010747741907835007,0.010368499904870987,264,27,,,,,0.9731603264808655
0.24854645133018494,0.20906153321266174,0.24452614784240723,0.15765948593616486,390,joint,0.10052255541086197,0.09193797409534454,0.147910475730896,1.0933736562728882,2011_ECDGpYuMRDA_00017_000_a,0.010155841708183289,0.11067839711904526,726,16,,,,,0.6796175837516785
0.30833902955055237,0.2688943147659302,0.27322372794151306,0.16387884318828583,391,joint,0.07143189758062363,0.07098117470741272,0.1467372477054596,1.0063499212265015,2011_ECDGpYuMRDA_00017_001_a,0.0019331350922584534,0.07336503267288208,731,27,,,,,0.486801415681839
0.38858768343925476,0.4375312328338623,0.2929270565509796,0.19892393052577972,392,joint,0.04646087437868118,0.059045881032943726,0.07194748520851135,0.7868605256080627,2011_ECDGpYuMRDA_00019_000_a,0.0010575056076049805,0.04751837998628616,614,29,,,,,0.6457609534263611
0.9521154165267944,1.9377975463867188,0.5422868132591248,0.626835823059082,393,joint,0.7202746272087097,0.3200855851173401,0.5347240567207336,2.250256299972534,2011_EECf2o9Ivaw_00000_000_a,-0.03581744432449341,0.6844571828842163,978,58,,,,,1.3470025062561035
0.2545066475868225,0.13911375403404236,0.2633521258831024,0.15250851213932037,394,joint,0.017218206077814102,0.05169529467821121,0.05368005856871605,0.3330710530281067,2011_EF6ss3d4GyI_00013_000_a,0.00042169541120529175,0.017639901489019394,380,30,,,,,0.32075610756874084
0.16084696352481842,0.05610581859946251,0.16888321936130524,0.05253272131085396,395,joint,0.025977523997426033,0.025048822164535522,0.1411946713924408,1.0370756387710571,2011_EMS4lYA-hEo_00028_000_a,0.010891253128647804,0.03686877712607384,889,11,,,,,0.18398374319076538
0.270001620054245,0.1402645707130432,0.2529343366622925,0.1186615526676178,396,joint,0.0073989261873066425,0.04000912979245186,0.034677654504776,0.1849309504032135,2011_EMS4lYA-hEo_00028_001_a,9.918212890625e-05,0.0074981083162128925,274,39,,,,,0.2133629322052002
0.3499104678630829,0.4562458395957947,0.2568895220756531,0.16241686046123505,397,joint,0.10735620558261871,0.07760481536388397,0.12945567071437836,1.3833703994750977,2011_EOwmzfyF1oM_00000_000_a,0.0002296939492225647,0.10758589953184128,816,21,,,,,0.8292893171310425
0.34121033549308777,0.342836856842041,0.27240055799484253,0.15952524542808533,398,joint,0.03834647312760353,0.045455221086740494,0.07540393620729446,0.8436098694801331,2011_EOwmzfyF1oM_00000_000_c,-0.00037206336855888367,0.03797440975904465,638,29,,,,,0.5085473656654358
0.2226003110408783,0.1449137181043625,0.199114128947258,0.07893790304660797,399,joint,0.0015338353114202619,0.1361445039510727,0.0050900885835289955,0.01126623060554266,2011_EOwmzfyF1oM_00000_001_a,-4.158786032348871e-05,0.0014922474510967731,60,19,,,,,0.30133765935897827
0.28259122371673584,0.1509874016046524,0.24430328607559204,0.11054018884897232,400,joint,0.020863734185695648,0.028306802734732628,0.12418577075004578,0.7370572686195374,2011_ETC82KEplac_00001_000_a,0.0007167998701334,0.021580534055829048,626,51,,,,,0.16800422966480255
0.43938905000686646,0.3451640009880066,0.33182719349861145,0.20192976295948029,401,joint,0.030734146013855934,0.04672721400856972,0.09341339021921158,0.6577354669570923,2011_EajaioMj-NA_00025_000_a,0.0009075496345758438,0.03164169564843178,566,55,,,,,0.3290122151374817
0.29406821727752686,0.2204602062702179,0.25566813349723816,0.13180823624134064,402,joint,0.006111852824687958,0.06036284565925598,0.019797204062342644,0.10125190019607544,2011_EbxlqGXQeEM_00011_001_a,-4.0143728256225586e-05,0.006071709096431732,198,34,,,,,0.3087230324745178
0.27504295110702515,0.19997240602970123,0.29862499237060547,0.20186851918697357,403,joint,0.044917698949575424,0.05444910004734993,0.10096333920955658,0.8249484300613403,2011_EbxlqGXQeEM_00018_000_a,0.0017673484981060028,0.04668504744768143,641,30,,,,,0.44489118456840515
0.30591973662376404,0.23337961733341217,0.24340063333511353,0.11830393970012665,404,joint,0.011650617234408855,0.023411709815263748,0.037220489233732224,0.49764057993888855,2011_EbyOz1yJgYs_00000_000_a,-0.00018246285617351532,0.01146815437823534,478,32,,,,,0.31301623582839966
0.18945638835430145,0.08205656707286835,0.23001450300216675,0.13364355266094208,405,joint,0.003143903100863099,0.33886343240737915,0.008147039450705051,0.009277787990868092,2011_EeEhcPAOGUo_00017_000_a,-4.790700040757656e-05,0.0030959961004555225,53,17,,,,,0.38589516282081604
0.29946616291999817,0.33551791310310364,0.26487311720848083,0.1925518959760666,406,joint,0.008606448769569397,0.1401139348745346,0.008727234788239002,0.06142464280128479,2011_EeEhcPAOGUo_00017_001_a,0.00013206619769334793,0.008738514967262745,153,16,,,,,0.9861598610877991
0.18914681673049927,0.0901130810379982,0.2020440697669983,0.08970208466053009,407,joint,0.01241160649806261,0.05983615666627884,0.03504173830151558,0.2074265331029892,2011_EeEhcPAOGUo_00020_000_a,0.00013419799506664276,0.012545804493129253,291,13,,,,,0.3541949391365051
0.20711815357208252,0.08537095040082932,0.19344843924045563,0.06732246279716492,408,joint,0.0076400586403906345,0.020111696794629097,0.05164568871259689,0.379881352186203,2011_EmRlXmyl54I_00006_000_a,5.5363867431879044e-05,0.007695422507822514,408,27,,,,,0.14793217182159424
0.35230353474617004,0.2549125850200653,0.3479035496711731,0.2512133717536926,409,joint,0.036285385489463806,0.08258940279483795,0.08563762158155441,0.4393467307090759,2011_EmTXI8HV9nE_00005_000_a,0.0005008243024349213,0.03678620979189873,442,42,,,,,0.4237084686756134
0.2526647448539734,0.18835164606571198,0.2562192976474762,0.17906606197357178,410,joint,0.25803565979003906,0.16996832191944122,0.3786506652832031,1.5181397199630737,2011_EmTXI8HV9nE_00020_000_a,0.0006660223007202148,0.2587016820907593,901,17,,,,,0.681460976600647
0.5167171359062195,0.5534703731536865,0.4389556050300598,0.3661586344242096,411,joint,0.31540414690971375,0.20643864572048187,0.5326396226882935,1.5278347730636597,2011_Er54USCnsds_00009_001_a,0.06829550862312317,0.3836996555328369,947,52,,,,,0.592153012752533
0.45727673172950745,0.3613366186618805,0.37213948369026184,0.2607003450393677,412,joint,0.03183384984731674,0.04667757451534271,0.09141851216554642,0.6819944977760315,2011_ErqotNH65_E_00003_000_a,-0.00014066696166992188,0.03169318288564682,579,62,,,,,0.3482210338115692
0.4829533100128174,0.4337083101272583,0.3268239498138428,0.18754345178604126,413,joint,0.05504961311817169,0.05224015936255455,0.15797196328639984,1.0537796020507812,2011_EtSPFXj_eZM_00006_000_a,-0.002011515200138092,0.0530380979180336,785,56,,,,,0.3484771251678467
0.22331373393535614,0.11683442443609238,0.20089253783226013,0.07748807221651077,414,joint,0.014170479029417038,0.027329478412866592,0.06144802272319794,0.5185052752494812,2011_EtSPFXj_eZM_00006_001_a,0.00014013703912496567,0.014310616068542004,494,22,,,,,0.23060919344425201
0.40454983711242676,0.29392188787460327,0.28924205899238586,0.1450803130865097,415,joint,0.003068919526413083,0.04504450783133507,0.01284718420356512,0.06813082844018936,2011_EtSPFXj_eZM_00006_002_a,1.52557622641325e-05,0.0030841752886772156,159,59,,,,,0.2388787716627121
0.18237297236919403,0.08229175955057144,0.1806834191083908,0.06562403589487076,416,joint,0.023265834897756577,0.05082617700099945,0.08930601179599762,0.4577530026435852,2011_EtSPFXj_eZM_00006_002_b,-6.0381367802619934e-05,0.023205453529953957,448,13,,,,,0.2605181336402893
0.3585137724876404,0.26726269721984863,0.29182612895965576,0.1673111766576767,417,joint,0.023415379226207733,0.037445686757564545,0.07760234922170639,0.62531578540802,2011_EtSPFXj_eZM_00006_003_a,0.001875137910246849,0.025290517136454582,544,47,,,,,0.30173543095588684
0.20912742614746094,0.15141898393630981,0.22256037592887878,0.11813189834356308,418,joint,0.09009283035993576,0.07686856389045715,0.1613626927137375,1.1720373630523682,2011_F2zTd_YwTvo_00025_000_a,-0.0024333596229553223,0.08765947073698044,793,13,,,,,0.5583250522613525
0.22421081364154816,0.18519555032253265,0.20980726182460785,0.11256799101829529,419,joint,0.011171719990670681,0.07334204763174057,0.013895583339035511,0.15232352912425995,2011_FEdyNyQCjwE_00019_001_a,8.646678179502487e-05,0.011258186772465706,250,10,,,,,0.80397629737854
0.2744101583957672,0.2344982773065567,0.23737265169620514,0.1288924664258957,420,joint,0.13949191570281982,0.10528124868869781,0.2649473249912262,1.3249454498291016,2011_FEdyNyQCjwE_00027_000_a,0.012795701622962952,0.15228761732578278,909,19,,,,,0.5264892578125
0.3083043694496155,0.19785885512828827,0.23496338725090027,0.0995904728770256,421,joint,0.012430494651198387,0.023378273472189903,0.049795955419540405,0.5317113995552063,2011_FHohKkrVoMI_00011_000_a,0.0006050784140825272,0.013035573065280914,490,34,,,,,0.24962860345840454
0.20747362077236176,0.09150531142950058,0.19764316082000732,0.07224300503730774,422,joint,0.00966305285692215,0.018677646294236183,0.06209760159254074,0.5173592567443848,2011_FK-mY_mZAzs_00001_000_b,0.0009635742753744125,0.010626627132296562,488,28,,,,,0.15561072528362274
0.3090950846672058,0.19551806151866913,0.32729387283325195,0.21717408299446106,423,joint,0.004912539850920439,0.14100682735443115,0.014368771575391293,0.034839022904634476,2011_FLjixsUEj5E_00001_000_a,-0.00012588594108819962,0.004786653909832239,112,43,,,,,0.34189003705978394
0.2555014193058014,0.24054883420467377,0.23681458830833435,0.14427608251571655,424,joint,0.1396103948354721,0.09674438834190369,0.19236218929290771,1.4430851936340332,2011_FOM6rvU9xN4_00039_000_a,0.0007695704698562622,0.14037996530532837,867,15,,,,,0.7257683873176575
0.18131889402866364,0.0732363685965538,0.21250125765800476,0.09699761867523193,425,joint,0.01841273531317711,0.10232605040073395,0.06789503991603851,0.1799418181180954,2011_FbmnqGqWgc8_00064_000_a,0.0005388986319303513,0.01895163394510746,274,18,,,,,0.27119413018226624
0.16497161984443665,0.057717375457286835,0.2636706233024597,0.20715424418449402,426,joint,0.02729855105280876,0.07168331742286682,0.041798077523708344,0.38082155585289,2011_FboJePoCAb8_00010_000_a,-0.00028665363788604736,0.027011897414922714,397,15,,,,,0.6531054377555847
0.2624957859516144,0.13332751393318176,0.2832561135292053,0.1551397144794464,427,joint,0.013581590726971626,0.025467004626989365,0.050897303968667984,0.5333014726638794,2011_FboJePoCAb8_00010_001_a,0.00016324874013662338,0.01374483946710825,497,37,,,,,0.2668430209159851
0.5205022096633911,0.5570372939109802,0.34880906343460083,0.21807073056697845,428,joint,0.03770837187767029,0.044896531850099564,0.09419798851013184,0.8398949503898621,2011_Fg9aUVqD1K0_00001_000_b,0.000925164669752121,0.03863353654742241,658,60,,,,,0.4003097414970398
0.232174351811409,0.15836013853549957,0.2287442833185196,0.12143053859472275,429,joint,0.023619890213012695,0.047297339886426926,0.05088337883353233,0.4993915259838104,2011_Fg9aUVqD1K0_00001_000_c,0.0002953670918941498,0.023915257304906845,480,17,,,,,0.4641965627670288
0.3185819685459137,0.27734375,0.22614608705043793,0.10254564881324768,430,joint,0.0031566517427563667,0.09879599511623383,0.009285330772399902,0.031951211392879486,2011_FlxXhrDycHw_00003_000_a,-3.528851084411144e-05,0.0031213632319122553,106,31,,,,,0.33996114134788513
0.16020925343036652,0.0585906095802784,0.18207842111587524,0.0709124505519867,431,joint,0.018782496452331543,0.03236188367009163,0.063761867582798,0.5803894400596619,2011_FonBCrV4Fqs_00000_000_a,0.0003195684403181076,0.01910206489264965,517,10,,,,,0.2945725619792938
0.2882964611053467,0.24711772799491882,0.2621113657951355,0.1435190886259079,432,joint,0.035156916826963425,0.05606735497713089,0.08078468590974808,0.6270478963851929,2011_FpxOLhuNXfM_00018_000_a,-9.792298078536987e-05,0.035058993846178055,537,27,,,,,0.4351928234100342
0.19667206704616547,0.08087652176618576,0.21177732944488525,0.09255192428827286,433,joint,0.03370317444205284,0.04519374296069145,0.15950539708137512,0.7457486987113953,2011_FpxOLhuNXfM_00054_000_a,0.0017434246838092804,0.03544659912586212,618,24,,,,,0.21129801869392395
1.2694413661956787,3.923022508621216,0.4032434821128845,0.4284111559391022,434,joint,0.020003467798233032,0.02340473234653473,0.007839040830731392,0.8546761870384216,2011_FtZb1Kbh2qY_00010_000_a,0.0008283723145723343,0.020831840112805367,536,45,,,,,2.5517749786376953
1.0678224563598633,3.0648536682128906,0.3983618915081024,0.4280455708503723,435,joint,0.007128420751541853,0.05114566162228584,0.0029714014381170273,0.13937488198280334,2011_FtZb1Kbh2qY_00010_000_b,-0.00010816706344485283,0.007020253688097,229,39,,,,,2.3990097045898438
0.3655717074871063,0.2678709328174591,0.21780797839164734,0.08708059042692184,436,joint,0.004608975723385811,0.0094340480864048,0.023556044325232506,0.4885469675064087,2011_FuE5BaM0BdM_00002_000_a,0.00036045676097273827,0.004969432484358549,474,52,,,,,0.19566000998020172
0.16062995791435242,0.05380554869771004,0.18265923857688904,0.06386725604534149,437,joint,0.006096705794334412,0.0749240517616272,0.03618159145116806,0.08137181401252747,2011_FuE5BaM0BdM_00003_001_a,-2.338225021958351e-05,0.006073323544114828,170,16,,,,,0.16850297152996063
0.2214800864458084,0.15307305753231049,0.2339574694633484,0.13701345026493073,438,joint,0.08875203877687454,0.07379420846700668,0.1663293093442917,1.2026965618133545,2011_Fyvzidxs_SY_00022_000_a,0.015229113399982452,0.103981152176857,825,15,,,,,0.5335922837257385
0.24657420814037323,0.18944689631462097,0.2738710045814514,0.18576547503471375,439,joint,0.021468060091137886,0.06532468646764755,0.036158714443445206,0.3286362588405609,2011_Fyvzidxs_SY_00022_001_a,0.00024838000535964966,0.021716440096497536,368,20,,,,,0.5937174558639526
0.16715843975543976,0.05707572400569916,0.18478314578533173,0.06405582278966904,440,joint,0.002550698583945632,0.07547570019960403,0.014107429422438145,0.03379496559500694,2011_G4YcCF8uLiI_00008_000_a,-4.048924893140793e-07,0.002550293691456318,109,15,,,,,0.18080534040927887
0.37912243604660034,0.33014044165611267,0.3067049980163574,0.1793324053287506,441,joint,0.009257757104933262,0.07630165666341782,0.026448557153344154,0.12133100628852844,2011_G4cvTaP7RS8_00003_000_a,0.0001006564125418663,0.009358413517475128,219,46,,,,,0.3500288128852844
0.6800323724746704,0.9210065007209778,0.43447887897491455,0.33574140071868896,442,joint,0.07153846323490143,0.06697732955217361,0.11583087593317032,1.0680996179580688,2011_G4cvTaP7RS8_00003_000_b,0.0006355345249176025,0.07217399775981903,740,63,,,,,0.6176113486289978
0.3638157844543457,0.4931105673313141,0.2335612028837204,0.12767627835273743,443,joint,0.009431998245418072,0.08505244553089142,0.010325027629733086,0.11089625954627991,2011_G4cvTaP7RS8_00003_000_c,-0.00043166615068912506,0.009000332094728947,207,18,,,,,0.9135082960128784
0.15166912972927094,0.05204203352332115,0.17464280128479004,0.059481099247932434,444,joint,0.15399934351444244,0.13823170959949493,0.6445819735527039,1.11406672000885,2011_G99Olp16O7M_00004_000_a,-0.026054561138153076,0.12794478237628937,903,9,,,,,0.23891350626945496
0.18791621923446655,0.07187674194574356,0.18194249272346497,0.05915362015366554,445,joint,0.004537958186119795,0.017925063148140907,0.036492686718702316,0.2531627416610718,2011_G99Olp16O7M_00004_001_a,-2.378039062023163e-05,0.004514177795499563,336,26,,,,,0.12435253709554672
0.28292450308799744,0.21537208557128906,0.259652704000473,0.15266939997673035,446,joint,0.07973557710647583,0.0698457732796669,0.20250184834003448,1.1415948867797852,2011_GCPMRHNwR8E_00008_000_a,0.0031319186091423035,0.08286749571561813,833,29,,,,,0.3937523365020752
0.41684138774871826,0.2833002507686615,0.33292654156684875,0.19855742156505585,447,joint,0.008258961141109467,0.0348198376595974,0.03125602379441261,0.23719125986099243,2011_GG4VDjXtt7Q_00004_000_a,0.00034525617957115173,0.008604217320680618,315,63,,,,,0.26423582434654236
0.20908398926258087,0.11135147511959076,0.18593336641788483,0.06751638650894165,448,joint,0.022577330470085144,0.03616257756948471,0.09298965334892273,0.6243285536766052,2011_GG4VDjXtt7Q_00004_000_b,0.00214335136115551,0.024720681831240654,553,18,,,,,0.242794007062912
0.33010444045066833,0.21478267014026642,0.26768845319747925,0.12935610115528107,449,joint,0.00783742219209671,0.041186243295669556,0.033729810267686844,0.19029222428798676,2011_GG4VDjXtt7Q_00004_001_a,-2.6984140276908875e-05,0.007810438051819801,277,47,,,,,0.232358917593956
0.314645916223526,0.25624945759773254,0.2788424789905548,0.16939380764961243,450,joint,0.31332603096961975,0.21918073296546936,0.6739758849143982,1.429532766342163,2011_GG4VDjXtt7Q_00004_002_a,0.029174327850341797,0.34250035881996155,980,28,,,,,0.46489202976226807
0.29777806997299194,0.2320094108581543,0.35590410232543945,0.3306291401386261,451,joint,0.01549459621310234,0.05906374752521515,0.02095150575041771,0.2623368203639984,2011_GKt6dCi-LJo_00035_000_a,0.0002265535295009613,0.015721149742603302,323,28,,,,,0.7395457029342651
0.23737920820713043,0.12701204419136047,0.20961081981658936,0.08540426939725876,452,joint,0.014809631742537022,0.02762402966618538,0.0672130286693573,0.5361140966415405,2011_GLfcxIq-zmY_00010_000_a,0.00014976505190134048,0.014959396794438362,497,27,,,,,0.22033870220184326
0.992413341999054,2.039872169494629,0.815157413482666,1.3736335039138794,453,joint,0.03028641641139984,0.035818200558423996,0.016042467206716537,0.8455594182014465,2011_GP5ss2lYb3Y_00040_000_a,0.0011078417301177979,0.03139425814151764,549,63,,,,,1.8878902196884155
0.49859631061553955,1.1837433576583862,0.35710349678993225,0.43650001287460327,454,joint,0.06055396795272827,0.15022160112857819,0.020098581910133362,0.40309759974479675,2011_GSprkzio_pE_00008_000_a,0.0011241436004638672,0.06167811155319214,372,16,,,,,3.012847900390625
0.483581006526947,0.4286625385284424,0.31844624876976013,0.19543400406837463,455,joint,0.13736040890216827,0.10460887104272842,0.3629385828971863,1.313085675239563,2011_GSruhwZsc9c_00009_000_a,0.04570566117763519,0.18306607007980347,960,52,,,,,0.3784673511981964
0.9471008777618408,1.8674198389053345,0.4020863473415375,0.2970966696739197,456,joint,0.13929037749767303,0.08577851206064224,0.1316937953233719,1.6238377094268799,2011_Gd6ruQcgu9w_00006_000_a,-0.010956481099128723,0.1283338963985443,878,57,,,,,1.0576837062835693
0.20741842687129974,0.1001783162355423,0.1950511783361435,0.07444383949041367,457,joint,0.013224449008703232,0.03409002348780632,0.05389983206987381,0.38792726397514343,2011_GdrDuVImE2c_00002_000_a,-8.908845484256744e-05,0.013135360553860664,411,18,,,,,0.24535232782363892
0.19117465615272522,0.0957394540309906,0.19643093645572662,0.08129918575286865,458,joint,0.0035670537035912275,0.6376716494560242,0.010408608242869377,0.0055938721634447575,2011_GdrDuVImE2c_00002_004_a,-0.00015046913176774979,0.0034165845718234777,40,13,,,,,0.3427022695541382
0.20770472288131714,0.10773269832134247,0.1936531662940979,0.07157289981842041,459,joint,0.04131026193499565,0.04285447672009468,0.1835903525352478,0.9639660716056824,2011_GdrDuVImE2c_00002_005_a,-0.0024634450674057007,0.03884681686758995,743,20,,,,,0.22501325607299805
0.4114662706851959,0.4857065975666046,0.32852545380592346,0.26523467898368835,460,joint,0.06638211011886597,0.060040585696697235,0.0783618614077568,1.1056206226348877,2011_GkM4SQ--vss_00044_000_a,0.0020863935351371765,0.06846850365400314,733,28,,,,,0.8471226692199707
0.2890510857105255,0.1796092391014099,0.244084432721138,0.11335257440805435,461,joint,0.013712512329220772,0.024368438869714737,0.055339913815259933,0.5627160668373108,2011_Gm1BZxc4tmk_00018_000_a,0.00010453630238771439,0.013817048631608486,516,36,,,,,0.2477870136499405
0.18695220351219177,0.09474051743745804,0.2138805240392685,0.12567390501499176,462,joint,0.0036649012472480536,0.35552653670310974,0.005680873990058899,0.010308376513421535,2011_Gr6eFXNq5Wc_00017_001_a,-5.003996193408966e-06,0.0036598972510546446,55,10,,,,,0.6451297998428345
0.15987063944339752,0.052972376346588135,0.17261235415935516,0.057183507829904556,463,joint,0.05216498300433159,0.057277582585811615,0.24891895055770874,0.9107399582862854,2011_GwYqUTPQT-w_00002_000_a,0.002610228955745697,0.054775211960077286,748,10,,,,,0.209566131234169
0.18458667397499084,0.08715542405843735,0.2406826913356781,0.1863631159067154,464,joint,0.07182838767766953,0.06165749579668045,0.09105900675058365,1.164957880973816,2011_GwYqUTPQT-w_00002_001_a,0.0032795146107673645,0.07510790228843689,748,12,,,,,0.788811445236206
0.19882380962371826,0.08870469033718109,0.21662545204162598,0.10402229428291321,465,joint,0.015106944367289543,0.04370714724063873,0.05345674231648445,0.3456401228904724,2011_GwYqUTPQT-w_00002_002_a,0.0004488695412874222,0.015555813908576965,384,20,,,,,0.2826012969017029
0.2324093133211136,0.15461643040180206,0.21132740378379822,0.1042536050081253,466,joint,0.07221407443284988,0.07272467762231827,0.1522938460111618,0.9929789304733276,2011_GwYqUTPQT-w_00002_003_a,0.00513119250535965,0.07734526693820953,705,15,,,,,0.47417593002319336
0.45865398645401,0.447417676448822,0.341027170419693,0.24291829764842987,467,joint,0.007638920564204454,0.0628565177321434,0.015036115422844887,0.1215294897556305,2011_H1SvA7bU0oM_00012_000_a,-6.462680175900459e-05,0.00757429376244545,217,44,,,,,0.5080381631851196
0.3429051339626312,0.24564847350120544,0.2611236572265625,0.13136927783489227,468,joint,0.024155791848897934,0.035851411521434784,0.09095770120620728,0.6737751960754395,2011_H3plWCGH4wM_00022_000_a,0.0009577684104442596,0.025113560259342194,580,44,,,,,0.2655717134475708
0.2978232502937317,0.1849079430103302,0.2461196482181549,0.121904656291008,469,joint,0.09783964604139328,0.09036113321781158,0.38145381212234497,1.0827624797821045,2011_HBdaCz2BeoY_00012_000_a,-0.00010928511619567871,0.0977303609251976,848,37,,,,,0.25649145245552063
0.38352346420288086,0.4536333382129669,0.29156166315078735,0.1851823776960373,470,joint,0.001612375141121447,0.5557323694229126,0.002766950521618128,0.0029013517778366804,2011_HBdaCz2BeoY_00014_000_a,-1.3527460396289825e-05,0.0015988476807251573,26,32,,,,,0.5827264189720154
0.7847787737846375,1.3591340780258179,0.34660735726356506,0.2378881424665451,471,joint,0.006821738090366125,0.06646726280450821,0.008886612020432949,0.1026330515742302,2011_HBdaCz2BeoY_00014_001_a,-6.719725206494331e-05,0.006754540838301182,197,58,,,,,0.7676421999931335
0.31552886962890625,0.2626853883266449,0.37191733717918396,0.32631105184555054,472,joint,0.01277796272188425,0.12249971181154251,0.020511498674750328,0.10431014746427536,2011_HDxqSt_Ctbw_00015_000_a,-2.096407115459442e-06,0.012775866314768791,202,34,,,,,0.6229658126831055
0.3785335421562195,0.2701191306114197,0.2802487313747406,0.1438623070716858,473,joint,0.03786521032452583,0.039152100682258606,0.1461760550737381,0.9671309590339661,2011_HKpWEkSUs9U_00023_000_a,-0.002240501344203949,0.035624708980321884,750,51,,,,,0.25903838872909546
0.2729141116142273,0.15849831700325012,0.2807435393333435,0.16536197066307068,474,joint,0.07249079644680023,0.0839540958404541,0.22515827417373657,0.8634575009346008,2011_HKpWEkSUs9U_00023_000_b,0.0018334761261940002,0.07432427257299423,685,34,,,,,0.3219548463821411
0.21348023414611816,0.1818752884864807,0.20813989639282227,0.11678304523229599,475,joint,0.046773795038461685,0.035256337374448776,0.05634623020887375,1.326677680015564,2011_HO4TjpZw5zc_00005_000_a,0.012318562716245651,0.059092357754707336,820,9,,,,,0.8301140069961548
0.682685911655426,0.9063184857368469,0.32329070568084717,0.1772729605436325,476,joint,0.038328271359205246,0.029690787196159363,0.07849284261465073,1.2909146547317505,2011_HO4TjpZw5zc_00005_000_b,0.006378483027219772,0.04470675438642502,877,63,,,,,0.48830273747444153
0.38900619745254517,0.3172988295555115,0.28827428817749023,0.14207707345485687,477,joint,0.05984097719192505,0.052741363644599915,0.21432065963745117,1.1346118450164795,2011_HO4TjpZw5zc_00005_000_c,0.0037415698170661926,0.06358254700899124,863,50,,,,,0.2792123556137085
0.35604405403137207,0.28874823451042175,0.2945302426815033,0.1658044159412384,478,joint,0.00575196323916316,0.05020992085337639,0.01627299189567566,0.11455830186605453,2011_HO4TjpZw5zc_00005_001_a,-9.063072502613068e-05,0.00566133251413703,212,40,,,,,0.35346683859825134
0.7626506686210632,2.079571485519409,0.33171582221984863,0.2563174366950989,479,joint,0.03968058526515961,0.05510977655649185,0.018232017755508423,0.7200280427932739,2011_HQv0WWhoZnI_00007_000_a,0.00048093125224113464,0.04016151651740074,508,29,,,,,2.1764230728149414
0.3743062913417816,0.5119794011116028,0.275165319442749,0.20346590876579285,480,joint,0.02071705088019371,0.11185874044895172,0.01766945607960224,0.18520726263523102,2011_HQv0WWhoZnI_00007_001_a,0.00016735494136810303,0.020884405821561813,263,18,,,,,1.1724780797958374
0.3624194264411926,0.31999680399894714,0.29668036103248596,0.18374867737293243,481,joint,0.3403804302215576,0.2343605011701584,0.736827552318573,1.4523797035217285,2011_HVyg4MchBYM_00012_000_a,0.052886128425598145,0.39326655864715576,994,34,,,,,0.4619539976119995
0.21688304841518402,0.09387650340795517,0.21893395483493805,0.09416764229536057,482,joint,0.029828574508428574,0.032495249062776566,0.17681185901165009,0.9179364442825317,2011_HWrjBBXjjhM_00003_000_a,0.004351388663053513,0.034179963171482086,737,34,,,,,0.16870233416557312
0.21783508360385895,0.10460671782493591,0.21110783517360687,0.08105675131082535,483,joint,0.0024680737406015396,0.047338634729385376,0.013440659269690514,0.05213656276464462,2011_HWrjBBXjjhM_00003_001_a,5.315244197845459e-05,0.002521226182579994,137,28,,,,,0.1836274266242981
0.1774984747171402,0.06804501265287399,0.17507322132587433,0.05539201945066452,484,joint,0.047541018575429916,0.043526217341423035,0.3845655918121338,1.0922386646270752,2011_HYOjY7JJDBI_00008_000_a,0.014498673379421234,0.06203969195485115,944,23,,,,,0.12362265586853027
0.29365265369415283,0.19383560121059418,0.216771200299263,0.08569080382585526,485,joint,0.06370685994625092,0.053720127791166306,0.26818782091140747,1.1859029531478882,2011_HYOjY7JJDBI_00009_000_a,0.02316979318857193,0.08687665313482285,888,32,,,,,0.2375456839799881
0.8312320113182068,1.831795334815979,0.407193124294281,0.34691086411476135,486,joint,0.010815883055329323,0.052708107978105545,0.008109984919428825,0.20520339906215668,2011_HYOjY7JJDBI_00012_000_a,0.000269557349383831,0.011085440404713154,282,46,,,,,1.3336502313613892
0.15596753358840942,0.05183849856257439,0.1940937042236328,0.09055273979902267,487,joint,0.010652502067387104,0.1093701422214508,0.02580477111041546,0.09739863127470016,2011_HZkrxGuKHkU_00002_000_a,0.0002097124233841896,0.010862214490771294,196,9,,,,,0.4128113389015198
0.23071785271167755,0.11226274073123932,0.21991722285747528,0.09502408653497696,488,joint,0.0035366464871913195,0.020864421501755714,0.016737734898924828,0.16950608789920807,2011_HaCRdT6wcyE_00012_000_a,0.00013095000758767128,0.0036675964947789907,262,29,,,,,0.21129779517650604
0.5346061587333679,0.6072662472724915,0.2847450375556946,0.15521866083145142,489,joint,0.0034262677654623985,0.020677924156188965,0.009896778501570225,0.1656968891620636,2011_HadRbtEI7KU_00025_000_b,8.156523108482361e-05,0.003507832996547222,257,63,,,,,0.3462003171443939
0.4292527437210083,0.6314144134521484,0.24463056027889252,0.13537201285362244,490,joint,0.007400075439363718,0.02361874096095562,0.010682908818125725,0.31331372261047363,2011_HadRbtEI7KU_00025_000_c,8.713547140359879e-05,0.007487210910767317,370,29,,,,,0.6927022933959961
0.20181165635585785,0.0889202430844307,0.3029309809207916,0.24547305703163147,491,joint,0.018948255106806755,0.060510192066431046,0.03551469370722771,0.3131415545940399,2011_HigxGvmHEdQ_00012_000_a,-0.00041548535227775574,0.018532769754529,358,24,,,,,0.5335328578948975
0.18721164762973785,0.07679466158151627,0.1989951878786087,0.07881198078393936,492,joint,0.013770918361842632,0.05657723546028137,0.06836447864770889,0.24340033531188965,2011_HrvHeKH9kLg_00000_000_a,0.00025046057999134064,0.014021378941833973,317,20,,,,,0.20143382251262665
0.3057243525981903,0.22445860505104065,0.2584543526172638,0.12976352870464325,493,joint,0.039854079484939575,0.047202758491039276,0.1360313892364502,0.8443167209625244,2011_HtpiEXXf7dI_00008_000_a,-0.001519773155450821,0.038334306329488754,692,36,,,,,0.29297709465026855
0.18191465735435486,0.08010953664779663,0.23518481850624084,0.17843219637870789,494,joint,0.026361772790551186,0.10400673747062683,0.03545472025871277,0.25346216559410095,2011_HvJTquFs5Zk_00001_000_a,-0.00033370591700077057,0.026028066873550415,324,12,,,,,0.7435334920883179
0.24585533142089844,0.1319972723722458,0.26988592743873596,0.1557425856590271,495,joint,0.009371792897582054,0.04692384973168373,0.029947534203529358,0.19972343742847443,2011_HzWikU7ir4Y_00021_000_a,0.0001382855698466301,0.009510078467428684,284,31,,,,,0.312940388917923
0.24645787477493286,0.13757430016994476,0.20481573045253754,0.0831950232386589,496,joint,0.0530758835375309,0.048010554164648056,0.2352467179298401,1.1055045127868652,2011_I3K8xBfywg0_00045_000_a,0.005946747958660126,0.059022631496191025,882,27,,,,,0.22561796009540558
0.22960054874420166,0.11784159392118454,0.20217829942703247,0.07807475328445435,497,joint,0.04818277806043625,0.043788790702819824,0.25005900859832764,1.1003450155258179,2011_I42_ESLXfWI_00021_000_a,0.008837487548589706,0.057020265609025955,897,28,,,,,0.19268563389778137
0.2338247299194336,0.11860331147909164,0.22929123044013977,0.10575752705335617,498,joint,0.17849554121494293,0.1428050696849823,0.735637903213501,1.2499244213104248,2011_I70sIrfz0_c_00001_000_a,0.0035741180181503296,0.18206965923309326,990,28,,,,,0.24264049530029297
0.23228108882904053,0.13963696360588074,0.21252217888832092,0.09376596659421921,499,joint,0.0027081137523055077,0.13918979465961456,0.0076718698255717754,0.01945626735687256,2011_I70sIrfz0_c_00008_000_a,1.5603378415107727e-05,0.0027237171307206154,81,18,,,,,0.3529926538467407
0.2429039627313614,0.20627151429653168,0.19138740003108978,0.07725502550601959,500,joint,0.1862400621175766,0.14104019105434418,0.39143913984298706,1.3204751014709473,2011_I70sIrfz0_c_00008_001_a,-0.003125816583633423,0.18311424553394318,940,15,,,,,0.47578293085098267
0.3809341490268707,0.6050102710723877,0.3414430320262909,0.4327334761619568,501,joint,0.00583131005987525,0.17987516522407532,0.0043017189018428326,0.03241864964365959,2011_IB2eLqqkLaI_00000_000_a,-2.5179702788591385e-05,0.0058061303570866585,106,26,,,,,1.355576753616333
0.37372350692749023,0.29498422145843506,0.38279715180397034,0.3064119517803192,502,joint,0.013663861900568008,0.08013573288917542,0.026511946693062782,0.1705089807510376,2011_IBPc_SnNPzo_00035_000_a,1.9288621842861176e-05,0.01368315052241087,266,42,,,,,0.515385091304779
0.2473493069410324,0.14652985334396362,0.24553290009498596,0.14122721552848816,503,joint,0.013237306848168373,0.09169871360063553,0.03212803602218628,0.14435651898384094,2011_IBPc_SnNPzo_00035_000_b,0.00014898646622896194,0.013386293314397335,241,22,,,,,0.4120173156261444
0.2919842600822449,0.1741926670074463,0.21983203291893005,0.08911740779876709,504,joint,0.01225691195577383,0.014973471872508526,0.056151337921619415,0.8185751438140869,2011_IE0S6NNXiYM_00007_000_a,0.0005680881440639496,0.01282500009983778,671,34,,,,,0.2182835191488266
0.3953454792499542,0.3914963901042938,0.32851263880729675,0.23140279948711395,505,joint,0.0025457413867115974,0.16207434237003326,0.004811241757124662,0.015707245096564293,2011_IFTHxZ22woc_00000_000_a,-3.615277819335461e-05,0.002509588608518243,71,36,,,,,0.5291235446929932
0.3887511193752289,0.28933289647102356,0.3054267466068268,0.17420841753482819,506,joint,0.025707421824336052,0.044990137219429016,0.08967136591672897,0.5714012980461121,2011_IGtoG5BnW_g_00017_000_a,0.000845685601234436,0.026553107425570488,517,52,,,,,0.2866848409175873
0.3443620502948761,0.23431898653507233,0.26197537779808044,0.1310359537601471,507,joint,0.010503643192350864,0.047374945133924484,0.04249122738838196,0.22171303629875183,2011_IGtoG5BnW_g_00017_000_b,-0.00021763797849416733,0.010286005213856697,302,45,,,,,0.24719557166099548
0.34144067764282227,0.23393511772155762,0.23498207330703735,0.09754379838705063,508,joint,0.0025236005894839764,0.011776575818657875,0.01235011126846075,0.2142898440361023,2011_IHLzITVRlCo_00010_000_a,0.0001631805207580328,0.002686781110242009,299,48,,,,,0.20433828234672546
0.44515421986579895,0.37631016969680786,0.28999650478363037,0.1418745517730713,509,joint,0.008572849445044994,0.013870571739971638,0.033506691455841064,0.618060290813446,2011_IHLzITVRlCo_00010_000_b,0.0001666741445660591,0.008739523589611053,548,63,,,,,0.25585484504699707
0.16832616925239563,0.07178504019975662,0.2004830688238144,0.08973407000303268,510,joint,0.054231178015470505,0.09789516031742096,0.15238147974014282,0.5539720058441162,2011_IHbIf3K5pdc_00010_000_a,0.007780235260725021,0.062011413276195526,516,12,,,,,0.3558908700942993
0.28510037064552307,0.23577825725078583,0.2481330931186676,0.14846570789813995,511,joint,0.049369700253009796,0.06903675198554993,0.09206542372703552,0.7151219844818115,2011_IIr2CCwrYbU_00021_000_a,-0.0021903179585933685,0.04717938229441643,594,21,,,,,0.5362458229064941
