paper_id,source_repo,source_item_id,source_section,first_seen_commit,last_seen_commit,membership_status,first_seen_at,last_seen_at
arxiv:2207.09814,chenhsing__awesome-video-diffusion-models,srcitem:6de48612e055,Controllable_Video_video_generation_with_other_conditions_Image_guided_Video_Generation,collect_log:auto,collect_log:auto,active,2026-04-14T00:28:26+08:00,2026-04-14T00:31:05+08:00
arxiv:2210.06366,chenhsing__awesome-video-diffusion-models,srcitem:609eb8bdfa9f,Controllable_Video_video_editing_Video_Understanding,collect_log:auto,collect_log:auto,active,2026-04-14T00:28:26+08:00,2026-04-14T00:31:05+08:00
arxiv:2211.08428,chenhsing__awesome-video-diffusion-models,srcitem:d93caae82dae,Controllable_Video_video_editing_Video_Understanding,collect_log:auto,collect_log:auto,active,2026-04-14T00:28:26+08:00,2026-04-14T00:31:05+08:00
arxiv:2211.11743,chenhsing__awesome-video-diffusion-models,srcitem:6e698f0e32b3,Controllable_Video_video_editing_One_shot_Editing_Model,collect_log:auto,collect_log:auto,active,2026-04-14T00:28:26+08:00,2026-04-14T00:31:05+08:00
arxiv:2211.15076,chenhsing__awesome-video-diffusion-models,srcitem:3a5eb585a103,Controllable_Video_video_editing_Video_Understanding,collect_log:auto,collect_log:auto,active,2026-04-14T00:28:26+08:00,2026-04-14T00:31:05+08:00
arxiv:2212.02802,chenhsing__awesome-video-diffusion-models,srcitem:2edf97fbc60e,Controllable_Video_video_editing_Domain_specific_Editing_Model,collect_log:auto,collect_log:auto,active,2026-04-14T00:28:26+08:00,2026-04-14T00:31:05+08:00
arxiv:2212.09478,chenhsing__awesome-video-diffusion-models,srcitem:041408967a86,Controllable_Video_depth_guided_video_generation_Multi_modal_guided_Video_Generation,collect_log:auto,collect_log:auto,active,2026-04-14T00:28:26+08:00,2026-04-14T00:31:05+08:00
arxiv:2212.11565,chenhsing__awesome-video-diffusion-models,srcitem:942a68ba4e60,Controllable_Video_video_editing_One_shot_Editing_Model,collect_log:auto,collect_log:auto,active,2026-04-14T00:28:26+08:00,2026-04-14T00:31:05+08:00
arxiv:2301.04474,chenhsing__awesome-video-diffusion-models,srcitem:2a4c693ecf5b,Controllable_Video_video_editing_Sound_guided_Video_Editing,collect_log:auto,collect_log:auto,active,2026-04-14T00:28:26+08:00,2026-04-14T00:31:05+08:00
arxiv:2301.13173,chenhsing__awesome-video-diffusion-models,srcitem:a7264b341564,Controllable_Video_video_editing_One_shot_Editing_Model,collect_log:auto,collect_log:auto,active,2026-04-14T00:28:26+08:00,2026-04-14T00:31:05+08:00
arxiv:2302.01329,chenhsing__awesome-video-diffusion-models,srcitem:f76d5444f2fc,Controllable_Video_video_editing_General_Editing_Model,collect_log:auto,collect_log:auto,active,2026-04-14T00:28:26+08:00,2026-04-14T00:31:05+08:00
arxiv:2302.03011,chenhsing__awesome-video-diffusion-models,srcitem:c2f28020af14,Controllable_Video_video_editing_General_Editing_Model,collect_log:auto,collect_log:auto,active,2026-04-14T00:28:26+08:00,2026-04-14T00:31:05+08:00
arxiv:2302.11566,chenhsing__awesome-video-diffusion-models,srcitem:12cb3ca99869,Controllable_Video_video_editing_Video_Understanding,collect_log:auto,collect_log:auto,active,2026-04-14T00:28:26+08:00,2026-04-14T00:31:05+08:00
arxiv:2302.13434,chenhsing__awesome-video-diffusion-models,srcitem:dffa1668877b,Controllable_Video_video_editing_Video_Understanding,collect_log:auto,collect_log:auto,active,2026-04-14T00:28:26+08:00,2026-04-14T00:31:05+08:00
arxiv:2303.04761,chenhsing__awesome-video-diffusion-models,srcitem:92c4e736a0b9,Controllable_Video_video_editing_One_shot_Editing_Model,collect_log:auto,collect_log:auto,active,2026-04-14T00:28:26+08:00,2026-04-14T00:31:05+08:00
arxiv:2303.07945,chenhsing__awesome-video-diffusion-models,srcitem:922562b882b9,Controllable_Video_video_editing_One_shot_Editing_Model,collect_log:auto,collect_log:auto,active,2026-04-14T00:28:26+08:00,2026-04-14T00:31:05+08:00
arxiv:2303.09535,chenhsing__awesome-video-diffusion-models,srcitem:a04504df6dd8,Controllable_Video_video_editing_Training_free_Editing_Model,collect_log:auto,collect_log:auto,active,2026-04-14T00:28:26+08:00,2026-04-14T00:31:05+08:00
arxiv:2303.09867,chenhsing__awesome-video-diffusion-models,srcitem:7b6ea732782e,Controllable_Video_video_editing_Video_Understanding,collect_log:auto,collect_log:auto,active,2026-04-14T00:28:26+08:00,2026-04-14T00:31:05+08:00
arxiv:2303.12688,chenhsing__awesome-video-diffusion-models,srcitem:86d4077b456f,Controllable_Video_video_editing_Training_free_Editing_Model,collect_log:auto,collect_log:auto,active,2026-04-14T00:28:26+08:00,2026-04-14T00:31:05+08:00
arxiv:2303.13744,chenhsing__awesome-video-diffusion-models,srcitem:fbe454180809,Controllable_Video_video_generation_with_other_conditions_Image_guided_Video_Generation,collect_log:auto,collect_log:auto,active,2026-04-14T00:28:26+08:00,2026-04-14T00:31:05+08:00
arxiv:2303.14676,chenhsing__awesome-video-diffusion-models,srcitem:da90bc8b2710,Controllable_Video_video_editing_Video_Understanding,collect_log:auto,collect_log:auto,active,2026-04-14T00:28:26+08:00,2026-04-14T00:31:05+08:00
arxiv:2303.14863,chenhsing__awesome-video-diffusion-models,srcitem:2c694ccfb0b3,Controllable_Video_video_editing_Video_Understanding,collect_log:auto,collect_log:auto,active,2026-04-14T00:28:26+08:00,2026-04-14T00:31:05+08:00
arxiv:2303.17599,chenhsing__awesome-video-diffusion-models,srcitem:216495c7b8a7,Controllable_Video_video_editing_Training_free_Editing_Model,collect_log:auto,collect_log:auto,active,2026-04-14T00:28:26+08:00,2026-04-14T00:31:05+08:00
arxiv:2303.17959,chenhsing__awesome-video-diffusion-models,srcitem:515b6bb3dae1,Controllable_Video_video_editing_Video_Understanding,collect_log:auto,collect_log:auto,active,2026-04-14T00:28:26+08:00,2026-04-14T00:31:05+08:00
arxiv:2304.01186,chenhsing__awesome-video-diffusion-models,srcitem:495f0d637050,Controllable_Video_video_generation_with_other_conditions_Pose_guided_Video_Generation,collect_log:auto,collect_log:auto,active,2026-04-14T00:28:26+08:00,2026-04-14T00:31:05+08:00
arxiv:2304.05841,chenhsing__awesome-video-diffusion-models,srcitem:766a70a733b6,Controllable_Video_video_editing_Video_Understanding,collect_log:auto,collect_log:auto,active,2026-04-14T00:28:26+08:00,2026-04-14T00:31:05+08:00
arxiv:2304.06025,chenhsing__awesome-video-diffusion-models,srcitem:9b702f0765f2,Controllable_Video_video_generation_with_other_conditions_Pose_guided_Video_Generation,collect_log:auto,collect_log:auto,active,2026-04-14T00:28:26+08:00,2026-04-14T00:31:05+08:00
arxiv:2304.06818,chenhsing__awesome-video-diffusion-models,srcitem:d0359745e6ea,Controllable_Video_video_editing_Sound_guided_Video_Editing,collect_log:auto,collect_log:auto,active,2026-04-14T00:28:26+08:00,2026-04-14T00:31:05+08:00
arxiv:2304.08551,chenhsing__awesome-video-diffusion-models,srcitem:a2a78543f8ab,Controllable_Video_video_generation_with_other_conditions_Sound_guided_Video_Generation,collect_log:auto,collect_log:auto,active,2026-04-14T00:28:26+08:00,2026-04-14T00:31:05+08:00
arxiv:2304.11603,chenhsing__awesome-video-diffusion-models,srcitem:c6885290acb0,Controllable_Video_video_generation_with_other_conditions_Image_guided_Video_Generation,collect_log:auto,collect_log:auto,active,2026-04-14T00:28:26+08:00,2026-04-14T00:31:05+08:00
arxiv:2304.14404,chenhsing__awesome-video-diffusion-models,srcitem:8d412d5c0700,Controllable_Video_video_generation_with_other_conditions_Motion_guided_Video_Generation,collect_log:auto,collect_log:auto,active,2026-04-14T00:28:26+08:00,2026-04-14T00:31:05+08:00
arxiv:2305.02594,chenhsing__awesome-video-diffusion-models,srcitem:8320f6176954,Controllable_Video_video_editing_Domain_specific_Editing_Model,collect_log:auto,collect_log:auto,active,2026-04-14T00:28:26+08:00,2026-04-14T00:31:05+08:00
arxiv:2305.04001,chenhsing__awesome-video-diffusion-models,srcitem:1da6e3106c11,Controllable_Video_video_generation_with_other_conditions_Sound_guided_Video_Generation,collect_log:auto,collect_log:auto,active,2026-04-14T00:28:26+08:00,2026-04-14T00:31:05+08:00
arxiv:2305.05464,chenhsing__awesome-video-diffusion-models,srcitem:9a87e46d209a,Controllable_Video_video_editing_Domain_specific_Editing_Model,collect_log:auto,collect_log:auto,active,2026-04-14T00:28:26+08:00,2026-04-14T00:31:05+08:00
arxiv:2305.08850,chenhsing__awesome-video-diffusion-models,srcitem:6fade8205442,Controllable_Video_video_editing_Multi_modal_Control_Editing_Model,collect_log:auto,collect_log:auto,active,2026-04-14T00:28:26+08:00,2026-04-14T00:31:05+08:00
arxiv:2305.11675,chenhsing__awesome-video-diffusion-models,srcitem:ad079f925e33,Controllable_Video_video_generation_with_other_conditions_Brain_guided_Video_Generation,collect_log:auto,collect_log:auto,active,2026-04-14T00:28:26+08:00,2026-04-14T00:31:05+08:00
arxiv:2305.11846,chenhsing__awesome-video-diffusion-models,srcitem:324b0a35c71c,Controllable_Video_depth_guided_video_generation_Multi_modal_guided_Video_Generation,collect_log:auto,collect_log:auto,active,2026-04-14T00:28:26+08:00,2026-04-14T00:31:05+08:00
arxiv:2305.12328,chenhsing__awesome-video-diffusion-models,srcitem:7059d91bbbd4,Controllable_Video_video_editing_Instruct_guided_Video_Editing,collect_log:auto,collect_log:auto,active,2026-04-14T00:28:26+08:00,2026-04-14T00:31:05+08:00
arxiv:2305.13077,chenhsing__awesome-video-diffusion-models,srcitem:a7b09d4380a4,Controllable_Video_video_editing_Training_free_Editing_Model,collect_log:auto,collect_log:auto,active,2026-04-14T00:28:26+08:00,2026-04-14T00:31:05+08:00
arxiv:2305.17098,chenhsing__awesome-video-diffusion-models,srcitem:e78fd4769764,Controllable_Video_video_editing_One_shot_Editing_Model,collect_log:auto,collect_log:auto,active,2026-04-14T00:28:26+08:00,2026-04-14T00:31:05+08:00
arxiv:2305.17431,chenhsing__awesome-video-diffusion-models,srcitem:e315263d445b,Controllable_Video_video_editing_One_shot_Editing_Model,collect_log:auto,collect_log:auto,active,2026-04-14T00:28:26+08:00,2026-04-14T00:31:05+08:00
arxiv:2305.18264,chenhsing__awesome-video-diffusion-models,srcitem:e2f294fe4057,Controllable_Video_video_editing_Training_free_Editing_Model,collect_log:auto,collect_log:auto,active,2026-04-14T00:28:26+08:00,2026-04-14T00:31:05+08:00
arxiv:2305.18670,chenhsing__awesome-video-diffusion-models,srcitem:196c68615409,Controllable_Video_video_editing_One_shot_Editing_Model,collect_log:auto,collect_log:auto,active,2026-04-14T00:28:26+08:00,2026-04-14T00:31:05+08:00
arxiv:2306.00943,chenhsing__awesome-video-diffusion-models,srcitem:4e0ac07239f5,Controllable_Video_depth_guided_video_generation,collect_log:auto,collect_log:auto,active,2026-04-14T00:28:26+08:00,2026-04-14T00:31:05+08:00
arxiv:2306.01732,chenhsing__awesome-video-diffusion-models,srcitem:93c89a351e67,Controllable_Video_video_editing_Domain_specific_Editing_Model,collect_log:auto,collect_log:auto,active,2026-04-14T00:28:26+08:00,2026-04-14T00:31:05+08:00
arxiv:2306.02018,chenhsing__awesome-video-diffusion-models,srcitem:4b908b382ac3,Controllable_Video_depth_guided_video_generation_Multi_modal_guided_Video_Generation,collect_log:auto,collect_log:auto,active,2026-04-14T00:28:26+08:00,2026-04-14T00:31:05+08:00
arxiv:2306.02903,chenhsing__awesome-video-diffusion-models,srcitem:5e659401ca64,Controllable_Video_video_editing_Domain_specific_Editing_Model,collect_log:auto,collect_log:auto,active,2026-04-14T00:28:26+08:00,2026-04-14T00:31:05+08:00
arxiv:2306.07257,chenhsing__awesome-video-diffusion-models,srcitem:0ebcb1b91a49,Controllable_Video_depth_guided_video_generation_Multi_modal_guided_Video_Generation,collect_log:auto,collect_log:auto,active,2026-04-14T00:28:26+08:00,2026-04-14T00:31:05+08:00
arxiv:2306.07954,chenhsing__awesome-video-diffusion-models,srcitem:1c5ffdfdc6f6,Controllable_Video_video_editing_Training_free_Editing_Model,collect_log:auto,collect_log:auto,active,2026-04-14T00:28:26+08:00,2026-04-14T00:31:05+08:00
arxiv:2307.00040,chenhsing__awesome-video-diffusion-models,srcitem:d730555d277d,Controllable_Video_video_generation_with_other_conditions_Pose_guided_Video_Generation,collect_log:auto,collect_log:auto,active,2026-04-14T00:28:26+08:00,2026-04-14T00:31:05+08:00
arxiv:2307.01533,chenhsing__awesome-video-diffusion-models,srcitem:0b89c6bf3fa3,Controllable_Video_video_editing_Video_Understanding,collect_log:auto,collect_log:auto,active,2026-04-14T00:28:26+08:00,2026-04-14T00:31:05+08:00
arxiv:2307.02869,chenhsing__awesome-video-diffusion-models,srcitem:463518a3a21b,Controllable_Video_video_editing_Video_Understanding,collect_log:auto,collect_log:auto,active,2026-04-14T00:28:26+08:00,2026-04-14T00:31:05+08:00
arxiv:2307.04787,chenhsing__awesome-video-diffusion-models,srcitem:ca75fa89a4ba,Controllable_Video_video_editing_Instruct_guided_Video_Editing,collect_log:auto,collect_log:auto,active,2026-04-14T00:28:26+08:00,2026-04-14T00:31:05+08:00
arxiv:2307.06940,chenhsing__awesome-video-diffusion-models,srcitem:2ab01871449c,Controllable_Video_depth_guided_video_generation,collect_log:auto,collect_log:auto,active,2026-04-14T00:28:26+08:00,2026-04-14T00:31:05+08:00
arxiv:2307.07205,chenhsing__awesome-video-diffusion-models,srcitem:ad5490317263,Controllable_Video_video_editing_Video_Understanding,collect_log:auto,collect_log:auto,active,2026-04-14T00:28:26+08:00,2026-04-14T00:31:05+08:00
arxiv:2307.07635,chenhsing__awesome-video-diffusion-models,srcitem:61dbf18396f8,Controllable_Video_video_editing_Video_Understanding,collect_log:auto,collect_log:auto,active,2026-04-14T00:28:26+08:00,2026-04-14T00:31:05+08:00
arxiv:2307.07663,chenhsing__awesome-video-diffusion-models,srcitem:fe0d78801c4d,Controllable_Video_video_editing_Non_diffusion_Editing_model,collect_log:auto,collect_log:auto,active,2026-04-14T00:28:26+08:00,2026-04-14T00:31:05+08:00
arxiv:2307.10373,chenhsing__awesome-video-diffusion-models,srcitem:f50fb301fc52,Controllable_Video_video_editing_Training_free_Editing_Model,collect_log:auto,collect_log:auto,active,2026-04-14T00:28:26+08:00,2026-04-14T00:31:05+08:00
arxiv:2307.14073,chenhsing__awesome-video-diffusion-models,srcitem:a6e3883a445c,Controllable_Video_video_editing_Motion_guided_Video_Editing,collect_log:auto,collect_log:auto,active,2026-04-14T00:28:26+08:00,2026-04-14T00:31:05+08:00
arxiv:2307.16687,chenhsing__awesome-video-diffusion-models,srcitem:94550c43c699,Controllable_Video_video_editing_Video_Understanding,collect_log:auto,collect_log:auto,active,2026-04-14T00:28:26+08:00,2026-04-14T00:31:05+08:00
arxiv:2308.00122,chenhsing__awesome-video-diffusion-models,srcitem:72088f522ebd,Controllable_Video_video_editing_Video_Understanding,collect_log:auto,collect_log:auto,active,2026-04-14T00:28:26+08:00,2026-04-14T00:31:05+08:00
arxiv:2308.00135,chenhsing__awesome-video-diffusion-models,srcitem:39e3fc4adab5,Controllable_Video_video_editing_Training_free_Editing_Model,collect_log:auto,collect_log:auto,active,2026-04-14T00:28:26+08:00,2026-04-14T00:31:05+08:00
arxiv:2308.03463,chenhsing__awesome-video-diffusion-models,srcitem:97b3c41b6fb3,Controllable_Video_video_editing_Domain_specific_Editing_Model,collect_log:auto,collect_log:auto,active,2026-04-14T00:28:26+08:00,2026-04-14T00:31:05+08:00
arxiv:2308.07749,chenhsing__awesome-video-diffusion-models,srcitem:4f25517a9eb4,Controllable_Video_video_generation_with_other_conditions_Pose_guided_Video_Generation,collect_log:auto,collect_log:auto,active,2026-04-14T00:28:26+08:00,2026-04-14T00:31:05+08:00
arxiv:2308.08089,chenhsing__awesome-video-diffusion-models,srcitem:98ca8f6a7ca7,Controllable_Video_video_generation_with_other_conditions_Motion_guided_Video_Generation,collect_log:auto,collect_log:auto,active,2026-04-14T00:28:26+08:00,2026-04-14T00:31:05+08:00
arxiv:2308.09091,chenhsing__awesome-video-diffusion-models,srcitem:28260ff95cb5,Controllable_Video_video_editing_General_Editing_Model,collect_log:auto,collect_log:auto,active,2026-04-14T00:28:26+08:00,2026-04-14T00:31:05+08:00
arxiv:2308.09592,chenhsing__awesome-video-diffusion-models,srcitem:aae15156b32d,Controllable_Video_video_editing_One_shot_Editing_Model,collect_log:auto,collect_log:auto,active,2026-04-14T00:28:26+08:00,2026-04-14T00:31:05+08:00
arxiv:2308.10079,chenhsing__awesome-video-diffusion-models,srcitem:6516cdba9bde,Controllable_Video_video_editing_Training_free_Editing_Model,collect_log:auto,collect_log:auto,active,2026-04-14T00:28:26+08:00,2026-04-14T00:31:05+08:00
arxiv:2308.10257,chenhsing__awesome-video-diffusion-models,srcitem:e939f8ebb09b,Controllable_Video_video_generation_with_other_conditions_Image_guided_Video_Generation,collect_log:auto,collect_log:auto,active,2026-04-14T00:28:26+08:00,2026-04-14T00:31:05+08:00
arxiv:2308.10648,chenhsing__awesome-video-diffusion-models,srcitem:e53df8abe3a1,Controllable_Video_video_editing_Training_free_Editing_Model,collect_log:auto,collect_log:auto,active,2026-04-14T00:28:26+08:00,2026-04-14T00:31:05+08:00
arxiv:2308.14749,chenhsing__awesome-video-diffusion-models,srcitem:525e5412014a,Controllable_Video_video_editing_General_Editing_Model,collect_log:auto,collect_log:auto,active,2026-04-14T00:28:26+08:00,2026-04-14T00:31:05+08:00
arxiv:2308.15109,chenhsing__awesome-video-diffusion-models,srcitem:81f61210b95d,Controllable_Video_video_editing_Video_Understanding,collect_log:auto,collect_log:auto,active,2026-04-14T00:28:26+08:00,2026-04-14T00:31:05+08:00
arxiv:2309.00908,chenhsing__awesome-video-diffusion-models,srcitem:b31d87a90dbe,Controllable_Video_video_editing_General_Editing_Model,collect_log:auto,collect_log:auto,active,2026-04-14T00:28:26+08:00,2026-04-14T00:31:05+08:00
arxiv:2309.04509,chenhsing__awesome-video-diffusion-models,srcitem:662b7d3db6b7,Controllable_Video_video_generation_with_other_conditions_Sound_guided_Video_Generation,collect_log:auto,collect_log:auto,active,2026-04-14T00:28:26+08:00,2026-04-14T00:31:05+08:00
arxiv:2309.05519,chenhsing__awesome-video-diffusion-models,srcitem:a5e784bc7770,Controllable_Video_depth_guided_video_generation_Multi_modal_guided_Video_Generation,collect_log:auto,collect_log:auto,active,2026-04-14T00:28:26+08:00,2026-04-14T00:31:05+08:00
arxiv:2309.07906,chenhsing__awesome-video-diffusion-models,srcitem:4e3d87016cce,Controllable_Video_video_generation_with_other_conditions_Image_guided_Video_Generation,collect_log:auto,collect_log:auto,active,2026-04-14T00:28:26+08:00,2026-04-14T00:31:05+08:00
arxiv:2309.16496,chenhsing__awesome-video-diffusion-models,srcitem:73cbc8392190,Controllable_Video_video_editing_Multi_modal_Control_Editing_Model,collect_log:auto,collect_log:auto,active,2026-04-14T00:28:26+08:00,2026-04-14T00:31:05+08:00
arxiv:2310.01107,chenhsing__awesome-video-diffusion-models,srcitem:cb85be5eeaa8,Controllable_Video_video_editing_Training_free_Editing_Model,collect_log:auto,collect_log:auto,active,2026-04-14T00:28:26+08:00,2026-04-14T00:31:05+08:00
arxiv:2310.05922,chenhsing__awesome-video-diffusion-models,srcitem:1f419485a00b,Controllable_Video_video_editing_Training_free_Editing_Model,collect_log:auto,collect_log:auto,active,2026-04-14T00:28:26+08:00,2026-04-14T00:31:05+08:00
arxiv:2310.09711,chenhsing__awesome-video-diffusion-models,srcitem:9bbe15d9a121,Controllable_Video_video_editing_Training_free_Editing_Model,collect_log:auto,collect_log:auto,active,2026-04-14T00:28:26+08:00,2026-04-14T00:31:05+08:00
arxiv:2310.10624,chenhsing__awesome-video-diffusion-models,srcitem:e0bd7f4525d5,Controllable_Video_video_editing_Non_diffusion_Editing_model,collect_log:auto,collect_log:auto,active,2026-04-14T00:28:26+08:00,2026-04-14T00:31:05+08:00
arxiv:2310.16400,chenhsing__awesome-video-diffusion-models,srcitem:c515e1044b2e,Controllable_Video_video_editing_Training_free_Editing_Model,collect_log:auto,collect_log:auto,active,2026-04-14T00:28:26+08:00,2026-04-14T00:31:05+08:00
arxiv:2311.00213,chenhsing__awesome-video-diffusion-models,srcitem:1c920bce8ff5,Controllable_Video_video_editing_Instruct_guided_Video_Editing,collect_log:auto,collect_log:auto,active,2026-04-14T00:28:26+08:00,2026-04-14T00:31:05+08:00
arxiv:2311.00353,chenhsing__awesome-video-diffusion-models,srcitem:f325793c6bcf,Controllable_Video_video_editing_Training_free_Editing_Model,collect_log:auto,collect_log:auto,active,2026-04-14T00:28:26+08:00,2026-04-14T00:31:05+08:00
arxiv:2311.01090,chenhsing__awesome-video-diffusion-models,srcitem:5eaa91d74b5c,Controllable_Video_video_editing_Video_Understanding,collect_log:auto,collect_log:auto,active,2026-04-14T00:28:26+08:00,2026-04-14T00:31:05+08:00
arxiv:2311.04145,chenhsing__awesome-video-diffusion-models,srcitem:523dba8e06ac,Controllable_Video_video_generation_with_other_conditions_Image_guided_Video_Generation,collect_log:auto,collect_log:auto,active,2026-04-14T00:28:26+08:00,2026-04-14T00:31:05+08:00
arxiv:2311.09265,chenhsing__awesome-video-diffusion-models,srcitem:3b8f684b88df,Controllable_Video_video_editing_Training_free_Editing_Model,collect_log:auto,collect_log:auto,active,2026-04-14T00:28:26+08:00,2026-04-14T00:31:05+08:00
arxiv:2311.11697,chenhsing__awesome-video-diffusion-models,srcitem:0b11aee20e1d,Controllable_Video_video_editing_One_shot_Editing_Model,collect_log:auto,collect_log:auto,active,2026-04-14T00:28:26+08:00,2026-04-14T00:31:05+08:00
arxiv:2311.12052,chenhsing__awesome-video-diffusion-models,srcitem:2b0a479a96ed,Controllable_Video_video_generation_with_other_conditions_Pose_guided_Video_Generation,collect_log:auto,collect_log:auto,active,2026-04-14T00:28:26+08:00,2026-04-14T00:31:05+08:00
arxiv:2311.12886,chenhsing__awesome-video-diffusion-models,srcitem:8d3fcfc1dc00,Controllable_Video_video_generation_with_other_conditions_Motion_guided_Video_Generation,collect_log:auto,collect_log:auto,active,2026-04-14T00:28:26+08:00,2026-04-14T00:31:05+08:00
arxiv:2311.13608,chenhsing__awesome-video-diffusion-models,srcitem:94157f13312d,Controllable_Video_video_editing_Video_Understanding,collect_log:auto,collect_log:auto,active,2026-04-14T00:28:26+08:00,2026-04-14T00:31:05+08:00
arxiv:2311.14294,chenhsing__awesome-video-diffusion-models,srcitem:e02b5f913455,Controllable_Video_video_generation_with_other_conditions_Image_guided_Video_Generation,collect_log:auto,collect_log:auto,active,2026-04-14T00:28:26+08:00,2026-04-14T00:31:05+08:00
arxiv:2311.14343,chenhsing__awesome-video-diffusion-models,srcitem:2fed88fc177f,Controllable_Video_video_editing_Training_free_Editing_Model,collect_log:auto,collect_log:auto,active,2026-04-14T00:28:26+08:00,2026-04-14T00:31:05+08:00
arxiv:2311.15368,chenhsing__awesome-video-diffusion-models,srcitem:875249bc5044,Controllable_Video_video_editing_Video_Understanding,collect_log:auto,collect_log:auto,active,2026-04-14T00:28:26+08:00,2026-04-14T00:31:05+08:00
arxiv:2311.15908,chenhsing__awesome-video-diffusion-models,srcitem:7d2c4e6da1e3,Controllable_Video_video_editing_Video_Understanding,collect_log:auto,collect_log:auto,active,2026-04-14T00:28:26+08:00,2026-04-14T00:31:05+08:00
arxiv:2311.16498,chenhsing__awesome-video-diffusion-models,srcitem:0cc01886f0d3,Controllable_Video_video_generation_with_other_conditions_Pose_guided_Video_Generation,collect_log:auto,collect_log:auto,active,2026-04-14T00:28:26+08:00,2026-04-14T00:31:05+08:00
arxiv:2311.16511,chenhsing__awesome-video-diffusion-models,srcitem:355b3d520faf,Controllable_Video_depth_guided_video_generation_Multi_modal_guided_Video_Generation,collect_log:auto,collect_log:auto,active,2026-04-14T00:28:26+08:00,2026-04-14T00:31:05+08:00
arxiv:2311.16635,chenhsing__awesome-video-diffusion-models,srcitem:f4626c98bfff,Controllable_Video_video_editing_Multi_modal_Control_Editing_Model,collect_log:auto,collect_log:auto,active,2026-04-14T00:28:26+08:00,2026-04-14T00:31:05+08:00
arxiv:2311.16813,chenhsing__awesome-video-diffusion-models,srcitem:bbf04fc84cf2,Controllable_Video_depth_guided_video_generation_Multi_modal_guided_Video_Generation,collect_log:auto,collect_log:auto,active,2026-04-14T00:28:26+08:00,2026-04-14T00:31:05+08:00
arxiv:2311.16933,chenhsing__awesome-video-diffusion-models,srcitem:50aba88371ea,Controllable_Video_depth_guided_video_generation_Multi_modal_guided_Video_Generation,collect_log:auto,collect_log:auto,active,2026-04-14T00:28:26+08:00,2026-04-14T00:31:05+08:00
arxiv:2311.17117,chenhsing__awesome-video-diffusion-models,srcitem:e1dc175ac4d1,Controllable_Video_video_generation_with_other_conditions_Pose_guided_Video_Generation,collect_log:auto,collect_log:auto,active,2026-04-14T00:28:26+08:00,2026-04-14T00:31:05+08:00
arxiv:2311.17536,chenhsing__awesome-video-diffusion-models,srcitem:a2c259f0f009,Controllable_Video_video_editing_One_shot_Editing_Model,collect_log:auto,collect_log:auto,active,2026-04-14T00:28:26+08:00,2026-04-14T00:31:05+08:00
arxiv:2311.18827,chenhsing__awesome-video-diffusion-models,srcitem:0ea03d6d486f,Controllable_Video_video_editing_General_Editing_Model,collect_log:auto,collect_log:auto,active,2026-04-14T00:28:26+08:00,2026-04-14T00:31:05+08:00
arxiv:2311.18830,chenhsing__awesome-video-diffusion-models,srcitem:30e7c50bcdb7,Controllable_Video_video_editing_One_shot_Editing_Model,collect_log:auto,collect_log:auto,active,2026-04-14T00:28:26+08:00,2026-04-14T00:31:05+08:00
arxiv:2311.18837,chenhsing__awesome-video-diffusion-models,srcitem:0d2f237c893c,Controllable_Video_video_editing_General_Editing_Model,collect_log:auto,collect_log:auto,active,2026-04-14T00:28:26+08:00,2026-04-14T00:31:05+08:00
arxiv:2312.00777,chenhsing__awesome-video-diffusion-models,srcitem:dbffa96f213b,Controllable_Video_video_generation_with_other_conditions_Image_guided_Video_Generation,collect_log:auto,collect_log:auto,active,2026-04-14T00:28:26+08:00,2026-04-14T00:31:05+08:00
arxiv:2312.00845,chenhsing__awesome-video-diffusion-models,srcitem:a42d3c5ffc3a,Controllable_Video_video_generation_with_other_conditions_Motion_guided_Video_Generation,collect_log:auto,collect_log:auto,active,2026-04-14T00:28:26+08:00,2026-04-14T00:31:05+08:00
arxiv:2312.01305,chenhsing__awesome-video-diffusion-models,srcitem:1261fb0d1669,Controllable_Video_video_editing_Video_Understanding,collect_log:auto,collect_log:auto,active,2026-04-14T00:28:26+08:00,2026-04-14T00:31:05+08:00
arxiv:2312.01409,chenhsing__awesome-video-diffusion-models,srcitem:baed4f3c990f,Controllable_Video_video_editing_Domain_specific_Editing_Model,collect_log:auto,collect_log:auto,active,2026-04-14T00:28:26+08:00,2026-04-14T00:31:05+08:00
arxiv:2312.02087,chenhsing__awesome-video-diffusion-models,srcitem:8ab7e9b67f53,Controllable_Video_video_editing_General_Editing_Model,collect_log:auto,collect_log:auto,active,2026-04-14T00:28:26+08:00,2026-04-14T00:31:05+08:00
arxiv:2312.02216,chenhsing__awesome-video-diffusion-models,srcitem:155c32e7bfe0,Controllable_Video_video_editing_Motion_guided_Video_Editing,collect_log:auto,collect_log:auto,active,2026-04-14T00:28:26+08:00,2026-04-14T00:31:05+08:00
arxiv:2312.02503,chenhsing__awesome-video-diffusion-models,srcitem:0ad5109061bb,Controllable_Video_video_editing_Multi_modal_Control_Editing_Model,collect_log:auto,collect_log:auto,active,2026-04-14T00:28:26+08:00,2026-04-14T00:31:05+08:00
arxiv:2312.02813,chenhsing__awesome-video-diffusion-models,srcitem:4cdacf691d8c,Controllable_Video_video_editing_Training_free_Editing_Model,collect_log:auto,collect_log:auto,active,2026-04-14T00:28:26+08:00,2026-04-14T00:31:05+08:00
arxiv:2312.02919,chenhsing__awesome-video-diffusion-models,srcitem:2de7ef0f03d4,Controllable_Video_depth_guided_video_generation_Multi_modal_guided_Video_Generation,collect_log:auto,collect_log:auto,active,2026-04-14T00:28:26+08:00,2026-04-14T00:31:05+08:00
arxiv:2312.02928,chenhsing__awesome-video-diffusion-models,srcitem:4ac956ef1408,Controllable_Video_video_generation_with_other_conditions_Image_guided_Video_Generation,collect_log:auto,collect_log:auto,active,2026-04-14T00:28:26+08:00,2026-04-14T00:31:05+08:00
arxiv:2312.02936,chenhsing__awesome-video-diffusion-models,srcitem:e34cddc33a40,Controllable_Video_video_editing_Motion_guided_Video_Editing,collect_log:auto,collect_log:auto,active,2026-04-14T00:28:26+08:00,2026-04-14T00:31:05+08:00
arxiv:2312.03018,chenhsing__awesome-video-diffusion-models,srcitem:f095af6632d5,Controllable_Video_video_generation_with_other_conditions_Image_guided_Video_Generation,collect_log:auto,collect_log:auto,active,2026-04-14T00:28:26+08:00,2026-04-14T00:31:05+08:00
arxiv:2312.03047,chenhsing__awesome-video-diffusion-models,srcitem:229638ddf50a,Controllable_Video_video_editing_Multi_modal_Control_Editing_Model,collect_log:auto,collect_log:auto,active,2026-04-14T00:28:26+08:00,2026-04-14T00:31:05+08:00
arxiv:2312.03641,chenhsing__awesome-video-diffusion-models,srcitem:56363044bb49,Controllable_Video_video_editing_Motion_guided_Video_Editing,collect_log:auto,collect_log:auto,active,2026-04-14T00:28:26+08:00,2026-04-14T00:31:05+08:00
arxiv:2312.03772,chenhsing__awesome-video-diffusion-models,srcitem:5e624c312d1b,Controllable_Video_video_editing_One_shot_Editing_Model,collect_log:auto,collect_log:auto,active,2026-04-14T00:28:26+08:00,2026-04-14T00:31:05+08:00
arxiv:2312.03793,chenhsing__awesome-video-diffusion-models,srcitem:35a1fbdbbfe0,Controllable_Video_video_editing_Training_free_Editing_Model,collect_log:auto,collect_log:auto,active,2026-04-14T00:28:26+08:00,2026-04-14T00:31:05+08:00
arxiv:2312.04433,chenhsing__awesome-video-diffusion-models,srcitem:d886e2d3560b,Controllable_Video_video_editing_Multi_modal_Control_Editing_Model,collect_log:auto,collect_log:auto,active,2026-04-14T00:28:26+08:00,2026-04-14T00:31:05+08:00
arxiv:2312.04524,chenhsing__awesome-video-diffusion-models,srcitem:76be21891dad,Controllable_Video_video_editing_Training_free_Editing_Model,collect_log:auto,collect_log:auto,active,2026-04-14T00:28:26+08:00,2026-04-14T00:31:05+08:00
arxiv:2312.04966,chenhsing__awesome-video-diffusion-models,srcitem:f7d1381cd01f,Controllable_Video_video_generation_with_other_conditions_Motion_guided_Video_Generation,collect_log:auto,collect_log:auto,active,2026-04-14T00:28:26+08:00,2026-04-14T00:31:05+08:00
arxiv:2312.05107,chenhsing__awesome-video-diffusion-models,srcitem:a15e4753b9f7,Controllable_Video_video_generation_with_other_conditions_Pose_guided_Video_Generation,collect_log:auto,collect_log:auto,active,2026-04-14T00:28:26+08:00,2026-04-14T00:31:05+08:00
arxiv:2312.05288,chenhsing__awesome-video-diffusion-models,srcitem:b9891fb9c0f5,Controllable_Video_video_editing_One_shot_Editing_Model,collect_log:auto,collect_log:auto,active,2026-04-14T00:28:26+08:00,2026-04-14T00:31:05+08:00
arxiv:2312.05412,chenhsing__awesome-video-diffusion-models,srcitem:08f21a402969,Controllable_Video_depth_guided_video_generation_Multi_modal_guided_Video_Generation,collect_log:auto,collect_log:auto,active,2026-04-14T00:28:26+08:00,2026-04-14T00:31:05+08:00
arxiv:2312.05856,chenhsing__awesome-video-diffusion-models,srcitem:7a56bf748c97,Controllable_Video_video_editing_Training_free_Editing_Model,collect_log:auto,collect_log:auto,active,2026-04-14T00:28:26+08:00,2026-04-14T00:31:05+08:00
arxiv:2312.06708,chenhsing__awesome-video-diffusion-models,srcitem:03e13cfd5709,Controllable_Video_video_editing_General_Editing_Model,collect_log:auto,collect_log:auto,active,2026-04-14T00:28:26+08:00,2026-04-14T00:31:05+08:00
arxiv:2312.07509,chenhsing__awesome-video-diffusion-models,srcitem:8dea9b50a5fa,Controllable_Video_depth_guided_video_generation_Multi_modal_guided_Video_Generation,collect_log:auto,collect_log:auto,active,2026-04-14T00:28:26+08:00,2026-04-14T00:31:05+08:00
arxiv:2312.08882,chenhsing__awesome-video-diffusion-models,srcitem:176df7f39caf,Controllable_Video_video_editing_Instruct_guided_Video_Editing,collect_log:auto,collect_log:auto,active,2026-04-14T00:28:26+08:00,2026-04-14T00:31:05+08:00
arxiv:2312.10656,chenhsing__awesome-video-diffusion-models,srcitem:01eb5e8cfbf3,Controllable_Video_video_editing_Training_free_Editing_Model,collect_log:auto,collect_log:auto,active,2026-04-14T00:28:26+08:00,2026-04-14T00:31:05+08:00
arxiv:2312.12468,chenhsing__awesome-video-diffusion-models,srcitem:27e124d0f730,Controllable_Video_video_editing_General_Editing_Model,collect_log:auto,collect_log:auto,active,2026-04-14T00:28:26+08:00,2026-04-14T00:31:05+08:00
arxiv:2312.12635,chenhsing__awesome-video-diffusion-models,srcitem:c86e2a6658f7,Controllable_Video_video_editing_Training_free_Editing_Model,collect_log:auto,collect_log:auto,active,2026-04-14T00:28:26+08:00,2026-04-14T00:31:05+08:00
arxiv:2312.13834,chenhsing__awesome-video-diffusion-models,srcitem:41e3e26aa78d,Controllable_Video_video_editing_Instruct_guided_Video_Editing,collect_log:auto,collect_log:auto,active,2026-04-14T00:28:26+08:00,2026-04-14T00:31:05+08:00
arxiv:2312.13964,chenhsing__awesome-video-diffusion-models,srcitem:3b4fe6adaf74,Controllable_Video_video_generation_with_other_conditions_Image_guided_Video_Generation,collect_log:auto,collect_log:auto,active,2026-04-14T00:28:26+08:00,2026-04-14T00:31:05+08:00
arxiv:2312.14134,chenhsing__awesome-video-diffusion-models,srcitem:d37adc41607c,Controllable_Video_video_editing_Video_Understanding,collect_log:auto,collect_log:auto,active,2026-04-14T00:28:26+08:00,2026-04-14T00:31:05+08:00
arxiv:2312.16693,chenhsing__awesome-video-diffusion-models,srcitem:2e2712f7b749,Controllable_Video_video_generation_with_other_conditions_Image_guided_Video_Generation,collect_log:auto,collect_log:auto,active,2026-04-14T00:28:26+08:00,2026-04-14T00:31:05+08:00
arxiv:2312.17681,chenhsing__awesome-video-diffusion-models,srcitem:44cfd15f2fe7,Controllable_Video_video_editing_General_Editing_Model,collect_log:auto,collect_log:auto,active,2026-04-14T00:28:26+08:00,2026-04-14T00:31:05+08:00
arxiv:2401.01827,chenhsing__awesome-video-diffusion-models,srcitem:699c52eb5284,Controllable_Video_depth_guided_video_generation_Multi_modal_guided_Video_Generation,collect_log:auto,collect_log:auto,active,2026-04-14T00:28:26+08:00,2026-04-14T00:31:05+08:00
arxiv:2401.05735,chenhsing__awesome-video-diffusion-models,srcitem:a49ea1e90987,Controllable_Video_video_editing_Training_free_Editing_Model,collect_log:auto,collect_log:auto,active,2026-04-14T00:28:26+08:00,2026-04-14T00:31:05+08:00
arxiv:2401.09195,chenhsing__awesome-video-diffusion-models,srcitem:750a889a366e,Controllable_Video_video_editing_Domain_specific_Editing_Model,collect_log:auto,collect_log:auto,active,2026-04-14T00:28:26+08:00,2026-04-14T00:31:05+08:00
arxiv:2401.09962,chenhsing__awesome-video-diffusion-models,srcitem:86862c30e515,Controllable_Video_depth_guided_video_generation_Multi_modal_guided_Video_Generation,collect_log:auto,collect_log:auto,active,2026-04-14T00:28:26+08:00,2026-04-14T00:31:05+08:00
arxiv:2401.10150,chenhsing__awesome-video-diffusion-models,srcitem:aaade7b4526d,Controllable_Video_video_generation_with_other_conditions_Motion_guided_Video_Generation,collect_log:auto,collect_log:auto,active,2026-04-14T00:28:26+08:00,2026-04-14T00:31:05+08:00
arxiv:2401.10822,chenhsing__awesome-video-diffusion-models,srcitem:56cdda1df294,Controllable_Video_depth_guided_video_generation_Multi_modal_guided_Video_Generation,collect_log:auto,collect_log:auto,active,2026-04-14T00:28:26+08:00,2026-04-14T00:31:05+08:00
arxiv:2401.13329,chenhsing__awesome-video-diffusion-models,srcitem:6c2ae4f5b9c2,Controllable_Video_video_editing_Video_Understanding,collect_log:auto,collect_log:auto,active,2026-04-14T00:28:26+08:00,2026-04-14T00:31:05+08:00
arxiv:2401.13363,chenhsing__awesome-video-diffusion-models,srcitem:f14cf97953df,Controllable_Video_video_generation_with_other_conditions_Pose_guided_Video_Generation,collect_log:auto,collect_log:auto,active,2026-04-14T00:28:26+08:00,2026-04-14T00:31:05+08:00
arxiv:2401.15977,chenhsing__awesome-video-diffusion-models,srcitem:876511bff77b,Controllable_Video_video_generation_with_other_conditions_Motion_guided_Video_Generation,collect_log:auto,collect_log:auto,active,2026-04-14T00:28:26+08:00,2026-04-14T00:31:05+08:00
arxiv:2401.16224,chenhsing__awesome-video-diffusion-models,srcitem:a6fe97ba884a,Controllable_Video_video_editing_Domain_specific_Editing_Model,collect_log:auto,collect_log:auto,active,2026-04-14T00:28:26+08:00,2026-04-14T00:31:05+08:00
arxiv:2401.17509,chenhsing__awesome-video-diffusion-models,srcitem:f6888d89a0d9,Controllable_Video_video_editing_Multi_modal_Control_Editing_Model,collect_log:auto,collect_log:auto,active,2026-04-14T00:28:26+08:00,2026-04-14T00:31:05+08:00
arxiv:2402.00769,chenhsing__awesome-video-diffusion-models,srcitem:f0c62a049f54,Controllable_Video_depth_guided_video_generation_Multi_modal_guided_Video_Generation,collect_log:auto,collect_log:auto,active,2026-04-14T00:28:26+08:00,2026-04-14T00:31:05+08:00
arxiv:2402.01566,chenhsing__awesome-video-diffusion-models,srcitem:5e7a4598b6f4,Controllable_Video_depth_guided_video_generation_Multi_modal_guided_Video_Generation,collect_log:auto,collect_log:auto,active,2026-04-14T00:28:26+08:00,2026-04-14T00:31:05+08:00
arxiv:2402.01590,chenhsing__awesome-video-diffusion-models,srcitem:6e6d146b5a4f,Controllable_Video_video_generation_with_other_conditions_Brain_guided_Video_Generation,collect_log:auto,collect_log:auto,active,2026-04-14T00:28:26+08:00,2026-04-14T00:31:05+08:00
arxiv:2402.03040,chenhsing__awesome-video-diffusion-models,srcitem:aed9fc608b37,Controllable_Video_depth_guided_video_generation_Multi_modal_guided_Video_Generation,collect_log:auto,collect_log:auto,active,2026-04-14T00:28:26+08:00,2026-04-14T00:31:05+08:00
arxiv:2402.03162,chenhsing__awesome-video-diffusion-models,srcitem:04dc0aaff312,Controllable_Video_depth_guided_video_generation_Multi_modal_guided_Video_Generation,collect_log:auto,collect_log:auto,active,2026-04-14T00:28:26+08:00,2026-04-14T00:31:05+08:00
arxiv:2402.04324,chenhsing__awesome-video-diffusion-models,srcitem:296a5adb5333,Controllable_Video_video_generation_with_other_conditions_Image_guided_Video_Generation,collect_log:auto,collect_log:auto,active,2026-04-14T00:28:26+08:00,2026-04-14T00:31:05+08:00
arxiv:2402.06088,chenhsing__awesome-video-diffusion-models,srcitem:18c0e306fb89,Controllable_Video_video_generation_with_other_conditions_Image_guided_Video_Generation,collect_log:auto,collect_log:auto,active,2026-04-14T00:28:26+08:00,2026-04-14T00:31:05+08:00
arxiv:2402.09368,chenhsing__awesome-video-diffusion-models,srcitem:5769b0dba9fc,Controllable_Video_depth_guided_video_generation_Multi_modal_guided_Video_Generation,collect_log:auto,collect_log:auto,active,2026-04-14T00:28:26+08:00,2026-04-14T00:31:05+08:00
arxiv:2402.13185,chenhsing__awesome-video-diffusion-models,srcitem:d92780548ff6,Controllable_Video_video_editing_Training_free_Editing_Model,collect_log:auto,collect_log:auto,active,2026-04-14T00:28:26+08:00,2026-04-14T00:31:05+08:00
arxiv:2402.14780,chenhsing__awesome-video-diffusion-models,srcitem:499574580e84,Controllable_Video_video_editing_One_shot_Editing_Model,collect_log:auto,collect_log:auto,active,2026-04-14T00:28:26+08:00,2026-04-14T00:31:05+08:00
arxiv:2402.17485,chenhsing__awesome-video-diffusion-models,srcitem:65eefa35bafb,Controllable_Video_video_generation_with_other_conditions_Sound_guided_Video_Generation,collect_log:auto,collect_log:auto,active,2026-04-14T00:28:26+08:00,2026-04-14T00:31:05+08:00
arxiv:2402.18092,chenhsing__awesome-video-diffusion-models,srcitem:65945f7f51c0,Controllable_Video_video_generation_with_other_conditions_Sound_guided_Video_Generation,collect_log:auto,collect_log:auto,active,2026-04-14T00:28:26+08:00,2026-04-14T00:31:05+08:00
arxiv:2403.01226,chenhsing__awesome-video-diffusion-models,srcitem:9b1a037056a0,Controllable_Video_video_editing_Video_Understanding,collect_log:auto,collect_log:auto,active,2026-04-14T00:28:26+08:00,2026-04-14T00:31:05+08:00
arxiv:2403.01800,chenhsing__awesome-video-diffusion-models,srcitem:f4af26b40b47,Controllable_Video_video_generation_with_other_conditions_Image_guided_Video_Generation,collect_log:auto,collect_log:auto,active,2026-04-14T00:28:26+08:00,2026-04-14T00:31:05+08:00
arxiv:2403.02332,chenhsing__awesome-video-diffusion-models,srcitem:6f08379223c7,Controllable_Video_depth_guided_video_generation_Multi_modal_guided_Video_Generation,collect_log:auto,collect_log:auto,active,2026-04-14T00:28:26+08:00,2026-04-14T00:31:05+08:00
arxiv:2403.02827,chenhsing__awesome-video-diffusion-models,srcitem:4f138ef17334,Controllable_Video_video_generation_with_other_conditions_Image_guided_Video_Generation,collect_log:auto,collect_log:auto,active,2026-04-14T00:28:26+08:00,2026-04-14T00:31:05+08:00
arxiv:2403.06269,chenhsing__awesome-video-diffusion-models,srcitem:e76e4c12a13a,Controllable_Video_video_editing_General_Editing_Model,collect_log:auto,collect_log:auto,active,2026-04-14T00:28:26+08:00,2026-04-14T00:31:05+08:00
arxiv:2403.07198,chenhsing__awesome-video-diffusion-models,srcitem:77e5c646fd36,Controllable_Video_video_generation_with_other_conditions_Pose_guided_Video_Generation,collect_log:auto,collect_log:auto,active,2026-04-14T00:28:26+08:00,2026-04-14T00:31:05+08:00
arxiv:2403.09334,chenhsing__awesome-video-diffusion-models,srcitem:87c26dafcd3b,Controllable_Video_video_editing_General_Editing_Model,collect_log:auto,collect_log:auto,active,2026-04-14T00:28:26+08:00,2026-04-14T00:31:05+08:00
arxiv:2403.11535,chenhsing__awesome-video-diffusion-models,srcitem:ba1fc4a94673,Controllable_Video_video_editing_Video_Understanding,collect_log:auto,collect_log:auto,active,2026-04-14T00:28:26+08:00,2026-04-14T00:31:05+08:00
arxiv:2403.11568,chenhsing__awesome-video-diffusion-models,srcitem:8f303f4760bd,Controllable_Video_video_editing_Instruct_guided_Video_Editing,collect_log:auto,collect_log:auto,active,2026-04-14T00:28:26+08:00,2026-04-14T00:31:05+08:00
arxiv:2403.12002,chenhsing__awesome-video-diffusion-models,srcitem:016b61d489cb,Controllable_Video_video_editing_General_Editing_Model,collect_log:auto,collect_log:auto,active,2026-04-14T00:28:26+08:00,2026-04-14T00:31:05+08:00
arxiv:2403.12008,chenhsing__awesome-video-diffusion-models,srcitem:08d063c0e8a5,Controllable_Video_video_editing_Video_Understanding,collect_log:auto,collect_log:auto,active,2026-04-14T00:28:26+08:00,2026-04-14T00:31:05+08:00
arxiv:2403.12010,chenhsing__awesome-video-diffusion-models,srcitem:7f5ddf03199e,Controllable_Video_video_editing_Video_Understanding,collect_log:auto,collect_log:auto,active,2026-04-14T00:28:26+08:00,2026-04-14T00:31:05+08:00
arxiv:2403.12034,chenhsing__awesome-video-diffusion-models,srcitem:cc467206e0e8,Controllable_Video_video_editing_Video_Understanding,collect_log:auto,collect_log:auto,active,2026-04-14T00:28:26+08:00,2026-04-14T00:31:05+08:00
arxiv:2403.12042,chenhsing__awesome-video-diffusion-models,srcitem:3bc505ec8b1c,Controllable_Video_video_editing_Video_Understanding,collect_log:auto,collect_log:auto,active,2026-04-14T00:28:26+08:00,2026-04-14T00:31:05+08:00
arxiv:2403.12962,chenhsing__awesome-video-diffusion-models,srcitem:fd90ca16d3a7,Controllable_Video_video_editing_General_Editing_Model,collect_log:auto,collect_log:auto,active,2026-04-14T00:28:26+08:00,2026-04-14T00:31:05+08:00
arxiv:2403.13745,chenhsing__awesome-video-diffusion-models,srcitem:f1d3a258a20e,Controllable_Video_video_editing_Domain_specific_Editing_Model,collect_log:auto,collect_log:auto,active,2026-04-14T00:28:26+08:00,2026-04-14T00:31:05+08:00
arxiv:2403.14468,chenhsing__awesome-video-diffusion-models,srcitem:f6445b7ad24a,Controllable_Video_video_editing_Multi_modal_Control_Editing_Model,collect_log:auto,collect_log:auto,active,2026-04-14T00:28:26+08:00,2026-04-14T00:31:05+08:00
arxiv:2403.14781,chenhsing__awesome-video-diffusion-models,srcitem:1e3587d1e8ca,Controllable_Video_video_generation_with_other_conditions_Pose_guided_Video_Generation,collect_log:auto,collect_log:auto,active,2026-04-14T00:28:26+08:00,2026-04-14T00:31:05+08:00
arxiv:2403.16111,chenhsing__awesome-video-diffusion-models,srcitem:deb1e6bce742,Controllable_Video_video_editing_Training_free_Editing_Model,collect_log:auto,collect_log:auto,active,2026-04-14T00:28:26+08:00,2026-04-14T00:31:05+08:00
arxiv:2404.16306,chenhsing__awesome-video-diffusion-models,srcitem:9d041fe1ea97,Controllable_Video_video_generation_with_other_conditions_Image_guided_Video_Generation,collect_log:auto,collect_log:auto,active,2026-04-14T00:28:26+08:00,2026-04-14T00:31:05+08:00
arxiv:2405.20222,chenhsing__awesome-video-diffusion-models,srcitem:6354f659f221,Controllable_Video_video_generation_with_other_conditions_Pose_guided_Video_Generation,collect_log:auto,collect_log:auto,active,2026-04-14T00:28:26+08:00,2026-04-14T00:31:05+08:00
arxiv:2406.05338,chenhsing__awesome-video-diffusion-models,srcitem:7d707b0af25b,Controllable_Video_video_generation_with_other_conditions_Motion_guided_Video_Generation,collect_log:auto,collect_log:auto,active,2026-04-14T00:28:26+08:00,2026-04-14T00:31:05+08:00
arxiv:2406.08801,chenhsing__awesome-video-diffusion-models,srcitem:14aa1f61ea62,Controllable_Video_video_generation_with_other_conditions_Sound_guided_Video_Generation,collect_log:auto,collect_log:auto,active,2026-04-14T00:28:26+08:00,2026-04-14T00:31:05+08:00
arxiv:2406.12831,chenhsing__awesome-video-diffusion-models,srcitem:3b2bf5331027,Controllable_Video_video_editing_General_Editing_Model,collect_log:auto,collect_log:auto,active,2026-04-14T00:28:26+08:00,2026-04-14T00:31:05+08:00
arxiv:2406.15735,chenhsing__awesome-video-diffusion-models,srcitem:e003a2616d0d,Controllable_Video_video_generation_with_other_conditions_Image_guided_Video_Generation,collect_log:auto,collect_log:auto,active,2026-04-14T00:28:26+08:00,2026-04-14T00:31:05+08:00
arxiv:2406.15829,chenhsing__awesome-video-diffusion-models,srcitem:351a1afc906d,Controllable_Video_video_editing_Training_free_Editing_Model,collect_log:auto,collect_log:auto,active,2026-04-14T00:28:26+08:00,2026-04-14T00:31:05+08:00
arxiv:2406.19680,chenhsing__awesome-video-diffusion-models,srcitem:7c7f69ffa338,Controllable_Video_video_generation_with_other_conditions_Pose_guided_Video_Generation,collect_log:auto,collect_log:auto,active,2026-04-14T00:28:26+08:00,2026-04-14T00:31:05+08:00
arxiv:2407.21705,chenhsing__awesome-video-diffusion-models,srcitem:af0ac8daeb94,Controllable_Video_video_generation_with_other_conditions_Motion_guided_Video_Generation,collect_log:auto,collect_log:auto,active,2026-04-14T00:28:26+08:00,2026-04-14T00:31:05+08:00
arxiv:2409.18964,chenhsing__awesome-video-diffusion-models,srcitem:1d83b6a9b199,Controllable_Video_video_generation_with_other_conditions_Image_guided_Video_Generation,collect_log:auto,collect_log:auto,active,2026-04-14T00:28:26+08:00,2026-04-14T00:31:05+08:00
arxiv:2411.11045,chenhsing__awesome-video-diffusion-models,srcitem:57aeb3b22905,Controllable_Video_depth_guided_video_generation,collect_log:auto,collect_log:auto,active,2026-04-14T00:28:26+08:00,2026-04-14T00:31:05+08:00
arxiv:2411.17440,chenhsing__awesome-video-diffusion-models,srcitem:edcd433ea781,Controllable_Video_video_generation_with_other_conditions_Image_guided_Video_Generation,collect_log:auto,collect_log:auto,active,2026-04-14T00:28:26+08:00,2026-04-14T00:31:05+08:00
arxiv:2411.17697,chenhsing__awesome-video-diffusion-models,srcitem:85c955c645eb,Controllable_Video_video_generation_with_other_conditions_Pose_guided_Video_Generation,collect_log:auto,collect_log:auto,active,2026-04-14T00:28:26+08:00,2026-04-14T00:31:05+08:00
arxiv:2503.16421,chenhsing__awesome-video-diffusion-models,srcitem:5c7c41cfcb60,Controllable_Video_video_generation_with_other_conditions_Motion_guided_Video_Generation,collect_log:auto,collect_log:auto,active,2026-04-14T00:28:26+08:00,2026-04-14T00:31:05+08:00
arxiv:2511.18173,chenhsing__awesome-video-diffusion-models,srcitem:fd2f236b760e,Controllable_Video_video_generation_with_other_conditions_Pose_guided_Video_Generation,collect_log:auto,collect_log:auto,active,2026-04-14T00:28:26+08:00,2026-04-14T00:31:05+08:00
hash:1173ccc8,chenhsing__awesome-video-diffusion-models,srcitem:ec1beaea5c8a,Controllable_Video_video_editing_Training_free_Editing_Model,collect_log:auto,collect_log:auto,active,2026-04-14T00:28:26+08:00,2026-04-14T00:31:05+08:00
arxiv:2008.12272,foruck__awesome-human-motion,srcitem:9f5cde1b4a00,Human_Reconstruction_Motion_Interaction_Avatar,collect_log:auto,collect_log:auto,active,2026-04-22T21:41:50+08:00,2026-04-22T22:30:10+08:00
arxiv:2011.11232,foruck__awesome-human-motion,srcitem:c055e60775db,Human_Reconstruction_Motion_Interaction_Avatar,collect_log:auto,collect_log:auto,active,2026-04-22T21:41:50+08:00,2026-04-22T22:30:10+08:00
arxiv:2209.10529,foruck__awesome-human-motion,srcitem:41d50eb31a06,Human_Reconstruction_Motion_Interaction_Avatar,collect_log:auto,collect_log:auto,active,2026-04-22T21:41:50+08:00,2026-04-22T22:30:10+08:00
arxiv:2303.13796,foruck__awesome-human-motion,srcitem:8488e8af5150,Human_Reconstruction_Motion_Interaction_Avatar,collect_log:auto,collect_log:auto,active,2026-04-22T21:41:50+08:00,2026-04-22T22:30:10+08:00
arxiv:2304.02061,foruck__awesome-human-motion,srcitem:afbf001092f0,Human_Scene_Interaction,collect_log:auto,collect_log:auto,active,2026-04-22T21:41:50+08:00,2026-04-22T22:30:10+08:00
arxiv:2312.08730,foruck__awesome-human-motion,srcitem:9afefdd10689,Human_Reconstruction_Motion_Interaction_Avatar,collect_log:auto,collect_log:auto,active,2026-04-22T21:41:50+08:00,2026-04-22T22:30:10+08:00
arxiv:2312.08983,foruck__awesome-human-motion,srcitem:582c15603a11,Human_Human_Interaction,collect_log:auto,collect_log:auto,active,2026-04-22T21:41:50+08:00,2026-04-22T22:30:10+08:00
arxiv:2401.16173,foruck__awesome-human-motion,srcitem:ea6e6dd6fe05,Human_Object_Scene_Human_Interaction_Reconstruction,collect_log:auto,collect_log:auto,active,2026-04-22T21:41:50+08:00,2026-04-22T22:30:10+08:00
arxiv:2402.14654,foruck__awesome-human-motion,srcitem:d51052a7ef9f,Human_Reconstruction_Motion_Interaction_Avatar,collect_log:auto,collect_log:auto,active,2026-04-22T21:41:50+08:00,2026-04-22T22:30:10+08:00
arxiv:2403.19652,foruck__awesome-human-motion,srcitem:b4a1f8208793,Human_Object_Interaction,collect_log:auto,collect_log:auto,active,2026-04-22T21:41:50+08:00,2026-04-22T22:30:10+08:00
arxiv:2404.12942,foruck__awesome-human-motion,srcitem:c6bf52b123ff,Human_Scene_Interaction,collect_log:auto,collect_log:auto,active,2026-04-22T21:41:50+08:00,2026-04-22T22:30:10+08:00
arxiv:2405.18438,foruck__awesome-human-motion,srcitem:104d67351d4a,Human_Scene_Interaction,collect_log:auto,collect_log:auto,active,2026-04-22T21:41:50+08:00,2026-04-22T22:30:10+08:00
arxiv:2406.19972,foruck__awesome-human-motion,srcitem:ea3d196e4b6f,Human_Object_Interaction,collect_log:auto,collect_log:auto,active,2026-04-22T21:41:50+08:00,2026-04-22T22:30:10+08:00
arxiv:2408.02110,foruck__awesome-human-motion,srcitem:dd5f4f21ff9b,Human_Object_Scene_Human_Interaction_Reconstruction,collect_log:auto,collect_log:auto,active,2026-04-22T21:41:50+08:00,2026-04-22T22:30:10+08:00
arxiv:2408.16770,foruck__awesome-human-motion,srcitem:46d192d1e503,Human_Object_Interaction,collect_log:auto,collect_log:auto,active,2026-04-22T21:41:50+08:00,2026-04-22T22:30:10+08:00
arxiv:2409.17671,foruck__awesome-human-motion,srcitem:e7ea5bbab5cf,Human_Reconstruction_Motion_Interaction_Avatar,collect_log:auto,collect_log:auto,active,2026-04-22T21:41:50+08:00,2026-04-22T22:30:10+08:00
arxiv:2409.20502,foruck__awesome-human-motion,srcitem:ea39821da4f2,Human_Object_Interaction,collect_log:auto,collect_log:auto,active,2026-04-22T21:41:50+08:00,2026-04-22T22:30:10+08:00
arxiv:2411.16216,foruck__awesome-human-motion,srcitem:7355807970ed,Human_Object_Interaction,collect_log:auto,collect_log:auto,active,2026-04-22T21:41:50+08:00,2026-04-22T22:30:10+08:00
arxiv:2411.19921,foruck__awesome-human-motion,srcitem:c1279e064913,Human_Scene_Interaction,collect_log:auto,collect_log:auto,active,2026-04-22T21:41:50+08:00,2026-04-22T22:30:10+08:00
arxiv:2412.02419,foruck__awesome-human-motion,srcitem:e0d0481b6321,Human_Human_Interaction,collect_log:auto,collect_log:auto,active,2026-04-22T21:41:50+08:00,2026-04-22T22:30:10+08:00
arxiv:2412.06702,foruck__awesome-human-motion,srcitem:c5a3cc9a61df,Human_Object_Interaction,collect_log:auto,collect_log:auto,active,2026-04-22T21:41:50+08:00,2026-04-22T22:30:10+08:00
arxiv:2412.10235,foruck__awesome-human-motion,srcitem:9cddabac9314,Human_Scene_Interaction,collect_log:auto,collect_log:auto,active,2026-04-22T21:41:50+08:00,2026-04-22T22:30:10+08:00
arxiv:2412.16670,foruck__awesome-human-motion,srcitem:d353edd789aa,Human_Human_Interaction,collect_log:auto,collect_log:auto,active,2026-04-22T21:41:50+08:00,2026-04-22T22:30:10+08:00
arxiv:2501.04595,foruck__awesome-human-motion,srcitem:ff4497ba43fe,Human_Object_Interaction,collect_log:auto,collect_log:auto,active,2026-04-22T21:41:50+08:00,2026-04-22T22:30:10+08:00
arxiv:2501.05823,foruck__awesome-human-motion,srcitem:c430742849a1,Human_Object_Interaction,collect_log:auto,collect_log:auto,active,2026-04-22T21:41:50+08:00,2026-04-22T22:30:10+08:00
arxiv:2502.11563,foruck__awesome-human-motion,srcitem:9956f38fda45,Human_Human_Interaction,collect_log:auto,collect_log:auto,active,2026-04-22T21:41:50+08:00,2026-04-22T22:30:10+08:00
arxiv:2503.00371,foruck__awesome-human-motion,srcitem:1f12b2359e4c,Human_Scene_Interaction,collect_log:auto,collect_log:auto,active,2026-04-22T21:41:50+08:00,2026-04-22T22:30:10+08:00
arxiv:2503.00382,foruck__awesome-human-motion,srcitem:5fe78b0f6984,Human_Object_Interaction,collect_log:auto,collect_log:auto,active,2026-04-22T21:41:50+08:00,2026-04-22T22:30:10+08:00
arxiv:2503.04816,foruck__awesome-human-motion,srcitem:6915b76fad89,Human_Human_Interaction,collect_log:auto,collect_log:auto,active,2026-04-22T21:41:50+08:00,2026-04-22T22:30:10+08:00
arxiv:2503.12955,foruck__awesome-human-motion,srcitem:83524164a669,Human_Scene_Interaction,collect_log:auto,collect_log:auto,active,2026-04-22T21:41:50+08:00,2026-04-22T22:30:10+08:00
arxiv:2503.13130,foruck__awesome-human-motion,srcitem:65d86840d333,Human_Object_Interaction,collect_log:auto,collect_log:auto,active,2026-04-22T21:41:50+08:00,2026-04-22T22:30:10+08:00
arxiv:2503.16801,foruck__awesome-human-motion,srcitem:5ef6139e459d,Human_Object_Interaction,collect_log:auto,collect_log:auto,active,2026-04-22T21:41:50+08:00,2026-04-22T22:30:10+08:00
arxiv:2503.18134,foruck__awesome-human-motion,srcitem:a737cca91d4d,Human_Object_Interaction,collect_log:auto,collect_log:auto,active,2026-04-22T21:41:50+08:00,2026-04-22T22:30:10+08:00
arxiv:2503.23121,foruck__awesome-human-motion,srcitem:c8d57dd22cb3,Human_Object_Interaction,collect_log:auto,collect_log:auto,active,2026-04-22T21:41:50+08:00,2026-04-22T22:30:10+08:00
arxiv:2504.09953,foruck__awesome-human-motion,srcitem:7bcd57966782,Human_Reconstruction_Motion_Interaction_Avatar,collect_log:auto,collect_log:auto,active,2026-04-22T21:41:50+08:00,2026-04-22T22:30:10+08:00
arxiv:2504.10294,foruck__awesome-human-motion,srcitem:4122d7cb8808,Bio_stuff_Human_Anatomy_Biomechanics_Physiology,collect_log:auto,collect_log:auto,active,2026-04-22T21:41:50+08:00,2026-04-22T22:30:10+08:00
arxiv:2504.21216,foruck__awesome-human-motion,srcitem:cd6d0ccadeff,Human_Object_Interaction,collect_log:auto,collect_log:auto,active,2026-04-22T21:41:50+08:00,2026-04-22T22:30:10+08:00
arxiv:2505.02094,foruck__awesome-human-motion,srcitem:81b72e5f0db6,Human_Object_Interaction,collect_log:auto,collect_log:auto,active,2026-04-22T21:41:50+08:00,2026-04-22T22:30:10+08:00
arxiv:2505.10250,foruck__awesome-human-motion,srcitem:cd15f3a75f83,Human_Reconstruction_Motion_Interaction_Avatar,collect_log:auto,collect_log:auto,active,2026-04-22T21:41:50+08:00,2026-04-22T22:30:10+08:00
arxiv:2505.11334,foruck__awesome-human-motion,srcitem:0535e90a3254,Human_Human_Interaction,collect_log:auto,collect_log:auto,active,2026-04-22T21:41:50+08:00,2026-04-22T22:30:10+08:00
arxiv:2505.12774,foruck__awesome-human-motion,srcitem:d1ea6fc7f9a8,Human_Object_Interaction,collect_log:auto,collect_log:auto,active,2026-04-22T21:41:50+08:00,2026-04-22T22:30:10+08:00
arxiv:2505.14087,foruck__awesome-human-motion,srcitem:83acc47135db,Motion_Generation_Text_Speech_Music_Driven,collect_log:auto,collect_log:auto,active,2026-04-22T21:41:50+08:00,2026-04-22T22:30:10+08:00
arxiv:2505.17860,foruck__awesome-human-motion,srcitem:eb299b776d85,Human_Human_Interaction,collect_log:auto,collect_log:auto,active,2026-04-22T21:41:50+08:00,2026-04-22T22:30:10+08:00
arxiv:2505.19086,foruck__awesome-human-motion,srcitem:0b08f2afa573,Human_Object_Interaction,collect_log:auto,collect_log:auto,active,2026-04-22T21:41:50+08:00,2026-04-22T22:30:10+08:00
arxiv:2506.03084,foruck__awesome-human-motion,srcitem:9f207ace3812,Human_Human_Interaction,collect_log:auto,collect_log:auto,active,2026-04-22T21:41:50+08:00,2026-04-22T22:30:10+08:00
arxiv:2506.13040,foruck__awesome-human-motion,srcitem:0c3ea1c55b5d,Human_Human_Interaction,collect_log:auto,collect_log:auto,active,2026-04-22T21:41:50+08:00,2026-04-22T22:30:10+08:00
arxiv:2506.15483,foruck__awesome-human-motion,srcitem:0e1c981cf2ed,Human_Object_Interaction,collect_log:auto,collect_log:auto,active,2026-04-22T21:41:50+08:00,2026-04-22T22:30:10+08:00
arxiv:2506.18680,foruck__awesome-human-motion,srcitem:680389769460,Human_Human_Interaction,collect_log:auto,collect_log:auto,active,2026-04-22T21:41:50+08:00,2026-04-22T22:30:10+08:00
arxiv:2506.19840,foruck__awesome-human-motion,srcitem:7bb4cf35a12e,Human_Scene_Interaction,collect_log:auto,collect_log:auto,active,2026-04-22T21:41:50+08:00,2026-04-22T22:30:10+08:00
arxiv:2506.22554,foruck__awesome-human-motion,srcitem:269b97d96ac7,Human_Human_Interaction,collect_log:auto,collect_log:auto,active,2026-04-22T21:41:50+08:00,2026-04-22T22:30:10+08:00
arxiv:2507.01737,foruck__awesome-human-motion,srcitem:3170456c14d2,Human_Object_Interaction,collect_log:auto,collect_log:auto,active,2026-04-22T21:41:50+08:00,2026-04-22T22:30:10+08:00
arxiv:2507.06590,foruck__awesome-human-motion,srcitem:83fbb72e4d5f,Motion_Generation_Text_Speech_Music_Driven,collect_log:auto,collect_log:auto,active,2026-04-22T21:41:50+08:00,2026-04-22T22:30:10+08:00
arxiv:2508.03313,foruck__awesome-human-motion,srcitem:4bd88fcd972e,Human_Reconstruction_Motion_Interaction_Avatar,collect_log:auto,collect_log:auto,active,2026-04-22T21:41:50+08:00,2026-04-22T22:30:10+08:00
arxiv:2508.07162,foruck__awesome-human-motion,srcitem:db58ef68e3e2,Human_Object_Interaction,collect_log:auto,collect_log:auto,active,2026-04-22T21:41:50+08:00,2026-04-22T22:30:10+08:00
arxiv:2508.14120,foruck__awesome-human-motion,srcitem:bed449f11d62,Humanoid_Simulated_or_Real,collect_log:auto,collect_log:auto,active,2026-04-22T21:41:50+08:00,2026-04-22T22:30:10+08:00
arxiv:2508.21556,foruck__awesome-human-motion,srcitem:e0d6f4e0d0ed,Human_Object_Interaction,collect_log:auto,collect_log:auto,active,2026-04-22T21:41:50+08:00,2026-04-22T22:30:10+08:00
arxiv:2509.12250,foruck__awesome-human-motion,srcitem:9ae6773002fa,Human_Object_Interaction,collect_log:auto,collect_log:auto,active,2026-04-22T21:41:50+08:00,2026-04-22T22:30:10+08:00
arxiv:2509.14353,foruck__awesome-human-motion,srcitem:b3c1128e10f0,Humanoid_Simulated_or_Real,collect_log:auto,collect_log:auto,active,2026-04-22T21:41:50+08:00,2026-04-22T22:30:10+08:00
arxiv:2509.23612,foruck__awesome-human-motion,srcitem:db9b25bc372c,Human_Object_Interaction,collect_log:auto,collect_log:auto,active,2026-04-22T21:41:50+08:00,2026-04-22T22:30:10+08:00
arxiv:2509.23635,foruck__awesome-human-motion,srcitem:8d9261846738,Human_Object_Interaction,collect_log:auto,collect_log:auto,active,2026-04-22T21:41:50+08:00,2026-04-22T22:30:10+08:00
arxiv:2510.06504,foruck__awesome-human-motion,srcitem:858ca3bab37d,Human_Human_Interaction,collect_log:auto,collect_log:auto,active,2026-04-22T21:41:50+08:00,2026-04-22T22:30:10+08:00
arxiv:2510.13044,foruck__awesome-human-motion,srcitem:f379b5bb3e76,Human_Scene_Interaction,collect_log:auto,collect_log:auto,active,2026-04-22T21:41:50+08:00,2026-04-22T22:30:10+08:00
arxiv:2510.19255,foruck__awesome-human-motion,srcitem:5a556886dc4e,Reviews_and_Surveys,collect_log:auto,collect_log:auto,active,2026-04-22T21:41:50+08:00,2026-04-22T22:30:10+08:00
arxiv:2511.04679,foruck__awesome-human-motion,srcitem:ae9e93526908,Humanoid_Simulated_or_Real,collect_log:auto,collect_log:auto,active,2026-04-22T21:41:50+08:00,2026-04-22T22:30:10+08:00
arxiv:2511.07819,foruck__awesome-human-motion,srcitem:baf14e507de5,Human_Scene_Interaction,collect_log:auto,collect_log:auto,active,2026-04-22T21:41:50+08:00,2026-04-22T22:30:10+08:00
arxiv:2511.13032,foruck__awesome-human-motion,srcitem:5ffa63512048,Human_Scene_Interaction,collect_log:auto,collect_log:auto,active,2026-04-22T21:41:50+08:00,2026-04-22T22:30:10+08:00
arxiv:2511.13488,foruck__awesome-human-motion,srcitem:3f8a8e5d59c4,Human_Human_Interaction,collect_log:auto,collect_log:auto,active,2026-04-22T21:41:50+08:00,2026-04-22T22:30:10+08:00
arxiv:2511.19326,foruck__awesome-human-motion,srcitem:225bf8d99015,Human_Reconstruction_Motion_Interaction_Avatar,collect_log:auto,collect_log:auto,active,2026-04-22T21:41:50+08:00,2026-04-22T22:30:10+08:00
arxiv:2511.20275,foruck__awesome-human-motion,srcitem:0ab0a5bc6ae0,Humanoid_Simulated_or_Real,collect_log:auto,collect_log:auto,active,2026-04-22T21:41:50+08:00,2026-04-22T22:30:10+08:00
arxiv:2512.07765,foruck__awesome-human-motion,srcitem:01cafd1903fc,Humanoid_Simulated_or_Real,collect_log:auto,collect_log:auto,active,2026-04-22T21:41:50+08:00,2026-04-22T22:30:10+08:00
arxiv:2512.13560,foruck__awesome-human-motion,srcitem:2e536545601a,Datasets_and_Benchmarks,collect_log:auto,collect_log:auto,active,2026-04-22T21:41:50+08:00,2026-04-22T22:30:10+08:00
arxiv:2512.16456,foruck__awesome-human-motion,srcitem:755789281cc0,Human_Scene_Interaction,collect_log:auto,collect_log:auto,active,2026-04-22T21:41:50+08:00,2026-04-22T22:30:10+08:00
arxiv:2512.19692,foruck__awesome-human-motion,srcitem:a754d24d0b20,Human_Human_Interaction,collect_log:auto,collect_log:auto,active,2026-04-22T21:41:50+08:00,2026-04-22T22:30:10+08:00
arxiv:2601.07454,foruck__awesome-human-motion,srcitem:830fdfc6cb0a,Humanoid_Simulated_or_Real,collect_log:auto,collect_log:auto,active,2026-04-22T21:41:50+08:00,2026-04-22T22:30:10+08:00
arxiv:2601.09518,foruck__awesome-human-motion,srcitem:c8217f8b10a8,Humanoid_Simulated_or_Real,collect_log:auto,collect_log:auto,active,2026-04-22T21:41:50+08:00,2026-04-22T22:30:10+08:00
arxiv:2601.19484,foruck__awesome-human-motion,srcitem:a166557e04ad,Human_Scene_Interaction,collect_log:auto,collect_log:auto,active,2026-04-22T21:41:50+08:00,2026-04-22T22:30:10+08:00
arxiv:2601.20383,foruck__awesome-human-motion,srcitem:7b76b2bb2af8,Human_Human_Interaction,collect_log:auto,collect_log:auto,active,2026-04-22T21:41:50+08:00,2026-04-22T22:30:10+08:00
arxiv:2602.02473,foruck__awesome-human-motion,srcitem:1bef56777379,Humanoid_Simulated_or_Real,collect_log:auto,collect_log:auto,active,2026-04-22T21:41:50+08:00,2026-04-22T22:30:10+08:00
arxiv:2602.20476,foruck__awesome-human-motion,srcitem:c85506c56080,Human_Scene_Interaction,collect_log:auto,collect_log:auto,active,2026-04-22T21:41:50+08:00,2026-04-22T22:30:10+08:00
arxiv:2602.21723,foruck__awesome-human-motion,srcitem:8117f24f55ec,Humanoid_Simulated_or_Real,collect_log:auto,collect_log:auto,active,2026-04-22T21:41:50+08:00,2026-04-22T22:30:10+08:00
arxiv:2603.01126,foruck__awesome-human-motion,srcitem:add435a245b8,Humanoid_Simulated_or_Real,collect_log:auto,collect_log:auto,active,2026-04-22T21:41:50+08:00,2026-04-22T22:30:10+08:00
arxiv:2603.02856,foruck__awesome-human-motion,srcitem:e5466bfba64f,Human_Human_Interaction,collect_log:auto,collect_log:auto,active,2026-04-22T21:41:50+08:00,2026-04-22T22:30:10+08:00
arxiv:2603.03751,foruck__awesome-human-motion,srcitem:a3ce15564d7c,Humanoid_Simulated_or_Real,collect_log:auto,collect_log:auto,active,2026-04-22T21:41:50+08:00,2026-04-22T22:30:10+08:00
arxiv:2603.04338,foruck__awesome-human-motion,srcitem:0d58d6013112,Human_Scene_Interaction,collect_log:auto,collect_log:auto,active,2026-04-22T21:41:50+08:00,2026-04-22T22:30:10+08:00
arxiv:2603.07516,foruck__awesome-human-motion,srcitem:99aad6acbaec,Human_Object_Interaction,collect_log:auto,collect_log:auto,active,2026-04-22T21:41:50+08:00,2026-04-22T22:30:10+08:00
arxiv:2603.07988,foruck__awesome-human-motion,srcitem:3ae6b2a822b7,Human_Object_Interaction,collect_log:auto,collect_log:auto,active,2026-04-22T21:41:50+08:00,2026-04-22T22:30:10+08:00
arxiv:2603.11346,foruck__awesome-human-motion,srcitem:839c82eaeb39,Human_Human_Interaction,collect_log:auto,collect_log:auto,active,2026-04-22T21:41:50+08:00,2026-04-22T22:30:10+08:00
arxiv:2603.12126,foruck__awesome-human-motion,srcitem:39f145106c66,Human_Object_Interaction,collect_log:auto,collect_log:auto,active,2026-04-22T21:41:50+08:00,2026-04-22T22:30:10+08:00
arxiv:2603.19709,foruck__awesome-human-motion,srcitem:d11c59329af0,Humanoid_Simulated_or_Real,collect_log:auto,collect_log:auto,active,2026-04-22T21:41:50+08:00,2026-04-22T22:30:10+08:00
arxiv:2603.24383,foruck__awesome-human-motion,srcitem:ed90b64c6c94,Human_Object_Interaction,collect_log:auto,collect_log:auto,active,2026-04-22T21:41:50+08:00,2026-04-22T22:30:10+08:00
hash:0fda2269,foruck__awesome-human-motion,srcitem:a1eaa551f8e5,Human_Scene_Interaction,collect_log:auto,collect_log:auto,active,2026-04-22T21:41:50+08:00,2026-04-22T22:30:10+08:00
hash:3d2221b2,foruck__awesome-human-motion,srcitem:8fe1feb832e7,Human_Scene_Interaction,collect_log:auto,collect_log:auto,active,2026-04-22T21:41:50+08:00,2026-04-22T22:30:10+08:00
hash:47e845f4,foruck__awesome-human-motion,srcitem:80530b8ce92a,Human_Reconstruction_Motion_Interaction_Avatar,collect_log:auto,collect_log:auto,active,2026-04-22T21:41:50+08:00,2026-04-22T22:30:10+08:00
hash:4ea01421,foruck__awesome-human-motion,srcitem:771d49482de6,Human_Reconstruction_Motion_Interaction_Avatar,collect_log:auto,collect_log:auto,active,2026-04-22T21:41:50+08:00,2026-04-22T22:30:10+08:00
hash:65b2fcf3,foruck__awesome-human-motion,srcitem:691a5476b8b0,Human_Object_Scene_Human_Interaction_Reconstruction,collect_log:auto,collect_log:auto,active,2026-04-22T21:41:50+08:00,2026-04-22T22:30:10+08:00
hash:a7c9e21c,foruck__awesome-human-motion,srcitem:306ffda335df,Human_Object_Interaction,collect_log:auto,collect_log:auto,active,2026-04-22T21:41:50+08:00,2026-04-22T22:30:10+08:00
hash:a977b5ef,foruck__awesome-human-motion,srcitem:04cc58b64055,Human_Object_Scene_Human_Interaction_Reconstruction,collect_log:auto,collect_log:auto,active,2026-04-22T21:41:50+08:00,2026-04-22T22:30:10+08:00
hash:d68c85c8,foruck__awesome-human-motion,srcitem:1366371a86ae,Human_Scene_Interaction,collect_log:auto,collect_log:auto,active,2026-04-22T21:41:50+08:00,2026-04-22T22:30:10+08:00
hash:fd00e609,foruck__awesome-human-motion,srcitem:8ad6feb254d1,Human_Scene_Interaction,collect_log:auto,collect_log:auto,active,2026-04-22T21:41:50+08:00,2026-04-22T22:30:10+08:00
openreview:UxzKcIZedp,foruck__awesome-human-motion,srcitem:33da3bbc8f66,Human_Human_Interaction,collect_log:auto,collect_log:auto,active,2026-04-22T21:41:50+08:00,2026-04-22T22:30:10+08:00
arxiv:1706.03741,weitianxin__awesome-agentic-reasoning,srcitem:be52380721c9,Agentic_Reasoning_Self_evolving_Agentic_Reasoning_Agentic_Feedback_Mechanisms_Parametric_Adaptation,collect_log:auto,collect_log:auto,active,2026-04-14T00:28:26+08:00,2026-04-14T00:31:05+08:00
arxiv:1712.00600,weitianxin__awesome-agentic-reasoning,srcitem:0f5053f0bac8,Agentic_Reasoning_Benchmarks_Core_Mechanisms_of_Agentic_Reasoning_Multi_Agent_System_Game_based_reinforcement_learning_evaluation,collect_log:auto,collect_log:auto,active,2026-04-14T00:28:26+08:00,2026-04-14T00:31:05+08:00
arxiv:1809.07124,weitianxin__awesome-agentic-reasoning,srcitem:df0275fd1966,Agentic_Reasoning_Benchmarks_Core_Mechanisms_of_Agentic_Reasoning_Multi_Agent_System_Game_based_reinforcement_learning_evaluation,collect_log:auto,collect_log:auto,active,2026-04-14T00:28:26+08:00,2026-04-14T00:31:05+08:00
arxiv:1902.04043,weitianxin__awesome-agentic-reasoning,srcitem:a1d42cce6a32,Agentic_Reasoning_Benchmarks_Core_Mechanisms_of_Agentic_Reasoning_Multi_Agent_System_Game_based_reinforcement_learning_evaluation,collect_log:auto,collect_log:auto,active,2026-04-14T00:28:26+08:00,2026-04-14T00:31:05+08:00
arxiv:1905.08085,weitianxin__awesome-agentic-reasoning,srcitem:fc7b64c1c84b,Agentic_Reasoning_Benchmarks_Core_Mechanisms_of_Agentic_Reasoning_Multi_Agent_System_Game_based_reinforcement_learning_evaluation,collect_log:auto,collect_log:auto,active,2026-04-14T00:28:26+08:00,2026-04-14T00:31:05+08:00
arxiv:2005.14165,weitianxin__awesome-agentic-reasoning,srcitem:c991f9dff2a9,Agentic_Reasoning_Applications_Autonomous_Web_Exploration_Research_Agents_Foundational_agentic_reasoning,collect_log:auto,collect_log:auto,active,2026-04-14T00:28:26+08:00,2026-04-14T00:31:05+08:00
arxiv:2010.03768,weitianxin__awesome-agentic-reasoning,srcitem:86532b34b964,Agentic_Reasoning_Benchmarks_Core_Mechanisms_of_Agentic_Reasoning_Memory_and_Planning_Planning_and_Feedback,collect_log:auto,collect_log:auto,active,2026-04-14T00:28:26+08:00,2026-04-14T00:31:05+08:00
arxiv:2010.09776,weitianxin__awesome-agentic-reasoning,srcitem:bf2b5804e9b3,Agentic_Reasoning_Benchmarks_Core_Mechanisms_of_Agentic_Reasoning_Simulation_centric_real_world_assessment,collect_log:auto,collect_log:auto,active,2026-04-14T00:28:26+08:00,2026-04-14T00:31:05+08:00
arxiv:2107.06857,weitianxin__awesome-agentic-reasoning,srcitem:d9db3c2f6252,Agentic_Reasoning_Benchmarks_Core_Mechanisms_of_Agentic_Reasoning_Multi_Agent_System_Game_based_reinforcement_learning_evaluation,collect_log:auto,collect_log:auto,active,2026-04-14T00:28:26+08:00,2026-04-14T00:31:05+08:00
arxiv:2112.09332,weitianxin__awesome-agentic-reasoning,srcitem:13309751cba8,Agentic_Reasoning_Foundational_Agentic_Reasoning_Agentic_Search_Post_Training_Search_RL_Based_Agentic_Search,collect_log:auto,collect_log:auto,active,2026-04-14T00:28:26+08:00,2026-04-14T00:31:05+08:00
arxiv:2201.11903,weitianxin__awesome-agentic-reasoning,srcitem:14be25ec8d35,Agentic_Reasoning_Foundational_Agentic_Reasoning_Tool_Use_Optimization_In_Context_Tool_Integration_Interleaving_Reasoning_and_Tool_Use,collect_log:auto,collect_log:auto,active,2026-04-14T00:28:26+08:00,2026-04-14T00:31:05+08:00
arxiv:2203.07540,weitianxin__awesome-agentic-reasoning,srcitem:80b9daa3cb73,Agentic_Reasoning_Benchmarks_Applications_of_Agentic_Reasoning_Scientific_Discovery_Agents,collect_log:auto,collect_log:auto,active,2026-04-14T00:28:26+08:00,2026-04-14T00:31:05+08:00
arxiv:2203.14465,weitianxin__awesome-agentic-reasoning,srcitem:cd715066389a,Agentic_Reasoning_Collective_Multi_agent_Reasoning_Multi_Agent_Memory_and_Evolution_From_Single_Agent_Evolution_to_Multi_Agent_Evolution_Inter_test_time_Evolution,collect_log:auto,collect_log:auto,active,2026-04-14T00:28:26+08:00,2026-04-14T00:31:05+08:00
arxiv:2204.01691,weitianxin__awesome-agentic-reasoning,srcitem:c8269be5a011,Agentic_Reasoning_Foundational_Agentic_Reasoning_Planning_Reasoning_In_context_Planning_Tree_Search_Algorithm_Simulation,collect_log:auto,collect_log:auto,active,2026-04-14T00:28:26+08:00,2026-04-14T00:31:05+08:00
arxiv:2205.10625,weitianxin__awesome-agentic-reasoning,srcitem:fec530bfa417,Agentic_Reasoning_Foundational_Agentic_Reasoning_Planning_Reasoning_In_context_Planning_Workflow_Design,collect_log:auto,collect_log:auto,active,2026-04-14T00:28:26+08:00,2026-04-14T00:31:05+08:00
arxiv:2205.11916,weitianxin__awesome-agentic-reasoning,srcitem:91f9c2d643ae,Agentic_Reasoning_Applications_Autonomous_Web_Exploration_Research_Agents_Collective_multi_agent_reasoning,collect_log:auto,collect_log:auto,active,2026-04-14T00:28:26+08:00,2026-04-14T00:31:05+08:00
arxiv:2206.08853,weitianxin__awesome-agentic-reasoning,srcitem:7179b755072b,Agentic_Reasoning_Applications_Embodied_Agents_Foundational_Agentic_Reasoning,collect_log:auto,collect_log:auto,active,2026-04-14T00:28:26+08:00,2026-04-14T00:31:05+08:00
arxiv:2206.09889,weitianxin__awesome-agentic-reasoning,srcitem:da3e9f644a4b,Agentic_Reasoning_Benchmarks_Core_Mechanisms_of_Agentic_Reasoning_Simulation_centric_real_world_assessment,collect_log:auto,collect_log:auto,active,2026-04-14T00:28:26+08:00,2026-04-14T00:31:05+08:00
arxiv:2206.10498,weitianxin__awesome-agentic-reasoning,srcitem:febcaf5e57b5,Agentic_Reasoning_Foundational_Agentic_Reasoning_Planning_Reasoning_In_context_Planning_Workflow_Design,collect_log:auto,collect_log:auto,active,2026-04-14T00:28:26+08:00,2026-04-14T00:31:05+08:00
arxiv:2206.10944,weitianxin__awesome-agentic-reasoning,srcitem:b9fb89e19846,Agentic_Reasoning_Benchmarks_Core_Mechanisms_of_Agentic_Reasoning_Simulation_centric_real_world_assessment,collect_log:auto,collect_log:auto,active,2026-04-14T00:28:26+08:00,2026-04-14T00:31:05+08:00
arxiv:2207.01206,weitianxin__awesome-agentic-reasoning,srcitem:122c391fd8de,Agentic_Reasoning_Benchmarks_Applications_of_Agentic_Reasoning_Web_Agents,collect_log:auto,collect_log:auto,active,2026-04-14T00:28:26+08:00,2026-04-14T00:31:05+08:00
arxiv:2207.01780,weitianxin__awesome-agentic-reasoning,srcitem:49b4c18e7e3e,Agentic_Reasoning_Self_evolving_Agentic_Reasoning_Agentic_Feedback_Mechanisms_Validator_Driven_Feedback,collect_log:auto,collect_log:auto,active,2026-04-14T00:28:26+08:00,2026-04-14T00:31:05+08:00
arxiv:2207.04429,weitianxin__awesome-agentic-reasoning,srcitem:4807ba948413,Agentic_Reasoning_Foundational_Agentic_Reasoning_Planning_Reasoning_In_context_Planning_Workflow_Design,collect_log:auto,collect_log:auto,active,2026-04-14T00:28:26+08:00,2026-04-14T00:31:05+08:00
arxiv:2207.05608,weitianxin__awesome-agentic-reasoning,srcitem:236794970970,Agentic_Reasoning_Foundational_Agentic_Reasoning_Planning_Reasoning_In_context_Planning_Tree_Search_Algorithm_Simulation,collect_log:auto,collect_log:auto,active,2026-04-14T00:28:26+08:00,2026-04-14T00:31:05+08:00
arxiv:2210.03350,weitianxin__awesome-agentic-reasoning,srcitem:9102d0e31758,Agentic_Reasoning_Foundational_Agentic_Reasoning_Agentic_Search_In_Context_Search_Interleaving_Reasoning_and_Search,collect_log:auto,collect_log:auto,active,2026-04-14T00:28:26+08:00,2026-04-14T00:31:05+08:00
arxiv:2210.03629,weitianxin__awesome-agentic-reasoning,srcitem:6de3909dfee7,Agentic_Reasoning_Foundational_Agentic_Reasoning_Planning_Reasoning_In_context_Planning_Workflow_Design,collect_log:auto,collect_log:auto,active,2026-04-14T00:28:26+08:00,2026-04-14T00:31:05+08:00
arxiv:2212.04088,weitianxin__awesome-agentic-reasoning,srcitem:8a8a996e83cf,Agentic_Reasoning_Applications_Embodied_Agents_Foundational_Agentic_Reasoning,collect_log:auto,collect_log:auto,active,2026-04-14T00:28:26+08:00,2026-04-14T00:31:05+08:00
arxiv:2212.08073,weitianxin__awesome-agentic-reasoning,srcitem:7599e0e290d7,Agentic_Reasoning_Self_evolving_Agentic_Reasoning_Agentic_Feedback_Mechanisms_Parametric_Adaptation,collect_log:auto,collect_log:auto,active,2026-04-14T00:28:26+08:00,2026-04-14T00:31:05+08:00
arxiv:2302.00923,weitianxin__awesome-agentic-reasoning,srcitem:1923b80b6e40,Agentic_Reasoning_Foundational_Agentic_Reasoning_Planning_Reasoning_In_context_Planning_Tree_Search_Algorithm_Simulation,collect_log:auto,collect_log:auto,active,2026-04-14T00:28:26+08:00,2026-04-14T00:31:05+08:00
arxiv:2302.01560,weitianxin__awesome-agentic-reasoning,srcitem:16b73b3d9b6e,Agentic_Reasoning_Applications_Embodied_Agents_Foundational_Agentic_Reasoning,collect_log:auto,collect_log:auto,active,2026-04-14T00:28:26+08:00,2026-04-14T00:31:05+08:00
arxiv:2302.04761,weitianxin__awesome-agentic-reasoning,srcitem:233afbf49b5c,Agentic_Reasoning_Foundational_Agentic_Reasoning_Tool_Use_Optimization_Post_training_Tool_Integration_Bootstrapping_of_Tool_Use_via_SFT,collect_log:auto,collect_log:auto,active,2026-04-14T00:28:26+08:00,2026-04-14T00:31:05+08:00
arxiv:2302.08468,weitianxin__awesome-agentic-reasoning,srcitem:ee151cdd4a8b,Agentic_Reasoning_Self_evolving_Agentic_Reasoning_Agentic_Feedback_Mechanisms_Validator_Driven_Feedback,collect_log:auto,collect_log:auto,active,2026-04-14T00:28:26+08:00,2026-04-14T00:31:05+08:00
arxiv:2303.03378,weitianxin__awesome-agentic-reasoning,srcitem:4e51c88f1377,Agentic_Reasoning_Self_evolving_Agentic_Reasoning_Agentic_Feedback_Mechanisms_Validator_Driven_Feedback,collect_log:auto,collect_log:auto,active,2026-04-14T00:28:26+08:00,2026-04-14T00:31:05+08:00
arxiv:2303.06689,weitianxin__awesome-agentic-reasoning,srcitem:24bd6b9f6161,Agentic_Reasoning_Foundational_Agentic_Reasoning_Planning_Reasoning_In_context_Planning_Workflow_Design,collect_log:auto,collect_log:auto,active,2026-04-14T00:28:26+08:00,2026-04-14T00:31:05+08:00
arxiv:2303.08268,weitianxin__awesome-agentic-reasoning,srcitem:f4d9b6c2aab7,Agentic_Reasoning_Applications_Embodied_Agents_Foundational_Agentic_Reasoning,collect_log:auto,collect_log:auto,active,2026-04-14T00:28:26+08:00,2026-04-14T00:31:05+08:00
arxiv:2303.09014,weitianxin__awesome-agentic-reasoning,srcitem:3161de00999a,Agentic_Reasoning_Foundational_Agentic_Reasoning_Tool_Use_Optimization_In_Context_Tool_Integration_Interleaving_Reasoning_and_Tool_Use,collect_log:auto,collect_log:auto,active,2026-04-14T00:28:26+08:00,2026-04-14T00:31:05+08:00
arxiv:2303.11366,weitianxin__awesome-agentic-reasoning,srcitem:fda4cb9ad0ac,Agentic_Reasoning_Foundational_Agentic_Reasoning_Planning_Reasoning_In_context_Planning_Workflow_Design,collect_log:auto,collect_log:auto,active,2026-04-14T00:28:26+08:00,2026-04-14T00:31:05+08:00
arxiv:2303.17580,weitianxin__awesome-agentic-reasoning,srcitem:0edef6a1bf4b,Agentic_Reasoning_Foundational_Agentic_Reasoning_Planning_Reasoning_In_context_Planning_Workflow_Design,collect_log:auto,collect_log:auto,active,2026-04-14T00:28:26+08:00,2026-04-14T00:31:05+08:00
arxiv:2303.17651,weitianxin__awesome-agentic-reasoning,srcitem:150e62de0114,Agentic_Reasoning_Self_evolving_Agentic_Reasoning_Agentic_Feedback_Mechanisms_Reflective_Feedback,collect_log:auto,collect_log:auto,active,2026-04-14T00:28:26+08:00,2026-04-14T00:31:05+08:00
arxiv:2304.05128,weitianxin__awesome-agentic-reasoning,srcitem:7d9df5969d47,Agentic_Reasoning_Applications_Math_Exploration_Vibe_Coding_Agents_Self_evolving_Agentic_Reasoning,collect_log:auto,collect_log:auto,active,2026-04-14T00:28:26+08:00,2026-04-14T00:31:05+08:00
arxiv:2304.05332,weitianxin__awesome-agentic-reasoning,srcitem:6001d87d47cc,Agentic_Reasoning_Applications_Autonomous_Web_Exploration_Research_Agents_Collective_multi_agent_reasoning,collect_log:auto,collect_log:auto,active,2026-04-14T00:28:26+08:00,2026-04-14T00:31:05+08:00
arxiv:2304.05376,weitianxin__awesome-agentic-reasoning,srcitem:d9a5cd56f59b,Agentic_Reasoning_Applications_Scientific_Discovery_Agents_Foundational_Agentic_Reasoning,collect_log:auto,collect_log:auto,active,2026-04-14T00:28:26+08:00,2026-04-14T00:31:05+08:00
arxiv:2304.05501,weitianxin__awesome-agentic-reasoning,srcitem:143039b3f8be,Agentic_Reasoning_Applications_Embodied_Agents_Foundational_Agentic_Reasoning,collect_log:auto,collect_log:auto,active,2026-04-14T00:28:26+08:00,2026-04-14T00:31:05+08:00
arxiv:2304.07590,weitianxin__awesome-agentic-reasoning,srcitem:1fa476931f4c,Agentic_Reasoning_Applications_Math_Exploration_Vibe_Coding_Agents_Self_evolving_Agentic_Reasoning,collect_log:auto,collect_log:auto,active,2026-04-14T00:28:26+08:00,2026-04-14T00:31:05+08:00
arxiv:2304.09842,weitianxin__awesome-agentic-reasoning,srcitem:94e208fc64da,Agentic_Reasoning_Foundational_Agentic_Reasoning_Tool_Use_Optimization_Post_training_Tool_Integration_Bootstrapping_of_Tool_Use_via_SFT,collect_log:auto,collect_log:auto,active,2026-04-14T00:28:26+08:00,2026-04-14T00:31:05+08:00
arxiv:2304.11477,weitianxin__awesome-agentic-reasoning,srcitem:a21c1b9c8f61,Agentic_Reasoning_Foundational_Agentic_Reasoning_Planning_Reasoning_In_context_Planning_Workflow_Design,collect_log:auto,collect_log:auto,active,2026-04-14T00:28:26+08:00,2026-04-14T00:31:05+08:00
arxiv:2304.13343,weitianxin__awesome-agentic-reasoning,srcitem:faa3f49115e4,Agentic_Reasoning_Self_evolving_Agentic_Reasoning_Agentic_Memory_Agentic_Use_of_Flat_Memory_Factual_Memory,collect_log:auto,collect_log:auto,active,2026-04-14T00:28:26+08:00,2026-04-14T00:31:05+08:00
arxiv:2305.00633,weitianxin__awesome-agentic-reasoning,srcitem:c87512fc6dba,Agentic_Reasoning_Foundational_Agentic_Reasoning_Planning_Reasoning_In_context_Planning_Tree_Search_Algorithm_Simulation,collect_log:auto,collect_log:auto,active,2026-04-14T00:28:26+08:00,2026-04-14T00:31:05+08:00
arxiv:2305.02301,weitianxin__awesome-agentic-reasoning,srcitem:cf4c944573ad,Agentic_Reasoning_Self_evolving_Agentic_Reasoning_Agentic_Feedback_Mechanisms_Parametric_Adaptation,collect_log:auto,collect_log:auto,active,2026-04-14T00:28:26+08:00,2026-04-14T00:31:05+08:00
arxiv:2305.02412,weitianxin__awesome-agentic-reasoning,srcitem:1f2333441c95,Agentic_Reasoning_Foundational_Agentic_Reasoning_Planning_Reasoning_In_context_Planning_Workflow_Design,collect_log:auto,collect_log:auto,active,2026-04-14T00:28:26+08:00,2026-04-14T00:31:05+08:00
arxiv:2305.03495,weitianxin__awesome-agentic-reasoning,srcitem:658ddc7b54d5,Agentic_Reasoning_Collective_Multi_agent_Reasoning_Collaboration_and_Division_of_Labor_Post_training_Collaboration_Multi_agent_Prompt_Optimization,collect_log:auto,collect_log:auto,active,2026-04-14T00:28:26+08:00,2026-04-14T00:31:05+08:00
arxiv:2305.04032,weitianxin__awesome-agentic-reasoning,srcitem:e8d2d1b9f84f,Agentic_Reasoning_Applications_Math_Exploration_Vibe_Coding_Agents_Foundational_Agentic_Reasoning,collect_log:auto,collect_log:auto,active,2026-04-14T00:28:26+08:00,2026-04-14T00:31:05+08:00
arxiv:2305.04091,weitianxin__awesome-agentic-reasoning,srcitem:bd209cee9ef6,Agentic_Reasoning_Foundational_Agentic_Reasoning_Planning_Reasoning_In_context_Planning_Workflow_Design,collect_log:auto,collect_log:auto,active,2026-04-14T00:28:26+08:00,2026-04-14T00:31:05+08:00
arxiv:2305.10250,weitianxin__awesome-agentic-reasoning,srcitem:0a3bd0fa9cd1,Agentic_Reasoning_Self_evolving_Agentic_Reasoning_Agentic_Memory_Agentic_Use_of_Flat_Memory_Factual_Memory,collect_log:auto,collect_log:auto,active,2026-04-14T00:28:26+08:00,2026-04-14T00:31:05+08:00
arxiv:2305.10601,weitianxin__awesome-agentic-reasoning,srcitem:36792b104097,Agentic_Reasoning_Foundational_Agentic_Reasoning_Planning_Reasoning_In_context_Planning_Tree_Search_Algorithm_Simulation,collect_log:auto,collect_log:auto,active,2026-04-14T00:28:26+08:00,2026-04-14T00:31:05+08:00
arxiv:2305.13660,weitianxin__awesome-agentic-reasoning,srcitem:a569e95bda0f,Agentic_Reasoning_Foundational_Agentic_Reasoning_Planning_Reasoning_In_context_Planning_Tree_Search_Algorithm_Simulation,collect_log:auto,collect_log:auto,active,2026-04-14T00:28:26+08:00,2026-04-14T00:31:05+08:00
arxiv:2305.14322,weitianxin__awesome-agentic-reasoning,srcitem:3464c638ea6b,Agentic_Reasoning_Self_evolving_Agentic_Reasoning_Agentic_Memory_Agentic_Use_of_Flat_Memory_Factual_Memory,collect_log:auto,collect_log:auto,active,2026-04-14T00:28:26+08:00,2026-04-14T00:31:05+08:00
arxiv:2305.14909,weitianxin__awesome-agentic-reasoning,srcitem:2fcad4e22079,Agentic_Reasoning_Foundational_Agentic_Reasoning_Planning_Reasoning_In_context_Planning_Process_Formalization,collect_log:auto,collect_log:auto,active,2026-04-14T00:28:26+08:00,2026-04-14T00:31:05+08:00
arxiv:2305.14992,weitianxin__awesome-agentic-reasoning,srcitem:189a5a44f41f,Agentic_Reasoning_Foundational_Agentic_Reasoning_Planning_Reasoning_In_context_Planning_Tree_Search_Algorithm_Simulation,collect_log:auto,collect_log:auto,active,2026-04-14T00:28:26+08:00,2026-04-14T00:31:05+08:00
arxiv:2305.15021,weitianxin__awesome-agentic-reasoning,srcitem:433f9b889e35,Agentic_Reasoning_Applications_Embodied_Agents_Foundational_Agentic_Reasoning,collect_log:auto,collect_log:auto,active,2026-04-14T00:28:26+08:00,2026-04-14T00:31:05+08:00
arxiv:2305.15334,weitianxin__awesome-agentic-reasoning,srcitem:ce72fe58e7a1,Agentic_Reasoning_Foundational_Agentic_Reasoning_Planning_Reasoning_In_context_Planning_Workflow_Design,collect_log:auto,collect_log:auto,active,2026-04-14T00:28:26+08:00,2026-04-14T00:31:05+08:00
arxiv:2305.16291,weitianxin__awesome-agentic-reasoning,srcitem:881ded9cfe5a,Agentic_Reasoning_Self_evolving_Agentic_Reasoning_Agentic_Feedback_Mechanisms_Reflective_Feedback,collect_log:auto,collect_log:auto,active,2026-04-14T00:28:26+08:00,2026-04-14T00:31:05+08:00
arxiv:2305.16504,weitianxin__awesome-agentic-reasoning,srcitem:8af461b7c497,Agentic_Reasoning_Benchmarks_Core_Mechanisms_of_Agentic_Reasoning_Tool_Use_Multi_Turn_Tool_Use,collect_log:auto,collect_log:auto,active,2026-04-14T00:28:26+08:00,2026-04-14T00:31:05+08:00
arxiv:2305.16867,weitianxin__awesome-agentic-reasoning,srcitem:3cc862511f10,Agentic_Reasoning_Benchmarks_Applications_of_Agentic_Reasoning_Embodied_Agents,collect_log:auto,collect_log:auto,active,2026-04-14T00:28:26+08:00,2026-04-14T00:31:05+08:00
arxiv:2305.17126,weitianxin__awesome-agentic-reasoning,srcitem:89a66df27792,Agentic_Reasoning_Foundational_Agentic_Reasoning_Planning_Reasoning_In_context_Planning_Tree_Search_Algorithm_Simulation,collect_log:auto,collect_log:auto,active,2026-04-14T00:28:26+08:00,2026-04-14T00:31:05+08:00
arxiv:2305.18290,weitianxin__awesome-agentic-reasoning,srcitem:5348053bb57f,Agentic_Reasoning_Self_evolving_Agentic_Reasoning_Agentic_Feedback_Mechanisms_Parametric_Adaptation,collect_log:auto,collect_log:auto,active,2026-04-14T00:28:26+08:00,2026-04-14T00:31:05+08:00
arxiv:2305.18323,weitianxin__awesome-agentic-reasoning,srcitem:a8617cc1311f,Agentic_Reasoning_Foundational_Agentic_Reasoning_Planning_Reasoning_In_context_Planning_Workflow_Design,collect_log:auto,collect_log:auto,active,2026-04-14T00:28:26+08:00,2026-04-14T00:31:05+08:00
arxiv:2306.05301,weitianxin__awesome-agentic-reasoning,srcitem:939cd14cb2bd,Agentic_Reasoning_Foundational_Agentic_Reasoning_Tool_Use_Optimization_Post_training_Tool_Integration_Bootstrapping_of_Tool_Use_via_SFT,collect_log:auto,collect_log:auto,active,2026-04-14T00:28:26+08:00,2026-04-14T00:31:05+08:00
arxiv:2306.06070,weitianxin__awesome-agentic-reasoning,srcitem:8e89db016f85,Agentic_Reasoning_Foundational_Agentic_Reasoning_Planning_Reasoning_In_context_Planning_Workflow_Design,collect_log:auto,collect_log:auto,active,2026-04-14T00:28:26+08:00,2026-04-14T00:31:05+08:00
arxiv:2306.06624,weitianxin__awesome-agentic-reasoning,srcitem:d38e76db3764,Agentic_Reasoning_Foundational_Agentic_Reasoning_Tool_Use_Optimization_Post_training_Tool_Integration_Bootstrapping_of_Tool_Use_via_SFT,collect_log:auto,collect_log:auto,active,2026-04-14T00:28:26+08:00,2026-04-14T00:31:05+08:00
arxiv:2306.07542,weitianxin__awesome-agentic-reasoning,srcitem:8b3bac521f02,Agentic_Reasoning_Benchmarks_Core_Mechanisms_of_Agentic_Reasoning_Simulation_centric_real_world_assessment,collect_log:auto,collect_log:auto,active,2026-04-14T00:28:26+08:00,2026-04-14T00:31:05+08:00
arxiv:2306.09896,weitianxin__awesome-agentic-reasoning,srcitem:7c3c88696536,Agentic_Reasoning_Applications_Math_Exploration_Vibe_Coding_Agents_Self_evolving_Agentic_Reasoning,collect_log:auto,collect_log:auto,active,2026-04-14T00:28:26+08:00,2026-04-14T00:31:05+08:00
arxiv:2306.11551,weitianxin__awesome-agentic-reasoning,srcitem:2c78a7559936,Agentic_Reasoning_Benchmarks_Core_Mechanisms_of_Agentic_Reasoning_Simulation_centric_real_world_assessment,collect_log:auto,collect_log:auto,active,2026-04-14T00:28:26+08:00,2026-04-14T00:31:05+08:00
arxiv:2307.01928,weitianxin__awesome-agentic-reasoning,srcitem:566ce2f1f113,Agentic_Reasoning_Applications_Embodied_Agents_Self_evolving_Agentic_Reasoning,collect_log:auto,collect_log:auto,active,2026-04-14T00:28:26+08:00,2026-04-14T00:31:05+08:00
arxiv:2307.04738,weitianxin__awesome-agentic-reasoning,srcitem:1560051261bf,Agentic_Reasoning_Applications_Embodied_Agents_Collective_multi_agent_reasoning,collect_log:auto,collect_log:auto,active,2026-04-14T00:28:26+08:00,2026-04-14T00:31:05+08:00
arxiv:2307.04986,weitianxin__awesome-agentic-reasoning,srcitem:d7ad72cba154,Agentic_Reasoning_Applications_Healthcare_Medicine_Agents_Self_evolving_agentic_reasoning,collect_log:auto,collect_log:auto,active,2026-04-14T00:28:26+08:00,2026-04-14T00:31:05+08:00
arxiv:2307.13854,weitianxin__awesome-agentic-reasoning,srcitem:35c584604d93,Agentic_Reasoning_Benchmarks_Applications_of_Agentic_Reasoning_Web_Agents,collect_log:auto,collect_log:auto,active,2026-04-14T00:28:26+08:00,2026-04-14T00:31:05+08:00
arxiv:2307.16789,weitianxin__awesome-agentic-reasoning,srcitem:a3753ad916d8,Agentic_Reasoning_Foundational_Agentic_Reasoning_Tool_Use_Optimization_Post_training_Tool_Integration_Bootstrapping_of_Tool_Use_via_SFT,collect_log:auto,collect_log:auto,active,2026-04-14T00:28:26+08:00,2026-04-14T00:31:05+08:00
arxiv:2308.00675,weitianxin__awesome-agentic-reasoning,srcitem:80bb5f7eab80,Agentic_Reasoning_Foundational_Agentic_Reasoning_Tool_Use_Optimization_In_Context_Tool_Integration_Optimizing_Context_for_Tool_Interaction,collect_log:auto,collect_log:auto,active,2026-04-14T00:28:26+08:00,2026-04-14T00:31:05+08:00
arxiv:2308.07241,weitianxin__awesome-agentic-reasoning,srcitem:ef94cdb998ef,Agentic_Reasoning_Applications_Embodied_Agents_Foundational_Agentic_Reasoning,collect_log:auto,collect_log:auto,active,2026-04-14T00:28:26+08:00,2026-04-14T00:31:05+08:00
arxiv:2308.09687,weitianxin__awesome-agentic-reasoning,srcitem:9843ea168d70,Agentic_Reasoning_Self_evolving_Agentic_Reasoning_Agentic_Feedback_Mechanisms_Reflective_Feedback,collect_log:auto,collect_log:auto,active,2026-04-14T00:28:26+08:00,2026-04-14T00:31:05+08:00
arxiv:2308.10379,weitianxin__awesome-agentic-reasoning,srcitem:ded7cce36eab,Agentic_Reasoning_Foundational_Agentic_Reasoning_Planning_Reasoning_In_context_Planning_Workflow_Design,collect_log:auto,collect_log:auto,active,2026-04-14T00:28:26+08:00,2026-04-14T00:31:05+08:00
arxiv:2308.12519,weitianxin__awesome-agentic-reasoning,srcitem:c4d6533f6263,Agentic_Reasoning_Foundational_Agentic_Reasoning_Planning_Reasoning_Post_training_Planning,collect_log:auto,collect_log:auto,active,2026-04-14T00:28:26+08:00,2026-04-14T00:31:05+08:00
arxiv:2308.15272,weitianxin__awesome-agentic-reasoning,srcitem:ec3d75c7f709,Agentic_Reasoning_Applications_Autonomous_Web_Exploration_Research_Agents_Foundational_agentic_reasoning,collect_log:auto,collect_log:auto,active,2026-04-14T00:28:26+08:00,2026-04-14T00:31:05+08:00
arxiv:2309.04077,weitianxin__awesome-agentic-reasoning,srcitem:f2275c6cdf28,Agentic_Reasoning_Applications_Embodied_Agents_Foundational_Agentic_Reasoning,collect_log:auto,collect_log:auto,active,2026-04-14T00:28:26+08:00,2026-04-14T00:31:05+08:00
arxiv:2309.08172,weitianxin__awesome-agentic-reasoning,srcitem:c7810c66c9e9,Agentic_Reasoning_Benchmarks_Applications_of_Agentic_Reasoning_Web_Agents,collect_log:auto,collect_log:auto,active,2026-04-14T00:28:26+08:00,2026-04-14T00:31:05+08:00
arxiv:2309.09971,weitianxin__awesome-agentic-reasoning,srcitem:f2b923f75836,Agentic_Reasoning_Benchmarks_Applications_of_Agentic_Reasoning_Embodied_Agents,collect_log:auto,collect_log:auto,active,2026-04-14T00:28:26+08:00,2026-04-14T00:31:05+08:00
arxiv:2309.10062,weitianxin__awesome-agentic-reasoning,srcitem:36f673453386,Agentic_Reasoning_Applications_Embodied_Agents_Collective_multi_agent_reasoning,collect_log:auto,collect_log:auto,active,2026-04-14T00:28:26+08:00,2026-04-14T00:31:05+08:00
arxiv:2309.12499,weitianxin__awesome-agentic-reasoning,srcitem:0575b8ea6f76,Agentic_Reasoning_Foundational_Agentic_Reasoning_Planning_Reasoning_In_context_Planning_Workflow_Design,collect_log:auto,collect_log:auto,active,2026-04-14T00:28:26+08:00,2026-04-14T00:31:05+08:00
arxiv:2309.17179,weitianxin__awesome-agentic-reasoning,srcitem:ef8d4870cb41,Agentic_Reasoning_Foundational_Agentic_Reasoning_Planning_Reasoning_In_context_Planning_Tree_Search_Algorithm_Simulation,collect_log:auto,collect_log:auto,active,2026-04-14T00:28:26+08:00,2026-04-14T00:31:05+08:00
arxiv:2309.17288,weitianxin__awesome-agentic-reasoning,srcitem:602ae3d3f34e,Agentic_Reasoning_Collective_Multi_agent_Reasoning_Collaboration_and_Division_of_Labor_In_context_Collaboration_Manually_Crafted_Pipelines,collect_log:auto,collect_log:auto,active,2026-04-14T00:28:26+08:00,2026-04-14T00:31:05+08:00
arxiv:2310.00533,weitianxin__awesome-agentic-reasoning,srcitem:015b36132994,Agentic_Reasoning_Self_evolving_Agentic_Reasoning_Evolving_Foundational_Agentic_Capabilities_Self_evolving_Planning,collect_log:auto,collect_log:auto,active,2026-04-14T00:28:26+08:00,2026-04-14T00:31:05+08:00
arxiv:2310.00898,weitianxin__awesome-agentic-reasoning,srcitem:014d2b06952c,Agentic_Reasoning_Self_evolving_Agentic_Reasoning_Agentic_Feedback_Mechanisms_Reflective_Feedback,collect_log:auto,collect_log:auto,active,2026-04-14T00:28:26+08:00,2026-04-14T00:31:05+08:00
arxiv:2310.01352,weitianxin__awesome-agentic-reasoning,srcitem:3d76b61d75eb,Agentic_Reasoning_Foundational_Agentic_Reasoning_Agentic_Search_Post_Training_Search_SFT_Based_Agentic_Search,collect_log:auto,collect_log:auto,active,2026-04-14T00:28:26+08:00,2026-04-14T00:31:05+08:00
arxiv:2310.02003,weitianxin__awesome-agentic-reasoning,srcitem:e14bf7bb9887,Agentic_Reasoning_Applications_Math_Exploration_Vibe_Coding_Agents_Self_evolving_Agentic_Reasoning,collect_log:auto,collect_log:auto,active,2026-04-14T00:28:26+08:00,2026-04-14T00:31:05+08:00
arxiv:2310.02172,weitianxin__awesome-agentic-reasoning,srcitem:944e01321cf6,Agentic_Reasoning_Collective_Multi_agent_Reasoning_Multi_Agent_Memory_and_Evolution_Multi_agent_Memory_Management_for_Evolution,collect_log:auto,collect_log:auto,active,2026-04-14T00:28:26+08:00,2026-04-14T00:31:05+08:00
arxiv:2310.02374,weitianxin__awesome-agentic-reasoning,srcitem:b432fd3291a4,Agentic_Reasoning_Applications_Healthcare_Medicine_Agents_Foundational_agentic_reasoning,collect_log:auto,collect_log:auto,active,2026-04-14T00:28:26+08:00,2026-04-14T00:31:05+08:00
arxiv:2310.03128,weitianxin__awesome-agentic-reasoning,srcitem:e2ff5b518f82,Agentic_Reasoning_Benchmarks_Core_Mechanisms_of_Agentic_Reasoning_Tool_Use_Single_Turn_Tool_Use,collect_log:auto,collect_log:auto,active,2026-04-14T00:28:26+08:00,2026-04-14T00:31:05+08:00
arxiv:2310.03302,weitianxin__awesome-agentic-reasoning,srcitem:83fb745f19c5,Agentic_Reasoning_Benchmarks_Applications_of_Agentic_Reasoning_Scientific_Discovery_Agents,collect_log:auto,collect_log:auto,active,2026-04-14T00:28:26+08:00,2026-04-14T00:31:05+08:00
arxiv:2310.03903,weitianxin__awesome-agentic-reasoning,srcitem:c21e0e60fd01,Agentic_Reasoning_Benchmarks_Core_Mechanisms_of_Agentic_Reasoning_Language_Communication_and_Social_Reasoning,collect_log:auto,collect_log:auto,active,2026-04-14T00:28:26+08:00,2026-04-14T00:31:05+08:00
arxiv:2310.04353,weitianxin__awesome-agentic-reasoning,srcitem:74464b4b76ad,Agentic_Reasoning_Applications_Math_Exploration_Vibe_Coding_Agents_Foundational_Agentic_Reasoning,collect_log:auto,collect_log:auto,active,2026-04-14T00:28:26+08:00,2026-04-14T00:31:05+08:00
arxiv:2310.05036,weitianxin__awesome-agentic-reasoning,srcitem:08f79654be22,Agentic_Reasoning_Benchmarks_Core_Mechanisms_of_Agentic_Reasoning_Language_Communication_and_Social_Reasoning,collect_log:auto,collect_log:auto,active,2026-04-14T00:28:26+08:00,2026-04-14T00:31:05+08:00
arxiv:2310.06452,weitianxin__awesome-agentic-reasoning,srcitem:cfcbcfcf862b,Agentic_Reasoning_Foundational_Agentic_Reasoning_Tool_Use_Optimization_Post_training_Tool_Integration_Bootstrapping_of_Tool_Use_via_SFT,collect_log:auto,collect_log:auto,active,2026-04-14T00:28:26+08:00,2026-04-14T00:31:05+08:00
arxiv:2310.06770,weitianxin__awesome-agentic-reasoning,srcitem:5b617e73070b,Agentic_Reasoning_Self_evolving_Agentic_Reasoning_Agentic_Feedback_Mechanisms_Validator_Driven_Feedback,collect_log:auto,collect_log:auto,active,2026-04-14T00:28:26+08:00,2026-04-14T00:31:05+08:00
arxiv:2310.08560,weitianxin__awesome-agentic-reasoning,srcitem:0aed94fa0ead,Agentic_Reasoning_Self_evolving_Agentic_Reasoning_Agentic_Feedback_Mechanisms_Reflective_Feedback,collect_log:auto,collect_log:auto,active,2026-04-14T00:28:26+08:00,2026-04-14T00:31:05+08:00
arxiv:2310.08582,weitianxin__awesome-agentic-reasoning,srcitem:550962c0526f,Agentic_Reasoning_Foundational_Agentic_Reasoning_Planning_Reasoning_In_context_Planning_Tree_Search_Algorithm_Simulation,collect_log:auto,collect_log:auto,active,2026-04-14T00:28:26+08:00,2026-04-14T00:31:05+08:00
arxiv:2310.08588,weitianxin__awesome-agentic-reasoning,srcitem:616a19872d88,Agentic_Reasoning_Applications_Embodied_Agents_Foundational_Agentic_Reasoning,collect_log:auto,collect_log:auto,active,2026-04-14T00:28:26+08:00,2026-04-14T00:31:05+08:00
arxiv:2310.08901,weitianxin__awesome-agentic-reasoning,srcitem:7c2c5ecae39b,Agentic_Reasoning_Benchmarks_Core_Mechanisms_of_Agentic_Reasoning_Language_Communication_and_Social_Reasoning,collect_log:auto,collect_log:auto,active,2026-04-14T00:28:26+08:00,2026-04-14T00:31:05+08:00
arxiv:2310.08992,weitianxin__awesome-agentic-reasoning,srcitem:428ecd192245,Agentic_Reasoning_Applications_Math_Exploration_Vibe_Coding_Agents_Foundational_Agentic_Reasoning,collect_log:auto,collect_log:auto,active,2026-04-14T00:28:26+08:00,2026-04-14T00:31:05+08:00
arxiv:2310.10134,weitianxin__awesome-agentic-reasoning,srcitem:44eb770156da,Agentic_Reasoning_Benchmarks_Applications_of_Agentic_Reasoning_Autonomous_Research_Agents,collect_log:auto,collect_log:auto,active,2026-04-14T00:28:26+08:00,2026-04-14T00:31:05+08:00
arxiv:2310.10701,weitianxin__awesome-agentic-reasoning,srcitem:8a4f1999398d,Agentic_Reasoning_Collective_Multi_agent_Reasoning_Collaboration_and_Division_of_Labor_In_context_Collaboration_Theory_of_Mind_Augmented_Collaboration,collect_log:auto,collect_log:auto,active,2026-04-14T00:28:26+08:00,2026-04-14T00:31:05+08:00
arxiv:2310.11511,weitianxin__awesome-agentic-reasoning,srcitem:dd820402138c,Agentic_Reasoning_Foundational_Agentic_Reasoning_Agentic_Search_In_Context_Search_Interleaving_Reasoning_and_Search,collect_log:auto,collect_log:auto,active,2026-04-14T00:28:26+08:00,2026-04-14T00:31:05+08:00
arxiv:2310.12823,weitianxin__awesome-agentic-reasoning,srcitem:cf5579e2341d,Agentic_Reasoning_Self_evolving_Agentic_Reasoning_Agentic_Feedback_Mechanisms_Parametric_Adaptation,collect_log:auto,collect_log:auto,active,2026-04-14T00:28:26+08:00,2026-04-14T00:31:05+08:00
arxiv:2310.13227,weitianxin__awesome-agentic-reasoning,srcitem:e471b11d05fd,Agentic_Reasoning_Foundational_Agentic_Reasoning_Tool_Use_Optimization_Orchestration_based_Tool_Integration_Tool_Representations_for_Orchestration,collect_log:auto,collect_log:auto,active,2026-04-14T00:28:26+08:00,2026-04-14T00:31:05+08:00
arxiv:2310.15127,weitianxin__awesome-agentic-reasoning,srcitem:4fc01cdc9b20,Agentic_Reasoning_Applications_Embodied_Agents_Self_evolving_Agentic_Reasoning,collect_log:auto,collect_log:auto,active,2026-04-14T00:28:26+08:00,2026-04-14T00:31:05+08:00
arxiv:2310.20025,weitianxin__awesome-agentic-reasoning,srcitem:f98622a1bdaf,Agentic_Reasoning_Foundational_Agentic_Reasoning_Planning_Reasoning_In_context_Planning_Decoupling_Decomposition,collect_log:auto,collect_log:auto,active,2026-04-14T00:28:26+08:00,2026-04-14T00:31:05+08:00
arxiv:2311.04254,weitianxin__awesome-agentic-reasoning,srcitem:8f79e18f748d,Agentic_Reasoning_Foundational_Agentic_Reasoning_Planning_Reasoning_In_context_Planning_Tree_Search_Algorithm_Simulation,collect_log:auto,collect_log:auto,active,2026-04-14T00:28:26+08:00,2026-04-14T00:31:05+08:00
arxiv:2311.05657,weitianxin__awesome-agentic-reasoning,srcitem:5bfea33665c9,Agentic_Reasoning_Foundational_Agentic_Reasoning_Tool_Use_Optimization_Post_training_Tool_Integration_Bootstrapping_of_Tool_Use_via_SFT,collect_log:auto,collect_log:auto,active,2026-04-14T00:28:26+08:00,2026-04-14T00:31:05+08:00
arxiv:2311.05772,weitianxin__awesome-agentic-reasoning,srcitem:e0bea34a1556,Agentic_Reasoning_Foundational_Agentic_Reasoning_Tool_Use_Optimization_Post_training_Tool_Integration_Bootstrapping_of_Tool_Use_via_SFT,collect_log:auto,collect_log:auto,active,2026-04-14T00:28:26+08:00,2026-04-14T00:31:05+08:00
arxiv:2311.05965,weitianxin__awesome-agentic-reasoning,srcitem:bb916241834a,Agentic_Reasoning_Applications_Scientific_Discovery_Agents_Foundational_Agentic_Reasoning,collect_log:auto,collect_log:auto,active,2026-04-14T00:28:26+08:00,2026-04-14T00:31:05+08:00
arxiv:2311.08562,weitianxin__awesome-agentic-reasoning,srcitem:246f347dc2fe,Agentic_Reasoning_Benchmarks_Core_Mechanisms_of_Agentic_Reasoning_Language_Communication_and_Social_Reasoning,collect_log:auto,collect_log:auto,active,2026-04-14T00:28:26+08:00,2026-04-14T00:31:05+08:00
arxiv:2311.10776,weitianxin__awesome-agentic-reasoning,srcitem:10c91303294a,Agentic_Reasoning_Applications_Scientific_Discovery_Agents_Foundational_Agentic_Reasoning,collect_log:auto,collect_log:auto,active,2026-04-14T00:28:26+08:00,2026-04-14T00:31:05+08:00
arxiv:2311.12871,weitianxin__awesome-agentic-reasoning,srcitem:fb2276ad7a41,Agentic_Reasoning_Applications_Embodied_Agents_Foundational_Agentic_Reasoning,collect_log:auto,collect_log:auto,active,2026-04-14T00:28:26+08:00,2026-04-14T00:31:05+08:00
arxiv:2311.13743,weitianxin__awesome-agentic-reasoning,srcitem:602b1c2b6843,Agentic_Reasoning_Self_evolving_Agentic_Reasoning_Agentic_Memory_Agentic_Use_of_Flat_Memory_Factual_Memory,collect_log:auto,collect_log:auto,active,2026-04-14T00:28:26+08:00,2026-04-14T00:31:05+08:00
arxiv:2312.01472,weitianxin__awesome-agentic-reasoning,srcitem:53a03c5a31f5,Agentic_Reasoning_Benchmarks_Core_Mechanisms_of_Agentic_Reasoning_Multi_Agent_System_Game_based_reinforcement_learning_evaluation,collect_log:auto,collect_log:auto,active,2026-04-14T00:28:26+08:00,2026-04-14T00:31:05+08:00
arxiv:2312.03003,weitianxin__awesome-agentic-reasoning,srcitem:6f5dca174398,Agentic_Reasoning_Applications_Autonomous_Web_Exploration_Research_Agents_Foundational_agentic_reasoning,collect_log:auto,collect_log:auto,active,2026-04-14T00:28:26+08:00,2026-04-14T00:31:05+08:00
arxiv:2312.06677,weitianxin__awesome-agentic-reasoning,srcitem:0d0d5cbbd5e9,Agentic_Reasoning_Foundational_Agentic_Reasoning_Planning_Reasoning_In_context_Planning_Tree_Search_Algorithm_Simulation,collect_log:auto,collect_log:auto,active,2026-04-14T00:28:26+08:00,2026-04-14T00:31:05+08:00
arxiv:2312.07472,weitianxin__awesome-agentic-reasoning,srcitem:3d2c7a52d8b9,Agentic_Reasoning_Applications_Embodied_Agents_Foundational_Agentic_Reasoning,collect_log:auto,collect_log:auto,active,2026-04-14T00:28:26+08:00,2026-04-14T00:31:05+08:00
arxiv:2312.07559,weitianxin__awesome-agentic-reasoning,srcitem:0d387d77be6b,Agentic_Reasoning_Applications_Scientific_Discovery_Agents_Foundational_Agentic_Reasoning,collect_log:auto,collect_log:auto,active,2026-04-14T00:28:26+08:00,2026-04-14T00:31:05+08:00
arxiv:2312.10003,weitianxin__awesome-agentic-reasoning,srcitem:1e0fe45eda78,Agentic_Reasoning_Foundational_Agentic_Reasoning_Planning_Reasoning_In_context_Planning_Workflow_Design,collect_log:auto,collect_log:auto,active,2026-04-14T00:28:26+08:00,2026-04-14T00:31:05+08:00
arxiv:2312.13010,weitianxin__awesome-agentic-reasoning,srcitem:a4f390ef7f70,Agentic_Reasoning_Applications_Math_Exploration_Vibe_Coding_Agents_Collective_Multi_agent_Reasoning,collect_log:auto,collect_log:auto,active,2026-04-14T00:28:26+08:00,2026-04-14T00:31:05+08:00
arxiv:2312.13382,weitianxin__awesome-agentic-reasoning,srcitem:26dd4d2e29d2,Agentic_Reasoning_Collective_Multi_agent_Reasoning_Collaboration_and_Division_of_Labor_Post_training_Collaboration_Multi_agent_Prompt_Optimization,collect_log:auto,collect_log:auto,active,2026-04-14T00:28:26+08:00,2026-04-14T00:31:05+08:00
arxiv:2312.14033,weitianxin__awesome-agentic-reasoning,srcitem:919e637c5dd6,Agentic_Reasoning_Benchmarks_Core_Mechanisms_of_Agentic_Reasoning_Tool_Use_Single_Turn_Tool_Use,collect_log:auto,collect_log:auto,active,2026-04-14T00:28:26+08:00,2026-04-14T00:31:05+08:00
arxiv:2401.01614,weitianxin__awesome-agentic-reasoning,srcitem:6ec0c69c3b92,Agentic_Reasoning_Applications_Autonomous_Web_Exploration_Research_Agents_Foundational_agentic_reasoning,collect_log:auto,collect_log:auto,active,2026-04-14T00:28:26+08:00,2026-04-14T00:31:05+08:00
arxiv:2401.06201,weitianxin__awesome-agentic-reasoning,srcitem:996dfb6f3a20,Agentic_Reasoning_Foundational_Agentic_Reasoning_Tool_Use_Optimization_In_Context_Tool_Integration_Optimizing_Context_for_Tool_Interaction,collect_log:auto,collect_log:auto,active,2026-04-14T00:28:26+08:00,2026-04-14T00:31:05+08:00
arxiv:2401.06532,weitianxin__awesome-agentic-reasoning,srcitem:b424448486cf,Agentic_Reasoning_Foundational_Agentic_Reasoning_Agentic_Search_Post_Training_Search_SFT_Based_Agentic_Search,collect_log:auto,collect_log:auto,active,2026-04-14T00:28:26+08:00,2026-04-14T00:31:05+08:00
arxiv:2401.07128,weitianxin__awesome-agentic-reasoning,srcitem:59a0d5954751,Agentic_Reasoning_Applications_Healthcare_Medicine_Agents_Foundational_agentic_reasoning,collect_log:auto,collect_log:auto,active,2026-04-14T00:28:26+08:00,2026-04-14T00:31:05+08:00
arxiv:2401.10019,weitianxin__awesome-agentic-reasoning,srcitem:7c7b8a38d8d9,Agentic_Reasoning_Benchmarks_Applications_of_Agentic_Reasoning_General_Tool_Use_Agents,collect_log:auto,collect_log:auto,active,2026-04-14T00:28:26+08:00,2026-04-14T00:31:05+08:00
arxiv:2401.10020,weitianxin__awesome-agentic-reasoning,srcitem:4ebddc546f00,Agentic_Reasoning_Self_evolving_Agentic_Reasoning_Evolving_Foundational_Agentic_Capabilities_Self_evolving_Planning,collect_log:auto,collect_log:auto,active,2026-04-14T00:28:26+08:00,2026-04-14T00:31:05+08:00
arxiv:2401.10935,weitianxin__awesome-agentic-reasoning,srcitem:f314581f7c92,Agentic_Reasoning_Applications_Autonomous_Web_Exploration_Research_Agents_Foundational_agentic_reasoning,collect_log:auto,collect_log:auto,active,2026-04-14T00:28:26+08:00,2026-04-14T00:31:05+08:00
arxiv:2401.13649,weitianxin__awesome-agentic-reasoning,srcitem:0f54edb78a22,Agentic_Reasoning_Benchmarks_Applications_of_Agentic_Reasoning_Web_Agents,collect_log:auto,collect_log:auto,active,2026-04-14T00:28:26+08:00,2026-04-14T00:31:05+08:00
arxiv:2401.13919,weitianxin__awesome-agentic-reasoning,srcitem:25db87d788d0,Agentic_Reasoning_Applications_Autonomous_Web_Exploration_Research_Agents_Foundational_agentic_reasoning,collect_log:auto,collect_log:auto,active,2026-04-14T00:28:26+08:00,2026-04-14T00:31:05+08:00
arxiv:2401.15443,weitianxin__awesome-agentic-reasoning,srcitem:40bc6e0a6117,Agentic_Reasoning_Foundational_Agentic_Reasoning_Planning_Reasoning_In_context_Planning_Decoupling_Decomposition,collect_log:auto,collect_log:auto,active,2026-04-14T00:28:26+08:00,2026-04-14T00:31:05+08:00
arxiv:2401.15940,weitianxin__awesome-agentic-reasoning,srcitem:590e18c1d978,Agentic_Reasoning_Applications_Math_Exploration_Vibe_Coding_Agents_Foundational_Agentic_Reasoning,collect_log:auto,collect_log:auto,active,2026-04-14T00:28:26+08:00,2026-04-14T00:31:05+08:00
arxiv:2401.16107,weitianxin__awesome-agentic-reasoning,srcitem:f018806672a2,Agentic_Reasoning_Applications_Healthcare_Medicine_Agents_Collective_multi_agent_reasoning,collect_log:auto,collect_log:auto,active,2026-04-14T00:28:26+08:00,2026-04-14T00:31:05+08:00
arxiv:2401.17167,weitianxin__awesome-agentic-reasoning,srcitem:5e9117da7e75,Agentic_Reasoning_Benchmarks_Core_Mechanisms_of_Agentic_Reasoning_Tool_Use_Multi_Turn_Tool_Use,collect_log:auto,collect_log:auto,active,2026-04-14T00:28:26+08:00,2026-04-14T00:31:05+08:00
arxiv:2401.17244,weitianxin__awesome-agentic-reasoning,srcitem:dc661a346c6b,Agentic_Reasoning_Applications_Scientific_Discovery_Agents_Foundational_Agentic_Reasoning,collect_log:auto,collect_log:auto,active,2026-04-14T00:28:26+08:00,2026-04-14T00:31:05+08:00
arxiv:2402.01030,weitianxin__awesome-agentic-reasoning,srcitem:adc3d5c18e46,Agentic_Reasoning_Foundational_Agentic_Reasoning_Planning_Reasoning_In_context_Planning_Workflow_Design,collect_log:auto,collect_log:auto,active,2026-04-14T00:28:26+08:00,2026-04-14T00:31:05+08:00
arxiv:2402.01586,weitianxin__awesome-agentic-reasoning,srcitem:8deadcefadb5,Agentic_Reasoning_Collective_Multi_agent_Reasoning_Multi_Agent_Memory_and_Evolution_From_Single_Agent_Evolution_to_Multi_Agent_Evolution_Intra_test_time_Evolution,collect_log:auto,collect_log:auto,active,2026-04-14T00:28:26+08:00,2026-04-14T00:31:05+08:00
arxiv:2402.01622,weitianxin__awesome-agentic-reasoning,srcitem:985385b81699,Agentic_Reasoning_Benchmarks_Core_Mechanisms_of_Agentic_Reasoning_Memory_and_Planning_Planning_and_Feedback,collect_log:auto,collect_log:auto,active,2026-04-14T00:28:26+08:00,2026-04-14T00:31:05+08:00
arxiv:2402.03610,weitianxin__awesome-agentic-reasoning,srcitem:3bf71d3c8b2a,Agentic_Reasoning_Self_evolving_Agentic_Reasoning_Agentic_Memory_Structured_Use_of_Memory,collect_log:auto,collect_log:auto,active,2026-04-14T00:28:26+08:00,2026-04-14T00:31:05+08:00
arxiv:2402.04268,weitianxin__awesome-agentic-reasoning,srcitem:7cec4ac1d8b5,Agentic_Reasoning_Applications_Scientific_Discovery_Agents_Foundational_Agentic_Reasoning,collect_log:auto,collect_log:auto,active,2026-04-14T00:28:26+08:00,2026-04-14T00:31:05+08:00
arxiv:2402.04494,weitianxin__awesome-agentic-reasoning,srcitem:cb47a24fee40,Agentic_Reasoning_Foundational_Agentic_Reasoning_Planning_Reasoning_Post_training_Planning,collect_log:auto,collect_log:auto,active,2026-04-14T00:28:26+08:00,2026-04-14T00:31:05+08:00
arxiv:2402.05930,weitianxin__awesome-agentic-reasoning,srcitem:e9f14e52756d,Agentic_Reasoning_Benchmarks_Applications_of_Agentic_Reasoning_Web_Agents,collect_log:auto,collect_log:auto,active,2026-04-14T00:28:26+08:00,2026-04-14T00:31:05+08:00
arxiv:2402.06596,weitianxin__awesome-agentic-reasoning,srcitem:635bafc66ecb,Agentic_Reasoning_Benchmarks_Applications_of_Agentic_Reasoning_Embodied_Agents,collect_log:auto,collect_log:auto,active,2026-04-14T00:28:26+08:00,2026-04-14T00:31:05+08:00
arxiv:2402.07456,weitianxin__awesome-agentic-reasoning,srcitem:a2da8ddc4745,Agentic_Reasoning_Applications_Autonomous_Web_Exploration_Research_Agents_Foundational_agentic_reasoning,collect_log:auto,collect_log:auto,active,2026-04-14T00:28:26+08:00,2026-04-14T00:31:05+08:00
arxiv:2402.10980,weitianxin__awesome-agentic-reasoning,srcitem:9a5a57a443e1,Agentic_Reasoning_Applications_Scientific_Discovery_Agents_Self_evolving_Agentic_Reasoning,collect_log:auto,collect_log:auto,active,2026-04-14T00:28:26+08:00,2026-04-14T00:31:05+08:00
arxiv:2402.11451,weitianxin__awesome-agentic-reasoning,srcitem:f3e0812250aa,Agentic_Reasoning_Applications_Scientific_Discovery_Agents_Foundational_Agentic_Reasoning,collect_log:auto,collect_log:auto,active,2026-04-14T00:28:26+08:00,2026-04-14T00:31:05+08:00
arxiv:2402.12391,weitianxin__awesome-agentic-reasoning,srcitem:90fb06eae483,Agentic_Reasoning_Applications_Scientific_Discovery_Agents_Collective_multi_agent_reasoning,collect_log:auto,collect_log:auto,active,2026-04-14T00:28:26+08:00,2026-04-14T00:31:05+08:00
arxiv:2402.16288,weitianxin__awesome-agentic-reasoning,srcitem:7591feaa7589,Agentic_Reasoning_Benchmarks_Core_Mechanisms_of_Agentic_Reasoning_Memory_and_Planning_Long_Horizon_Episodic_Memory,collect_log:auto,collect_log:auto,active,2026-04-14T00:28:26+08:00,2026-04-14T00:31:05+08:00
arxiv:2402.16823,weitianxin__awesome-agentic-reasoning,srcitem:aead0743f263,Agentic_Reasoning_Collective_Multi_agent_Reasoning_Collaboration_and_Division_of_Labor_Post_training_Collaboration_Graph_based_Topology_Generation,collect_log:auto,collect_log:auto,active,2026-04-14T00:28:26+08:00,2026-04-14T00:31:05+08:00
arxiv:2402.17553,weitianxin__awesome-agentic-reasoning,srcitem:67b77aa83790,Agentic_Reasoning_Benchmarks_Applications_of_Agentic_Reasoning_Web_Agents,collect_log:auto,collect_log:auto,active,2026-04-14T00:28:26+08:00,2026-04-14T00:31:05+08:00
arxiv:2402.17753,weitianxin__awesome-agentic-reasoning,srcitem:2de8b713278e,Agentic_Reasoning_Self_evolving_Agentic_Reasoning_Agentic_Memory_Agentic_Use_of_Flat_Memory_Factual_Memory,collect_log:auto,collect_log:auto,active,2026-04-14T00:28:26+08:00,2026-04-14T00:31:05+08:00
arxiv:2402.18361,weitianxin__awesome-agentic-reasoning,srcitem:1b99222372a5,Agentic_Reasoning_Collective_Multi_agent_Reasoning_Multi_Agent_Memory_and_Evolution_From_Single_Agent_Evolution_to_Multi_Agent_Evolution_Inter_test_time_Evolution,collect_log:auto,collect_log:auto,active,2026-04-14T00:28:26+08:00,2026-04-14T00:31:05+08:00
arxiv:2402.19446,weitianxin__awesome-agentic-reasoning,srcitem:f8a4a19c6221,Agentic_Reasoning_Applications_Autonomous_Web_Exploration_Research_Agents_Foundational_agentic_reasoning,collect_log:auto,collect_log:auto,active,2026-04-14T00:28:26+08:00,2026-04-14T00:31:05+08:00
arxiv:2403.03031,weitianxin__awesome-agentic-reasoning,srcitem:729003dcfb57,Agentic_Reasoning_Foundational_Agentic_Reasoning_Tool_Use_Optimization_Post_training_Tool_Integration_Bootstrapping_of_Tool_Use_via_SFT,collect_log:auto,collect_log:auto,active,2026-04-14T00:28:26+08:00,2026-04-14T00:31:05+08:00
arxiv:2403.06095,weitianxin__awesome-agentic-reasoning,srcitem:5c013feb1a40,Agentic_Reasoning_Applications_Math_Exploration_Vibe_Coding_Agents_Foundational_Agentic_Reasoning,collect_log:auto,collect_log:auto,active,2026-04-14T00:28:26+08:00,2026-04-14T00:31:05+08:00
arxiv:2403.07718,weitianxin__awesome-agentic-reasoning,srcitem:bbbfdd92edf6,Agentic_Reasoning_Benchmarks_Applications_of_Agentic_Reasoning_Autonomous_Research_Agents,collect_log:auto,collect_log:auto,active,2026-04-14T00:28:26+08:00,2026-04-14T00:31:05+08:00
arxiv:2403.10131,weitianxin__awesome-agentic-reasoning,srcitem:f4506707bf4f,Agentic_Reasoning_Foundational_Agentic_Reasoning_Agentic_Search_Post_Training_Search_SFT_Based_Agentic_Search,collect_log:auto,collect_log:auto,active,2026-04-14T00:28:26+08:00,2026-04-14T00:31:05+08:00
arxiv:2403.12761,weitianxin__awesome-agentic-reasoning,srcitem:6d91de822660,Agentic_Reasoning_Foundational_Agentic_Reasoning_Planning_Reasoning_In_context_Planning_Tree_Search_Algorithm_Simulation,collect_log:auto,collect_log:auto,active,2026-04-14T00:28:26+08:00,2026-04-14T00:31:05+08:00
arxiv:2403.19267,weitianxin__awesome-agentic-reasoning,srcitem:64f321f3f05b,Agentic_Reasoning_Benchmarks_Core_Mechanisms_of_Agentic_Reasoning_Multi_Agent_System_Game_based_reinforcement_learning_evaluation,collect_log:auto,collect_log:auto,active,2026-04-14T00:28:26+08:00,2026-04-14T00:31:05+08:00
arxiv:2403.20262,weitianxin__awesome-agentic-reasoning,srcitem:87364ce43417,Agentic_Reasoning_Benchmarks_Core_Mechanisms_of_Agentic_Reasoning_Memory_and_Planning_Long_Horizon_Episodic_Memory,collect_log:auto,collect_log:auto,active,2026-04-14T00:28:26+08:00,2026-04-14T00:31:05+08:00
arxiv:2404.02183,weitianxin__awesome-agentic-reasoning,srcitem:bfcb547a7916,Agentic_Reasoning_Applications_Math_Exploration_Vibe_Coding_Agents_Collective_Multi_agent_Reasoning,collect_log:auto,collect_log:auto,active,2026-04-14T00:28:26+08:00,2026-04-14T00:31:05+08:00
arxiv:2404.03648,weitianxin__awesome-agentic-reasoning,srcitem:061d8f35a662,Agentic_Reasoning_Benchmarks_Applications_of_Agentic_Reasoning_Web_Agents,collect_log:auto,collect_log:auto,active,2026-04-14T00:28:26+08:00,2026-04-14T00:31:05+08:00
arxiv:2404.03648,weitianxin__awesome-agentic-reasoning,srcitem:d397339e3123,Agentic_Reasoning_Applications_Autonomous_Web_Exploration_Research_Agents_Foundational_agentic_reasoning,collect_log:auto,collect_log:auto,active,2026-04-14T00:28:26+08:00,2026-04-14T00:31:05+08:00
arxiv:2404.03683,weitianxin__awesome-agentic-reasoning,srcitem:bd471f9802e1,Agentic_Reasoning_Foundational_Agentic_Reasoning_Planning_Reasoning_In_context_Planning_Tree_Search_Algorithm_Simulation,collect_log:auto,collect_log:auto,active,2026-04-14T00:28:26+08:00,2026-04-14T00:31:05+08:00
arxiv:2404.05221,weitianxin__awesome-agentic-reasoning,srcitem:0055b96ef60a,Agentic_Reasoning_Foundational_Agentic_Reasoning_Planning_Reasoning_In_context_Planning_Workflow_Design,collect_log:auto,collect_log:auto,active,2026-04-14T00:28:26+08:00,2026-04-14T00:31:05+08:00
arxiv:2404.05902,weitianxin__awesome-agentic-reasoning,srcitem:90c2eb975de8,Agentic_Reasoning_Foundational_Agentic_Reasoning_Planning_Reasoning_In_context_Planning_Workflow_Design,collect_log:auto,collect_log:auto,active,2026-04-14T00:28:26+08:00,2026-04-14T00:31:05+08:00
arxiv:2404.05955,weitianxin__awesome-agentic-reasoning,srcitem:46013f53c8ad,Agentic_Reasoning_Benchmarks_Applications_of_Agentic_Reasoning_Web_Agents,collect_log:auto,collect_log:auto,active,2026-04-14T00:28:26+08:00,2026-04-14T00:31:05+08:00
arxiv:2404.07972,weitianxin__awesome-agentic-reasoning,srcitem:57d3fb13374d,Agentic_Reasoning_Benchmarks_Applications_of_Agentic_Reasoning_Embodied_Agents,collect_log:auto,collect_log:auto,active,2026-04-14T00:28:26+08:00,2026-04-14T00:31:05+08:00
arxiv:2404.09982,weitianxin__awesome-agentic-reasoning,srcitem:155157559e71,Agentic_Reasoning_Collective_Multi_agent_Reasoning_Multi_Agent_Memory_and_Evolution_Multi_agent_Memory_Management_for_Evolution,collect_log:auto,collect_log:auto,active,2026-04-14T00:28:26+08:00,2026-04-14T00:31:05+08:00
arxiv:2404.10775,weitianxin__awesome-agentic-reasoning,srcitem:8a83d41d602c,Agentic_Reasoning_Applications_Embodied_Agents_Collective_multi_agent_reasoning,collect_log:auto,collect_log:auto,active,2026-04-14T00:28:26+08:00,2026-04-14T00:31:05+08:00
arxiv:2404.11699,weitianxin__awesome-agentic-reasoning,srcitem:a964f11c0a12,Agentic_Reasoning_Applications_Embodied_Agents_Foundational_Agentic_Reasoning,collect_log:auto,collect_log:auto,active,2026-04-14T00:28:26+08:00,2026-04-14T00:31:05+08:00
arxiv:2404.11833,weitianxin__awesome-agentic-reasoning,srcitem:7d3a5db06f1e,Agentic_Reasoning_Foundational_Agentic_Reasoning_Planning_Reasoning_In_context_Planning_Process_Formalization,collect_log:auto,collect_log:auto,active,2026-04-14T00:28:26+08:00,2026-04-14T00:31:05+08:00
arxiv:2404.13050,weitianxin__awesome-agentic-reasoning,srcitem:d6e58663f63a,Agentic_Reasoning_Self_evolving_Agentic_Reasoning_Agentic_Memory_Structured_Use_of_Memory,collect_log:auto,collect_log:auto,active,2026-04-14T00:28:26+08:00,2026-04-14T00:31:05+08:00
arxiv:2404.14777,weitianxin__awesome-agentic-reasoning,srcitem:bf453c6c9259,Agentic_Reasoning_Applications_Healthcare_Medicine_Agents_Foundational_agentic_reasoning,collect_log:auto,collect_log:auto,active,2026-04-14T00:28:26+08:00,2026-04-14T00:31:05+08:00
arxiv:2404.15155,weitianxin__awesome-agentic-reasoning,srcitem:a6475b613f86,Agentic_Reasoning_Applications_Healthcare_Medicine_Agents_Collective_multi_agent_reasoning,collect_log:auto,collect_log:auto,active,2026-04-14T00:28:26+08:00,2026-04-14T00:31:05+08:00
arxiv:2404.16130,weitianxin__awesome-agentic-reasoning,srcitem:da104ce1514e,Agentic_Reasoning_Self_evolving_Agentic_Reasoning_Agentic_Memory_Structured_Use_of_Memory,collect_log:auto,collect_log:auto,active,2026-04-14T00:28:26+08:00,2026-04-14T00:31:05+08:00
arxiv:2404.18021,weitianxin__awesome-agentic-reasoning,srcitem:d9ea523b1bc4,Agentic_Reasoning_Applications_Scientific_Discovery_Agents_Foundational_Agentic_Reasoning,collect_log:auto,collect_log:auto,active,2026-04-14T00:28:26+08:00,2026-04-14T00:31:05+08:00
arxiv:2405.00451,weitianxin__awesome-agentic-reasoning,srcitem:89b4f3b63919,Agentic_Reasoning_Foundational_Agentic_Reasoning_Planning_Reasoning_In_context_Planning_Tree_Search_Algorithm_Simulation,collect_log:auto,collect_log:auto,active,2026-04-14T00:28:26+08:00,2026-04-14T00:31:05+08:00
arxiv:2405.00461,weitianxin__awesome-agentic-reasoning,srcitem:265907dd2672,Agentic_Reasoning_Applications_Healthcare_Medicine_Agents_Foundational_agentic_reasoning,collect_log:auto,collect_log:auto,active,2026-04-14T00:28:26+08:00,2026-04-14T00:31:05+08:00
arxiv:2405.00516,weitianxin__awesome-agentic-reasoning,srcitem:db714a7fc5d6,Agentic_Reasoning_Applications_Autonomous_Web_Exploration_Research_Agents_Foundational_agentic_reasoning,collect_log:auto,collect_log:auto,active,2026-04-14T00:28:26+08:00,2026-04-14T00:31:05+08:00
arxiv:2405.00972,weitianxin__awesome-agentic-reasoning,srcitem:e85900a4945c,Agentic_Reasoning_Applications_Scientific_Discovery_Agents_Foundational_Agentic_Reasoning,collect_log:auto,collect_log:auto,active,2026-04-14T00:28:26+08:00,2026-04-14T00:31:05+08:00
arxiv:2405.07960,weitianxin__awesome-agentic-reasoning,srcitem:d4cade888c30,Agentic_Reasoning_Benchmarks_Applications_of_Agentic_Reasoning_Medical_and_Clinical_Agents,collect_log:auto,collect_log:auto,active,2026-04-14T00:28:26+08:00,2026-04-14T00:31:05+08:00
arxiv:2405.08550,weitianxin__awesome-agentic-reasoning,srcitem:66a35868e9db,Agentic_Reasoning_Collective_Multi_agent_Reasoning_Collaboration_and_Division_of_Labor_Post_training_Collaboration_Graph_based_Topology_Generation,collect_log:auto,collect_log:auto,active,2026-04-14T00:28:26+08:00,2026-04-14T00:31:05+08:00
arxiv:2405.09783,weitianxin__awesome-agentic-reasoning,srcitem:21a2dee64ef4,Agentic_Reasoning_Applications_Scientific_Discovery_Agents_Foundational_Agentic_Reasoning,collect_log:auto,collect_log:auto,active,2026-04-14T00:28:26+08:00,2026-04-14T00:31:05+08:00
arxiv:2405.11403,weitianxin__awesome-agentic-reasoning,srcitem:b776ddec2f96,Agentic_Reasoning_Applications_Math_Exploration_Vibe_Coding_Agents_Collective_Multi_agent_Reasoning,collect_log:auto,collect_log:auto,active,2026-04-14T00:28:26+08:00,2026-04-14T00:31:05+08:00
arxiv:2405.14205,weitianxin__awesome-agentic-reasoning,srcitem:2c505b0e1f67,Agentic_Reasoning_Foundational_Agentic_Reasoning_Planning_Reasoning_In_context_Planning_External_Aid_Tool_Use,collect_log:auto,collect_log:auto,active,2026-04-14T00:28:26+08:00,2026-04-14T00:31:05+08:00
arxiv:2405.14314,weitianxin__awesome-agentic-reasoning,srcitem:c74afc8790a1,Agentic_Reasoning_Applications_Embodied_Agents_Self_evolving_Agentic_Reasoning,collect_log:auto,collect_log:auto,active,2026-04-14T00:28:26+08:00,2026-04-14T00:31:05+08:00
arxiv:2405.17372,weitianxin__awesome-agentic-reasoning,srcitem:3ec2e7925289,Agentic_Reasoning_Foundational_Agentic_Reasoning_Planning_Reasoning_In_context_Planning_External_Aid_Tool_Use,collect_log:auto,collect_log:auto,active,2026-04-14T00:28:26+08:00,2026-04-14T00:31:05+08:00
arxiv:2405.17631,weitianxin__awesome-agentic-reasoning,srcitem:3db93c822adc,Agentic_Reasoning_Applications_Scientific_Discovery_Agents_Foundational_Agentic_Reasoning,collect_log:auto,collect_log:auto,active,2026-04-14T00:28:26+08:00,2026-04-14T00:31:05+08:00
arxiv:2406.01014,weitianxin__awesome-agentic-reasoning,srcitem:af9313c5d8f3,Agentic_Reasoning_Applications_Autonomous_Web_Exploration_Research_Agents_Collective_multi_agent_reasoning,collect_log:auto,collect_log:auto,active,2026-04-14T00:28:26+08:00,2026-04-14T00:31:05+08:00
arxiv:2406.01495,weitianxin__awesome-agentic-reasoning,srcitem:4e09bb28be4e,Agentic_Reasoning_Self_evolving_Agentic_Reasoning_Agentic_Feedback_Mechanisms_Parametric_Adaptation,collect_log:auto,collect_log:auto,active,2026-04-14T00:28:26+08:00,2026-04-14T00:31:05+08:00
arxiv:2406.01587,weitianxin__awesome-agentic-reasoning,srcitem:a69b26b869fa,Agentic_Reasoning_Foundational_Agentic_Reasoning_Planning_Reasoning_In_context_Planning_Decoupling_Decomposition,collect_log:auto,collect_log:auto,active,2026-04-14T00:28:26+08:00,2026-04-14T00:31:05+08:00
arxiv:2406.03807,weitianxin__awesome-agentic-reasoning,srcitem:078460fc1ad3,Agentic_Reasoning_Foundational_Agentic_Reasoning_Planning_Reasoning_In_context_Planning_External_Aid_Tool_Use,collect_log:auto,collect_log:auto,active,2026-04-14T00:28:26+08:00,2026-04-14T00:31:05+08:00
arxiv:2406.04046,weitianxin__awesome-agentic-reasoning,srcitem:c052fdd0f488,Agentic_Reasoning_Benchmarks_Applications_of_Agentic_Reasoning_General_Tool_Use_Agents,collect_log:auto,collect_log:auto,active,2026-04-14T00:28:26+08:00,2026-04-14T00:31:05+08:00
arxiv:2406.06769,weitianxin__awesome-agentic-reasoning,srcitem:04078e383b02,Agentic_Reasoning_Benchmarks_Applications_of_Agentic_Reasoning_Scientific_Discovery_Agents,collect_log:auto,collect_log:auto,active,2026-04-14T00:28:26+08:00,2026-04-14T00:31:05+08:00
arxiv:2406.07496,weitianxin__awesome-agentic-reasoning,srcitem:48511e2f253b,Agentic_Reasoning_Collective_Multi_agent_Reasoning_Multi_Agent_Memory_and_Evolution_From_Single_Agent_Evolution_to_Multi_Agent_Evolution_Multi_agent_Evolution,collect_log:auto,collect_log:auto,active,2026-04-14T00:28:26+08:00,2026-04-14T00:31:05+08:00
arxiv:2406.07496,weitianxin__awesome-agentic-reasoning,srcitem:cf9d88cf4c59,Agentic_Reasoning_Self_evolving_Agentic_Reasoning_Evolving_Foundational_Agentic_Capabilities_Self_evolving_Planning,collect_log:auto,collect_log:auto,active,2026-04-14T00:28:26+08:00,2026-04-14T00:31:05+08:00
arxiv:2406.09187,weitianxin__awesome-agentic-reasoning,srcitem:be89a22f763b,Agentic_Reasoning_Benchmarks_Applications_of_Agentic_Reasoning_Medical_and_Clinical_Agents,collect_log:auto,collect_log:auto,active,2026-04-14T00:28:26+08:00,2026-04-14T00:31:05+08:00
arxiv:2406.12276,weitianxin__awesome-agentic-reasoning,srcitem:a7e84e788024,Agentic_Reasoning_Foundational_Agentic_Reasoning_Planning_Reasoning_In_context_Planning_Workflow_Design,collect_log:auto,collect_log:auto,active,2026-04-14T00:28:26+08:00,2026-04-14T00:31:05+08:00
arxiv:2406.12373,weitianxin__awesome-agentic-reasoning,srcitem:3cb640aafc1e,Agentic_Reasoning_Benchmarks_Applications_of_Agentic_Reasoning_Web_Agents,collect_log:auto,collect_log:auto,active,2026-04-14T00:28:26+08:00,2026-04-14T00:31:05+08:00
arxiv:2406.13163,weitianxin__awesome-agentic-reasoning,srcitem:9057eb04d24f,Agentic_Reasoning_Applications_Scientific_Discovery_Agents_Self_evolving_Agentic_Reasoning,collect_log:auto,collect_log:auto,active,2026-04-14T00:28:26+08:00,2026-04-14T00:31:05+08:00
arxiv:2406.14283,weitianxin__awesome-agentic-reasoning,srcitem:77e738934f4e,Agentic_Reasoning_Foundational_Agentic_Reasoning_Planning_Reasoning_In_context_Planning_Tree_Search_Algorithm_Simulation,collect_log:auto,collect_log:auto,active,2026-04-14T00:28:26+08:00,2026-04-14T00:31:05+08:00
arxiv:2406.14596,weitianxin__awesome-agentic-reasoning,srcitem:9a01c84cf09b,Agentic_Reasoning_Applications_Autonomous_Web_Exploration_Research_Agents_Self_evolving_agentic_reasoning,collect_log:auto,collect_log:auto,active,2026-04-14T00:28:26+08:00,2026-04-14T00:31:05+08:00
arxiv:2406.14884,weitianxin__awesome-agentic-reasoning,srcitem:b66cde58c47a,Agentic_Reasoning_Benchmarks_Core_Mechanisms_of_Agentic_Reasoning_Memory_and_Planning_Planning_and_Feedback,collect_log:auto,collect_log:auto,active,2026-04-14T00:28:26+08:00,2026-04-14T00:31:05+08:00
arxiv:2407.01476,weitianxin__awesome-agentic-reasoning,srcitem:a5e42ee0ba4d,Agentic_Reasoning_Foundational_Agentic_Reasoning_Planning_Reasoning_In_context_Planning_Tree_Search_Algorithm_Simulation,collect_log:auto,collect_log:auto,active,2026-04-14T00:28:26+08:00,2026-04-14T00:31:05+08:00
arxiv:2407.02511,weitianxin__awesome-agentic-reasoning,srcitem:b1e1e0abbecd,Agentic_Reasoning_Foundational_Agentic_Reasoning_Planning_Reasoning_In_context_Planning_Tree_Search_Algorithm_Simulation,collect_log:auto,collect_log:auto,active,2026-04-14T00:28:26+08:00,2026-04-14T00:31:05+08:00
arxiv:2407.03913,weitianxin__awesome-agentic-reasoning,srcitem:411ec4a5bf27,Agentic_Reasoning_Applications_Autonomous_Web_Exploration_Research_Agents_Foundational_agentic_reasoning,collect_log:auto,collect_log:auto,active,2026-04-14T00:28:26+08:00,2026-04-14T00:31:05+08:00
arxiv:2407.03913,weitianxin__awesome-agentic-reasoning,srcitem:c9e2a220d489,Agentic_Reasoning_Applications_Autonomous_Web_Exploration_Research_Agents_Collective_multi_agent_reasoning,collect_log:auto,collect_log:auto,active,2026-04-14T00:28:26+08:00,2026-04-14T00:31:05+08:00
arxiv:2407.04078,weitianxin__awesome-agentic-reasoning,srcitem:a90a26ad2bf2,Agentic_Reasoning_Applications_Math_Exploration_Vibe_Coding_Agents_Foundational_Agentic_Reasoning,collect_log:auto,collect_log:auto,active,2026-04-14T00:28:26+08:00,2026-04-14T00:31:05+08:00
arxiv:2407.05291,weitianxin__awesome-agentic-reasoning,srcitem:58ad08758bb5,Agentic_Reasoning_Benchmarks_Applications_of_Agentic_Reasoning_Autonomous_Research_Agents,collect_log:auto,collect_log:auto,active,2026-04-14T00:28:26+08:00,2026-04-14T00:31:05+08:00
arxiv:2407.07086,weitianxin__awesome-agentic-reasoning,srcitem:3097170d35aa,Agentic_Reasoning_Collective_Multi_agent_Reasoning_Collaboration_and_Division_of_Labor_In_context_Collaboration_Theory_of_Mind_Augmented_Collaboration,collect_log:auto,collect_log:auto,active,2026-04-14T00:28:26+08:00,2026-04-14T00:31:05+08:00
arxiv:2407.08693,weitianxin__awesome-agentic-reasoning,srcitem:aa3441f0ff2a,Agentic_Reasoning_Applications_Embodied_Agents_Foundational_Agentic_Reasoning,collect_log:auto,collect_log:auto,active,2026-04-14T00:28:26+08:00,2026-04-14T00:31:05+08:00
arxiv:2407.08713,weitianxin__awesome-agentic-reasoning,srcitem:af239261abaa,Agentic_Reasoning_Benchmarks_Core_Mechanisms_of_Agentic_Reasoning_Tool_Use_Single_Turn_Tool_Use,collect_log:auto,collect_log:auto,active,2026-04-14T00:28:26+08:00,2026-04-14T00:31:05+08:00
arxiv:2407.10022,weitianxin__awesome-agentic-reasoning,srcitem:3979e72000f3,Agentic_Reasoning_Applications_Scientific_Discovery_Agents_Foundational_Agentic_Reasoning,collect_log:auto,collect_log:auto,active,2026-04-14T00:28:26+08:00,2026-04-14T00:31:05+08:00
arxiv:2407.10031,weitianxin__awesome-agentic-reasoning,srcitem:2da9dbdf8a6e,Agentic_Reasoning_Foundational_Agentic_Reasoning_Planning_Reasoning_In_context_Planning_Decoupling_Decomposition,collect_log:auto,collect_log:auto,active,2026-04-14T00:28:26+08:00,2026-04-14T00:31:05+08:00
arxiv:2407.10362,weitianxin__awesome-agentic-reasoning,srcitem:263ebc5c00cd,Agentic_Reasoning_Benchmarks_Applications_of_Agentic_Reasoning_Scientific_Discovery_Agents,collect_log:auto,collect_log:auto,active,2026-04-14T00:28:26+08:00,2026-04-14T00:31:05+08:00
arxiv:2407.12821,weitianxin__awesome-agentic-reasoning,srcitem:d39d7d2bfbee,Agentic_Reasoning_Self_evolving_Agentic_Reasoning_Agentic_Memory_Structured_Use_of_Memory,collect_log:auto,collect_log:auto,active,2026-04-14T00:28:26+08:00,2026-04-14T00:31:05+08:00
arxiv:2407.12979,weitianxin__awesome-agentic-reasoning,srcitem:353c18aecf9a,Agentic_Reasoning_Foundational_Agentic_Reasoning_Planning_Reasoning_In_context_Planning_Process_Formalization,collect_log:auto,collect_log:auto,active,2026-04-14T00:28:26+08:00,2026-04-14T00:31:05+08:00
arxiv:2407.13032,weitianxin__awesome-agentic-reasoning,srcitem:e03d0b5fdce1,Agentic_Reasoning_Foundational_Agentic_Reasoning_Planning_Reasoning_In_context_Planning_Tree_Search_Algorithm_Simulation,collect_log:auto,collect_log:auto,active,2026-04-14T00:28:26+08:00,2026-04-14T00:31:05+08:00
arxiv:2407.14414,weitianxin__awesome-agentic-reasoning,srcitem:411370bef759,Agentic_Reasoning_Foundational_Agentic_Reasoning_Planning_Reasoning_In_context_Planning_Tree_Search_Algorithm_Simulation,collect_log:auto,collect_log:auto,active,2026-04-14T00:28:26+08:00,2026-04-14T00:31:05+08:00
arxiv:2407.18901,weitianxin__awesome-agentic-reasoning,srcitem:1824e978cf4b,Agentic_Reasoning_Benchmarks_Applications_of_Agentic_Reasoning_Web_Agents,collect_log:auto,collect_log:auto,active,2026-04-14T00:28:26+08:00,2026-04-14T00:31:05+08:00
arxiv:2407.19056,weitianxin__awesome-agentic-reasoning,srcitem:39f1cfb42e47,Agentic_Reasoning_Benchmarks_Applications_of_Agentic_Reasoning_Autonomous_Research_Agents,collect_log:auto,collect_log:auto,active,2026-04-14T00:28:26+08:00,2026-04-14T00:31:05+08:00
arxiv:2408.00764,weitianxin__awesome-agentic-reasoning,srcitem:4f75dfb99517,Agentic_Reasoning_Self_evolving_Agentic_Reasoning_Evolving_Foundational_Agentic_Capabilities_Self_evolving_Planning,collect_log:auto,collect_log:auto,active,2026-04-14T00:28:26+08:00,2026-04-14T00:31:05+08:00
arxiv:2408.03615,weitianxin__awesome-agentic-reasoning,srcitem:689107af300c,Agentic_Reasoning_Applications_Embodied_Agents_Self_evolving_Agentic_Reasoning,collect_log:auto,collect_log:auto,active,2026-04-14T00:28:26+08:00,2026-04-14T00:31:05+08:00
arxiv:2408.03615,weitianxin__awesome-agentic-reasoning,srcitem:87a53307dde5,Agentic_Reasoning_Self_evolving_Agentic_Reasoning_Agentic_Memory_Structured_Use_of_Memory,collect_log:auto,collect_log:auto,active,2026-04-14T00:28:26+08:00,2026-04-14T00:31:05+08:00
arxiv:2408.06292,weitianxin__awesome-agentic-reasoning,srcitem:4cd86423d6b3,Agentic_Reasoning_Applications_Autonomous_Web_Exploration_Research_Agents_Foundational_agentic_reasoning,collect_log:auto,collect_log:auto,active,2026-04-14T00:28:26+08:00,2026-04-14T00:31:05+08:00
arxiv:2408.07199,weitianxin__awesome-agentic-reasoning,srcitem:07971ddbb4b3,Agentic_Reasoning_Foundational_Agentic_Reasoning_Planning_Reasoning_In_context_Planning_Tree_Search_Algorithm_Simulation,collect_log:auto,collect_log:auto,active,2026-04-14T00:28:26+08:00,2026-04-14T00:31:05+08:00
arxiv:2408.08927,weitianxin__awesome-agentic-reasoning,srcitem:04b9c9e83fc4,Agentic_Reasoning_Applications_Math_Exploration_Vibe_Coding_Agents_Foundational_Agentic_Reasoning,collect_log:auto,collect_log:auto,active,2026-04-14T00:28:26+08:00,2026-04-14T00:31:05+08:00
arxiv:2408.13378,weitianxin__awesome-agentic-reasoning,srcitem:28c7d2ac549c,Agentic_Reasoning_Applications_Scientific_Discovery_Agents_Foundational_Agentic_Reasoning,collect_log:auto,collect_log:auto,active,2026-04-14T00:28:26+08:00,2026-04-14T00:31:05+08:00
arxiv:2408.14033,weitianxin__awesome-agentic-reasoning,srcitem:4fac41f8bddb,Agentic_Reasoning_Applications_Autonomous_Web_Exploration_Research_Agents_Foundational_agentic_reasoning,collect_log:auto,collect_log:auto,active,2026-04-14T00:28:26+08:00,2026-04-14T00:31:05+08:00
arxiv:2408.15971,weitianxin__awesome-agentic-reasoning,srcitem:1297388076ec,Agentic_Reasoning_Benchmarks_Core_Mechanisms_of_Agentic_Reasoning_Language_Communication_and_Social_Reasoning,collect_log:auto,collect_log:auto,active,2026-04-14T00:28:26+08:00,2026-04-14T00:31:05+08:00
arxiv:2408.15978,weitianxin__awesome-agentic-reasoning,srcitem:5cbfb0304f31,Agentic_Reasoning_Applications_Autonomous_Web_Exploration_Research_Agents_Collective_multi_agent_reasoning,collect_log:auto,collect_log:auto,active,2026-04-14T00:28:26+08:00,2026-04-14T00:31:05+08:00
arxiv:2408.16673,weitianxin__awesome-agentic-reasoning,srcitem:3ab8ab8957f5,Agentic_Reasoning_Foundational_Agentic_Reasoning_Tool_Use_Optimization_Post_training_Tool_Integration_Bootstrapping_of_Tool_Use_via_SFT,collect_log:auto,collect_log:auto,active,2026-04-14T00:28:26+08:00,2026-04-14T00:31:05+08:00
arxiv:2409.00135,weitianxin__awesome-agentic-reasoning,srcitem:a5d4d510c7df,Agentic_Reasoning_Applications_Scientific_Discovery_Agents_Foundational_Agentic_Reasoning,collect_log:auto,collect_log:auto,active,2026-04-14T00:28:26+08:00,2026-04-14T00:31:05+08:00
arxiv:2409.00717,weitianxin__awesome-agentic-reasoning,srcitem:441dff9a8eae,Agentic_Reasoning_Collective_Multi_agent_Reasoning_Multi_Agent_Memory_and_Evolution_Training_Multi_agent_to_Evolve,collect_log:auto,collect_log:auto,active,2026-04-14T00:28:26+08:00,2026-04-14T00:31:05+08:00
arxiv:2409.03797,weitianxin__awesome-agentic-reasoning,srcitem:ca3263851648,Agentic_Reasoning_Benchmarks_Applications_of_Agentic_Reasoning_General_Tool_Use_Agents,collect_log:auto,collect_log:auto,active,2026-04-14T00:28:26+08:00,2026-04-14T00:31:05+08:00
arxiv:2409.05001,weitianxin__awesome-agentic-reasoning,srcitem:bdab1ae47b3e,Agentic_Reasoning_Applications_Math_Exploration_Vibe_Coding_Agents_Collective_Multi_agent_Reasoning,collect_log:auto,collect_log:auto,active,2026-04-14T00:28:26+08:00,2026-04-14T00:31:05+08:00
arxiv:2409.07429,weitianxin__awesome-agentic-reasoning,srcitem:62b1cafc9853,Agentic_Reasoning_Self_evolving_Agentic_Reasoning_Agentic_Memory_Agentic_Use_of_Flat_Memory_Experience_Memory,collect_log:auto,collect_log:auto,active,2026-04-14T00:28:26+08:00,2026-04-14T00:31:05+08:00
arxiv:2409.09916,weitianxin__awesome-agentic-reasoning,srcitem:4fb5f60e6ef4,Agentic_Reasoning_Foundational_Agentic_Reasoning_Agentic_Search_Post_Training_Search_SFT_Based_Agentic_Search,collect_log:auto,collect_log:auto,active,2026-04-14T00:28:26+08:00,2026-04-14T00:31:05+08:00
arxiv:2409.10737,weitianxin__awesome-agentic-reasoning,srcitem:333763cd768c,Agentic_Reasoning_Applications_Math_Exploration_Vibe_Coding_Agents_Collective_Multi_agent_Reasoning,collect_log:auto,collect_log:auto,active,2026-04-14T00:28:26+08:00,2026-04-14T00:31:05+08:00
arxiv:2409.12917,weitianxin__awesome-agentic-reasoning,srcitem:beb2f960452f,Agentic_Reasoning_Self_evolving_Agentic_Reasoning_Evolving_Foundational_Agentic_Capabilities_Self_evolving_Planning,collect_log:auto,collect_log:auto,active,2026-04-14T00:28:26+08:00,2026-04-14T00:31:05+08:00
arxiv:2409.13682,weitianxin__awesome-agentic-reasoning,srcitem:09441d12f224,Agentic_Reasoning_Applications_Embodied_Agents_Foundational_Agentic_Reasoning,collect_log:auto,collect_log:auto,active,2026-04-14T00:28:26+08:00,2026-04-14T00:31:05+08:00
arxiv:2409.13740,weitianxin__awesome-agentic-reasoning,srcitem:0b59ea36b43c,Agentic_Reasoning_Applications_Scientific_Discovery_Agents_Foundational_Agentic_Reasoning,collect_log:auto,collect_log:auto,active,2026-04-14T00:28:26+08:00,2026-04-14T00:31:05+08:00
arxiv:2409.14634,weitianxin__awesome-agentic-reasoning,srcitem:add975ac9f2b,Agentic_Reasoning_Applications_Autonomous_Web_Exploration_Research_Agents_Foundational_agentic_reasoning,collect_log:auto,collect_log:auto,active,2026-04-14T00:28:26+08:00,2026-04-14T00:31:05+08:00
arxiv:2409.14826,weitianxin__awesome-agentic-reasoning,srcitem:324a36d97d52,Agentic_Reasoning_Foundational_Agentic_Reasoning_Tool_Use_Optimization_Orchestration_based_Tool_Integration_Agentic_Pipelines_for_Tool_Orchestration,collect_log:auto,collect_log:auto,active,2026-04-14T00:28:26+08:00,2026-04-14T00:31:05+08:00
arxiv:2409.18924,weitianxin__awesome-agentic-reasoning,srcitem:b3fbc4e0586f,Agentic_Reasoning_Applications_Healthcare_Medicine_Agents_Foundational_agentic_reasoning,collect_log:auto,collect_log:auto,active,2026-04-14T00:28:26+08:00,2026-04-14T00:31:05+08:00
arxiv:2409.20163,weitianxin__awesome-agentic-reasoning,srcitem:71293ac43de6,Agentic_Reasoning_Benchmarks_Core_Mechanisms_of_Agentic_Reasoning_Memory_and_Planning_Multi_session_Recall,collect_log:auto,collect_log:auto,active,2026-04-14T00:28:26+08:00,2026-04-14T00:31:05+08:00
arxiv:2410.02189,weitianxin__awesome-agentic-reasoning,srcitem:c6363ffeeba4,Agentic_Reasoning_Foundational_Agentic_Reasoning_Planning_Reasoning_In_context_Planning_Decoupling_Decomposition,collect_log:auto,collect_log:auto,active,2026-04-14T00:28:26+08:00,2026-04-14T00:31:05+08:00
arxiv:2410.02506,weitianxin__awesome-agentic-reasoning,srcitem:9edf1d0aedf3,Agentic_Reasoning_Collective_Multi_agent_Reasoning_Collaboration_and_Division_of_Labor_Post_training_Collaboration_Graph_based_Topology_Generation,collect_log:auto,collect_log:auto,active,2026-04-14T00:28:26+08:00,2026-04-14T00:31:05+08:00
arxiv:2410.02958,weitianxin__awesome-agentic-reasoning,srcitem:f9bf851f92f0,Agentic_Reasoning_Collective_Multi_agent_Reasoning_Collaboration_and_Division_of_Labor_In_context_Collaboration_LLM_Driven_Pipelines,collect_log:auto,collect_log:auto,active,2026-04-14T00:28:26+08:00,2026-04-14T00:31:05+08:00
arxiv:2410.03439,weitianxin__awesome-agentic-reasoning,srcitem:c5b236614c32,Agentic_Reasoning_Applications_Math_Exploration_Vibe_Coding_Agents_Foundational_Agentic_Reasoning,collect_log:auto,collect_log:auto,active,2026-04-14T00:28:26+08:00,2026-04-14T00:31:05+08:00
arxiv:2410.03450,weitianxin__awesome-agentic-reasoning,srcitem:c40edf02184f,Agentic_Reasoning_Applications_Embodied_Agents_Foundational_Agentic_Reasoning,collect_log:auto,collect_log:auto,active,2026-04-14T00:28:26+08:00,2026-04-14T00:31:05+08:00
arxiv:2410.05080,weitianxin__awesome-agentic-reasoning,srcitem:4a49fe47b493,Agentic_Reasoning_Benchmarks_Applications_of_Agentic_Reasoning_Scientific_Discovery_Agents,collect_log:auto,collect_log:auto,active,2026-04-14T00:28:26+08:00,2026-04-14T00:31:05+08:00
arxiv:2410.05559,weitianxin__awesome-agentic-reasoning,srcitem:1f0ffe5f3539,Agentic_Reasoning_Foundational_Agentic_Reasoning_Tool_Use_Optimization_Post_training_Tool_Integration_Bootstrapping_of_Tool_Use_via_SFT,collect_log:auto,collect_log:auto,active,2026-04-14T00:28:26+08:00,2026-04-14T00:31:05+08:00
arxiv:2410.05669,weitianxin__awesome-agentic-reasoning,srcitem:6347a981f3b0,Agentic_Reasoning_Benchmarks_Core_Mechanisms_of_Agentic_Reasoning_Memory_and_Planning_Planning_and_Feedback,collect_log:auto,collect_log:auto,active,2026-04-14T00:28:26+08:00,2026-04-14T00:31:05+08:00
arxiv:2410.07553,weitianxin__awesome-agentic-reasoning,srcitem:a3055f7f1fff,Agentic_Reasoning_Benchmarks_Core_Mechanisms_of_Agentic_Reasoning_Language_Communication_and_Social_Reasoning,collect_log:auto,collect_log:auto,active,2026-04-14T00:28:26+08:00,2026-04-14T00:31:05+08:00
arxiv:2410.08164,weitianxin__awesome-agentic-reasoning,srcitem:3f0b9c0e4aaa,Agentic_Reasoning_Foundational_Agentic_Reasoning_Planning_Reasoning_In_context_Planning_Tree_Search_Algorithm_Simulation,collect_log:auto,collect_log:auto,active,2026-04-14T00:28:26+08:00,2026-04-14T00:31:05+08:00
arxiv:2410.08397,weitianxin__awesome-agentic-reasoning,srcitem:a5c18b9eb376,Agentic_Reasoning_Applications_Healthcare_Medicine_Agents_Foundational_agentic_reasoning,collect_log:auto,collect_log:auto,active,2026-04-14T00:28:26+08:00,2026-04-14T00:31:05+08:00
arxiv:2410.10020,weitianxin__awesome-agentic-reasoning,srcitem:35b529277c61,Agentic_Reasoning_Applications_Healthcare_Medicine_Agents_Foundational_agentic_reasoning,collect_log:auto,collect_log:auto,active,2026-04-14T00:28:26+08:00,2026-04-14T00:31:05+08:00
arxiv:2410.10762,weitianxin__awesome-agentic-reasoning,srcitem:f8ee880d6d94,Agentic_Reasoning_Self_evolving_Agentic_Reasoning_Agentic_Memory_Structured_Use_of_Memory,collect_log:auto,collect_log:auto,active,2026-04-14T00:28:26+08:00,2026-04-14T00:31:05+08:00
arxiv:2410.10813,weitianxin__awesome-agentic-reasoning,srcitem:c6cea7d5676f,Agentic_Reasoning_Self_evolving_Agentic_Reasoning_Agentic_Memory_Agentic_Use_of_Flat_Memory_Factual_Memory,collect_log:auto,collect_log:auto,active,2026-04-14T00:28:26+08:00,2026-04-14T00:31:05+08:00
arxiv:2410.10934,weitianxin__awesome-agentic-reasoning,srcitem:8e7149254b88,Agentic_Reasoning_Benchmarks_Applications_of_Agentic_Reasoning_Autonomous_Research_Agents,collect_log:auto,collect_log:auto,active,2026-04-14T00:28:26+08:00,2026-04-14T00:31:05+08:00
arxiv:2410.11782,weitianxin__awesome-agentic-reasoning,srcitem:6811c0fff13b,Agentic_Reasoning_Collective_Multi_agent_Reasoning_Collaboration_and_Division_of_Labor_Post_training_Collaboration_Graph_based_Topology_Generation,collect_log:auto,collect_log:auto,active,2026-04-14T00:28:26+08:00,2026-04-14T00:31:05+08:00
arxiv:2410.12112,weitianxin__awesome-agentic-reasoning,srcitem:5a943ca144f5,Agentic_Reasoning_Foundational_Agentic_Reasoning_Planning_Reasoning_In_context_Planning_Process_Formalization,collect_log:auto,collect_log:auto,active,2026-04-14T00:28:26+08:00,2026-04-14T00:31:05+08:00
arxiv:2410.13185,weitianxin__awesome-agentic-reasoning,srcitem:637fd761fba2,Agentic_Reasoning_Applications_Autonomous_Web_Exploration_Research_Agents_Foundational_agentic_reasoning,collect_log:auto,collect_log:auto,active,2026-04-14T00:28:26+08:00,2026-04-14T00:31:05+08:00
arxiv:2410.13610,weitianxin__awesome-agentic-reasoning,srcitem:6b5bb961ab54,Agentic_Reasoning_Applications_Healthcare_Medicine_Agents_Foundational_agentic_reasoning,collect_log:auto,collect_log:auto,active,2026-04-14T00:28:26+08:00,2026-04-14T00:31:05+08:00
arxiv:2410.13757,weitianxin__awesome-agentic-reasoning,srcitem:2291925ec288,Agentic_Reasoning_Applications_Autonomous_Web_Exploration_Research_Agents_Foundational_agentic_reasoning,collect_log:auto,collect_log:auto,active,2026-04-14T00:28:26+08:00,2026-04-14T00:31:05+08:00
arxiv:2410.13825,weitianxin__awesome-agentic-reasoning,srcitem:9fcc4e744158,Agentic_Reasoning_Applications_Autonomous_Web_Exploration_Research_Agents_Self_evolving_agentic_reasoning,collect_log:auto,collect_log:auto,active,2026-04-14T00:28:26+08:00,2026-04-14T00:31:05+08:00
arxiv:2410.14052,weitianxin__awesome-agentic-reasoning,srcitem:96fec9ef6c1f,Agentic_Reasoning_Self_evolving_Agentic_Reasoning_Agentic_Memory_Structured_Use_of_Memory,collect_log:auto,collect_log:auto,active,2026-04-14T00:28:26+08:00,2026-04-14T00:31:05+08:00
arxiv:2410.14157,weitianxin__awesome-agentic-reasoning,srcitem:578459c821b9,Agentic_Reasoning_Foundational_Agentic_Reasoning_Planning_Reasoning_In_context_Planning_Decoupling_Decomposition,collect_log:auto,collect_log:auto,active,2026-04-14T00:28:26+08:00,2026-04-14T00:31:05+08:00
arxiv:2410.14684,weitianxin__awesome-agentic-reasoning,srcitem:29ca7c2da848,Agentic_Reasoning_Self_evolving_Agentic_Reasoning_Agentic_Memory_Structured_Use_of_Memory,collect_log:auto,collect_log:auto,active,2026-04-14T00:28:26+08:00,2026-04-14T00:31:05+08:00
arxiv:2410.15221,weitianxin__awesome-agentic-reasoning,srcitem:d8a9ecb403c9,Agentic_Reasoning_Benchmarks_Core_Mechanisms_of_Agentic_Reasoning_Simulation_centric_real_world_assessment,collect_log:auto,collect_log:auto,active,2026-04-14T00:28:26+08:00,2026-04-14T00:31:05+08:00
arxiv:2410.15553,weitianxin__awesome-agentic-reasoning,srcitem:33f1e4963bbc,Agentic_Reasoning_Benchmarks_Core_Mechanisms_of_Agentic_Reasoning_Memory_and_Planning_Long_Horizon_Episodic_Memory,collect_log:auto,collect_log:auto,active,2026-04-14T00:28:26+08:00,2026-04-14T00:31:05+08:00
arxiv:2410.16946,weitianxin__awesome-agentic-reasoning,srcitem:ecbeca5859f6,Agentic_Reasoning_Applications_Math_Exploration_Vibe_Coding_Agents_Collective_Multi_agent_Reasoning,collect_log:auto,collect_log:auto,active,2026-04-14T00:28:26+08:00,2026-04-14T00:31:05+08:00
arxiv:2410.17195,weitianxin__awesome-agentic-reasoning,srcitem:1734822dbbea,Agentic_Reasoning_Foundational_Agentic_Reasoning_Planning_Reasoning_Post_training_Planning,collect_log:auto,collect_log:auto,active,2026-04-14T00:28:26+08:00,2026-04-14T00:31:05+08:00
arxiv:2410.17547,weitianxin__awesome-agentic-reasoning,srcitem:85f776b2ab2d,Agentic_Reasoning_Foundational_Agentic_Reasoning_Planning_Reasoning_Post_training_Planning,collect_log:auto,collect_log:auto,active,2026-04-14T00:28:26+08:00,2026-04-14T00:31:05+08:00
arxiv:2410.18603,weitianxin__awesome-agentic-reasoning,srcitem:be12c63ff804,Agentic_Reasoning_Applications_Autonomous_Web_Exploration_Research_Agents_Foundational_agentic_reasoning,collect_log:auto,collect_log:auto,active,2026-04-14T00:28:26+08:00,2026-04-14T00:31:05+08:00
arxiv:2410.18963,weitianxin__awesome-agentic-reasoning,srcitem:a15207844a40,Agentic_Reasoning_Applications_Autonomous_Web_Exploration_Research_Agents_Foundational_agentic_reasoning,collect_log:auto,collect_log:auto,active,2026-04-14T00:28:26+08:00,2026-04-14T00:31:05+08:00
arxiv:2410.20285,weitianxin__awesome-agentic-reasoning,srcitem:8695b954621b,Agentic_Reasoning_Foundational_Agentic_Reasoning_Planning_Reasoning_In_context_Planning_Tree_Search_Algorithm_Simulation,collect_log:auto,collect_log:auto,active,2026-04-14T00:28:26+08:00,2026-04-14T00:31:05+08:00
arxiv:2410.23156,weitianxin__awesome-agentic-reasoning,srcitem:fefdc4235ba0,Agentic_Reasoning_Foundational_Agentic_Reasoning_Planning_Reasoning_In_context_Planning_Decoupling_Decomposition,collect_log:auto,collect_log:auto,active,2026-04-14T00:28:26+08:00,2026-04-14T00:31:05+08:00
arxiv:2410.23218,weitianxin__awesome-agentic-reasoning,srcitem:faaab37a31f5,Agentic_Reasoning_Applications_Autonomous_Web_Exploration_Research_Agents_Foundational_agentic_reasoning,collect_log:auto,collect_log:auto,active,2026-04-14T00:28:26+08:00,2026-04-14T00:31:05+08:00
arxiv:2410.23875,weitianxin__awesome-agentic-reasoning,srcitem:430846e50d26,Agentic_Reasoning_Foundational_Agentic_Reasoning_Planning_Reasoning_In_context_Planning_External_Aid_Tool_Use,collect_log:auto,collect_log:auto,active,2026-04-14T00:28:26+08:00,2026-04-14T00:31:05+08:00
arxiv:2411.00622,weitianxin__awesome-agentic-reasoning,srcitem:5e600c075994,Agentic_Reasoning_Applications_Math_Exploration_Vibe_Coding_Agents_Collective_Multi_agent_Reasoning,collect_log:auto,collect_log:auto,active,2026-04-14T00:28:26+08:00,2026-04-14T00:31:05+08:00
arxiv:2411.00816,weitianxin__awesome-agentic-reasoning,srcitem:7c70accdc53b,Agentic_Reasoning_Applications_Autonomous_Web_Exploration_Research_Agents_Self_evolving_agentic_reasoning,collect_log:auto,collect_log:auto,active,2026-04-14T00:28:26+08:00,2026-04-14T00:31:05+08:00
arxiv:2411.00820,weitianxin__awesome-agentic-reasoning,srcitem:ca9543f19839,Agentic_Reasoning_Applications_Autonomous_Web_Exploration_Research_Agents_Foundational_agentic_reasoning,collect_log:auto,collect_log:auto,active,2026-04-14T00:28:26+08:00,2026-04-14T00:31:05+08:00
arxiv:2411.02337,weitianxin__awesome-agentic-reasoning,srcitem:d56689597b9f,Agentic_Reasoning_Collective_Multi_agent_Reasoning_Multi_Agent_Memory_and_Evolution_From_Single_Agent_Evolution_to_Multi_Agent_Evolution_Inter_test_time_Evolution,collect_log:auto,collect_log:auto,active,2026-04-14T00:28:26+08:00,2026-04-14T00:31:05+08:00
arxiv:2411.02937,weitianxin__awesome-agentic-reasoning,srcitem:0907e0f6d788,Agentic_Reasoning_Foundational_Agentic_Reasoning_Planning_Reasoning_In_context_Planning_External_Aid_Tool_Use,collect_log:auto,collect_log:auto,active,2026-04-14T00:28:26+08:00,2026-04-14T00:31:05+08:00
arxiv:2411.03284,weitianxin__awesome-agentic-reasoning,srcitem:f9fbf06f568c,Agentic_Reasoning_Collective_Multi_agent_Reasoning_Collaboration_and_Division_of_Labor_In_context_Collaboration_Manually_Crafted_Pipelines,collect_log:auto,collect_log:auto,active,2026-04-14T00:28:26+08:00,2026-04-14T00:31:05+08:00
arxiv:2411.04329,weitianxin__awesome-agentic-reasoning,srcitem:a9df51d63452,Agentic_Reasoning_Applications_Math_Exploration_Vibe_Coding_Agents_Foundational_Agentic_Reasoning,collect_log:auto,collect_log:auto,active,2026-04-14T00:28:26+08:00,2026-04-14T00:31:05+08:00
arxiv:2411.04468,weitianxin__awesome-agentic-reasoning,srcitem:97615ab7a316,Agentic_Reasoning_Collective_Multi_agent_Reasoning_Collaboration_and_Division_of_Labor_In_context_Collaboration_LLM_Driven_Pipelines,collect_log:auto,collect_log:auto,active,2026-04-14T00:28:26+08:00,2026-04-14T00:31:05+08:00
arxiv:2411.04679,weitianxin__awesome-agentic-reasoning,srcitem:2ce505b66cda,Agentic_Reasoning_Applications_Embodied_Agents_Foundational_Agentic_Reasoning,collect_log:auto,collect_log:auto,active,2026-04-14T00:28:26+08:00,2026-04-14T00:31:05+08:00
arxiv:2411.04983,weitianxin__awesome-agentic-reasoning,srcitem:b2b7a804e52e,Agentic_Reasoning_Foundational_Agentic_Reasoning_Planning_Reasoning_In_context_Planning_External_Aid_Tool_Use,collect_log:auto,collect_log:auto,active,2026-04-14T00:28:26+08:00,2026-04-14T00:31:05+08:00
arxiv:2411.07112,weitianxin__awesome-agentic-reasoning,srcitem:c5a47bb7f178,Agentic_Reasoning_Applications_Math_Exploration_Vibe_Coding_Agents_Foundational_Agentic_Reasoning,collect_log:auto,collect_log:auto,active,2026-04-14T00:28:26+08:00,2026-04-14T00:31:05+08:00
arxiv:2411.07228,weitianxin__awesome-agentic-reasoning,srcitem:c050020bb4e4,Agentic_Reasoning_Applications_Scientific_Discovery_Agents_Foundational_Agentic_Reasoning,collect_log:auto,collect_log:auto,active,2026-04-14T00:28:26+08:00,2026-04-14T00:31:05+08:00
arxiv:2411.12977,weitianxin__awesome-agentic-reasoning,srcitem:fcc27ff15b46,Agentic_Reasoning_Collective_Multi_agent_Reasoning_Collaboration_and_Division_of_Labor_In_context_Collaboration_Theory_of_Mind_Augmented_Collaboration,collect_log:auto,collect_log:auto,active,2026-04-14T00:28:26+08:00,2026-04-14T00:31:05+08:00
arxiv:2411.13543,weitianxin__awesome-agentic-reasoning,srcitem:9d8267f64bd5,Agentic_Reasoning_Benchmarks_Applications_of_Agentic_Reasoning_Embodied_Agents,collect_log:auto,collect_log:auto,active,2026-04-14T00:28:26+08:00,2026-04-14T00:31:05+08:00
arxiv:2412.01928,weitianxin__awesome-agentic-reasoning,srcitem:14a2bf0b8b37,Agentic_Reasoning_Collective_Multi_agent_Reasoning_Multi_Agent_Memory_and_Evolution_Training_Multi_agent_to_Evolve,collect_log:auto,collect_log:auto,active,2026-04-14T00:28:26+08:00,2026-04-14T00:31:05+08:00
arxiv:2412.05255,weitianxin__awesome-agentic-reasoning,srcitem:310805b4cab8,Agentic_Reasoning_Benchmarks_Core_Mechanisms_of_Agentic_Reasoning_Multi_Agent_System_Game_based_reinforcement_learning_evaluation,collect_log:auto,collect_log:auto,active,2026-04-14T00:28:26+08:00,2026-04-14T00:31:05+08:00
arxiv:2412.08261,weitianxin__awesome-agentic-reasoning,srcitem:12c8009bb182,Agentic_Reasoning_Foundational_Agentic_Reasoning_Planning_Reasoning_In_context_Planning_External_Aid_Tool_Use,collect_log:auto,collect_log:auto,active,2026-04-14T00:28:26+08:00,2026-04-14T00:31:05+08:00
arxiv:2412.11716,weitianxin__awesome-agentic-reasoning,srcitem:d01b2f14e90d,Agentic_Reasoning_Applications_Healthcare_Medicine_Agents_Self_evolving_agentic_reasoning,collect_log:auto,collect_log:auto,active,2026-04-14T00:28:26+08:00,2026-04-14T00:31:05+08:00
arxiv:2412.11974,weitianxin__awesome-agentic-reasoning,srcitem:a602dc518987,Agentic_Reasoning_Applications_Embodied_Agents_Foundational_Agentic_Reasoning,collect_log:auto,collect_log:auto,active,2026-04-14T00:28:26+08:00,2026-04-14T00:31:05+08:00
arxiv:2412.12839,weitianxin__awesome-agentic-reasoning,srcitem:2006c1f1b9fd,Agentic_Reasoning_Foundational_Agentic_Reasoning_Planning_Reasoning_In_context_Planning_Process_Formalization,collect_log:auto,collect_log:auto,active,2026-04-14T00:28:26+08:00,2026-04-14T00:31:05+08:00
arxiv:2412.13194,weitianxin__awesome-agentic-reasoning,srcitem:2fafa583c43a,Agentic_Reasoning_Applications_Autonomous_Web_Exploration_Research_Agents_Foundational_agentic_reasoning,collect_log:auto,collect_log:auto,active,2026-04-14T00:28:26+08:00,2026-04-14T00:31:05+08:00
arxiv:2412.15305,weitianxin__awesome-agentic-reasoning,srcitem:55fca56a640d,Agentic_Reasoning_Foundational_Agentic_Reasoning_Planning_Reasoning_In_context_Planning_Tree_Search_Algorithm_Simulation,collect_log:auto,collect_log:auto,active,2026-04-14T00:28:26+08:00,2026-04-14T00:31:05+08:00
arxiv:2412.16075,weitianxin__awesome-agentic-reasoning,srcitem:530a20df0977,Agentic_Reasoning_Applications_Math_Exploration_Vibe_Coding_Agents_Foundational_Agentic_Reasoning,collect_log:auto,collect_log:auto,active,2026-04-14T00:28:26+08:00,2026-04-14T00:31:05+08:00
arxiv:2412.18431,weitianxin__awesome-agentic-reasoning,srcitem:75c69a2a28c5,Agentic_Reasoning_Foundational_Agentic_Reasoning_Agentic_Search_In_Context_Search_Structure_Enhanced_Search,collect_log:auto,collect_log:auto,active,2026-04-14T00:28:26+08:00,2026-04-14T00:31:05+08:00
arxiv:2501.00430,weitianxin__awesome-agentic-reasoning,srcitem:61963b16fc00,Agentic_Reasoning_Foundational_Agentic_Reasoning_Planning_Reasoning_In_context_Planning_Workflow_Design,collect_log:auto,collect_log:auto,active,2026-04-14T00:28:26+08:00,2026-04-14T00:31:05+08:00
arxiv:2501.03916,weitianxin__awesome-agentic-reasoning,srcitem:c4a3dfab6a90,Agentic_Reasoning_Applications_Autonomous_Web_Exploration_Research_Agents_Foundational_agentic_reasoning,collect_log:auto,collect_log:auto,active,2026-04-14T00:28:26+08:00,2026-04-14T00:31:05+08:00
arxiv:2501.04227,weitianxin__awesome-agentic-reasoning,srcitem:196571135cfc,Agentic_Reasoning_Applications_Autonomous_Web_Exploration_Research_Agents_Foundational_agentic_reasoning,collect_log:auto,collect_log:auto,active,2026-04-14T00:28:26+08:00,2026-04-14T00:31:05+08:00
arxiv:2501.04575,weitianxin__awesome-agentic-reasoning,srcitem:9bd5df164ffe,Agentic_Reasoning_Applications_Autonomous_Web_Exploration_Research_Agents_Foundational_agentic_reasoning,collect_log:auto,collect_log:auto,active,2026-04-14T00:28:26+08:00,2026-04-14T00:31:05+08:00
arxiv:2501.05366,weitianxin__awesome-agentic-reasoning,srcitem:160fbd9a6601,Agentic_Reasoning_Foundational_Agentic_Reasoning_Agentic_Search_Post_Training_Search_SFT_Based_Agentic_Search,collect_log:auto,collect_log:auto,active,2026-04-14T00:28:26+08:00,2026-04-14T00:31:05+08:00
arxiv:2501.05707,weitianxin__awesome-agentic-reasoning,srcitem:635ad1b6a945,Agentic_Reasoning_Collective_Multi_agent_Reasoning_Collaboration_and_Division_of_Labor_Post_training_Collaboration_Policy_based_Topology_Generation,collect_log:auto,collect_log:auto,active,2026-04-14T00:28:26+08:00,2026-04-14T00:31:05+08:00
arxiv:2501.06590,weitianxin__awesome-agentic-reasoning,srcitem:513da3308570,Agentic_Reasoning_Applications_Scientific_Discovery_Agents_Self_evolving_Agentic_Reasoning,collect_log:auto,collect_log:auto,active,2026-04-14T00:28:26+08:00,2026-04-14T00:31:05+08:00
arxiv:2501.07811,weitianxin__awesome-agentic-reasoning,srcitem:0f0c7ae301a5,Agentic_Reasoning_Applications_Math_Exploration_Vibe_Coding_Agents_Collective_Multi_agent_Reasoning,collect_log:auto,collect_log:auto,active,2026-04-14T00:28:26+08:00,2026-04-14T00:31:05+08:00
arxiv:2501.07813,weitianxin__awesome-agentic-reasoning,srcitem:b77da5264a84,Agentic_Reasoning_Collective_Multi_agent_Reasoning_Collaboration_and_Division_of_Labor_In_context_Collaboration_LLM_Driven_Pipelines,collect_log:auto,collect_log:auto,active,2026-04-14T00:28:26+08:00,2026-04-14T00:31:05+08:00
arxiv:2501.07861,weitianxin__awesome-agentic-reasoning,srcitem:837fb9964541,Agentic_Reasoning_Foundational_Agentic_Reasoning_Agentic_Search_Post_Training_Search_RL_Based_Agentic_Search,collect_log:auto,collect_log:auto,active,2026-04-14T00:28:26+08:00,2026-04-14T00:31:05+08:00
arxiv:2501.08944,weitianxin__awesome-agentic-reasoning,srcitem:b3fde9afda68,Agentic_Reasoning_Applications_Embodied_Agents_Foundational_Agentic_Reasoning,collect_log:auto,collect_log:auto,active,2026-04-14T00:28:26+08:00,2026-04-14T00:31:05+08:00
arxiv:2501.09766,weitianxin__awesome-agentic-reasoning,srcitem:b6ceed5fc54d,Agentic_Reasoning_Foundational_Agentic_Reasoning_Tool_Use_Optimization_Post_training_Tool_Integration_Bootstrapping_of_Tool_Use_via_SFT,collect_log:auto,collect_log:auto,active,2026-04-14T00:28:26+08:00,2026-04-14T00:31:05+08:00
arxiv:2501.11067,weitianxin__awesome-agentic-reasoning,srcitem:4563427ccd7a,Agentic_Reasoning_Benchmarks_Core_Mechanisms_of_Agentic_Reasoning_Language_Communication_and_Social_Reasoning,collect_log:auto,collect_log:auto,active,2026-04-14T00:28:26+08:00,2026-04-14T00:31:05+08:00
arxiv:2501.11733,weitianxin__awesome-agentic-reasoning,srcitem:dc1e972008ca,Agentic_Reasoning_Applications_Autonomous_Web_Exploration_Research_Agents_Self_evolving_agentic_reasoning,collect_log:auto,collect_log:auto,active,2026-04-14T00:28:26+08:00,2026-04-14T00:31:05+08:00
arxiv:2501.12599,weitianxin__awesome-agentic-reasoning,srcitem:9367a0f8aa85,Agentic_Reasoning_Foundational_Agentic_Reasoning_Tool_Use_Optimization_Post_training_Tool_Integration_Mastery_of_Tool_Use_via_RL,collect_log:auto,collect_log:auto,active,2026-04-14T00:28:26+08:00,2026-04-14T00:31:05+08:00
arxiv:2501.13072,weitianxin__awesome-agentic-reasoning,srcitem:1eba70510e17,Agentic_Reasoning_Foundational_Agentic_Reasoning_Planning_Reasoning_In_context_Planning_External_Aid_Tool_Use,collect_log:auto,collect_log:auto,active,2026-04-14T00:28:26+08:00,2026-04-14T00:31:05+08:00
arxiv:2501.13122,weitianxin__awesome-agentic-reasoning,srcitem:fe8dbc6f583c,Agentic_Reasoning_Self_evolving_Agentic_Reasoning_Agentic_Feedback_Mechanisms_Reflective_Feedback,collect_log:auto,collect_log:auto,active,2026-04-14T00:28:26+08:00,2026-04-14T00:31:05+08:00
arxiv:2501.13299,weitianxin__awesome-agentic-reasoning,srcitem:244cb7c43cf0,Agentic_Reasoning_Applications_Scientific_Discovery_Agents_Self_evolving_Agentic_Reasoning,collect_log:auto,collect_log:auto,active,2026-04-14T00:28:26+08:00,2026-04-14T00:31:05+08:00
arxiv:2501.13956,weitianxin__awesome-agentic-reasoning,srcitem:a5a0c44a7767,Agentic_Reasoning_Self_evolving_Agentic_Reasoning_Agentic_Memory_Agentic_Use_of_Flat_Memory_Factual_Memory,collect_log:auto,collect_log:auto,active,2026-04-14T00:28:26+08:00,2026-04-14T00:31:05+08:00
arxiv:2501.15355,weitianxin__awesome-agentic-reasoning,srcitem:bf04eb98295d,Agentic_Reasoning_Collective_Multi_agent_Reasoning_Collaboration_and_Division_of_Labor_In_context_Collaboration_Theory_of_Mind_Augmented_Collaboration,collect_log:auto,collect_log:auto,active,2026-04-14T00:28:26+08:00,2026-04-14T00:31:05+08:00
arxiv:2501.16692,weitianxin__awesome-agentic-reasoning,srcitem:858a5724dd42,Agentic_Reasoning_Applications_Math_Exploration_Vibe_Coding_Agents_Foundational_Agentic_Reasoning,collect_log:auto,collect_log:auto,active,2026-04-14T00:28:26+08:00,2026-04-14T00:31:05+08:00
arxiv:2501.17167,weitianxin__awesome-agentic-reasoning,srcitem:4ed728dab299,Agentic_Reasoning_Applications_Math_Exploration_Vibe_Coding_Agents_Collective_Multi_agent_Reasoning,collect_log:auto,collect_log:auto,active,2026-04-14T00:28:26+08:00,2026-04-14T00:31:05+08:00
arxiv:2501.17399,weitianxin__awesome-agentic-reasoning,srcitem:c39652bb9766,Agentic_Reasoning_Benchmarks_Core_Mechanisms_of_Agentic_Reasoning_Memory_and_Planning_Long_Horizon_Episodic_Memory,collect_log:auto,collect_log:auto,active,2026-04-14T00:28:26+08:00,2026-04-14T00:31:05+08:00
arxiv:2501.18653,weitianxin__awesome-agentic-reasoning,srcitem:0b6e8f9e1176,Agentic_Reasoning_Applications_Math_Exploration_Vibe_Coding_Agents_Self_evolving_Agentic_Reasoning,collect_log:auto,collect_log:auto,active,2026-04-14T00:28:26+08:00,2026-04-14T00:31:05+08:00
arxiv:2501.18944,weitianxin__awesome-agentic-reasoning,srcitem:0163d12d6a8a,Agentic_Reasoning_Collective_Multi_agent_Reasoning_Collaboration_and_Division_of_Labor_Post_training_Collaboration_Policy_based_Topology_Generation,collect_log:auto,collect_log:auto,active,2026-04-14T00:28:26+08:00,2026-04-14T00:31:05+08:00
arxiv:2502.01142,weitianxin__awesome-agentic-reasoning,srcitem:0ffed4143047,Agentic_Reasoning_Foundational_Agentic_Reasoning_Agentic_Search_In_Context_Search_Interleaving_Reasoning_and_Search,collect_log:auto,collect_log:auto,active,2026-04-14T00:28:26+08:00,2026-04-14T00:31:05+08:00
arxiv:2502.02533,weitianxin__awesome-agentic-reasoning,srcitem:7c932d49b5a0,Agentic_Reasoning_Collective_Multi_agent_Reasoning_Collaboration_and_Division_of_Labor_Post_training_Collaboration_Multi_agent_Prompt_Optimization,collect_log:auto,collect_log:auto,active,2026-04-14T00:28:26+08:00,2026-04-14T00:31:05+08:00
arxiv:2502.02673,weitianxin__awesome-agentic-reasoning,srcitem:3ee8644fa2ca,Agentic_Reasoning_Applications_Healthcare_Medicine_Agents_Foundational_agentic_reasoning,collect_log:auto,collect_log:auto,active,2026-04-14T00:28:26+08:00,2026-04-14T00:31:05+08:00
arxiv:2502.04180,weitianxin__awesome-agentic-reasoning,srcitem:4250be58f5e5,Agentic_Reasoning_Collective_Multi_agent_Reasoning_Collaboration_and_Division_of_Labor_Post_training_Collaboration_Graph_based_Topology_Generation,collect_log:auto,collect_log:auto,active,2026-04-14T00:28:26+08:00,2026-04-14T00:31:05+08:00
arxiv:2502.04644,weitianxin__awesome-agentic-reasoning,srcitem:f9d710c8f685,Agentic_Reasoning_Applications_Autonomous_Web_Exploration_Research_Agents_Foundational_agentic_reasoning,collect_log:auto,collect_log:auto,active,2026-04-14T00:28:26+08:00,2026-04-14T00:31:05+08:00
arxiv:2502.04780,weitianxin__awesome-agentic-reasoning,srcitem:aff1736e0b47,Agentic_Reasoning_Collective_Multi_agent_Reasoning_Collaboration_and_Division_of_Labor_Post_training_Collaboration_Policy_based_Topology_Generation,collect_log:auto,collect_log:auto,active,2026-04-14T00:28:26+08:00,2026-04-14T00:31:05+08:00
arxiv:2502.05199,weitianxin__awesome-agentic-reasoning,srcitem:a731fa9dd564,Agentic_Reasoning_Applications_Math_Exploration_Vibe_Coding_Agents_Foundational_Agentic_Reasoning,collect_log:auto,collect_log:auto,active,2026-04-14T00:28:26+08:00,2026-04-14T00:31:05+08:00
arxiv:2502.05453,weitianxin__awesome-agentic-reasoning,srcitem:429acd349816,Agentic_Reasoning_Collective_Multi_agent_Reasoning_Multi_Agent_Memory_and_Evolution_Multi_agent_Memory_Management_for_Evolution,collect_log:auto,collect_log:auto,active,2026-04-14T00:28:26+08:00,2026-04-14T00:31:05+08:00
arxiv:2502.06994,weitianxin__awesome-agentic-reasoning,srcitem:dd6f7e78f676,Agentic_Reasoning_Applications_Math_Exploration_Vibe_Coding_Agents_Collective_Multi_agent_Reasoning,collect_log:auto,collect_log:auto,active,2026-04-14T00:28:26+08:00,2026-04-14T00:31:05+08:00
arxiv:2502.07960,weitianxin__awesome-agentic-reasoning,srcitem:4a01ba6b131d,Agentic_Reasoning_Applications_Scientific_Discovery_Agents_Foundational_Agentic_Reasoning,collect_log:auto,collect_log:auto,active,2026-04-14T00:28:26+08:00,2026-04-14T00:31:05+08:00
arxiv:2502.08916,weitianxin__awesome-agentic-reasoning,srcitem:14ca272e67d6,Agentic_Reasoning_Foundational_Agentic_Reasoning_Planning_Reasoning_In_context_Planning_Tree_Search_Algorithm_Simulation,collect_log:auto,collect_log:auto,active,2026-04-14T00:28:26+08:00,2026-04-14T00:31:05+08:00
arxiv:2502.08916,weitianxin__awesome-agentic-reasoning,srcitem:1a526f6a3b69,Agentic_Reasoning_Applications_Healthcare_Medicine_Agents_Foundational_agentic_reasoning,collect_log:auto,collect_log:auto,active,2026-04-14T00:28:26+08:00,2026-04-14T00:31:05+08:00
arxiv:2502.11127,weitianxin__awesome-agentic-reasoning,srcitem:4fbd88f9b6b1,Agentic_Reasoning_Collective_Multi_agent_Reasoning_Collaboration_and_Division_of_Labor_Post_training_Collaboration_Graph_based_Topology_Generation,collect_log:auto,collect_log:auto,active,2026-04-14T00:28:26+08:00,2026-04-14T00:31:05+08:00
arxiv:2502.11133,weitianxin__awesome-agentic-reasoning,srcitem:43e5231389dc,Agentic_Reasoning_Collective_Multi_agent_Reasoning_Collaboration_and_Division_of_Labor_Post_training_Collaboration_Policy_based_Topology_Generation,collect_log:auto,collect_log:auto,active,2026-04-14T00:28:26+08:00,2026-04-14T00:31:05+08:00
arxiv:2502.11271,weitianxin__awesome-agentic-reasoning,srcitem:05143090a39b,Agentic_Reasoning_Foundational_Agentic_Reasoning_Tool_Use_Optimization_Orchestration_based_Tool_Integration_Agentic_Pipelines_for_Tool_Orchestration,collect_log:auto,collect_log:auto,active,2026-04-14T00:28:26+08:00,2026-04-14T00:31:05+08:00
arxiv:2502.11705,weitianxin__awesome-agentic-reasoning,srcitem:e7aec53cceb1,Agentic_Reasoning_Self_evolving_Agentic_Reasoning_Evolving_Foundational_Agentic_Capabilities_Self_evolving_Tool_use,collect_log:auto,collect_log:auto,active,2026-04-14T00:28:26+08:00,2026-04-14T00:31:05+08:00
arxiv:2502.11903,weitianxin__awesome-agentic-reasoning,srcitem:ad84eddd49e9,Agentic_Reasoning_Benchmarks_Core_Mechanisms_of_Agentic_Reasoning_Memory_and_Planning_Long_Horizon_Episodic_Memory,collect_log:auto,collect_log:auto,active,2026-04-14T00:28:26+08:00,2026-04-14T00:31:05+08:00
arxiv:2502.12110,weitianxin__awesome-agentic-reasoning,srcitem:defc66f516d3,Agentic_Reasoning_Self_evolving_Agentic_Reasoning_Agentic_Memory_Agentic_Use_of_Flat_Memory_Factual_Memory,collect_log:auto,collect_log:auto,active,2026-04-14T00:28:26+08:00,2026-04-14T00:31:05+08:00
arxiv:2502.12130,weitianxin__awesome-agentic-reasoning,srcitem:0af8bd93642f,Agentic_Reasoning_Foundational_Agentic_Reasoning_Planning_Reasoning_Post_training_Planning,collect_log:auto,collect_log:auto,active,2026-04-14T00:28:26+08:00,2026-04-14T00:31:05+08:00
arxiv:2502.12531,weitianxin__awesome-agentic-reasoning,srcitem:ae8e2e149028,Agentic_Reasoning_Applications_Embodied_Agents_Foundational_Agentic_Reasoning,collect_log:auto,collect_log:auto,active,2026-04-14T00:28:26+08:00,2026-04-14T00:31:05+08:00
arxiv:2502.13092,weitianxin__awesome-agentic-reasoning,srcitem:0612c805707c,Agentic_Reasoning_Benchmarks_Core_Mechanisms_of_Agentic_Reasoning_Memory_and_Planning_Planning_and_Feedback,collect_log:auto,collect_log:auto,active,2026-04-14T00:28:26+08:00,2026-04-14T00:31:05+08:00
arxiv:2502.13270,weitianxin__awesome-agentic-reasoning,srcitem:92e01dcc0d32,Agentic_Reasoning_Benchmarks_Core_Mechanisms_of_Agentic_Reasoning_Memory_and_Planning_Multi_session_Recall,collect_log:auto,collect_log:auto,active,2026-04-14T00:28:26+08:00,2026-04-14T00:31:05+08:00
arxiv:2502.14282,weitianxin__awesome-agentic-reasoning,srcitem:6ef73d999d80,Agentic_Reasoning_Applications_Autonomous_Web_Exploration_Research_Agents_Foundational_agentic_reasoning,collect_log:auto,collect_log:auto,active,2026-04-14T00:28:26+08:00,2026-04-14T00:31:05+08:00
arxiv:2502.14932,weitianxin__awesome-agentic-reasoning,srcitem:bd7548323bf5,Agentic_Reasoning_Foundational_Agentic_Reasoning_Agentic_Search_In_Context_Search_Structure_Enhanced_Search,collect_log:auto,collect_log:auto,active,2026-04-14T00:28:26+08:00,2026-04-14T00:31:05+08:00
arxiv:2502.17110,weitianxin__awesome-agentic-reasoning,srcitem:11f278c1cb5a,Agentic_Reasoning_Applications_Autonomous_Web_Exploration_Research_Agents_Collective_multi_agent_reasoning,collect_log:auto,collect_log:auto,active,2026-04-14T00:28:26+08:00,2026-04-14T00:31:05+08:00
arxiv:2502.17506,weitianxin__awesome-agentic-reasoning,srcitem:b7eb5e9ee2ba,Agentic_Reasoning_Applications_Healthcare_Medicine_Agents_Foundational_agentic_reasoning,collect_log:auto,collect_log:auto,active,2026-04-14T00:28:26+08:00,2026-04-14T00:31:05+08:00
arxiv:2502.18439,weitianxin__awesome-agentic-reasoning,srcitem:83ac8bc77cbc,Agentic_Reasoning_Collective_Multi_agent_Reasoning_Collaboration_and_Division_of_Labor_Post_training_Collaboration_Policy_based_Topology_Generation,collect_log:auto,collect_log:auto,active,2026-04-14T00:28:26+08:00,2026-04-14T00:31:05+08:00
arxiv:2502.18449,weitianxin__awesome-agentic-reasoning,srcitem:f413221a3f4f,Agentic_Reasoning_Foundational_Agentic_Reasoning_Tool_Use_Optimization_Post_training_Tool_Integration_Mastery_of_Tool_Use_via_RL,collect_log:auto,collect_log:auto,active,2026-04-14T00:28:26+08:00,2026-04-14T00:31:05+08:00
arxiv:2502.18836,weitianxin__awesome-agentic-reasoning,srcitem:a6d1c47814e2,Agentic_Reasoning_Benchmarks_Core_Mechanisms_of_Agentic_Reasoning_Memory_and_Planning_Planning_and_Feedback,collect_log:auto,collect_log:auto,active,2026-04-14T00:28:26+08:00,2026-04-14T00:31:05+08:00
arxiv:2502.19417,weitianxin__awesome-agentic-reasoning,srcitem:7c850a557dff,Agentic_Reasoning_Applications_Embodied_Agents_Foundational_Agentic_Reasoning,collect_log:auto,collect_log:auto,active,2026-04-14T00:28:26+08:00,2026-04-14T00:31:05+08:00
arxiv:2503.00735,weitianxin__awesome-agentic-reasoning,srcitem:5a6efbe72e3e,Agentic_Reasoning_Collective_Multi_agent_Reasoning_Multi_Agent_Memory_and_Evolution_From_Single_Agent_Evolution_to_Multi_Agent_Evolution_Intra_test_time_Evolution,collect_log:auto,collect_log:auto,active,2026-04-14T00:28:26+08:00,2026-04-14T00:31:05+08:00
arxiv:2503.01763,weitianxin__awesome-agentic-reasoning,srcitem:f894d686f0dd,Agentic_Reasoning_Benchmarks_Core_Mechanisms_of_Agentic_Reasoning_Tool_Use_Single_Turn_Tool_Use,collect_log:auto,collect_log:auto,active,2026-04-14T00:28:26+08:00,2026-04-14T00:31:05+08:00
arxiv:2503.01935,weitianxin__awesome-agentic-reasoning,srcitem:9733391ce15a,Agentic_Reasoning_Benchmarks_Core_Mechanisms_of_Agentic_Reasoning_Language_Communication_and_Social_Reasoning,collect_log:auto,collect_log:auto,active,2026-04-14T00:28:26+08:00,2026-04-14T00:31:05+08:00
arxiv:2503.02077,weitianxin__awesome-agentic-reasoning,srcitem:4b7457afe956,Agentic_Reasoning_Collective_Multi_agent_Reasoning_Collaboration_and_Division_of_Labor_Post_training_Collaboration_Policy_based_Topology_Generation,collect_log:auto,collect_log:auto,active,2026-04-14T00:28:26+08:00,2026-04-14T00:31:05+08:00
arxiv:2503.02950,weitianxin__awesome-agentic-reasoning,srcitem:8486ff7a8cd7,Agentic_Reasoning_Applications_Autonomous_Web_Exploration_Research_Agents_Self_evolving_agentic_reasoning,collect_log:auto,collect_log:auto,active,2026-04-14T00:28:26+08:00,2026-04-14T00:31:05+08:00
arxiv:2503.03686,weitianxin__awesome-agentic-reasoning,srcitem:b4c2504f0c6d,Agentic_Reasoning_Collective_Multi_agent_Reasoning_Collaboration_and_Division_of_Labor_In_context_Collaboration_LLM_Driven_Pipelines,collect_log:auto,collect_log:auto,active,2026-04-14T00:28:26+08:00,2026-04-14T00:31:05+08:00
arxiv:2503.04625,weitianxin__awesome-agentic-reasoning,srcitem:1fc1d2ff1de0,Agentic_Reasoning_Foundational_Agentic_Reasoning_Tool_Use_Optimization_Post_training_Tool_Integration_Bootstrapping_of_Tool_Use_via_SFT,collect_log:auto,collect_log:auto,active,2026-04-14T00:28:26+08:00,2026-04-14T00:31:05+08:00
arxiv:2503.07919,weitianxin__awesome-agentic-reasoning,srcitem:d1efc47d05c8,Agentic_Reasoning_Benchmarks_Applications_of_Agentic_Reasoning_Web_Agents,collect_log:auto,collect_log:auto,active,2026-04-14T00:28:26+08:00,2026-04-14T00:31:05+08:00
arxiv:2503.08026,weitianxin__awesome-agentic-reasoning,srcitem:39f261ae99cf,Agentic_Reasoning_Self_evolving_Agentic_Reasoning_Agentic_Memory_Agentic_Use_of_Flat_Memory_Factual_Memory,collect_log:auto,collect_log:auto,active,2026-04-14T00:28:26+08:00,2026-04-14T00:31:05+08:00
arxiv:2503.09501,weitianxin__awesome-agentic-reasoning,srcitem:934b70d0ad1d,Agentic_Reasoning_Collective_Multi_agent_Reasoning_Multi_Agent_Memory_and_Evolution_From_Single_Agent_Evolution_to_Multi_Agent_Evolution_Multi_agent_Evolution,collect_log:auto,collect_log:auto,active,2026-04-14T00:28:26+08:00,2026-04-14T00:31:05+08:00
arxiv:2503.09516,weitianxin__awesome-agentic-reasoning,srcitem:48253ed2da3d,Agentic_Reasoning_Foundational_Agentic_Reasoning_Tool_Use_Optimization_Post_training_Tool_Integration_Mastery_of_Tool_Use_via_RL,collect_log:auto,collect_log:auto,active,2026-04-14T00:28:26+08:00,2026-04-14T00:31:05+08:00
arxiv:2503.09572,weitianxin__awesome-agentic-reasoning,srcitem:1a573ba4f70a,Agentic_Reasoning_Foundational_Agentic_Reasoning_Planning_Reasoning_In_context_Planning_Workflow_Design,collect_log:auto,collect_log:auto,active,2026-04-14T00:28:26+08:00,2026-04-14T00:31:05+08:00
arxiv:2503.10049,weitianxin__awesome-agentic-reasoning,srcitem:4d0071aed578,Agentic_Reasoning_Collective_Multi_agent_Reasoning_Collaboration_and_Division_of_Labor_Post_training_Collaboration_Policy_based_Topology_Generation,collect_log:auto,collect_log:auto,active,2026-04-14T00:28:26+08:00,2026-04-14T00:31:05+08:00
arxiv:2503.10265,weitianxin__awesome-agentic-reasoning,srcitem:9aabe2225629,Agentic_Reasoning_Collective_Multi_agent_Reasoning_Collaboration_and_Division_of_Labor_In_context_Collaboration_Manually_Crafted_Pipelines,collect_log:auto,collect_log:auto,active,2026-04-14T00:28:26+08:00,2026-04-14T00:31:05+08:00
arxiv:2503.10970,weitianxin__awesome-agentic-reasoning,srcitem:74eb92fb6008,Agentic_Reasoning_Applications_Scientific_Discovery_Agents_Foundational_Agentic_Reasoning,collect_log:auto,collect_log:auto,active,2026-04-14T00:28:26+08:00,2026-04-14T00:31:05+08:00
arxiv:2503.11061,weitianxin__awesome-agentic-reasoning,srcitem:67a35cf981c3,Agentic_Reasoning_Applications_Math_Exploration_Vibe_Coding_Agents_Foundational_Agentic_Reasoning,collect_log:auto,collect_log:auto,active,2026-04-14T00:28:26+08:00,2026-04-14T00:31:05+08:00
arxiv:2503.11586,weitianxin__awesome-agentic-reasoning,srcitem:89284f02f7a7,Agentic_Reasoning_Foundational_Agentic_Reasoning_Planning_Reasoning_In_context_Planning_Tree_Search_Algorithm_Simulation,collect_log:auto,collect_log:auto,active,2026-04-14T00:28:26+08:00,2026-04-14T00:31:05+08:00
arxiv:2503.12759,weitianxin__awesome-agentic-reasoning,srcitem:1e58773b7aa9,Agentic_Reasoning_Foundational_Agentic_Reasoning_Agentic_Search_Post_Training_Search_RL_Based_Agentic_Search,collect_log:auto,collect_log:auto,active,2026-04-14T00:28:26+08:00,2026-04-14T00:31:05+08:00
arxiv:2503.13514,weitianxin__awesome-agentic-reasoning,srcitem:ed1f40e2b78a,Agentic_Reasoning_Collective_Multi_agent_Reasoning_Collaboration_and_Division_of_Labor_In_context_Collaboration_Manually_Crafted_Pipelines,collect_log:auto,collect_log:auto,active,2026-04-14T00:28:26+08:00,2026-04-14T00:31:05+08:00
arxiv:2503.13964,weitianxin__awesome-agentic-reasoning,srcitem:3e8ab87b5621,Agentic_Reasoning_Collective_Multi_agent_Reasoning_Collaboration_and_Division_of_Labor_In_context_Collaboration_Manually_Crafted_Pipelines,collect_log:auto,collect_log:auto,active,2026-04-14T00:28:26+08:00,2026-04-14T00:31:05+08:00
arxiv:2503.14269,weitianxin__awesome-agentic-reasoning,srcitem:4e682c34fd9a,Agentic_Reasoning_Applications_Math_Exploration_Vibe_Coding_Agents_Foundational_Agentic_Reasoning,collect_log:auto,collect_log:auto,active,2026-04-14T00:28:26+08:00,2026-04-14T00:31:05+08:00
arxiv:2503.15558,weitianxin__awesome-agentic-reasoning,srcitem:289d9bc9e984,Agentic_Reasoning_Applications_Embodied_Agents_Foundational_Agentic_Reasoning,collect_log:auto,collect_log:auto,active,2026-04-14T00:28:26+08:00,2026-04-14T00:31:05+08:00
arxiv:2503.16779,weitianxin__awesome-agentic-reasoning,srcitem:621ad1b0521e,Agentic_Reasoning_Foundational_Agentic_Reasoning_Tool_Use_Optimization_Orchestration_based_Tool_Integration_Agentic_Pipelines_for_Tool_Orchestration,collect_log:auto,collect_log:auto,active,2026-04-14T00:28:26+08:00,2026-04-14T00:31:05+08:00
arxiv:2503.18102,weitianxin__awesome-agentic-reasoning,srcitem:4a7491730783,Agentic_Reasoning_Applications_Autonomous_Web_Exploration_Research_Agents_Collective_multi_agent_reasoning,collect_log:auto,collect_log:auto,active,2026-04-14T00:28:26+08:00,2026-04-14T00:31:05+08:00
arxiv:2503.18968,weitianxin__awesome-agentic-reasoning,srcitem:2ad06b645ccd,Agentic_Reasoning_Applications_Healthcare_Medicine_Agents_Foundational_agentic_reasoning,collect_log:auto,collect_log:auto,active,2026-04-14T00:28:26+08:00,2026-04-14T00:31:05+08:00
arxiv:2503.19470,weitianxin__awesome-agentic-reasoning,srcitem:feaa6710a6c5,Agentic_Reasoning_Foundational_Agentic_Reasoning_Tool_Use_Optimization_Post_training_Tool_Integration_Mastery_of_Tool_Use_via_RL,collect_log:auto,collect_log:auto,active,2026-04-14T00:28:26+08:00,2026-04-14T00:31:05+08:00
arxiv:2503.20020,weitianxin__awesome-agentic-reasoning,srcitem:b0da7663ad4b,Agentic_Reasoning_Applications_Embodied_Agents_Foundational_Agentic_Reasoning,collect_log:auto,collect_log:auto,active,2026-04-14T00:28:26+08:00,2026-04-14T00:31:05+08:00
arxiv:2503.20840,weitianxin__awesome-agentic-reasoning,srcitem:d58215640fb9,Agentic_Reasoning_Applications_Math_Exploration_Vibe_Coding_Agents_Foundational_Agentic_Reasoning,collect_log:auto,collect_log:auto,active,2026-04-14T00:28:26+08:00,2026-04-14T00:31:05+08:00
arxiv:2503.21620,weitianxin__awesome-agentic-reasoning,srcitem:c1169c667c31,Agentic_Reasoning_Applications_Autonomous_Web_Exploration_Research_Agents_Foundational_agentic_reasoning,collect_log:auto,collect_log:auto,active,2026-04-14T00:28:26+08:00,2026-04-14T00:31:05+08:00
arxiv:2503.21760,weitianxin__awesome-agentic-reasoning,srcitem:b7a009f42133,Agentic_Reasoning_Collective_Multi_agent_Reasoning_Multi_Agent_Memory_and_Evolution_From_Single_Agent_Evolution_to_Multi_Agent_Evolution_Inter_test_time_Evolution,collect_log:auto,collect_log:auto,active,2026-04-14T00:28:26+08:00,2026-04-14T00:31:05+08:00
arxiv:2503.22164,weitianxin__awesome-agentic-reasoning,srcitem:0751be126739,Agentic_Reasoning_Applications_Scientific_Discovery_Agents_Foundational_Agentic_Reasoning,collect_log:auto,collect_log:auto,active,2026-04-14T00:28:26+08:00,2026-04-14T00:31:05+08:00
arxiv:2503.22678,weitianxin__awesome-agentic-reasoning,srcitem:9a57d18ed9ed,Agentic_Reasoning_Applications_Healthcare_Medicine_Agents_Foundational_agentic_reasoning,collect_log:auto,collect_log:auto,active,2026-04-14T00:28:26+08:00,2026-04-14T00:31:05+08:00
arxiv:2503.22732,weitianxin__awesome-agentic-reasoning,srcitem:321af5dd74e0,Agentic_Reasoning_Collective_Multi_agent_Reasoning_Multi_Agent_Memory_and_Evolution_From_Single_Agent_Evolution_to_Multi_Agent_Evolution_Inter_test_time_Evolution,collect_log:auto,collect_log:auto,active,2026-04-14T00:28:26+08:00,2026-04-14T00:31:05+08:00
arxiv:2504.00741,weitianxin__awesome-agentic-reasoning,srcitem:0b005c792f57,Agentic_Reasoning_Applications_Scientific_Discovery_Agents_Self_evolving_Agentic_Reasoning,collect_log:auto,collect_log:auto,active,2026-04-14T00:28:26+08:00,2026-04-14T00:31:05+08:00
arxiv:2504.00993,weitianxin__awesome-agentic-reasoning,srcitem:da6462e070c3,Agentic_Reasoning_Applications_Healthcare_Medicine_Agents_Foundational_agentic_reasoning,collect_log:auto,collect_log:auto,active,2026-04-14T00:28:26+08:00,2026-04-14T00:31:05+08:00
arxiv:2504.01346,weitianxin__awesome-agentic-reasoning,srcitem:7cec7a658cf5,Agentic_Reasoning_Foundational_Agentic_Reasoning_Planning_Reasoning_In_context_Planning_External_Aid_Tool_Use,collect_log:auto,collect_log:auto,active,2026-04-14T00:28:26+08:00,2026-04-14T00:31:05+08:00
arxiv:2504.01886,weitianxin__awesome-agentic-reasoning,srcitem:25f1143ba4d4,Agentic_Reasoning_Applications_Healthcare_Medicine_Agents_Collective_multi_agent_reasoning,collect_log:auto,collect_log:auto,active,2026-04-14T00:28:26+08:00,2026-04-14T00:31:05+08:00
arxiv:2504.03160,weitianxin__awesome-agentic-reasoning,srcitem:e6779c7b20e4,Agentic_Reasoning_Foundational_Agentic_Reasoning_Agentic_Search_Post_Training_Search_RL_Based_Agentic_Search,collect_log:auto,collect_log:auto,active,2026-04-14T00:28:26+08:00,2026-04-14T00:31:05+08:00
arxiv:2504.04578,weitianxin__awesome-agentic-reasoning,srcitem:ede295888d39,Agentic_Reasoning_Foundational_Agentic_Reasoning_Planning_Reasoning_In_context_Planning_External_Aid_Tool_Use,collect_log:auto,collect_log:auto,active,2026-04-14T00:28:26+08:00,2026-04-14T00:31:05+08:00
arxiv:2504.04736,weitianxin__awesome-agentic-reasoning,srcitem:60426965e0e4,Agentic_Reasoning_Applications_Autonomous_Web_Exploration_Research_Agents_Collective_multi_agent_reasoning,collect_log:auto,collect_log:auto,active,2026-04-14T00:28:26+08:00,2026-04-14T00:31:05+08:00
arxiv:2504.04915,weitianxin__awesome-agentic-reasoning,srcitem:34e0c9a5eacb,Agentic_Reasoning_Collective_Multi_agent_Reasoning_Collaboration_and_Division_of_Labor_In_context_Collaboration_Manually_Crafted_Pipelines,collect_log:auto,collect_log:auto,active,2026-04-14T00:28:26+08:00,2026-04-14T00:31:05+08:00
arxiv:2504.07952,weitianxin__awesome-agentic-reasoning,srcitem:504ba42b807a,Agentic_Reasoning_Self_evolving_Agentic_Reasoning_Agentic_Memory_Agentic_Use_of_Flat_Memory_Experience_Memory,collect_log:auto,collect_log:auto,active,2026-04-14T00:28:26+08:00,2026-04-14T00:31:05+08:00
arxiv:2504.08066,weitianxin__awesome-agentic-reasoning,srcitem:deb6b6cf3bdd,Agentic_Reasoning_Applications_Scientific_Discovery_Agents_Foundational_Agentic_Reasoning,collect_log:auto,collect_log:auto,active,2026-04-14T00:28:26+08:00,2026-04-14T00:31:05+08:00
arxiv:2504.08806,weitianxin__awesome-agentic-reasoning,srcitem:71ab48948a03,Agentic_Reasoning_Applications_Embodied_Agents_Self_evolving_Agentic_Reasoning,collect_log:auto,collect_log:auto,active,2026-04-14T00:28:26+08:00,2026-04-14T00:31:05+08:00
arxiv:2504.10458,weitianxin__awesome-agentic-reasoning,srcitem:b82367c4da30,Agentic_Reasoning_Applications_Autonomous_Web_Exploration_Research_Agents_Foundational_agentic_reasoning,collect_log:auto,collect_log:auto,active,2026-04-14T00:28:26+08:00,2026-04-14T00:31:05+08:00
arxiv:2504.11001,weitianxin__awesome-agentic-reasoning,srcitem:cf1938671c16,Agentic_Reasoning_Self_evolving_Agentic_Reasoning_Agentic_Feedback_Mechanisms_Validator_Driven_Feedback,collect_log:auto,collect_log:auto,active,2026-04-14T00:28:26+08:00,2026-04-14T00:31:05+08:00
arxiv:2504.11536,weitianxin__awesome-agentic-reasoning,srcitem:0963651ca2ea,Agentic_Reasoning_Foundational_Agentic_Reasoning_Tool_Use_Optimization_Post_training_Tool_Integration_Mastery_of_Tool_Use_via_RL,collect_log:auto,collect_log:auto,active,2026-04-14T00:28:26+08:00,2026-04-14T00:31:05+08:00
arxiv:2504.12516,weitianxin__awesome-agentic-reasoning,srcitem:316610c627fb,Agentic_Reasoning_Benchmarks_Applications_of_Agentic_Reasoning_Web_Agents,collect_log:auto,collect_log:auto,active,2026-04-14T00:28:26+08:00,2026-04-14T00:31:05+08:00
arxiv:2504.12680,weitianxin__awesome-agentic-reasoning,srcitem:817d7424709d,Agentic_Reasoning_Applications_Embodied_Agents_Foundational_Agentic_Reasoning,collect_log:auto,collect_log:auto,active,2026-04-14T00:28:26+08:00,2026-04-14T00:31:05+08:00
arxiv:2504.12951,weitianxin__awesome-agentic-reasoning,srcitem:c284fcbfe9ba,Agentic_Reasoning_Self_evolving_Agentic_Reasoning_Agentic_Feedback_Mechanisms_Validator_Driven_Feedback,collect_log:auto,collect_log:auto,active,2026-04-14T00:28:26+08:00,2026-04-14T00:31:05+08:00
arxiv:2504.13171,weitianxin__awesome-agentic-reasoning,srcitem:f5cf46da1b78,Agentic_Reasoning_Self_evolving_Agentic_Reasoning_Agentic_Memory_Agentic_Use_of_Flat_Memory_Experience_Memory,collect_log:auto,collect_log:auto,active,2026-04-14T00:28:26+08:00,2026-04-14T00:31:05+08:00
arxiv:2504.13805,weitianxin__awesome-agentic-reasoning,srcitem:1c70cad9d189,Agentic_Reasoning_Applications_Autonomous_Web_Exploration_Research_Agents_Foundational_agentic_reasoning,collect_log:auto,collect_log:auto,active,2026-04-14T00:28:26+08:00,2026-04-14T00:31:05+08:00
arxiv:2504.13958,weitianxin__awesome-agentic-reasoning,srcitem:7ca9be21cfcf,Agentic_Reasoning_Foundational_Agentic_Reasoning_Tool_Use_Optimization_Post_training_Tool_Integration_Mastery_of_Tool_Use_via_RL,collect_log:auto,collect_log:auto,active,2026-04-14T00:28:26+08:00,2026-04-14T00:31:05+08:00
arxiv:2504.14239,weitianxin__awesome-agentic-reasoning,srcitem:ade1e2fb4909,Agentic_Reasoning_Applications_Autonomous_Web_Exploration_Research_Agents_Foundational_agentic_reasoning,collect_log:auto,collect_log:auto,active,2026-04-14T00:28:26+08:00,2026-04-14T00:31:05+08:00
arxiv:2504.15228,weitianxin__awesome-agentic-reasoning,srcitem:a6849f3274f7,Agentic_Reasoning_Self_evolving_Agentic_Reasoning_Evolving_Foundational_Agentic_Capabilities_Self_evolving_Planning,collect_log:auto,collect_log:auto,active,2026-04-14T00:28:26+08:00,2026-04-14T00:31:05+08:00
arxiv:2504.16084,weitianxin__awesome-agentic-reasoning,srcitem:9e88c26fe665,Agentic_Reasoning_Collective_Multi_agent_Reasoning_Multi_Agent_Memory_and_Evolution_From_Single_Agent_Evolution_to_Multi_Agent_Evolution_Intra_test_time_Evolution,collect_log:auto,collect_log:auto,active,2026-04-14T00:28:26+08:00,2026-04-14T00:31:05+08:00
arxiv:2504.16129,weitianxin__awesome-agentic-reasoning,srcitem:6c6d2a886597,Agentic_Reasoning_Collective_Multi_agent_Reasoning_Multi_Agent_Memory_and_Evolution_Training_Multi_agent_to_Evolve,collect_log:auto,collect_log:auto,active,2026-04-14T00:28:26+08:00,2026-04-14T00:31:05+08:00
arxiv:2504.16563,weitianxin__awesome-agentic-reasoning,srcitem:7fe51d3507e5,Agentic_Reasoning_Foundational_Agentic_Reasoning_Planning_Reasoning_In_context_Planning_Tree_Search_Algorithm_Simulation,collect_log:auto,collect_log:auto,active,2026-04-14T00:28:26+08:00,2026-04-14T00:31:05+08:00
arxiv:2504.16925,weitianxin__awesome-agentic-reasoning,srcitem:9526e41d147f,Agentic_Reasoning_Foundational_Agentic_Reasoning_Planning_Reasoning_Post_training_Planning,collect_log:auto,collect_log:auto,active,2026-04-14T00:28:26+08:00,2026-04-14T00:31:05+08:00
arxiv:2504.19314,weitianxin__awesome-agentic-reasoning,srcitem:035940acfc02,Agentic_Reasoning_Benchmarks_Applications_of_Agentic_Reasoning_Web_Agents,collect_log:auto,collect_log:auto,active,2026-04-14T00:28:26+08:00,2026-04-14T00:31:05+08:00
arxiv:2504.19413,weitianxin__awesome-agentic-reasoning,srcitem:c47e3f6ee56b,Agentic_Reasoning_Self_evolving_Agentic_Reasoning_Agentic_Memory_Structured_Use_of_Memory,collect_log:auto,collect_log:auto,active,2026-04-14T00:28:26+08:00,2026-04-14T00:31:05+08:00
arxiv:2504.20073,weitianxin__awesome-agentic-reasoning,srcitem:d28c33f4b5df,Agentic_Reasoning_Self_evolving_Agentic_Reasoning_Evolving_Foundational_Agentic_Capabilities_Self_evolving_Planning,collect_log:auto,collect_log:auto,active,2026-04-14T00:28:26+08:00,2026-04-14T00:31:05+08:00
arxiv:2504.21027,weitianxin__awesome-agentic-reasoning,srcitem:efce78e49803,Agentic_Reasoning_Benchmarks_Core_Mechanisms_of_Agentic_Reasoning_Memory_and_Planning_Planning_and_Feedback,collect_log:auto,collect_log:auto,active,2026-04-14T00:28:26+08:00,2026-04-14T00:31:05+08:00
arxiv:2504.21716,weitianxin__awesome-agentic-reasoning,srcitem:f09698de3e94,Agentic_Reasoning_Applications_Embodied_Agents_Self_evolving_Agentic_Reasoning,collect_log:auto,collect_log:auto,active,2026-04-14T00:28:26+08:00,2026-04-14T00:31:05+08:00
arxiv:2504.21776,weitianxin__awesome-agentic-reasoning,srcitem:0e1624acfee8,Agentic_Reasoning_Applications_Autonomous_Web_Exploration_Research_Agents_Foundational_agentic_reasoning,collect_log:auto,collect_log:auto,active,2026-04-14T00:28:26+08:00,2026-04-14T00:31:05+08:00
arxiv:2505.00562,weitianxin__awesome-agentic-reasoning,srcitem:355a6c32efe3,Agentic_Reasoning_Foundational_Agentic_Reasoning_Planning_Reasoning_In_context_Planning_External_Aid_Tool_Use,collect_log:auto,collect_log:auto,active,2026-04-14T00:28:26+08:00,2026-04-14T00:31:05+08:00
arxiv:2505.01441,weitianxin__awesome-agentic-reasoning,srcitem:ffd7522222fc,Agentic_Reasoning_Benchmarks_Applications_of_Agentic_Reasoning_General_Tool_Use_Agents,collect_log:auto,collect_log:auto,active,2026-04-14T00:28:26+08:00,2026-04-14T00:31:05+08:00
arxiv:2505.02322,weitianxin__awesome-agentic-reasoning,srcitem:f2ad783c00be,Agentic_Reasoning_Foundational_Agentic_Reasoning_Planning_Reasoning_In_context_Planning_Tree_Search_Algorithm_Simulation,collect_log:auto,collect_log:auto,active,2026-04-14T00:28:26+08:00,2026-04-14T00:31:05+08:00
arxiv:2505.02484,weitianxin__awesome-agentic-reasoning,srcitem:c7723012119f,Agentic_Reasoning_Foundational_Agentic_Reasoning_Tool_Use_Optimization_Orchestration_based_Tool_Integration_Agentic_Pipelines_for_Tool_Orchestration,collect_log:auto,collect_log:auto,active,2026-04-14T00:28:26+08:00,2026-04-14T00:31:05+08:00
arxiv:2505.03209,weitianxin__awesome-agentic-reasoning,srcitem:c509f7fef22d,Agentic_Reasoning_Self_evolving_Agentic_Reasoning_Evolving_Foundational_Agentic_Capabilities_Self_evolving_Planning,collect_log:auto,collect_log:auto,active,2026-04-14T00:28:26+08:00,2026-04-14T00:31:05+08:00
arxiv:2505.03906,weitianxin__awesome-agentic-reasoning,srcitem:6945b74179c5,Agentic_Reasoning_Foundational_Agentic_Reasoning_Planning_Reasoning_In_context_Planning_Workflow_Design,collect_log:auto,collect_log:auto,active,2026-04-14T00:28:26+08:00,2026-04-14T00:31:05+08:00
arxiv:2505.04588,weitianxin__awesome-agentic-reasoning,srcitem:aa9bd067e1b1,Agentic_Reasoning_Foundational_Agentic_Reasoning_Tool_Use_Optimization_Post_training_Tool_Integration_Mastery_of_Tool_Use_via_RL,collect_log:auto,collect_log:auto,active,2026-04-14T00:28:26+08:00,2026-04-14T00:31:05+08:00
arxiv:2505.05691,weitianxin__awesome-agentic-reasoning,srcitem:1579a9207e84,Agentic_Reasoning_Foundational_Agentic_Reasoning_Planning_Reasoning_Post_training_Planning,collect_log:auto,collect_log:auto,active,2026-04-14T00:28:26+08:00,2026-04-14T00:31:05+08:00
arxiv:2505.07473,weitianxin__awesome-agentic-reasoning,srcitem:f553de46067f,Agentic_Reasoning_Benchmarks_Applications_of_Agentic_Reasoning_Web_Agents,collect_log:auto,collect_log:auto,active,2026-04-14T00:28:26+08:00,2026-04-14T00:31:05+08:00
arxiv:2505.08638,weitianxin__awesome-agentic-reasoning,srcitem:84d1ffb96081,Agentic_Reasoning_Benchmarks_Applications_of_Agentic_Reasoning_Autonomous_Research_Agents,collect_log:auto,collect_log:auto,active,2026-04-14T00:28:26+08:00,2026-04-14T00:31:05+08:00
arxiv:2505.08827,weitianxin__awesome-agentic-reasoning,srcitem:b50c0da8b95e,Agentic_Reasoning_Self_evolving_Agentic_Reasoning_Evolving_Foundational_Agentic_Capabilities_Self_evolving_Planning,collect_log:auto,collect_log:auto,active,2026-04-14T00:28:26+08:00,2026-04-14T00:31:05+08:00
arxiv:2505.09970,weitianxin__awesome-agentic-reasoning,srcitem:00379cabdd1e,Agentic_Reasoning_Foundational_Agentic_Reasoning_Planning_Reasoning_In_context_Planning_Workflow_Design,collect_log:auto,collect_log:auto,active,2026-04-14T00:28:26+08:00,2026-04-14T00:31:05+08:00
arxiv:2505.10978,weitianxin__awesome-agentic-reasoning,srcitem:c78770c64650,Agentic_Reasoning_Collective_Multi_agent_Reasoning_Multi_Agent_Memory_and_Evolution_From_Single_Agent_Evolution_to_Multi_Agent_Evolution_Multi_agent_Evolution,collect_log:auto,collect_log:auto,active,2026-04-14T00:28:26+08:00,2026-04-14T00:31:05+08:00
arxiv:2505.12321,weitianxin__awesome-agentic-reasoning,srcitem:95f6ffe00286,Agentic_Reasoning_Collective_Multi_agent_Reasoning_Collaboration_and_Division_of_Labor_In_context_Collaboration_Theory_of_Mind_Augmented_Collaboration,collect_log:auto,collect_log:auto,active,2026-04-14T00:28:26+08:00,2026-04-14T00:31:05+08:00
arxiv:2505.12493,weitianxin__awesome-agentic-reasoning,srcitem:09401918e4bd,Agentic_Reasoning_Applications_Autonomous_Web_Exploration_Research_Agents_Foundational_agentic_reasoning,collect_log:auto,collect_log:auto,active,2026-04-14T00:28:26+08:00,2026-04-14T00:31:05+08:00
arxiv:2505.13652,weitianxin__awesome-agentic-reasoning,srcitem:c90918cde272,Agentic_Reasoning_Applications_Math_Exploration_Vibe_Coding_Agents_Foundational_Agentic_Reasoning,collect_log:auto,collect_log:auto,active,2026-04-14T00:28:26+08:00,2026-04-14T00:31:05+08:00
arxiv:2505.15047,weitianxin__awesome-agentic-reasoning,srcitem:145a2df6cfd0,Agentic_Reasoning_Applications_Scientific_Discovery_Agents_Collective_multi_agent_reasoning,collect_log:auto,collect_log:auto,active,2026-04-14T00:28:26+08:00,2026-04-14T00:31:05+08:00
arxiv:2505.15107,weitianxin__awesome-agentic-reasoning,srcitem:5394415e3642,Agentic_Reasoning_Applications_Autonomous_Web_Exploration_Research_Agents_Foundational_agentic_reasoning,collect_log:auto,collect_log:auto,active,2026-04-14T00:28:26+08:00,2026-04-14T00:31:05+08:00
arxiv:2505.15471,weitianxin__awesome-agentic-reasoning,srcitem:bba9f4d1d65a,Agentic_Reasoning_Applications_Autonomous_Web_Exploration_Research_Agents_Collective_multi_agent_reasoning,collect_log:auto,collect_log:auto,active,2026-04-14T00:28:26+08:00,2026-04-14T00:31:05+08:00
arxiv:2505.15872,weitianxin__awesome-agentic-reasoning,srcitem:b013ab58122f,Agentic_Reasoning_Benchmarks_Applications_of_Agentic_Reasoning_Autonomous_Research_Agents,collect_log:auto,collect_log:auto,active,2026-04-14T00:28:26+08:00,2026-04-14T00:31:05+08:00
arxiv:2505.16270,weitianxin__awesome-agentic-reasoning,srcitem:8b56f1aaf484,Agentic_Reasoning_Foundational_Agentic_Reasoning_Tool_Use_Optimization_Post_training_Tool_Integration_Bootstrapping_of_Tool_Use_via_SFT,collect_log:auto,collect_log:auto,active,2026-04-14T00:28:26+08:00,2026-04-14T00:31:05+08:00
arxiv:2505.16282,weitianxin__awesome-agentic-reasoning,srcitem:4cbb90bd0aa4,Agentic_Reasoning_Applications_Autonomous_Web_Exploration_Research_Agents_Foundational_agentic_reasoning,collect_log:auto,collect_log:auto,active,2026-04-14T00:28:26+08:00,2026-04-14T00:31:05+08:00
arxiv:2505.16410,weitianxin__awesome-agentic-reasoning,srcitem:1a1610a11e36,Agentic_Reasoning_Foundational_Agentic_Reasoning_Tool_Use_Optimization_Post_training_Tool_Integration_Mastery_of_Tool_Use_via_RL,collect_log:auto,collect_log:auto,active,2026-04-14T00:28:26+08:00,2026-04-14T00:31:05+08:00
arxiv:2505.16421,weitianxin__awesome-agentic-reasoning,srcitem:d97ea559458b,Agentic_Reasoning_Applications_Autonomous_Web_Exploration_Research_Agents_Foundational_agentic_reasoning,collect_log:auto,collect_log:auto,active,2026-04-14T00:28:26+08:00,2026-04-14T00:31:05+08:00
arxiv:2505.16517,weitianxin__awesome-agentic-reasoning,srcitem:3ed7998dac26,Agentic_Reasoning_Applications_Embodied_Agents_Foundational_Agentic_Reasoning,collect_log:auto,collect_log:auto,active,2026-04-14T00:28:26+08:00,2026-04-14T00:31:05+08:00
arxiv:2505.16938,weitianxin__awesome-agentic-reasoning,srcitem:8c3de4d60ac2,Agentic_Reasoning_Applications_Autonomous_Web_Exploration_Research_Agents_Foundational_agentic_reasoning,collect_log:auto,collect_log:auto,active,2026-04-14T00:28:26+08:00,2026-04-14T00:31:05+08:00
arxiv:2505.18279,weitianxin__awesome-agentic-reasoning,srcitem:66028e4c34a8,Agentic_Reasoning_Collective_Multi_agent_Reasoning_Multi_Agent_Memory_and_Evolution_Multi_agent_Memory_Management_for_Evolution,collect_log:auto,collect_log:auto,active,2026-04-14T00:28:26+08:00,2026-04-14T00:31:05+08:00
arxiv:2505.18646,weitianxin__awesome-agentic-reasoning,srcitem:289cda8b41d7,Agentic_Reasoning_Applications_Math_Exploration_Vibe_Coding_Agents_Collective_Multi_agent_Reasoning,collect_log:auto,collect_log:auto,active,2026-04-14T00:28:26+08:00,2026-04-14T00:31:05+08:00
arxiv:2505.19630,weitianxin__awesome-agentic-reasoning,srcitem:2ee9af8d4655,Agentic_Reasoning_Applications_Healthcare_Medicine_Agents_Collective_multi_agent_reasoning,collect_log:auto,collect_log:auto,active,2026-04-14T00:28:26+08:00,2026-04-14T00:31:05+08:00
arxiv:2505.19761,weitianxin__awesome-agentic-reasoning,srcitem:3bc1771a4fff,Agentic_Reasoning_Foundational_Agentic_Reasoning_Planning_Reasoning_In_context_Planning_Tree_Search_Algorithm_Simulation,collect_log:auto,collect_log:auto,active,2026-04-14T00:28:26+08:00,2026-04-14T00:31:05+08:00
arxiv:2505.19768,weitianxin__awesome-agentic-reasoning,srcitem:bfa78cc2d64e,Agentic_Reasoning_Foundational_Agentic_Reasoning_Tool_Use_Optimization_Orchestration_based_Tool_Integration_Tool_Representations_for_Orchestration,collect_log:auto,collect_log:auto,active,2026-04-14T00:28:26+08:00,2026-04-14T00:31:05+08:00
arxiv:2505.19905,weitianxin__awesome-agentic-reasoning,srcitem:63fcfcd841f8,Agentic_Reasoning_Applications_Embodied_Agents_Self_evolving_Agentic_Reasoning,collect_log:auto,collect_log:auto,active,2026-04-14T00:28:26+08:00,2026-04-14T00:31:05+08:00
arxiv:2505.20096,weitianxin__awesome-agentic-reasoning,srcitem:4e0a26110736,Agentic_Reasoning_Collective_Multi_agent_Reasoning_Collaboration_and_Division_of_Labor_In_context_Collaboration_Manually_Crafted_Pipelines,collect_log:auto,collect_log:auto,active,2026-04-14T00:28:26+08:00,2026-04-14T00:31:05+08:00
arxiv:2505.22101,weitianxin__awesome-agentic-reasoning,srcitem:45d3a54dcac2,Agentic_Reasoning_Self_evolving_Agentic_Reasoning_Agentic_Memory_Agentic_Use_of_Flat_Memory_Factual_Memory,collect_log:auto,collect_log:auto,active,2026-04-14T00:28:26+08:00,2026-04-14T00:31:05+08:00
arxiv:2505.22501,weitianxin__awesome-agentic-reasoning,srcitem:e78fca9e37ef,Agentic_Reasoning_Applications_Autonomous_Web_Exploration_Research_Agents_Foundational_agentic_reasoning,collect_log:auto,collect_log:auto,active,2026-04-14T00:28:26+08:00,2026-04-14T00:31:05+08:00
arxiv:2505.22503,weitianxin__awesome-agentic-reasoning,srcitem:deabe919ce8b,Agentic_Reasoning_Applications_Embodied_Agents_Self_evolving_Agentic_Reasoning,collect_log:auto,collect_log:auto,active,2026-04-14T00:28:26+08:00,2026-04-14T00:31:05+08:00
arxiv:2505.22648,weitianxin__awesome-agentic-reasoning,srcitem:24d24a2216c9,Agentic_Reasoning_Applications_Autonomous_Web_Exploration_Research_Agents_Self_evolving_agentic_reasoning,collect_log:auto,collect_log:auto,active,2026-04-14T00:28:26+08:00,2026-04-14T00:31:05+08:00
arxiv:2505.22648,weitianxin__awesome-agentic-reasoning,srcitem:3ecbe0025f0e,Agentic_Reasoning_Applications_Autonomous_Web_Exploration_Research_Agents_Foundational_agentic_reasoning,collect_log:auto,collect_log:auto,active,2026-04-14T00:28:26+08:00,2026-04-14T00:31:05+08:00
arxiv:2505.23762,weitianxin__awesome-agentic-reasoning,srcitem:eedbf0276d94,Agentic_Reasoning_Applications_Autonomous_Web_Exploration_Research_Agents_Foundational_agentic_reasoning,collect_log:auto,collect_log:auto,active,2026-04-14T00:28:26+08:00,2026-04-14T00:31:05+08:00
arxiv:2505.24332,weitianxin__awesome-agentic-reasoning,srcitem:62725a006d66,Agentic_Reasoning_Applications_Autonomous_Web_Exploration_Research_Agents_Foundational_agentic_reasoning,collect_log:auto,collect_log:auto,active,2026-04-14T00:28:26+08:00,2026-04-14T00:31:05+08:00
arxiv:2505.24726,weitianxin__awesome-agentic-reasoning,srcitem:924b8ad010af,Agentic_Reasoning_Self_evolving_Agentic_Reasoning_Agentic_Feedback_Mechanisms_Validator_Driven_Feedback,collect_log:auto,collect_log:auto,active,2026-04-14T00:28:26+08:00,2026-04-14T00:31:05+08:00
arxiv:2505.24876,weitianxin__awesome-agentic-reasoning,srcitem:f1bffc54069e,Agentic_Reasoning_Benchmarks_Applications_of_Agentic_Reasoning_Embodied_Agents,collect_log:auto,collect_log:auto,active,2026-04-14T00:28:26+08:00,2026-04-14T00:31:05+08:00
arxiv:2506.00070,weitianxin__awesome-agentic-reasoning,srcitem:56b4bf4a8b51,Agentic_Reasoning_Applications_Embodied_Agents_Foundational_Agentic_Reasoning,collect_log:auto,collect_log:auto,active,2026-04-14T00:28:26+08:00,2026-04-14T00:31:05+08:00
arxiv:2506.00235,weitianxin__awesome-agentic-reasoning,srcitem:524a466dd846,Agentic_Reasoning_Applications_Healthcare_Medicine_Agents_Foundational_agentic_reasoning,collect_log:auto,collect_log:auto,active,2026-04-14T00:28:26+08:00,2026-04-14T00:31:05+08:00
arxiv:2506.01341,weitianxin__awesome-agentic-reasoning,srcitem:6d744eea36b2,Agentic_Reasoning_Benchmarks_Core_Mechanisms_of_Agentic_Reasoning_Memory_and_Planning_Long_Horizon_Episodic_Memory,collect_log:auto,collect_log:auto,active,2026-04-14T00:28:26+08:00,2026-04-14T00:31:05+08:00
arxiv:2506.01391,weitianxin__awesome-agentic-reasoning,srcitem:8f2af2ff8963,Agentic_Reasoning_Applications_Autonomous_Web_Exploration_Research_Agents_Foundational_agentic_reasoning,collect_log:auto,collect_log:auto,active,2026-04-14T00:28:26+08:00,2026-04-14T00:31:05+08:00
arxiv:2506.01538,weitianxin__awesome-agentic-reasoning,srcitem:18c1f28e33b8,Agentic_Reasoning_Collective_Multi_agent_Reasoning_Collaboration_and_Division_of_Labor_Post_training_Collaboration_Policy_based_Topology_Generation,collect_log:auto,collect_log:auto,active,2026-04-14T00:28:26+08:00,2026-04-14T00:31:05+08:00
arxiv:2506.01716,weitianxin__awesome-agentic-reasoning,srcitem:ed49bda34ba5,Agentic_Reasoning_Self_evolving_Agentic_Reasoning_Evolving_Foundational_Agentic_Capabilities_Self_evolving_Planning,collect_log:auto,collect_log:auto,active,2026-04-14T00:28:26+08:00,2026-04-14T00:31:05+08:00
arxiv:2506.02158,weitianxin__awesome-agentic-reasoning,srcitem:9ae1b12b51f2,Agentic_Reasoning_Applications_Autonomous_Web_Exploration_Research_Agents_Self_evolving_agentic_reasoning,collect_log:auto,collect_log:auto,active,2026-04-14T00:28:26+08:00,2026-04-14T00:31:05+08:00
arxiv:2506.02718,weitianxin__awesome-agentic-reasoning,srcitem:5005d524a3d5,Agentic_Reasoning_Collective_Multi_agent_Reasoning_Collaboration_and_Division_of_Labor_Post_training_Collaboration_Policy_based_Topology_Generation,collect_log:auto,collect_log:auto,active,2026-04-14T00:28:26+08:00,2026-04-14T00:31:05+08:00
arxiv:2506.02943,weitianxin__awesome-agentic-reasoning,srcitem:d64a3815fd96,Agentic_Reasoning_Applications_Math_Exploration_Vibe_Coding_Agents_Collective_Multi_agent_Reasoning,collect_log:auto,collect_log:auto,active,2026-04-14T00:28:26+08:00,2026-04-14T00:31:05+08:00
arxiv:2506.02951,weitianxin__awesome-agentic-reasoning,srcitem:6ff1d5154ec3,Agentic_Reasoning_Collective_Multi_agent_Reasoning_Collaboration_and_Division_of_Labor_Post_training_Collaboration_Graph_based_Topology_Generation,collect_log:auto,collect_log:auto,active,2026-04-14T00:28:26+08:00,2026-04-14T00:31:05+08:00
arxiv:2506.04405,weitianxin__awesome-agentic-reasoning,srcitem:77b567a9e13b,Agentic_Reasoning_Applications_Healthcare_Medicine_Agents_Foundational_agentic_reasoning,collect_log:auto,collect_log:auto,active,2026-04-14T00:28:26+08:00,2026-04-14T00:31:05+08:00
arxiv:2506.04625,weitianxin__awesome-agentic-reasoning,srcitem:af0569d63b9b,Agentic_Reasoning_Foundational_Agentic_Reasoning_Tool_Use_Optimization_Orchestration_based_Tool_Integration_Agentic_Pipelines_for_Tool_Orchestration,collect_log:auto,collect_log:auto,active,2026-04-14T00:28:26+08:00,2026-04-14T00:31:05+08:00
arxiv:2506.06261,weitianxin__awesome-agentic-reasoning,srcitem:25f7719bcdec,Agentic_Reasoning_Foundational_Agentic_Reasoning_Planning_Reasoning_Post_training_Planning,collect_log:auto,collect_log:auto,active,2026-04-14T00:28:26+08:00,2026-04-14T00:31:05+08:00
arxiv:2506.07398,weitianxin__awesome-agentic-reasoning,srcitem:832a6eee63e9,Agentic_Reasoning_Collective_Multi_agent_Reasoning_Multi_Agent_Memory_and_Evolution_Multi_agent_Memory_Management_for_Evolution,collect_log:auto,collect_log:auto,active,2026-04-14T00:28:26+08:00,2026-04-14T00:31:05+08:00
arxiv:2506.07551,weitianxin__awesome-agentic-reasoning,srcitem:8aa88d9d05bf,Agentic_Reasoning_Applications_Scientific_Discovery_Agents_Foundational_Agentic_Reasoning,collect_log:auto,collect_log:auto,active,2026-04-14T00:28:26+08:00,2026-04-14T00:31:05+08:00
arxiv:2506.07639,weitianxin__awesome-agentic-reasoning,srcitem:790b8c3236a2,Agentic_Reasoning_Applications_Embodied_Agents_Foundational_Agentic_Reasoning,collect_log:auto,collect_log:auto,active,2026-04-14T00:28:26+08:00,2026-04-14T00:31:05+08:00
arxiv:2506.08007,weitianxin__awesome-agentic-reasoning,srcitem:c7a5c8506ad1,Agentic_Reasoning_Foundational_Agentic_Reasoning_Tool_Use_Optimization_Post_training_Tool_Integration_Mastery_of_Tool_Use_via_RL,collect_log:auto,collect_log:auto,active,2026-04-14T00:28:26+08:00,2026-04-14T00:31:05+08:00
arxiv:2506.08012,weitianxin__awesome-agentic-reasoning,srcitem:6757cc6b08d4,Agentic_Reasoning_Applications_Autonomous_Web_Exploration_Research_Agents_Self_evolving_agentic_reasoning,collect_log:auto,collect_log:auto,active,2026-04-14T00:28:26+08:00,2026-04-14T00:31:05+08:00
arxiv:2506.09049,weitianxin__awesome-agentic-reasoning,srcitem:10b9e3e9c209,Agentic_Reasoning_Applications_Embodied_Agents_Foundational_Agentic_Reasoning,collect_log:auto,collect_log:auto,active,2026-04-14T00:28:26+08:00,2026-04-14T00:31:05+08:00
arxiv:2506.09820,weitianxin__awesome-agentic-reasoning,srcitem:e2049ceebb10,Agentic_Reasoning_Applications_Math_Exploration_Vibe_Coding_Agents_Foundational_Agentic_Reasoning,collect_log:auto,collect_log:auto,active,2026-04-14T00:28:26+08:00,2026-04-14T00:31:05+08:00
arxiv:2506.10943,weitianxin__awesome-agentic-reasoning,srcitem:724701dd6302,Agentic_Reasoning_Collective_Multi_agent_Reasoning_Multi_Agent_Memory_and_Evolution_From_Single_Agent_Evolution_to_Multi_Agent_Evolution_Intra_test_time_Evolution,collect_log:auto,collect_log:auto,active,2026-04-14T00:28:26+08:00,2026-04-14T00:31:05+08:00
arxiv:2506.12508,weitianxin__awesome-agentic-reasoning,srcitem:14c822a056a8,Agentic_Reasoning_Collective_Multi_agent_Reasoning_Collaboration_and_Division_of_Labor_In_context_Collaboration_Manually_Crafted_Pipelines,collect_log:auto,collect_log:auto,active,2026-04-14T00:28:26+08:00,2026-04-14T00:31:05+08:00
arxiv:2506.13356,weitianxin__awesome-agentic-reasoning,srcitem:2b090b160e98,Agentic_Reasoning_Benchmarks_Core_Mechanisms_of_Agentic_Reasoning_Memory_and_Planning_Long_Horizon_Episodic_Memory,collect_log:auto,collect_log:auto,active,2026-04-14T00:28:26+08:00,2026-04-14T00:31:05+08:00
arxiv:2506.15651,weitianxin__awesome-agentic-reasoning,srcitem:cf9034eb5fb6,Agentic_Reasoning_Self_evolving_Agentic_Reasoning_Evolving_Foundational_Agentic_Capabilities_Self_evolving_Planning,collect_log:auto,collect_log:auto,active,2026-04-14T00:28:26+08:00,2026-04-14T00:31:05+08:00
arxiv:2506.15655,weitianxin__awesome-agentic-reasoning,srcitem:313d526504c9,Agentic_Reasoning_Applications_Math_Exploration_Vibe_Coding_Agents_Foundational_Agentic_Reasoning,collect_log:auto,collect_log:auto,active,2026-04-14T00:28:26+08:00,2026-04-14T00:31:05+08:00
arxiv:2506.15841,weitianxin__awesome-agentic-reasoning,srcitem:9476c51db409,Agentic_Reasoning_Self_evolving_Agentic_Reasoning_Agentic_Memory_Post_training_Memory_Control,collect_log:auto,collect_log:auto,active,2026-04-14T00:28:26+08:00,2026-04-14T00:31:05+08:00
arxiv:2506.21506,weitianxin__awesome-agentic-reasoning,srcitem:240c28464cdb,Agentic_Reasoning_Benchmarks_Applications_of_Agentic_Reasoning_Web_Agents,collect_log:auto,collect_log:auto,active,2026-04-14T00:28:26+08:00,2026-04-14T00:31:05+08:00
arxiv:2506.24019,weitianxin__awesome-agentic-reasoning,srcitem:e360a8a2bf32,Agentic_Reasoning_Applications_Embodied_Agents_Self_evolving_Agentic_Reasoning,collect_log:auto,collect_log:auto,active,2026-04-14T00:28:26+08:00,2026-04-14T00:31:05+08:00
arxiv:2507.02259,weitianxin__awesome-agentic-reasoning,srcitem:2d110e28f6e0,Agentic_Reasoning_Self_evolving_Agentic_Reasoning_Agentic_Memory_Post_training_Memory_Control,collect_log:auto,collect_log:auto,active,2026-04-14T00:28:26+08:00,2026-04-14T00:31:05+08:00
arxiv:2507.02592,weitianxin__awesome-agentic-reasoning,srcitem:17e9d5183b20,Agentic_Reasoning_Applications_Autonomous_Web_Exploration_Research_Agents_Foundational_agentic_reasoning,collect_log:auto,collect_log:auto,active,2026-04-14T00:28:26+08:00,2026-04-14T00:31:05+08:00
arxiv:2507.02616,weitianxin__awesome-agentic-reasoning,srcitem:aec5c669312d,Agentic_Reasoning_Applications_Healthcare_Medicine_Agents_Foundational_agentic_reasoning,collect_log:auto,collect_log:auto,active,2026-04-14T00:28:26+08:00,2026-04-14T00:31:05+08:00
arxiv:2507.04103,weitianxin__awesome-agentic-reasoning,srcitem:d41edcd6f0c2,Agentic_Reasoning_Applications_Autonomous_Web_Exploration_Research_Agents_Foundational_agentic_reasoning,collect_log:auto,collect_log:auto,active,2026-04-14T00:28:26+08:00,2026-04-14T00:31:05+08:00
arxiv:2507.05257,weitianxin__awesome-agentic-reasoning,srcitem:aaa79bf5c813,Agentic_Reasoning_Benchmarks_Core_Mechanisms_of_Agentic_Reasoning_Memory_and_Planning_Multi_session_Recall,collect_log:auto,collect_log:auto,active,2026-04-14T00:28:26+08:00,2026-04-14T00:31:05+08:00
arxiv:2507.06229,weitianxin__awesome-agentic-reasoning,srcitem:76d4d34ae5ad,Agentic_Reasoning_Collective_Multi_agent_Reasoning_Multi_Agent_Memory_and_Evolution_Multi_agent_Memory_Management_for_Evolution,collect_log:auto,collect_log:auto,active,2026-04-14T00:28:26+08:00,2026-04-14T00:31:05+08:00
arxiv:2507.06261,weitianxin__awesome-agentic-reasoning,srcitem:872f192c08da,Agentic_Reasoning_Foundational_Agentic_Reasoning_Tool_Use_Optimization_Post_training_Tool_Integration_Mastery_of_Tool_Use_via_RL,collect_log:auto,collect_log:auto,active,2026-04-14T00:28:26+08:00,2026-04-14T00:31:05+08:00
arxiv:2507.07957,weitianxin__awesome-agentic-reasoning,srcitem:6fb792fbd631,Agentic_Reasoning_Self_evolving_Agentic_Reasoning_Agentic_Memory_Agentic_Use_of_Flat_Memory_Factual_Memory,collect_log:auto,collect_log:auto,active,2026-04-14T00:28:26+08:00,2026-04-14T00:31:05+08:00
arxiv:2507.07998,weitianxin__awesome-agentic-reasoning,srcitem:982e8a0ddcca,Agentic_Reasoning_Foundational_Agentic_Reasoning_Tool_Use_Optimization_Orchestration_based_Tool_Integration_Agentic_Pipelines_for_Tool_Orchestration,collect_log:auto,collect_log:auto,active,2026-04-14T00:28:26+08:00,2026-04-14T00:31:05+08:00
arxiv:2507.09177,weitianxin__awesome-agentic-reasoning,srcitem:9df1f057d600,Agentic_Reasoning_Foundational_Agentic_Reasoning_Planning_Reasoning_In_context_Planning_External_Aid_Tool_Use,collect_log:auto,collect_log:auto,active,2026-04-14T00:28:26+08:00,2026-04-14T00:31:05+08:00
arxiv:2507.15061,weitianxin__awesome-agentic-reasoning,srcitem:c2e5d1517d84,Agentic_Reasoning_Applications_Autonomous_Web_Exploration_Research_Agents_Foundational_agentic_reasoning,collect_log:auto,collect_log:auto,active,2026-04-14T00:28:26+08:00,2026-04-14T00:31:05+08:00
arxiv:2507.16853,weitianxin__awesome-agentic-reasoning,srcitem:f0ea1e54e6d7,Agentic_Reasoning_Applications_Autonomous_Web_Exploration_Research_Agents_Self_evolving_agentic_reasoning,collect_log:auto,collect_log:auto,active,2026-04-14T00:28:26+08:00,2026-04-14T00:31:05+08:00
arxiv:2507.19849,weitianxin__awesome-agentic-reasoning,srcitem:72268db96a77,Agentic_Reasoning_Foundational_Agentic_Reasoning_Tool_Use_Optimization_Post_training_Tool_Integration_Mastery_of_Tool_Use_via_RL,collect_log:auto,collect_log:auto,active,2026-04-14T00:28:26+08:00,2026-04-14T00:31:05+08:00
arxiv:2507.20534,weitianxin__awesome-agentic-reasoning,srcitem:112a3d4c3af8,Agentic_Reasoning_Foundational_Agentic_Reasoning_Tool_Use_Optimization_Post_training_Tool_Integration_Mastery_of_Tool_Use_via_RL,collect_log:auto,collect_log:auto,active,2026-04-14T00:28:26+08:00,2026-04-14T00:31:05+08:00
arxiv:2507.21046,weitianxin__awesome-agentic-reasoning,srcitem:18651416becd,Agentic_Reasoning_Self_evolving_Agentic_Reasoning_Agentic_Feedback_Mechanisms_Reflective_Feedback,collect_log:auto,collect_log:auto,active,2026-04-14T00:28:26+08:00,2026-04-14T00:31:05+08:00
arxiv:2507.21206,weitianxin__awesome-agentic-reasoning,srcitem:811245c082ff,Agentic_Reasoning_Applications_Autonomous_Web_Exploration_Research_Agents_Collective_multi_agent_reasoning,collect_log:auto,collect_log:auto,active,2026-04-14T00:28:26+08:00,2026-04-14T00:31:05+08:00
arxiv:2507.22025,weitianxin__awesome-agentic-reasoning,srcitem:c9b071cd0950,Agentic_Reasoning_Applications_Autonomous_Web_Exploration_Research_Agents_Foundational_agentic_reasoning,collect_log:auto,collect_log:auto,active,2026-04-14T00:28:26+08:00,2026-04-14T00:31:05+08:00
arxiv:2507.22606,weitianxin__awesome-agentic-reasoning,srcitem:3629be246ea6,Agentic_Reasoning_Collective_Multi_agent_Reasoning_Collaboration_and_Division_of_Labor_In_context_Collaboration_LLM_Driven_Pipelines,collect_log:auto,collect_log:auto,active,2026-04-14T00:28:26+08:00,2026-04-14T00:31:05+08:00
arxiv:2507.22844,weitianxin__awesome-agentic-reasoning,srcitem:6934169ff37e,Agentic_Reasoning_Foundational_Agentic_Reasoning_Tool_Use_Optimization_Post_training_Tool_Integration_Mastery_of_Tool_Use_via_RL,collect_log:auto,collect_log:auto,active,2026-04-14T00:28:26+08:00,2026-04-14T00:31:05+08:00
arxiv:2507.23261,weitianxin__awesome-agentic-reasoning,srcitem:74654533a5b3,Agentic_Reasoning_Collective_Multi_agent_Reasoning_Collaboration_and_Division_of_Labor_Post_training_Collaboration_Graph_based_Topology_Generation,collect_log:auto,collect_log:auto,active,2026-04-14T00:28:26+08:00,2026-04-14T00:31:05+08:00
arxiv:2508.03012,weitianxin__awesome-agentic-reasoning,srcitem:02ce378608f0,Agentic_Reasoning_Foundational_Agentic_Reasoning_Tool_Use_Optimization_Post_training_Tool_Integration_Mastery_of_Tool_Use_via_RL,collect_log:auto,collect_log:auto,active,2026-04-14T00:28:26+08:00,2026-04-14T00:31:05+08:00
arxiv:2508.03341,weitianxin__awesome-agentic-reasoning,srcitem:5212c5e4e274,Agentic_Reasoning_Self_evolving_Agentic_Reasoning_Agentic_Memory_Agentic_Use_of_Flat_Memory_Factual_Memory,collect_log:auto,collect_log:auto,active,2026-04-14T00:28:26+08:00,2026-04-14T00:31:05+08:00
arxiv:2508.03728,weitianxin__awesome-agentic-reasoning,srcitem:3f6860ee7abb,Agentic_Reasoning_Applications_Autonomous_Web_Exploration_Research_Agents_Self_evolving_agentic_reasoning,collect_log:auto,collect_log:auto,active,2026-04-14T00:28:26+08:00,2026-04-14T00:31:05+08:00
arxiv:2508.04652,weitianxin__awesome-agentic-reasoning,srcitem:6dd53cbd49d1,Agentic_Reasoning_Collective_Multi_agent_Reasoning_Collaboration_and_Division_of_Labor_Post_training_Collaboration_Policy_based_Topology_Generation,collect_log:auto,collect_log:auto,active,2026-04-14T00:28:26+08:00,2026-04-14T00:31:05+08:00
arxiv:2508.04903,weitianxin__awesome-agentic-reasoning,srcitem:8f617bc57b89,Agentic_Reasoning_Collective_Multi_agent_Reasoning_Collaboration_and_Division_of_Labor_Post_training_Collaboration_Policy_based_Topology_Generation,collect_log:auto,collect_log:auto,active,2026-04-14T00:28:26+08:00,2026-04-14T00:31:05+08:00
arxiv:2508.06471,weitianxin__awesome-agentic-reasoning,srcitem:17109a8dab00,Agentic_Reasoning_Foundational_Agentic_Reasoning_Tool_Use_Optimization_Post_training_Tool_Integration_Mastery_of_Tool_Use_via_RL,collect_log:auto,collect_log:auto,active,2026-04-14T00:28:26+08:00,2026-04-14T00:31:05+08:00
arxiv:2508.08997,weitianxin__awesome-agentic-reasoning,srcitem:bb6afed33010,Agentic_Reasoning_Collective_Multi_agent_Reasoning_Multi_Agent_Memory_and_Evolution_Multi_agent_Memory_Management_for_Evolution,collect_log:auto,collect_log:auto,active,2026-04-14T00:28:26+08:00,2026-04-14T00:31:05+08:00
arxiv:2508.09736,weitianxin__awesome-agentic-reasoning,srcitem:e1fd21270d3d,Agentic_Reasoning_Self_evolving_Agentic_Reasoning_Agentic_Memory_Structured_Use_of_Memory,collect_log:auto,collect_log:auto,active,2026-04-14T00:28:26+08:00,2026-04-14T00:31:05+08:00
arxiv:2508.14040,weitianxin__awesome-agentic-reasoning,srcitem:f89953301d48,Agentic_Reasoning_Applications_Autonomous_Web_Exploration_Research_Agents_Foundational_agentic_reasoning,collect_log:auto,collect_log:auto,active,2026-04-14T00:28:26+08:00,2026-04-14T00:31:05+08:00
arxiv:2508.15144,weitianxin__awesome-agentic-reasoning,srcitem:52e9d0456601,Agentic_Reasoning_Applications_Autonomous_Web_Exploration_Research_Agents_Foundational_agentic_reasoning,collect_log:auto,collect_log:auto,active,2026-04-14T00:28:26+08:00,2026-04-14T00:31:05+08:00
arxiv:2508.19828,weitianxin__awesome-agentic-reasoning,srcitem:30f435886d0e,Agentic_Reasoning_Self_evolving_Agentic_Reasoning_Agentic_Memory_Post_training_Memory_Control,collect_log:auto,collect_log:auto,active,2026-04-14T00:28:26+08:00,2026-04-14T00:31:05+08:00
arxiv:2508.21767,weitianxin__awesome-agentic-reasoning,srcitem:71815e783ed9,Agentic_Reasoning_Applications_Autonomous_Web_Exploration_Research_Agents_Foundational_agentic_reasoning,collect_log:auto,collect_log:auto,active,2026-04-14T00:28:26+08:00,2026-04-14T00:31:05+08:00
arxiv:2509.06501,weitianxin__awesome-agentic-reasoning,srcitem:69c79c2f3eb1,Agentic_Reasoning_Applications_Autonomous_Web_Exploration_Research_Agents_Foundational_agentic_reasoning,collect_log:auto,collect_log:auto,active,2026-04-14T00:28:26+08:00,2026-04-14T00:31:05+08:00
arxiv:2509.08222,weitianxin__awesome-agentic-reasoning,srcitem:29993b34c4d6,Agentic_Reasoning_Foundational_Agentic_Reasoning_Planning_Reasoning_In_context_Planning_External_Aid_Tool_Use,collect_log:auto,collect_log:auto,active,2026-04-14T00:28:26+08:00,2026-04-14T00:31:05+08:00
arxiv:2509.09498,weitianxin__awesome-agentic-reasoning,srcitem:f62e06d3f44b,Agentic_Reasoning_Collective_Multi_agent_Reasoning_Multi_Agent_Memory_and_Evolution_Multi_agent_Memory_Management_for_Evolution,collect_log:auto,collect_log:auto,active,2026-04-14T00:28:26+08:00,2026-04-14T00:31:05+08:00
arxiv:2509.11543,weitianxin__awesome-agentic-reasoning,srcitem:ece0d022487b,Agentic_Reasoning_Applications_Autonomous_Web_Exploration_Research_Agents_Foundational_agentic_reasoning,collect_log:auto,collect_log:auto,active,2026-04-14T00:28:26+08:00,2026-04-14T00:31:05+08:00
arxiv:2509.12987,weitianxin__awesome-agentic-reasoning,srcitem:902043d534b7,Agentic_Reasoning_Foundational_Agentic_Reasoning_Tool_Use_Optimization_In_Context_Tool_Integration_Interleaving_Reasoning_and_Tool_Use,collect_log:auto,collect_log:auto,active,2026-04-14T00:28:26+08:00,2026-04-14T00:31:05+08:00
arxiv:2509.21072,weitianxin__awesome-agentic-reasoning,srcitem:00ab4f5e5d84,Agentic_Reasoning_Applications_Autonomous_Web_Exploration_Research_Agents_Self_evolving_agentic_reasoning,collect_log:auto,collect_log:auto,active,2026-04-14T00:28:26+08:00,2026-04-14T00:31:05+08:00
arxiv:2509.21552,weitianxin__awesome-agentic-reasoning,srcitem:090eee1cd1ca,Agentic_Reasoning_Applications_Autonomous_Web_Exploration_Research_Agents_Foundational_agentic_reasoning,collect_log:auto,collect_log:auto,active,2026-04-14T00:28:26+08:00,2026-04-14T00:31:05+08:00
arxiv:2509.23285,weitianxin__awesome-agentic-reasoning,srcitem:4b8ff801ac82,Agentic_Reasoning_Foundational_Agentic_Reasoning_Tool_Use_Optimization_Post_training_Tool_Integration_Mastery_of_Tool_Use_via_RL,collect_log:auto,collect_log:auto,active,2026-04-14T00:28:26+08:00,2026-04-14T00:31:05+08:00
arxiv:2509.23292,weitianxin__awesome-agentic-reasoning,srcitem:13c8aeaca0e5,Agentic_Reasoning_Foundational_Agentic_Reasoning_Tool_Use_Optimization_Post_training_Tool_Integration_Mastery_of_Tool_Use_via_RL,collect_log:auto,collect_log:auto,active,2026-04-14T00:28:26+08:00,2026-04-14T00:31:05+08:00
arxiv:2509.24183,weitianxin__awesome-agentic-reasoning,srcitem:e67ce174a0b4,Agentic_Reasoning_Applications_Autonomous_Web_Exploration_Research_Agents_Foundational_agentic_reasoning,collect_log:auto,collect_log:auto,active,2026-04-14T00:28:26+08:00,2026-04-14T00:31:05+08:00
arxiv:2509.25140,weitianxin__awesome-agentic-reasoning,srcitem:fc838cb101cd,Agentic_Reasoning_Self_evolving_Agentic_Reasoning_Agentic_Memory_Agentic_Use_of_Flat_Memory_Experience_Memory,collect_log:auto,collect_log:auto,active,2026-04-14T00:28:26+08:00,2026-04-14T00:31:05+08:00
arxiv:2509.25911,weitianxin__awesome-agentic-reasoning,srcitem:02ce38dcb700,Agentic_Reasoning_Self_evolving_Agentic_Reasoning_Agentic_Memory_Post_training_Memory_Control,collect_log:auto,collect_log:auto,active,2026-04-14T00:28:26+08:00,2026-04-14T00:31:05+08:00
arxiv:2510.00496,weitianxin__awesome-agentic-reasoning,srcitem:90d1e7a803da,Agentic_Reasoning_Self_evolving_Agentic_Reasoning_Agentic_Memory_Structured_Use_of_Memory,collect_log:auto,collect_log:auto,active,2026-04-14T00:28:26+08:00,2026-04-14T00:31:05+08:00
arxiv:2510.01524,weitianxin__awesome-agentic-reasoning,srcitem:45e8b5ad738e,Agentic_Reasoning_Applications_Autonomous_Web_Exploration_Research_Agents_Foundational_agentic_reasoning,collect_log:auto,collect_log:auto,active,2026-04-14T00:28:26+08:00,2026-04-14T00:31:05+08:00
arxiv:2510.04618,weitianxin__awesome-agentic-reasoning,srcitem:563aa1e10c5c,Agentic_Reasoning_Self_evolving_Agentic_Reasoning_Agentic_Memory_Agentic_Use_of_Flat_Memory_Experience_Memory,collect_log:auto,collect_log:auto,active,2026-04-14T00:28:26+08:00,2026-04-14T00:31:05+08:00
arxiv:2510.04851,weitianxin__awesome-agentic-reasoning,srcitem:9a223aeee714,Agentic_Reasoning_Collective_Multi_agent_Reasoning_Multi_Agent_Memory_and_Evolution_Multi_agent_Memory_Management_for_Evolution,collect_log:auto,collect_log:auto,active,2026-04-14T00:28:26+08:00,2026-04-14T00:31:05+08:00
arxiv:2510.04935,weitianxin__awesome-agentic-reasoning,srcitem:598571be24ea,Agentic_Reasoning_Collective_Multi_agent_Reasoning_Multi_Agent_Memory_and_Evolution_Training_Multi_agent_to_Evolve,collect_log:auto,collect_log:auto,active,2026-04-14T00:28:26+08:00,2026-04-14T00:31:05+08:00
arxiv:2510.05445,weitianxin__awesome-agentic-reasoning,srcitem:561b80620986,Agentic_Reasoning_Collective_Multi_agent_Reasoning_Collaboration_and_Division_of_Labor_In_context_Collaboration_LLM_Driven_Pipelines,collect_log:auto,collect_log:auto,active,2026-04-14T00:28:26+08:00,2026-04-14T00:31:05+08:00
arxiv:2510.05608,weitianxin__awesome-agentic-reasoning,srcitem:ae01fa06a902,Agentic_Reasoning_Foundational_Agentic_Reasoning_Planning_Reasoning_Post_training_Planning,collect_log:auto,collect_log:auto,active,2026-04-14T00:28:26+08:00,2026-04-14T00:31:05+08:00
arxiv:2510.06217,weitianxin__awesome-agentic-reasoning,srcitem:b88a33eb8439,Agentic_Reasoning_Foundational_Agentic_Reasoning_Tool_Use_Optimization_Post_training_Tool_Integration_Mastery_of_Tool_Use_via_RL,collect_log:auto,collect_log:auto,active,2026-04-14T00:28:26+08:00,2026-04-14T00:31:05+08:00
arxiv:2510.08240,weitianxin__awesome-agentic-reasoning,srcitem:a4c33c566cb1,Agentic_Reasoning_Collective_Multi_agent_Reasoning_Multi_Agent_Memory_and_Evolution_Training_Multi_agent_to_Evolve,collect_log:auto,collect_log:auto,active,2026-04-14T00:28:26+08:00,2026-04-14T00:31:05+08:00
arxiv:2510.08439,weitianxin__awesome-agentic-reasoning,srcitem:4803413b40ae,Agentic_Reasoning_Collective_Multi_agent_Reasoning_Collaboration_and_Division_of_Labor_Post_training_Collaboration_Policy_based_Topology_Generation,collect_log:auto,collect_log:auto,active,2026-04-14T00:28:26+08:00,2026-04-14T00:31:05+08:00
arxiv:2510.08529,weitianxin__awesome-agentic-reasoning,srcitem:2a2730e298d2,Agentic_Reasoning_Collective_Multi_agent_Reasoning_Multi_Agent_Memory_and_Evolution_Training_Multi_agent_to_Evolve,collect_log:auto,collect_log:auto,active,2026-04-14T00:28:26+08:00,2026-04-14T00:31:05+08:00
arxiv:2510.08558,weitianxin__awesome-agentic-reasoning,srcitem:5563c144f3f4,Agentic_Reasoning_Self_evolving_Agentic_Reasoning_Agentic_Memory_Post_training_Memory_Control,collect_log:auto,collect_log:auto,active,2026-04-14T00:28:26+08:00,2026-04-14T00:31:05+08:00
arxiv:2510.10666,weitianxin__awesome-agentic-reasoning,srcitem:362d8767c365,Agentic_Reasoning_Applications_Autonomous_Web_Exploration_Research_Agents_Foundational_agentic_reasoning,collect_log:auto,collect_log:auto,active,2026-04-14T00:28:26+08:00,2026-04-14T00:31:05+08:00
arxiv:2510.11062,weitianxin__awesome-agentic-reasoning,srcitem:39f1b8a3709f,Agentic_Reasoning_Collective_Multi_agent_Reasoning_Multi_Agent_Memory_and_Evolution_Training_Multi_agent_to_Evolve,collect_log:auto,collect_log:auto,active,2026-04-14T00:28:26+08:00,2026-04-14T00:31:05+08:00
arxiv:2510.11701,weitianxin__awesome-agentic-reasoning,srcitem:de21f9cff77d,Agentic_Reasoning_Foundational_Agentic_Reasoning_Tool_Use_Optimization_Post_training_Tool_Integration_Mastery_of_Tool_Use_via_RL,collect_log:auto,collect_log:auto,active,2026-04-14T00:28:26+08:00,2026-04-14T00:31:05+08:00
arxiv:2510.12635,weitianxin__awesome-agentic-reasoning,srcitem:a9a9c2d78e85,Agentic_Reasoning_Self_evolving_Agentic_Reasoning_Agentic_Memory_Post_training_Memory_Control,collect_log:auto,collect_log:auto,active,2026-04-14T00:28:26+08:00,2026-04-14T00:31:05+08:00
arxiv:2510.14545,weitianxin__awesome-agentic-reasoning,srcitem:d37b5f946bdf,Agentic_Reasoning_Foundational_Agentic_Reasoning_Tool_Use_Optimization_Post_training_Tool_Integration_Mastery_of_Tool_Use_via_RL,collect_log:auto,collect_log:auto,active,2026-04-14T00:28:26+08:00,2026-04-14T00:31:05+08:00
arxiv:2510.18798,weitianxin__awesome-agentic-reasoning,srcitem:800b2f14f69a,Agentic_Reasoning_Applications_Autonomous_Web_Exploration_Research_Agents_Foundational_agentic_reasoning,collect_log:auto,collect_log:auto,active,2026-04-14T00:28:26+08:00,2026-04-14T00:31:05+08:00
arxiv:2510.18866,weitianxin__awesome-agentic-reasoning,srcitem:b850cde33ec1,Agentic_Reasoning_Self_evolving_Agentic_Reasoning_Agentic_Memory_Agentic_Use_of_Flat_Memory_Factual_Memory,collect_log:auto,collect_log:auto,active,2026-04-14T00:28:26+08:00,2026-04-14T00:31:05+08:00
arxiv:2510.21618,weitianxin__awesome-agentic-reasoning,srcitem:fd5eea9e41d0,Agentic_Reasoning_Foundational_Agentic_Reasoning_Tool_Use_Optimization_Post_training_Tool_Integration_Mastery_of_Tool_Use_via_RL,collect_log:auto,collect_log:auto,active,2026-04-14T00:28:26+08:00,2026-04-14T00:31:05+08:00
arxiv:2510.23595,weitianxin__awesome-agentic-reasoning,srcitem:f860b181a553,Agentic_Reasoning_Collective_Multi_agent_Reasoning_Multi_Agent_Memory_and_Evolution_Training_Multi_agent_to_Evolve,collect_log:auto,collect_log:auto,active,2026-04-14T00:28:26+08:00,2026-04-14T00:31:05+08:00
arxiv:2511.02200,weitianxin__awesome-agentic-reasoning,srcitem:ef2ccd6bd3e3,Agentic_Reasoning_Collective_Multi_agent_Reasoning_Collaboration_and_Division_of_Labor_Post_training_Collaboration_Policy_based_Topology_Generation,collect_log:auto,collect_log:auto,active,2026-04-14T00:28:26+08:00,2026-04-14T00:31:05+08:00
arxiv:2511.02864,weitianxin__awesome-agentic-reasoning,srcitem:4641b7a8073f,Agentic_Reasoning_Applications_Math_Exploration_Vibe_Coding_Agents_Foundational_Agentic_Reasoning,collect_log:auto,collect_log:auto,active,2026-04-14T00:28:26+08:00,2026-04-14T00:31:05+08:00
arxiv:2511.09127,weitianxin__awesome-agentic-reasoning,srcitem:3e3dde5689cc,Agentic_Reasoning_Applications_Autonomous_Web_Exploration_Research_Agents_Self_evolving_agentic_reasoning,collect_log:auto,collect_log:auto,active,2026-04-14T00:28:26+08:00,2026-04-14T00:31:05+08:00
arxiv:2511.20639,weitianxin__awesome-agentic-reasoning,srcitem:69622643d861,Agentic_Reasoning_Collective_Multi_agent_Reasoning_Multi_Agent_Memory_and_Evolution_From_Single_Agent_Evolution_to_Multi_Agent_Evolution_Multi_agent_Evolution,collect_log:auto,collect_log:auto,active,2026-04-14T00:28:26+08:00,2026-04-14T00:31:05+08:00
arxiv:2511.20857,weitianxin__awesome-agentic-reasoning,srcitem:0a5c1a71b895,Agentic_Reasoning_Self_evolving_Agentic_Reasoning_Agentic_Memory_Agentic_Use_of_Flat_Memory_Experience_Memory,collect_log:auto,collect_log:auto,active,2026-04-14T00:28:26+08:00,2026-04-14T00:31:05+08:00
arxiv:2511.21689,weitianxin__awesome-agentic-reasoning,srcitem:08c2cdd937ed,Agentic_Reasoning_Foundational_Agentic_Reasoning_Planning_Reasoning_Post_training_Planning,collect_log:auto,collect_log:auto,active,2026-04-14T00:28:26+08:00,2026-04-14T00:31:05+08:00
arxiv:2512.10999,weitianxin__awesome-agentic-reasoning,srcitem:fee2f93c1c6c,Agentic_Reasoning_Foundational_Agentic_Reasoning_Agentic_Search_Post_Training_Search_RL_Based_Agentic_Search,collect_log:auto,collect_log:auto,active,2026-04-14T00:28:26+08:00,2026-04-14T00:31:05+08:00
arxiv:2512.13278,weitianxin__awesome-agentic-reasoning,srcitem:d188ce70949c,Agentic_Reasoning_Foundational_Agentic_Reasoning_Tool_Use_Optimization_Post_training_Tool_Integration_Mastery_of_Tool_Use_via_RL,collect_log:auto,collect_log:auto,active,2026-04-14T00:28:26+08:00,2026-04-14T00:31:05+08:00
arxiv:2512.23044,weitianxin__awesome-agentic-reasoning,srcitem:a67d73b1b669,Agentic_Reasoning_Applications_Autonomous_Web_Exploration_Research_Agents_Foundational_agentic_reasoning,collect_log:auto,collect_log:auto,active,2026-04-14T00:28:26+08:00,2026-04-14T00:31:05+08:00
arxiv:2601.01885,weitianxin__awesome-agentic-reasoning,srcitem:6b1e1728e368,Agentic_Reasoning_Self_evolving_Agentic_Reasoning_Agentic_Memory_Post_training_Memory_Control,collect_log:auto,collect_log:auto,active,2026-04-14T00:28:26+08:00,2026-04-14T00:31:05+08:00
arxiv:2601.03192,weitianxin__awesome-agentic-reasoning,srcitem:449fecee47d2,Agentic_Reasoning_Self_evolving_Agentic_Reasoning_Agentic_Memory_Post_training_Memory_Control,collect_log:auto,collect_log:auto,active,2026-04-14T00:28:26+08:00,2026-04-14T00:31:05+08:00
arxiv:2601.03515,weitianxin__awesome-agentic-reasoning,srcitem:9ef361c9b5c2,Agentic_Reasoning_Benchmarks_Core_Mechanisms_of_Agentic_Reasoning_Memory_and_Planning_Multi_session_Recall,collect_log:auto,collect_log:auto,active,2026-04-14T00:28:26+08:00,2026-04-14T00:31:05+08:00
arxiv:2601.03555,weitianxin__awesome-agentic-reasoning,srcitem:8444424650d9,Agentic_Reasoning_Foundational_Agentic_Reasoning_Tool_Use_Optimization_Post_training_Tool_Integration_Mastery_of_Tool_Use_via_RL,collect_log:auto,collect_log:auto,active,2026-04-14T00:28:26+08:00,2026-04-14T00:31:05+08:00
doi:10.1016/j.neucom.2025.130470,weitianxin__awesome-agentic-reasoning,srcitem:a7cdf5b9f180,Agentic_Reasoning_Collective_Multi_agent_Reasoning_Multi_Agent_Memory_and_Evolution_From_Single_Agent_Evolution_to_Multi_Agent_Evolution_Inter_test_time_Evolution,collect_log:auto,collect_log:auto,active,2026-04-14T00:28:26+08:00,2026-04-14T00:31:05+08:00
doi:10.1039/d4dd00252k,weitianxin__awesome-agentic-reasoning,srcitem:cbcd9159b023,Agentic_Reasoning_Applications_Scientific_Discovery_Agents_Foundational_Agentic_Reasoning,collect_log:auto,collect_log:auto,active,2026-04-14T00:28:26+08:00,2026-04-14T00:31:05+08:00
doi:10.1056/aidbp2500144,weitianxin__awesome-agentic-reasoning,srcitem:287e6702c990,Agentic_Reasoning_Benchmarks_Applications_of_Agentic_Reasoning_Medical_and_Clinical_Agents,collect_log:auto,collect_log:auto,active,2026-04-14T00:28:26+08:00,2026-04-14T00:31:05+08:00
doi:10.1073/pnas.2318124121,weitianxin__awesome-agentic-reasoning,srcitem:9c02e954b91f,Agentic_Reasoning_Applications_Math_Exploration_Vibe_Coding_Agents_Self_evolving_Agentic_Reasoning,collect_log:auto,collect_log:auto,active,2026-04-14T00:28:26+08:00,2026-04-14T00:31:05+08:00
doi:10.1101/2024.05.13.593861,weitianxin__awesome-agentic-reasoning,srcitem:07f021349520,Agentic_Reasoning_Applications_Scientific_Discovery_Agents_Foundational_Agentic_Reasoning,collect_log:auto,collect_log:auto,active,2026-04-14T00:28:26+08:00,2026-04-14T00:31:05+08:00
doi:10.1101/2024.11.11.623004,weitianxin__awesome-agentic-reasoning,srcitem:7a433b5f96a9,Agentic_Reasoning_Applications_Scientific_Discovery_Agents_Collective_multi_agent_reasoning,collect_log:auto,collect_log:auto,active,2026-04-14T00:28:26+08:00,2026-04-14T00:31:05+08:00
doi:10.1101/2025.05.30.656746v1.full.pdf,weitianxin__awesome-agentic-reasoning,srcitem:d6294077a542,Agentic_Reasoning_Applications_Scientific_Discovery_Agents_Foundational_Agentic_Reasoning,collect_log:auto,collect_log:auto,active,2026-04-14T00:28:26+08:00,2026-04-14T00:31:05+08:00
doi:10.1109/llm4code66737.2025.00026,weitianxin__awesome-agentic-reasoning,srcitem:7fc820048b09,Agentic_Reasoning_Applications_Math_Exploration_Vibe_Coding_Agents_Foundational_Agentic_Reasoning,collect_log:auto,collect_log:auto,active,2026-04-14T00:28:26+08:00,2026-04-14T00:31:05+08:00
doi:10.1145/2970276.2970311,weitianxin__awesome-agentic-reasoning,srcitem:f8519d5308cc,Agentic_Reasoning_Collective_Multi_agent_Reasoning_Multi_Agent_Memory_and_Evolution_From_Single_Agent_Evolution_to_Multi_Agent_Evolution_Multi_agent_Evolution,collect_log:auto,collect_log:auto,active,2026-04-14T00:28:26+08:00,2026-04-14T00:31:05+08:00
hash:02a6f0e0,weitianxin__awesome-agentic-reasoning,srcitem:0e70a9278be4,Agentic_Reasoning_Benchmarks_Core_Mechanisms_of_Agentic_Reasoning_Tool_Use_Multi_Turn_Tool_Use,collect_log:auto,collect_log:auto,active,2026-04-14T00:28:26+08:00,2026-04-14T00:31:05+08:00
hash:03625628,weitianxin__awesome-agentic-reasoning,srcitem:409db403d748,Agentic_Reasoning_Applications_Healthcare_Medicine_Agents_Collective_multi_agent_reasoning,collect_log:auto,collect_log:auto,active,2026-04-14T00:28:26+08:00,2026-04-14T00:31:05+08:00
hash:04f95d85,weitianxin__awesome-agentic-reasoning,srcitem:7a75aecb5709,Agentic_Reasoning_Foundational_Agentic_Reasoning_Tool_Use_Optimization_In_Context_Tool_Integration_Interleaving_Reasoning_and_Tool_Use,collect_log:auto,collect_log:auto,active,2026-04-14T00:28:26+08:00,2026-04-14T00:31:05+08:00
hash:057cf5d6,weitianxin__awesome-agentic-reasoning,srcitem:92c7a61efd05,Agentic_Reasoning_Applications_Healthcare_Medicine_Agents_Foundational_agentic_reasoning,collect_log:auto,collect_log:auto,active,2026-04-14T00:28:26+08:00,2026-04-14T00:31:05+08:00
hash:0d880107,weitianxin__awesome-agentic-reasoning,srcitem:ec19a7d93057,Agentic_Reasoning_Foundational_Agentic_Reasoning_Planning_Reasoning_In_context_Planning_Decoupling_Decomposition,collect_log:auto,collect_log:auto,active,2026-04-14T00:28:26+08:00,2026-04-14T00:31:05+08:00
hash:102bff39,weitianxin__awesome-agentic-reasoning,srcitem:0abcc79ac46b,Agentic_Reasoning_Foundational_Agentic_Reasoning_Tool_Use_Optimization_Orchestration_based_Tool_Integration_Tool_Representations_for_Orchestration,collect_log:auto,collect_log:auto,active,2026-04-14T00:28:26+08:00,2026-04-14T00:31:05+08:00
hash:1ff6e790,weitianxin__awesome-agentic-reasoning,srcitem:551d33fd81d0,Agentic_Reasoning_Applications_Autonomous_Web_Exploration_Research_Agents_Foundational_agentic_reasoning,collect_log:auto,collect_log:auto,active,2026-04-14T00:28:26+08:00,2026-04-14T00:31:05+08:00
hash:23733544,weitianxin__awesome-agentic-reasoning,srcitem:e278fbfa5852,Agentic_Reasoning_Self_evolving_Agentic_Reasoning_Evolving_Foundational_Agentic_Capabilities_Self_evolving_Tool_use,collect_log:auto,collect_log:auto,active,2026-04-14T00:28:26+08:00,2026-04-14T00:31:05+08:00
hash:2875e822,weitianxin__awesome-agentic-reasoning,srcitem:ce15bcd636b3,Agentic_Reasoning_Applications_Math_Exploration_Vibe_Coding_Agents_Foundational_Agentic_Reasoning,collect_log:auto,collect_log:auto,active,2026-04-14T00:28:26+08:00,2026-04-14T00:31:05+08:00
hash:29e7e4ad,weitianxin__awesome-agentic-reasoning,srcitem:dbfa11345e78,Agentic_Reasoning_Applications_Embodied_Agents_Foundational_Agentic_Reasoning,collect_log:auto,collect_log:auto,active,2026-04-14T00:28:26+08:00,2026-04-14T00:31:05+08:00
hash:2b01c56e,weitianxin__awesome-agentic-reasoning,srcitem:96d952a1d665,Agentic_Reasoning_Foundational_Agentic_Reasoning_Tool_Use_Optimization_Post_training_Tool_Integration_Mastery_of_Tool_Use_via_RL,collect_log:auto,collect_log:auto,active,2026-04-14T00:28:26+08:00,2026-04-14T00:31:05+08:00
hash:2dcafc19,weitianxin__awesome-agentic-reasoning,srcitem:d6b35e40e177,Agentic_Reasoning_Applications_Math_Exploration_Vibe_Coding_Agents_Foundational_Agentic_Reasoning,collect_log:auto,collect_log:auto,active,2026-04-14T00:28:26+08:00,2026-04-14T00:31:05+08:00
hash:30bac809,weitianxin__awesome-agentic-reasoning,srcitem:eb4d9a4b9dda,Agentic_Reasoning_Applications_Math_Exploration_Vibe_Coding_Agents_Foundational_Agentic_Reasoning,collect_log:auto,collect_log:auto,active,2026-04-14T00:28:26+08:00,2026-04-14T00:31:05+08:00
hash:35ab6efc,weitianxin__awesome-agentic-reasoning,srcitem:8102adcef84d,Agentic_Reasoning_Applications_Embodied_Agents_Foundational_Agentic_Reasoning,collect_log:auto,collect_log:auto,active,2026-04-14T00:28:26+08:00,2026-04-14T00:31:05+08:00
hash:40150ed9,weitianxin__awesome-agentic-reasoning,srcitem:b3c6ba169083,Agentic_Reasoning_Applications_Embodied_Agents_Foundational_Agentic_Reasoning,collect_log:auto,collect_log:auto,active,2026-04-14T00:28:26+08:00,2026-04-14T00:31:05+08:00
hash:42fd3234,weitianxin__awesome-agentic-reasoning,srcitem:c2311bc63b8d,Agentic_Reasoning_Foundational_Agentic_Reasoning_Tool_Use_Optimization_In_Context_Tool_Integration_Interleaving_Reasoning_and_Tool_Use,collect_log:auto,collect_log:auto,active,2026-04-14T00:28:26+08:00,2026-04-14T00:31:05+08:00
hash:4382b58e,weitianxin__awesome-agentic-reasoning,srcitem:21d832cc0da7,Agentic_Reasoning_Collective_Multi_agent_Reasoning_Collaboration_and_Division_of_Labor_Post_training_Collaboration_Multi_agent_Prompt_Optimization,collect_log:auto,collect_log:auto,active,2026-04-14T00:28:26+08:00,2026-04-14T00:31:05+08:00
hash:46d29f08,weitianxin__awesome-agentic-reasoning,srcitem:2c6a6aaede88,Agentic_Reasoning_Applications_Math_Exploration_Vibe_Coding_Agents_Foundational_Agentic_Reasoning,collect_log:auto,collect_log:auto,active,2026-04-14T00:28:26+08:00,2026-04-14T00:31:05+08:00
hash:47de40bd,weitianxin__awesome-agentic-reasoning,srcitem:0f10f80fa04c,Agentic_Reasoning_Applications_Math_Exploration_Vibe_Coding_Agents_Foundational_Agentic_Reasoning,collect_log:auto,collect_log:auto,active,2026-04-14T00:28:26+08:00,2026-04-14T00:31:05+08:00
hash:540ea1b1,weitianxin__awesome-agentic-reasoning,srcitem:51307b2f8260,Agentic_Reasoning_Applications_Math_Exploration_Vibe_Coding_Agents_Self_evolving_Agentic_Reasoning,collect_log:auto,collect_log:auto,active,2026-04-14T00:28:26+08:00,2026-04-14T00:31:05+08:00
hash:7bcde3a7,weitianxin__awesome-agentic-reasoning,srcitem:a4c3b4f7ebe6,Agentic_Reasoning_Foundational_Agentic_Reasoning_Planning_Reasoning_In_context_Planning_External_Aid_Tool_Use,collect_log:auto,collect_log:auto,active,2026-04-14T00:28:26+08:00,2026-04-14T00:31:05+08:00
hash:7e76de19,weitianxin__awesome-agentic-reasoning,srcitem:bba8061b2c8c,Agentic_Reasoning_Applications_Scientific_Discovery_Agents_Foundational_Agentic_Reasoning,collect_log:auto,collect_log:auto,active,2026-04-14T00:28:26+08:00,2026-04-14T00:31:05+08:00
hash:8282f10b,weitianxin__awesome-agentic-reasoning,srcitem:6ec7418ebbb3,Agentic_Reasoning_Collective_Multi_agent_Reasoning_Collaboration_and_Division_of_Labor_In_context_Collaboration_Theory_of_Mind_Augmented_Collaboration,collect_log:auto,collect_log:auto,active,2026-04-14T00:28:26+08:00,2026-04-14T00:31:05+08:00
hash:836b8431,weitianxin__awesome-agentic-reasoning,srcitem:a476cd2825d7,Agentic_Reasoning_Applications_Math_Exploration_Vibe_Coding_Agents_Foundational_Agentic_Reasoning,collect_log:auto,collect_log:auto,active,2026-04-14T00:28:26+08:00,2026-04-14T00:31:05+08:00
hash:891cc106,weitianxin__awesome-agentic-reasoning,srcitem:11e02d77d32c,Agentic_Reasoning_Foundational_Agentic_Reasoning_Tool_Use_Optimization_In_Context_Tool_Integration_Interleaving_Reasoning_and_Tool_Use,collect_log:auto,collect_log:auto,active,2026-04-14T00:28:26+08:00,2026-04-14T00:31:05+08:00
hash:8d2c016b,weitianxin__awesome-agentic-reasoning,srcitem:22aff76283e9,Agentic_Reasoning_Self_evolving_Agentic_Reasoning_Agentic_Memory_Agentic_Use_of_Flat_Memory_Factual_Memory,collect_log:auto,collect_log:auto,active,2026-04-14T00:28:26+08:00,2026-04-14T00:31:05+08:00
hash:95544dd4,weitianxin__awesome-agentic-reasoning,srcitem:1d0bc032587a,Agentic_Reasoning_Self_evolving_Agentic_Reasoning_Agentic_Memory_Agentic_Use_of_Flat_Memory_Factual_Memory,collect_log:auto,collect_log:auto,active,2026-04-14T00:28:26+08:00,2026-04-14T00:31:05+08:00
hash:96513a88,weitianxin__awesome-agentic-reasoning,srcitem:05b0acc6b68a,Agentic_Reasoning_Applications_Math_Exploration_Vibe_Coding_Agents_Collective_Multi_agent_Reasoning,collect_log:auto,collect_log:auto,active,2026-04-14T00:28:26+08:00,2026-04-14T00:31:05+08:00
hash:97aa5953,weitianxin__awesome-agentic-reasoning,srcitem:3234f351ecea,Agentic_Reasoning_Foundational_Agentic_Reasoning_Tool_Use_Optimization_In_Context_Tool_Integration_Optimizing_Context_for_Tool_Interaction,collect_log:auto,collect_log:auto,active,2026-04-14T00:28:26+08:00,2026-04-14T00:31:05+08:00
hash:a06eefd2,weitianxin__awesome-agentic-reasoning,srcitem:81e3f9b6fe6f,Agentic_Reasoning_Applications_Scientific_Discovery_Agents_Foundational_Agentic_Reasoning,collect_log:auto,collect_log:auto,active,2026-04-14T00:28:26+08:00,2026-04-14T00:31:05+08:00
hash:a423a639,weitianxin__awesome-agentic-reasoning,srcitem:5f6e15377b0f,Agentic_Reasoning_Applications_Math_Exploration_Vibe_Coding_Agents_Self_evolving_Agentic_Reasoning,collect_log:auto,collect_log:auto,active,2026-04-14T00:28:26+08:00,2026-04-14T00:31:05+08:00
hash:a9e35457,weitianxin__awesome-agentic-reasoning,srcitem:2fbb5240acd5,Agentic_Reasoning_Foundational_Agentic_Reasoning_Planning_Reasoning_In_context_Planning_Workflow_Design,collect_log:auto,collect_log:auto,active,2026-04-14T00:28:26+08:00,2026-04-14T00:31:05+08:00
hash:aec4d692,weitianxin__awesome-agentic-reasoning,srcitem:bdf8acb933df,Agentic_Reasoning_Applications_Autonomous_Web_Exploration_Research_Agents_Foundational_agentic_reasoning,collect_log:auto,collect_log:auto,active,2026-04-14T00:28:26+08:00,2026-04-14T00:31:05+08:00
hash:ccabbc69,weitianxin__awesome-agentic-reasoning,srcitem:9a332615e8bb,Agentic_Reasoning_Collective_Multi_agent_Reasoning_Multi_Agent_Memory_and_Evolution_Multi_agent_Memory_Management_for_Evolution,collect_log:auto,collect_log:auto,active,2026-04-14T00:28:26+08:00,2026-04-14T00:31:05+08:00
hash:d54dbb5f,weitianxin__awesome-agentic-reasoning,srcitem:3293e857b50d,Agentic_Reasoning_Applications_Math_Exploration_Vibe_Coding_Agents_Self_evolving_Agentic_Reasoning,collect_log:auto,collect_log:auto,active,2026-04-14T00:28:26+08:00,2026-04-14T00:31:05+08:00
hash:d78c0515,weitianxin__awesome-agentic-reasoning,srcitem:263272c05763,Agentic_Reasoning_Self_evolving_Agentic_Reasoning_Agentic_Feedback_Mechanisms_Parametric_Adaptation,collect_log:auto,collect_log:auto,active,2026-04-14T00:28:26+08:00,2026-04-14T00:31:05+08:00
hash:dbd43ed4,weitianxin__awesome-agentic-reasoning,srcitem:fb7c8b845407,Agentic_Reasoning_Foundational_Agentic_Reasoning_Tool_Use_Optimization_In_Context_Tool_Integration_Optimizing_Context_for_Tool_Interaction,collect_log:auto,collect_log:auto,active,2026-04-14T00:28:26+08:00,2026-04-14T00:31:05+08:00
hash:dd6c4766,weitianxin__awesome-agentic-reasoning,srcitem:4e48d11cd51e,Agentic_Reasoning_Foundational_Agentic_Reasoning_Tool_Use_Optimization_Orchestration_based_Tool_Integration_Tool_Representations_for_Orchestration,collect_log:auto,collect_log:auto,active,2026-04-14T00:28:26+08:00,2026-04-14T00:31:05+08:00
hash:e63aca8a,weitianxin__awesome-agentic-reasoning,srcitem:28b0ca697d7c,Agentic_Reasoning_Foundational_Agentic_Reasoning_Agentic_Search_Post_Training_Search_SFT_Based_Agentic_Search,collect_log:auto,collect_log:auto,active,2026-04-14T00:28:26+08:00,2026-04-14T00:31:05+08:00
hash:ec00a956,weitianxin__awesome-agentic-reasoning,srcitem:cbb10bd694f1,Agentic_Reasoning_Applications_Healthcare_Medicine_Agents_Foundational_agentic_reasoning,collect_log:auto,collect_log:auto,active,2026-04-14T00:28:26+08:00,2026-04-14T00:31:05+08:00
hash:ef544c95,weitianxin__awesome-agentic-reasoning,srcitem:1a32208361ae,Agentic_Reasoning_Applications_Math_Exploration_Vibe_Coding_Agents_Foundational_Agentic_Reasoning,collect_log:auto,collect_log:auto,active,2026-04-14T00:28:26+08:00,2026-04-14T00:31:05+08:00
hash:f0d4bba4,weitianxin__awesome-agentic-reasoning,srcitem:7349e04a413b,Agentic_Reasoning_Applications_Math_Exploration_Vibe_Coding_Agents_Foundational_Agentic_Reasoning,collect_log:auto,collect_log:auto,active,2026-04-14T00:28:26+08:00,2026-04-14T00:31:05+08:00
hash:fa47d620,weitianxin__awesome-agentic-reasoning,srcitem:c954ffc371af,Agentic_Reasoning_Applications_Healthcare_Medicine_Agents_Foundational_agentic_reasoning,collect_log:auto,collect_log:auto,active,2026-04-14T00:28:26+08:00,2026-04-14T00:31:05+08:00
hash:fc88c7da,weitianxin__awesome-agentic-reasoning,srcitem:8ba51be7f8cb,Agentic_Reasoning_Applications_Autonomous_Web_Exploration_Research_Agents_Foundational_agentic_reasoning,collect_log:auto,collect_log:auto,active,2026-04-14T00:28:26+08:00,2026-04-14T00:31:05+08:00
openreview:6guG2OlXsr,weitianxin__awesome-agentic-reasoning,srcitem:6177fcf0fa36,Agentic_Reasoning_Benchmarks_Core_Mechanisms_of_Agentic_Reasoning_Tool_Use_Multi_Turn_Tool_Use,collect_log:auto,collect_log:auto,active,2026-04-14T00:28:26+08:00,2026-04-14T00:31:05+08:00
openreview:G0vdDSt9XM,weitianxin__awesome-agentic-reasoning,srcitem:2ac15ed2af42,Agentic_Reasoning_Self_evolving_Agentic_Reasoning_Evolving_Foundational_Agentic_Capabilities_Self_evolving_Tool_use,collect_log:auto,collect_log:auto,active,2026-04-14T00:28:26+08:00,2026-04-14T00:31:05+08:00
openreview:J6e4hurEKd,weitianxin__awesome-agentic-reasoning,srcitem:0e8d89bab88f,Agentic_Reasoning_Foundational_Agentic_Reasoning_Planning_Reasoning_In_context_Planning_Decoupling_Decomposition,collect_log:auto,collect_log:auto,active,2026-04-14T00:28:26+08:00,2026-04-14T00:31:05+08:00
openreview:LuCLf4BJsr,weitianxin__awesome-agentic-reasoning,srcitem:afe0f3c5c6c8,Agentic_Reasoning_Collective_Multi_agent_Reasoning_Collaboration_and_Division_of_Labor_In_context_Collaboration_Manually_Crafted_Pipelines,collect_log:auto,collect_log:auto,active,2026-04-14T00:28:26+08:00,2026-04-14T00:31:05+08:00
openreview:Pc8AU1aF5e,weitianxin__awesome-agentic-reasoning,srcitem:e9339d1a2680,Agentic_Reasoning_Applications_Autonomous_Web_Exploration_Research_Agents_Foundational_agentic_reasoning,collect_log:auto,collect_log:auto,active,2026-04-14T00:28:26+08:00,2026-04-14T00:31:05+08:00
openreview:S2zaYgT7Ic,weitianxin__awesome-agentic-reasoning,srcitem:bf1843e90f7c,Agentic_Reasoning_Foundational_Agentic_Reasoning_Agentic_Search_In_Context_Search_Interleaving_Reasoning_and_Search,collect_log:auto,collect_log:auto,active,2026-04-14T00:28:26+08:00,2026-04-14T00:31:05+08:00
openreview:T5IZ32ImAB,weitianxin__awesome-agentic-reasoning,srcitem:84543049fd7e,Agentic_Reasoning_Collective_Multi_agent_Reasoning_Collaboration_and_Division_of_Labor_Post_training_Collaboration_Graph_based_Topology_Generation,collect_log:auto,collect_log:auto,active,2026-04-14T00:28:26+08:00,2026-04-14T00:31:05+08:00
openreview:TjP1d8PP8l,weitianxin__awesome-agentic-reasoning,srcitem:69debf89b977,Agentic_Reasoning_Foundational_Agentic_Reasoning_Planning_Reasoning_In_context_Planning_Tree_Search_Algorithm_Simulation,collect_log:auto,collect_log:auto,active,2026-04-14T00:28:26+08:00,2026-04-14T00:31:05+08:00
openreview:VtmBAGCN7o,weitianxin__awesome-agentic-reasoning,srcitem:151f49591a10,Agentic_Reasoning_Collective_Multi_agent_Reasoning_Collaboration_and_Division_of_Labor_In_context_Collaboration_Manually_Crafted_Pipelines,collect_log:auto,collect_log:auto,active,2026-04-14T00:28:26+08:00,2026-04-14T00:31:05+08:00
openreview:XMOaOigOQo,weitianxin__awesome-agentic-reasoning,srcitem:3cab4db58491,Agentic_Reasoning_Foundational_Agentic_Reasoning_Planning_Reasoning_Post_training_Planning,collect_log:auto,collect_log:auto,active,2026-04-14T00:28:26+08:00,2026-04-14T00:31:05+08:00
openreview:g2C947jjjQ,weitianxin__awesome-agentic-reasoning,srcitem:e4a8c8222fb5,Agentic_Reasoning_Foundational_Agentic_Reasoning_Agentic_Search_In_Context_Search_Structure_Enhanced_Search,collect_log:auto,collect_log:auto,active,2026-04-14T00:28:26+08:00,2026-04-14T00:31:05+08:00
openreview:ig2wk7kK9J,weitianxin__awesome-agentic-reasoning,srcitem:15c8a5128343,Agentic_Reasoning_Foundational_Agentic_Reasoning_Planning_Reasoning_Post_training_Planning,collect_log:auto,collect_log:auto,active,2026-04-14T00:28:26+08:00,2026-04-14T00:31:05+08:00
openreview:pV1xV2RK6I,weitianxin__awesome-agentic-reasoning,srcitem:27db46444948,Agentic_Reasoning_Benchmarks_Core_Mechanisms_of_Agentic_Reasoning_Tool_Use_Single_Turn_Tool_Use,collect_log:auto,collect_log:auto,active,2026-04-14T00:28:26+08:00,2026-04-14T00:31:05+08:00
openreview:rnKgbKmelt,weitianxin__awesome-agentic-reasoning,srcitem:d1b8dba306f7,Agentic_Reasoning_Self_evolving_Agentic_Reasoning_Evolving_Foundational_Agentic_Capabilities_Self_evolving_Planning,collect_log:auto,collect_log:auto,active,2026-04-14T00:28:26+08:00,2026-04-14T00:31:05+08:00
openreview:tZWwK7Si4A,weitianxin__awesome-agentic-reasoning,srcitem:7ab3596307b1,Agentic_Reasoning_Applications_Embodied_Agents_Foundational_Agentic_Reasoning,collect_log:auto,collect_log:auto,active,2026-04-14T00:28:26+08:00,2026-04-14T00:31:05+08:00
openreview:wWiAR5mqXq,weitianxin__awesome-agentic-reasoning,srcitem:07d903562a5e,Agentic_Reasoning_Collective_Multi_agent_Reasoning_Collaboration_and_Division_of_Labor_Post_training_Collaboration_Policy_based_Topology_Generation,collect_log:auto,collect_log:auto,active,2026-04-14T00:28:26+08:00,2026-04-14T00:31:05+08:00
openreview:xkgQWEj9F2¬eId=mt0BbGT077,weitianxin__awesome-agentic-reasoning,srcitem:ed085c055124,Agentic_Reasoning_Foundational_Agentic_Reasoning_Planning_Reasoning_Post_training_Planning,collect_log:auto,collect_log:auto,active,2026-04-14T00:28:26+08:00,2026-04-14T00:31:05+08:00
